"","Iter_1","Iter_2","Iter_3","Iter_4","Iter_5","Iter_6","Iter_7","Iter_8","Iter_9","Iter_10"
"Veillonella_rogosae",0.955823293172691,0.964859437751004,0.960843373493976,0.914658634538153,0.98391959798995,0.986934673366834,0.955778894472362,0.961809045226131,0.934673366834171,0.92570281124498
"Rothia_aeria",0.987951807228916,0.992971887550201,0.894578313253012,0.721887550200803,0.906532663316583,0.973869346733668,0.834170854271357,0.757788944723618,0.987939698492462,0.971887550200803
"Aggregatibacter_actinomycetemcomitans",0.955823293172691,0.964859437751004,0.813253012048193,0.874497991967871,0.856281407035176,0.844221105527638,0.642211055276382,0.757788944723618,0.895477386934673,0.633534136546185
"Butyrivibrio_hungatei",0.726907630522088,0.864457831325301,0.569277108433735,0.690763052208835,0.939698492462312,0.277386934673367,0.642211055276382,0.505527638190955,0.810050251256281,0.795180722891566
"Streptococcus_vestibularis",0.524096385542169,0.464859437751004,0.400602409638554,0.534136546184739,0.334673366834171,0.493467336683417,0.418090452261307,0.341708542713568,0.391959798994975,0.417670682730924
"Veillonella_dispar",0.662650602409639,0.0261044176706827,0.187751004016064,0.179718875502008,0.0201005025125628,0.158793969849246,0.0130653266331658,0.0532663316582915,0.0532663316582915,0.417670682730924
"Acinetobacter_johnsonii",0.524096385542169,0.464859437751004,0.149598393574297,0.802208835341365,0.0974874371859296,0.764824120603015,0.127638190954774,0.341708542713568,0.725628140703518,0.417670682730924
"Eubacterium_saphenum",0.070281124497992,0.0632530120481928,0.0692771084337349,0.0261044176706827,0.0201005025125628,0.0110552763819095,0.0130653266331658,0.341708542713568,0.0663316582914573,0.225903614457831
"Leptotrichia_buccalis",0.934738955823293,0.828313253012048,0.784136546184739,0.320281124497992,0.619095477386935,0.922613065326633,0.595979899497487,0.889447236180904,0.955778894472362,0.573293172690763
"Clostridium_ruminantium",0.150602409638554,0.464859437751004,0.21285140562249,0.320281124497992,0.676381909547739,0.320603015075377,0.418090452261307,0.559798994974874,0.391959798994975,0.225903614457831
"Actinomyces_odontolyticus",0.726907630522088,0.864457831325301,0.400602409638554,0.874497991967871,0.856281407035176,0.844221105527638,0.74070351758794,0.559798994974874,0.856281407035176,0.633534136546185
"Bradyrhizobium_elkanii",0.524096385542169,0.464859437751004,0.618473895582329,0.721887550200803,0.334673366834171,0.204020100502513,0.418090452261307,0.341708542713568,0.391959798994975,0.633534136546185
"Neisseria_cinerea",0.524096385542169,0.725903614457831,0.400602409638554,0.534136546184739,0.676381909547739,0.493467336683417,0.74070351758794,0.341708542713568,0.725628140703518,0.733935742971888
"Neisseria_sicca",0.987951807228916,0.864457831325301,0.960843373493976,0.721887550200803,0.856281407035176,0.844221105527638,0.418090452261307,0.757788944723618,0.810050251256281,0.894578313253012
"Prevotella_baroniae",0.105421686746988,0.464859437751004,0.21285140562249,0.320281124497992,0.334673366834171,0.136683417085427,0.418090452261307,0.834170854271357,0.229145728643216,0.417670682730924
"Capnocytophaga_leadbetteri",0.798192771084337,0.864457831325301,0.711847389558233,0.534136546184739,0.856281407035176,0.764824120603015,0.74070351758794,0.667336683417085,0.391959798994975,0.733935742971888
"Prevotella_pallens",0.662650602409639,0.91566265060241,0.969879518072289,0.75,0.923618090452261,0.710552763819095,0.806030150753769,0.609045226130653,0.914572864321608,0.90863453815261
"Treponema_denticola",0.29718875502008,0.678714859437751,0.400602409638554,0.75,0.612060301507538,0.710552763819095,0.681407035175879,0.889447236180904,0.829145728643216,0.555220883534137
"Eubacterium_brachy",0.662650602409639,0.823293172690763,0.543172690763052,0.681726907630522,0.619095477386935,0.710552763819095,0.681407035175879,0.725628140703518,0.914572864321608,0.555220883534137
"Porphyromonas_endodontalis",0.105421686746988,0.626506024096386,0.400602409638554,0.144578313253012,0.514572864321608,0.493467336683417,0.418090452261307,0.757788944723618,0.568844221105528,0.417670682730924
"Eubacterium_yurii",0.955823293172691,0.992971887550201,0.991967871485944,0.968875502008032,0.990954773869347,0.993969849246231,0.997989949748744,0.992964824120603,0.934673366834171,0.991967871485944
"Prevotella_shahii",0.97289156626506,0.93574297188755,0.832329317269076,0.947791164658635,0.737688442211055,0.95678391959799,0.98391959798995,0.78894472361809,0.568844221105528,0.894578313253012
"Actinomyces_howellii",0.524096385542169,0.464859437751004,0.400602409638554,0.534136546184739,0.334673366834171,0.493467336683417,0.418090452261307,0.341708542713568,0.391959798994975,0.417670682730924
"Prevotella_denticola",0.38855421686747,0.321285140562249,0.64859437751004,0.144578313253012,0.737688442211055,0.320603015075377,0.584924623115578,0.341708542713568,0.247236180904523,0.832329317269076
"Actinobacillus_minor",0.524096385542169,0.464859437751004,0.400602409638554,0.534136546184739,0.334673366834171,0.493467336683417,0.418090452261307,0.341708542713568,0.391959798994975,0.417670682730924
"Haemophilus_haemoglobinophilus",0.987951807228916,0.964859437751004,0.960843373493976,0.991967871485944,0.9678391959799,0.986934673366834,0.98391959798995,0.982914572864322,0.934673366834171,0.991967871485944
"Prevotella_scopos",0.857429718875502,0.91566265060241,0.949799196787149,0.914658634538153,0.569849246231156,0.893467336683417,0.834170854271357,0.982914572864322,0.856281407035176,0.815261044176707
"Actinomyces_oris",0.524096385542169,0.0923694779116466,0.21285140562249,0.534136546184739,0.0351758793969849,0.204020100502513,0.127638190954774,0.341708542713568,0.127638190954774,0.0592369477911647
"Megasphaera_elsdenii",0.242971887550201,0.268072289156627,0.400602409638554,0.0813253012048193,0.334673366834171,0.277386934673367,0.418090452261307,0.341708542713568,0.725628140703518,0.417670682730924
"Dialister_invisus",0.38855421686747,0.607429718875502,0.64859437751004,0.368473895582329,0.804020100502513,0.339698492462312,0.237185929648241,0.505527638190955,0.78391959798995,0.832329317269076
"Granulicatella_adiacens",0.150602409638554,0.0431726907630522,0.035140562248996,0.0813253012048193,0,0.0110552763819095,0.0130653266331658,0.0623115577889447,0,0.0210843373493976
"Prevotella_enoeca",0.242971887550201,0.659638554216867,0.813253012048193,0.534136546184739,0.774874371859297,0.493467336683417,0.418090452261307,0.757788944723618,0.631155778894472,0.573293172690763
"Streptococcus_cristatus",0.328313253012048,0.659638554216867,0.21285140562249,0.721887550200803,0.569849246231156,0.493467336683417,0.418090452261307,0.559798994974874,0.856281407035176,0.225903614457831
"Veillonella_montpellierensis",0.798192771084337,0.464859437751004,0.400602409638554,0.968875502008032,0.774874371859297,0.764824120603015,0.895477386934673,0.341708542713568,0.631155778894472,0.417670682730924
"Moraxella_lacunata",0.897590361445783,0.864457831325301,0.711847389558233,0.534136546184739,0.856281407035176,0.764824120603015,0.895477386934673,0.667336683417085,0.391959798994975,0.859437751004016
"Lachnoanaerobaculum_orale",0.0421686746987952,0.140562248995984,0.241967871485944,0.144578313253012,0.0542713567839196,0.0562814070351759,0.0673366834170854,0.341708542713568,0.631155778894472,0.417670682730924
"Bacillus_pumilus",0.857429718875502,0.464859437751004,0.618473895582329,0.721887550200803,0.569849246231156,0.687437185929648,0.955778894472362,0.559798994974874,0.391959798994975,0.859437751004016
"Orientia_tsutsugamushi",0.897590361445783,0.964859437751004,0.930722891566265,0.968875502008032,0.98391959798995,0.973869346733668,0.955778894472362,0.961809045226131,0.934673366834171,0.991967871485944
"Terrahaemophilus_aromaticivorans",0.242971887550201,0.464859437751004,0.400602409638554,0.234939759036145,0.0974874371859296,0.493467336683417,0.127638190954774,0.108542713567839,0.127638190954774,0.417670682730924
"Propionigenium_maris",0.524096385542169,0.464859437751004,0.400602409638554,0.534136546184739,0.334673366834171,0.493467336683417,0.418090452261307,0.341708542713568,0.391959798994975,0.417670682730924
"Mogibacterium_diversum",0.798192771084337,0.464859437751004,0.711847389558233,0.534136546184739,0.334673366834171,0.493467336683417,0.418090452261307,0.667336683417085,0.391959798994975,0.417670682730924
"Actinomyces_meyeri",0.897590361445783,0.464859437751004,0.618473895582329,0.802208835341365,0.569849246231156,0.493467336683417,0.895477386934673,0.559798994974874,0.631155778894472,0.633534136546185
"Bergeyella_zoohelcum",0.524096385542169,0.725903614457831,0.711847389558233,0.802208835341365,0.569849246231156,0.493467336683417,0.418090452261307,0.559798994974874,0.631155778894472,0.633534136546185
"Actinomyces_bowdenii",0.524096385542169,0.464859437751004,0.400602409638554,0.234939759036145,0.0974874371859296,0.204020100502513,0.418090452261307,0.341708542713568,0.391959798994975,0.154618473895582
"Prevotella_salivae",0.683734939759036,0.80421686746988,0.813253012048193,0.534136546184739,0.774874371859297,0.660301507537688,0.418090452261307,0.162814070351759,0.810050251256281,0.633534136546185
"Actinobaculum_massiliense",0.242971887550201,0.209839357429719,0.149598393574297,0.802208835341365,0.334673366834171,0.493467336683417,0.127638190954774,0.341708542713568,0.391959798994975,0.417670682730924
"Mannheimia_granulomatis",0.524096385542169,0.725903614457831,0.711847389558233,0.802208835341365,0.676381909547739,0.764824120603015,0.74070351758794,0.834170854271357,0.856281407035176,0.859437751004016
"Eubacterium_nodatum",0.150602409638554,0.828313253012048,0.569277108433735,0.874497991967871,0.813065326633166,0.819095477386935,0.237185929648241,0.725628140703518,0.895477386934673,0.417670682730924
"Planobacterium_taklimakanense",0.524096385542169,0.725903614457831,0.400602409638554,0.534136546184739,0.676381909547739,0.764824120603015,0.418090452261307,0.667336683417085,0.391959798994975,0.417670682730924
"Ornatilinea_apprima",0.524096385542169,0.464859437751004,0.618473895582329,0.802208835341365,0.334673366834171,0.493467336683417,0.418090452261307,0.834170854271357,0.725628140703518,0.417670682730924
"Neisseria_pharyngis",0.897590361445783,0.659638554216867,0.813253012048193,0.802208835341365,0.569849246231156,0.893467336683417,0.955778894472362,0.559798994974874,0.391959798994975,0.633534136546185
"Anaeroglobus_geminatus",0.683734939759036,0.464859437751004,0.569277108433735,0.534136546184739,0.514572864321608,0.493467336683417,0.642211055276382,0.559798994974874,0.78391959798995,0.268072289156627
"Olsenella_uli",0.842369477911647,0.303212851405622,0.784136546184739,0.534136546184739,0.334673366834171,0.493467336683417,0.418090452261307,0.559798994974874,0.568844221105528,0.268072289156627
"Lactobacillus_johnsonii",0.328313253012048,0.0130522088353414,0.0873493975903614,0.0261044176706827,0.0201005025125628,0.0331658291457286,0.0422110552763819,0.00402010050251256,0.0201005025125628,0.225903614457831
"Prevotella_veroralis",0.683734939759036,0.80421686746988,0.910642570281124,0.856425702811245,0.976884422110553,0.844221105527638,0.418090452261307,0.78894472361809,0.955778894472362,0.894578313253012
"Dialister_propionicifaciens",0.524096385542169,0.725903614457831,0.711847389558233,0.802208835341365,0.856281407035176,0.893467336683417,0.74070351758794,0.667336683417085,0.725628140703518,0.859437751004016
"Rothia_dentocariosa",0.524096385542169,0.464859437751004,0.400602409638554,0.721887550200803,0.569849246231156,0.687437185929648,0.74070351758794,0.559798994974874,0.391959798994975,0.0592369477911647
"Mycoplasma_faucium",0.328313253012048,0.80421686746988,0.400602409638554,0.914658634538153,0.334673366834171,0.493467336683417,0.195979899497487,0.559798994974874,0.631155778894472,0.225903614457831
"Mycoplasma_hyosynoviae",0.524096385542169,0.464859437751004,0.400602409638554,0.534136546184739,0.334673366834171,0.493467336683417,0.418090452261307,0.341708542713568,0.391959798994975,0.417670682730924
"Azospira_oryzae",0.524096385542169,0.464859437751004,0.400602409638554,0.534136546184739,0.334673366834171,0.493467336683417,0.418090452261307,0.341708542713568,0.391959798994975,0.417670682730924
"Alysiella_crassa",0.798192771084337,0.864457831325301,0.858433734939759,0.534136546184739,0.676381909547739,0.764824120603015,0.74070351758794,0.667336683417085,0.856281407035176,0.859437751004016
"Prevotella_dentalis",0.328313253012048,0.464859437751004,0.21285140562249,0.721887550200803,0.774874371859297,0.687437185929648,0.74070351758794,0.341708542713568,0.631155778894472,0.815261044176707
"Acidithiobacillus_thiooxidans",0.524096385542169,0.864457831325301,0.711847389558233,0.534136546184739,0.856281407035176,0.764824120603015,0.418090452261307,0.834170854271357,0.725628140703518,0.733935742971888
"Corynebacterium_jeikeium",0.798192771084337,0.725903614457831,0.400602409638554,0.534136546184739,0.334673366834171,0.493467336683417,0.418090452261307,0.341708542713568,0.391959798994975,0.154618473895582
"Peptococcus_niger",0.726907630522088,0.626506024096386,0.618473895582329,0.534136546184739,0.774874371859297,0.844221105527638,0.895477386934673,0.757788944723618,0.391959798994975,0.417670682730924
"Acinetobacter_baumannii",0.726907630522088,0.464859437751004,0.21285140562249,0.234939759036145,0.569849246231156,0.493467336683417,0.642211055276382,0.162814070351759,0.391959798994975,0.633534136546185
"Treponema_refringens",0.897590361445783,0.941767068273092,0.858433734939759,0.721887550200803,0.856281407035176,0.844221105527638,0.418090452261307,0.757788944723618,0.631155778894472,0.633534136546185
"Treponema_pedis",0.897590361445783,0.80421686746988,0.618473895582329,0.874497991967871,0.774874371859297,0.938693467336683,0.127638190954774,0.834170854271357,0.810050251256281,0.92570281124498
"Campylobacter_curvus",0.726907630522088,0.80421686746988,0.711847389558233,0.534136546184739,0.856281407035176,0.844221105527638,0.955778894472362,0.910552763819095,0.631155778894472,0.633534136546185
"Prevotella_bivia",0.0130522088353414,0.0431726907630522,0.0542168674698795,0.00602409638554217,0.0974874371859296,0.0110552763819095,0.0422110552763819,0.0170854271356784,0.0361809045226131,0.0210843373493976
"Mycoplasma_feliminutum",0.524096385542169,0.464859437751004,0.400602409638554,0.534136546184739,0.334673366834171,0.493467336683417,0.418090452261307,0.341708542713568,0.391959798994975,0.417670682730924
"Streptococcus_pneumoniae",0.105421686746988,0.209839357429719,0.149598393574297,0.234939759036145,0.0120603015075377,0.204020100502513,0.0422110552763819,0.0170854271356784,0.0110552763819095,0.0592369477911647
"Schwartzia_succinivorans",0.070281124497992,0.321285140562249,0.400602409638554,0.00602409638554217,0.514572864321608,0.0562814070351759,0.237185929648241,0.341708542713568,0.0814070351758794,0.191767068273092
"Actinomyces_hyovaginalis",0.242971887550201,0.209839357429719,0.149598393574297,0.802208835341365,0.334673366834171,0.493467336683417,0.127638190954774,0.341708542713568,0.391959798994975,0.417670682730924
"Prevotella_marshii",0.0421686746987952,0.659638554216867,0.400602409638554,0.0813253012048193,0.334673366834171,0.136683417085427,0.0673366834170854,0.189949748743719,0.229145728643216,0.417670682730924
"Treponema_parvum",0.0421686746987952,0.303212851405622,0.21285140562249,0.144578313253012,0.569849246231156,0.136683417085427,0.0422110552763819,0.341708542713568,0.0663316582914573,0.035140562248996
"Lautropia_mirabilis",0.524096385542169,0.464859437751004,0.618473895582329,0.234939759036145,0.141708542713568,0.687437185929648,0.418090452261307,0.162814070351759,0.391959798994975,0.633534136546185
"Barnesiella_intestinihominis",0.3714859437751,0.303212851405622,0.21285140562249,0.368473895582329,0.569849246231156,0.320603015075377,0.834170854271357,0.505527638190955,0.568844221105528,0.225903614457831
"Actinobacillus_rossii",0.726907630522088,0.91566265060241,0.979919678714859,0.985943775100402,0.9678391959799,0.764824120603015,0.933668341708543,0.667336683417085,0.631155778894472,0.957831325301205
"Actinomyces_gerencseriae",0.857429718875502,0.464859437751004,0.618473895582329,0.320281124497992,0.334673366834171,0.687437185929648,0.418090452261307,0.162814070351759,0.568844221105528,0.815261044176707
"Bacteroides_stercoris",0.524096385542169,0.140562248995984,0.569277108433735,0.534136546184739,0.514572864321608,0.493467336683417,0.834170854271357,0.757788944723618,0.568844221105528,0.417670682730924
"Neisseria_shayeganii",0.726907630522088,0.659638554216867,0.930722891566265,0.914658634538153,0.569849246231156,0.844221105527638,0.642211055276382,0.559798994974874,0.856281407035176,0.815261044176707
"Selenomonas_noxia",0.105421686746988,0.659638554216867,0.400602409638554,0.0813253012048193,0.569849246231156,0.277386934673367,0.195979899497487,0.341708542713568,0.631155778894472,0.633534136546185
"Bifidobacterium_dentium",0.150602409638554,0.0130522088353414,0.0873493975903614,0,0.0050251256281407,0,0.00301507537688442,0.0623115577889447,0.0110552763819095,0.0592369477911647
"Gemmatimonas_aurantiaca",0.798192771084337,0.464859437751004,0.711847389558233,0.802208835341365,0.334673366834171,0.764824120603015,0.74070351758794,0.667336683417085,0.391959798994975,0.417670682730924
"Haemophilus_parainfluenzae",1,1,1,1,0.994974874371859,1,1,0.996984924623116,0.992964824120603,0.996987951807229
"Porphyromonas_gingivalis",0.38855421686747,0.60140562248996,0.543172690763052,0.681726907630522,0.804020100502513,0.641206030150754,0.584924623115578,0.609045226130653,0.831155778894472,0.552208835341365
"Streptococcus_sobrinus",0.726907630522088,0.80421686746988,0.400602409638554,0.874497991967871,0.856281407035176,0.938693467336683,0.127638190954774,0.341708542713568,0.856281407035176,0.733935742971888
"Pseudomonas_stutzeri",0.242971887550201,0.209839357429719,0.149598393574297,0.234939759036145,0.0974874371859296,0.204020100502513,0.127638190954774,0.341708542713568,0.127638190954774,0.417670682730924
"Acinetobacter_junii",0.524096385542169,0.725903614457831,0.711847389558233,0.534136546184739,0.676381909547739,0.764824120603015,0.74070351758794,0.667336683417085,0.725628140703518,0.733935742971888
"Bacteroides_acidifaciens",0.524096385542169,0.725903614457831,0.711847389558233,0.534136546184739,0.676381909547739,0.764824120603015,0.74070351758794,0.667336683417085,0.725628140703518,0.733935742971888
"Prevotella_amnii",0.897590361445783,0.864457831325301,0.858433734939759,0.914658634538153,0.856281407035176,0.938693467336683,0.74070351758794,0.667336683417085,0.856281407035176,0.859437751004016
"Streptococcus_agalactiae",0.328313253012048,0.140562248995984,0.400602409638554,0.234939759036145,0.0542713567839196,0.0331658291457286,0.195979899497487,0.0170854271356784,0.0361809045226131,0.0983935742971888
"Treponema_bryantii",0.242971887550201,0.464859437751004,0.0542168674698795,0.802208835341365,0.141708542713568,0.493467336683417,0.127638190954774,0.341708542713568,0.127638190954774,0.154618473895582
"Bacteroides_intestinalis",0.662650602409639,0.303212851405622,0.400602409638554,0.534136546184739,0.774874371859297,0.648241206030151,0.933668341708543,0.78894472361809,0.78391959798995,0.573293172690763
"Filifactor_alocis",0.0070281124497992,0.328313253012048,0.259036144578313,0.385542168674699,0.619095477386935,0.339698492462312,0.418090452261307,0.485427135678392,0.539698492462312,0.281124497991968
"Prevotella_copri",0.683734939759036,0.464859437751004,0.813253012048193,0.320281124497992,0.774874371859297,0.493467336683417,0.955778894472362,0.559798994974874,0.78391959798995,0.815261044176707
"Odoribacter_denticanis",0.798192771084337,0.864457831325301,0.858433734939759,0.802208835341365,0.856281407035176,0.764824120603015,0.418090452261307,0.834170854271357,0.856281407035176,0.733935742971888
"Bacteroides_heparinolyticus",0.524096385542169,0.77710843373494,0.894578313253012,0.144578313253012,0.906532663316583,0.320603015075377,0.418090452261307,0.757788944723618,0.391959798994975,0.573293172690763
"Rothia_mucilaginosa",0.757028112449799,0.828313253012048,0.784136546184739,0.681726907630522,0.514572864321608,0.648241206030151,0.418090452261307,0.485427135678392,0.539698492462312,0.832329317269076
"Lachnoanaerobaculum_saburreum",0.842369477911647,0.91566265060241,0.910642570281124,0.874497991967871,0.906532663316583,0.844221105527638,0.806030150753769,0.936683417085427,0.971859296482412,0.944779116465863
"Acinetobacter_lwoffii",0.524096385542169,0.209839357429719,0.149598393574297,0.534136546184739,0.0974874371859296,0.493467336683417,0.418090452261307,0.108542713567839,0.127638190954774,0.154618473895582
"Brachymonas_denitrificans",0.524096385542169,0.464859437751004,0.618473895582329,0.0813253012048193,0.334673366834171,0.493467336683417,0.418090452261307,0.834170854271357,0.631155778894472,0.859437751004016
"Prevotella_paludivivens",0.524096385542169,0.80421686746988,0.400602409638554,0.914658634538153,0.569849246231156,0.687437185929648,0.642211055276382,0.910552763819095,0.934673366834171,0.417670682730924
"Streptococcus_gordonii",0.328313253012048,0.464859437751004,0.400602409638554,0.534136546184739,0.0351758793969849,0.493467336683417,0.0422110552763819,0.108542713567839,0.391959798994975,0.417670682730924
"Leptotrichia_hofstadii",0.726907630522088,0.91566265060241,0.894578313253012,0.874497991967871,0.906532663316583,0.844221105527638,0.642211055276382,0.961809045226131,0.895477386934673,0.982931726907631
"Bacteroides_zoogleoformans",0.726907630522088,0.80421686746988,0.858433734939759,0.874497991967871,0.906532663316583,0.687437185929648,0.895477386934673,0.879396984924623,0.895477386934673,0.417670682730924
"Natranaerovirga_hydrolytica",0.524096385542169,0.725903614457831,0.711847389558233,0.534136546184739,0.676381909547739,0.493467336683417,0.418090452261307,0.667336683417085,0.725628140703518,0.733935742971888
"Mogibacterium_neglectum",0.524096385542169,0.464859437751004,0.400602409638554,0.534136546184739,0.334673366834171,0.493467336683417,0.418090452261307,0.341708542713568,0.391959798994975,0.417670682730924
"Campylobacter_mucosalis",0.897590361445783,0.464859437751004,0.930722891566265,0.721887550200803,0.334673366834171,0.660301507537688,0.642211055276382,0.162814070351759,0.810050251256281,0.92570281124498
"Peptoniphilus_lacrimalis",0.524096385542169,0.268072289156627,0.21285140562249,0.721887550200803,0.569849246231156,0.764824120603015,0.418090452261307,0.559798994974874,0.391959798994975,0.0592369477911647
"Streptococcus_sanguinis",0.987951807228916,0.91566265060241,0.894578313253012,0.968875502008032,0.906532663316583,0.973869346733668,0.74070351758794,0.936683417085427,0.895477386934673,0.815261044176707
"Eubacterium_rectale",0.0240963855421687,0.0632530120481928,0.035140562248996,0.0461847389558233,0.334673366834171,0.0562814070351759,0.237185929648241,0.189949748743719,0.391959798994975,0.0983935742971888
"Fusobacterium_periodonticum",0.934738955823293,0.986947791164659,0.986947791164659,0.997991967871486,0.994974874371859,0.986934673366834,0.97286432160804,1,0.997989949748744,0.971887550200803
"Eubacterium_minutum",0.242971887550201,0.464859437751004,0.400602409638554,0.234939759036145,0.334673366834171,0.0934673366834171,0.0422110552763819,0.341708542713568,0.391959798994975,0.225903614457831
"Sporanaerobacter_acetigenes",0.524096385542169,0.725903614457831,0.711847389558233,0.534136546184739,0.676381909547739,0.493467336683417,0.418090452261307,0.667336683417085,0.725628140703518,0.733935742971888
"Desulfomicrobium_orale",0.897590361445783,0.964859437751004,0.930722891566265,0.985943775100402,0.9678391959799,0.938693467336683,0.895477386934673,0.961809045226131,0.971859296482412,0.92570281124498
"Campylobacter_showae",0.842369477911647,0.77710843373494,0.910642570281124,0.889558232931727,0.923618090452261,0.981909547738693,0.85929648241206,0.885427135678392,0.78391959798995,0.944779116465863
"Tannerella_forsythia",0.070281124497992,0.328313253012048,0.400602409638554,0.179718875502008,0.619095477386935,0.493467336683417,0.0824120603015075,0.936683417085427,0.391959798994975,0.573293172690763
"Kingella_potus",0.897590361445783,0.91566265060241,0.930722891566265,0.534136546184739,0.569849246231156,0.844221105527638,0.895477386934673,0.834170854271357,0.971859296482412,0.957831325301205
"Capnocytophaga_granulosa",0.105421686746988,0.464859437751004,0.618473895582329,0.534136546184739,0.334673366834171,0.0934673366834171,0.418090452261307,0.341708542713568,0.190954773869347,0.633534136546185
"Neisseria_oralis",0.987951807228916,0.681726907630522,0.784136546184739,0.947791164658635,0.49748743718593,0.868341708542714,0.806030150753769,0.609045226130653,0.539698492462312,0.573293172690763
"Lactobacillus_ruminis",0.524096385542169,0.464859437751004,0.400602409638554,0.534136546184739,0.334673366834171,0.764824120603015,0.74070351758794,0.341708542713568,0.391959798994975,0.417670682730924
"Helicobacter_pylori",0.150602409638554,0.0923694779116466,0.711847389558233,0.0261044176706827,0.334673366834171,0.493467336683417,0.418090452261307,0.162814070351759,0.229145728643216,0.225903614457831
"Soonwooa_buanensis",0.524096385542169,0.864457831325301,0.858433734939759,0.534136546184739,0.856281407035176,0.764824120603015,0.74070351758794,0.834170854271357,0.856281407035176,0.859437751004016
"Leptotrichia_hongkongensis",0.524096385542169,0.659638554216867,0.569277108433735,0.690763052208835,0.774874371859297,0.493467336683417,0.418090452261307,0.757788944723618,0.631155778894472,0.859437751004016
"Gemella_haemolysans",0.726907630522088,0.626506024096386,0.618473895582329,0.721887550200803,0.334673366834171,0.660301507537688,0.595979899497487,0.491457286432161,0.229145728643216,0.417670682730924
"Gemella_palaticanis",0.524096385542169,0.209839357429719,0.149598393574297,0.802208835341365,0.334673366834171,0.764824120603015,0.418090452261307,0.108542713567839,0.127638190954774,0.417670682730924
"Bacillus_cereus",0.857429718875502,0.464859437751004,0.711847389558233,0.534136546184739,0.514572864321608,0.493467336683417,0.834170854271357,0.559798994974874,0.856281407035176,0.573293172690763
"Slackia_exigua",0.524096385542169,0.116465863453815,0.400602409638554,0.368473895582329,0.174874371859296,0.0562814070351759,0.595979899497487,0.341708542713568,0.0814070351758794,0.281124497991968
"Actinomyces_viscosus",0.0421686746987952,0.0923694779116466,0.0220883534136546,0.0813253012048193,0.0974874371859296,0.204020100502513,0.0422110552763819,0.0402010050251256,0.127638190954774,0.417670682730924
"Streptococcus_oralis",0.683734939759036,0.303212851405622,0.813253012048193,0.534136546184739,0.334673366834171,0.277386934673367,0.834170854271357,0.491457286432161,0.0110552763819095,0.417670682730924
"Desulfovibrio_fairfieldensis",0.180722891566265,0.607429718875502,0.253012048192771,0.385542168674699,0.813065326633166,0.339698492462312,0.0824120603015075,0.505527638190955,0.391959798994975,0.417670682730924
"Prevotella_multisaccharivorax",0.0130522088353414,0.0632530120481928,0.0873493975903614,0.0461847389558233,0.164824120603015,0.158793969849246,0.0673366834170854,0.162814070351759,0.190954773869347,0.417670682730924
"Streptococcus_sinensis",0.798192771084337,0.864457831325301,0.930722891566265,0.802208835341365,0.939698492462312,0.493467336683417,0.895477386934673,0.834170854271357,0.725628140703518,0.92570281124498
"Gemella_cuniculi",0.242971887550201,0.209839357429719,0.400602409638554,0.721887550200803,0.334673366834171,0.493467336683417,0.642211055276382,0.834170854271357,0.391959798994975,0.859437751004016
"Desulfobulbus_propionicus",0.242971887550201,0.464859437751004,0.400602409638554,0.534136546184739,0.569849246231156,0.277386934673367,0.0422110552763819,0.341708542713568,0.391959798994975,0.417670682730924
"Cardiobacterium_valvarum",0.897590361445783,0.964859437751004,0.858433734939759,0.802208835341365,0.939698492462312,0.893467336683417,0.74070351758794,0.834170854271357,0.856281407035176,0.92570281124498
"Corynebacterium_tuberculostearicum",0.524096385542169,0.464859437751004,0.149598393574297,0.234939759036145,0.334673366834171,0.204020100502513,0.127638190954774,0.108542713567839,0.127638190954774,0.154618473895582
"Prevotella_pleuritidis",0.934738955823293,0.77710843373494,0.569277108433735,0.947791164658635,0.813065326633166,0.922613065326633,0.933668341708543,0.936683417085427,0.914572864321608,0.633534136546185
"Corynebacterium_argentoratense",0.798192771084337,0.209839357429719,0.0542168674698795,0.234939759036145,0.334673366834171,0.493467336683417,0.418090452261307,0.162814070351759,0.190954773869347,0.225903614457831
"Howardella_ureilytica",0.0070281124497992,0.0220883534136546,0.035140562248996,0.0110441767068273,0.00904522613065327,0.021105527638191,0.0241206030150754,0.341708542713568,0.0814070351758794,0.00803212851405622
"Snodgrassella_alvi",0.857429718875502,0.91566265060241,0.784136546184739,0.534136546184739,0.569849246231156,0.687437185929648,0.955778894472362,0.162814070351759,0.810050251256281,0.795180722891566
"Clostridium_hathewayi",0.328313253012048,0.464859437751004,0.400602409638554,0.0813253012048193,0.569849246231156,0.493467336683417,0.895477386934673,0.559798994974874,0.190954773869347,0.633534136546185
"Propionibacterium_acidifaciens",0.105421686746988,0.0431726907630522,0.21285140562249,0.534136546184739,0.164824120603015,0.277386934673367,0.195979899497487,0.341708542713568,0.0361809045226131,0.417670682730924
"Gardnerella_vaginalis",0.3714859437751,0.0923694779116466,0.400602409638554,0.320281124497992,0.141708542713568,0.204020100502513,0.74070351758794,0.559798994974874,0.0663316582914573,0.0983935742971888
"Parascardovia_denticolens",0.524096385542169,0.268072289156627,0.400602409638554,0.320281124497992,0.141708542713568,0.136683417085427,0.0422110552763819,0.559798994974874,0.725628140703518,0.154618473895582
"Prevotella_falsenii",0.524096385542169,0.464859437751004,0.711847389558233,0.534136546184739,0.676381909547739,0.764824120603015,0.418090452261307,0.341708542713568,0.725628140703518,0.417670682730924
"Streptobacillus_moniliformis",0.798192771084337,0.864457831325301,0.858433734939759,0.802208835341365,0.939698492462312,0.764824120603015,0.895477386934673,0.910552763819095,0.934673366834171,0.859437751004016
"Gemella_bergeri",0.524096385542169,0.464859437751004,0.400602409638554,0.534136546184739,0.334673366834171,0.493467336683417,0.418090452261307,0.341708542713568,0.391959798994975,0.417670682730924
"Selenomonas_ruminantium",0.524096385542169,0.464859437751004,0.711847389558233,0.534136546184739,0.569849246231156,0.493467336683417,0.418090452261307,0.667336683417085,0.725628140703518,0.859437751004016
"Eubacterium_sulci",0.662650602409639,0.828313253012048,0.953815261044177,0.856425702811245,0.813065326633166,0.819095477386935,0.834170854271357,0.889447236180904,0.955778894472362,0.678714859437751
"Veillonella_ratti",0.798192771084337,0.464859437751004,0.400602409638554,0.802208835341365,0.676381909547739,0.764824120603015,0.74070351758794,0.667336683417085,0.725628140703518,0.733935742971888
"Desulfobulbus_rhabdoformis",0.524096385542169,0.80421686746988,0.400602409638554,0.914658634538153,0.569849246231156,0.687437185929648,0.418090452261307,0.834170854271357,0.856281407035176,0.417670682730924
"Lactobacillus_mucosae",0.242971887550201,0.209839357429719,0.149598393574297,0.320281124497992,0.334673366834171,0.277386934673367,0.127638190954774,0.108542713567839,0.391959798994975,0.733935742971888
"Streptococcus_parasanguinis",0.524096385542169,0.864457831325301,0.400602409638554,0.368473895582329,0.334673366834171,0.493467336683417,0.0673366834170854,0.0170854271356784,0.391959798994975,0.417670682730924
"Eubacterium_ramulus",0.524096385542169,0.268072289156627,0.400602409638554,0.320281124497992,0.774874371859297,0.493467336683417,0.955778894472362,0.757788944723618,0.568844221105528,0.633534136546185
"Ralstonia_solanacearum",0.955823293172691,0.864457831325301,0.813253012048193,0.914658634538153,0.569849246231156,0.687437185929648,0.895477386934673,0.834170854271357,0.391959798994975,0.733935742971888
"Prevotella_oralis",0.150602409638554,0.303212851405622,0.241967871485944,0.320281124497992,0.334673366834171,0.320603015075377,0.195979899497487,0.341708542713568,0.391959798994975,0.0983935742971888
"Actinomyces_graevenitzii",0.897590361445783,0.864457831325301,0.930722891566265,0.968875502008032,0.939698492462312,0.938693467336683,0.895477386934673,0.834170854271357,0.934673366834171,0.92570281124498
"Alloprevotella_rava",0.97289156626506,0.80421686746988,0.894578313253012,0.856425702811245,0.774874371859297,0.95678391959799,0.806030150753769,0.78894472361809,0.895477386934673,0.971887550200803
"Paraprevotella_clara",0.524096385542169,0.464859437751004,0.400602409638554,0.534136546184739,0.569849246231156,0.493467336683417,0.418090452261307,0.108542713567839,0.391959798994975,0.733935742971888
"Actinobacillus_porcinus",0.328313253012048,0.140562248995984,0.400602409638554,0.0261044176706827,0.334673366834171,0.493467336683417,0.237185929648241,0.341708542713568,0.229145728643216,0.417670682730924
"Pseudomonas_aeruginosa",0.105421686746988,0.268072289156627,0.400602409638554,0.0813253012048193,0.334673366834171,0.0934673366834171,0.127638190954774,0.667336683417085,0.190954773869347,0.417670682730924
"Atopobium_parvulum",0.524096385542169,0.626506024096386,0.618473895582329,0.144578313253012,0.569849246231156,0.136683417085427,0.195979899497487,0.162814070351759,0.631155778894472,0.92570281124498
"Stenotrophomonas_maltophilia",0.524096385542169,0.725903614457831,0.711847389558233,0.802208835341365,0.676381909547739,0.764824120603015,0.74070351758794,0.341708542713568,0.391959798994975,0.733935742971888
"Anaerovorax_odorimutans",0.798192771084337,0.864457831325301,0.711847389558233,0.802208835341365,0.676381909547739,0.764824120603015,0.418090452261307,0.667336683417085,0.856281407035176,0.859437751004016
"Megamonas_funiformis",0.524096385542169,0.464859437751004,0.711847389558233,0.534136546184739,0.856281407035176,0.493467336683417,0.895477386934673,0.834170854271357,0.631155778894472,0.417670682730924
"Pasteurella_pneumotropica",0.524096385542169,0.725903614457831,0.711847389558233,0.534136546184739,0.676381909547739,0.493467336683417,0.418090452261307,0.667336683417085,0.725628140703518,0.733935742971888
"Treponema_amylovorum",0.524096385542169,0.77710843373494,0.813253012048193,0.534136546184739,0.569849246231156,0.660301507537688,0.834170854271357,0.910552763819095,0.895477386934673,0.573293172690763
"Prevotella_nanceiensis",0.3714859437751,0.464859437751004,0.400602409638554,0.721887550200803,0.0542713567839196,0.893467336683417,0.418090452261307,0.559798994974874,0.190954773869347,0.225903614457831
"Wolinella_succinogenes",0.798192771084337,0.864457831325301,0.858433734939759,0.802208835341365,0.856281407035176,0.764824120603015,0.418090452261307,0.834170854271357,0.856281407035176,0.733935742971888
"Lactobacillus_frumenti",0.242971887550201,0.209839357429719,0.400602409638554,0.234939759036145,0.0974874371859296,0.204020100502513,0.418090452261307,0.108542713567839,0.127638190954774,0.154618473895582
"Shuttleworthia_satelles",0.726907630522088,0.607429718875502,0.832329317269076,0.534136546184739,0.49748743718593,0.660301507537688,0.595979899497487,0.961809045226131,0.895477386934673,0.894578313253012
"Treponema_lecithinolyticum",0.726907630522088,0.91566265060241,0.894578313253012,0.947791164658635,0.906532663316583,0.95678391959799,0.933668341708543,0.961809045226131,0.810050251256281,0.957831325301205
"Neisseria_macacae",0.524096385542169,0.725903614457831,0.711847389558233,0.534136546184739,0.676381909547739,0.493467336683417,0.418090452261307,0.667336683417085,0.725628140703518,0.733935742971888
"Moraxella_osloensis",0.798192771084337,0.725903614457831,0.711847389558233,0.534136546184739,0.676381909547739,0.493467336683417,0.74070351758794,0.341708542713568,0.391959798994975,0.733935742971888
"Streptococcus_intermedius",0.524096385542169,0.464859437751004,0.618473895582329,0.534136546184739,0.334673366834171,0.493467336683417,0.642211055276382,0.341708542713568,0.391959798994975,0.633534136546185
"Treponema_socranskii",0.726907630522088,0.91566265060241,0.894578313253012,0.534136546184739,0.906532663316583,0.687437185929648,0.642211055276382,0.757788944723618,0.810050251256281,0.815261044176707
"Pyramidobacter_piscolens",0.798192771084337,0.725903614457831,0.711847389558233,0.534136546184739,0.676381909547739,0.493467336683417,0.127638190954774,0.341708542713568,0.391959798994975,0.154618473895582
"Dialister_pneumosintes",0.524096385542169,0.321285140562249,0.253012048192771,0.390562248995984,0.174874371859296,0.34572864321608,0.252261306532663,0.485427135678392,0.391959798994975,0.0321285140562249
"Selenomonas_flueggei",0.105421686746988,0.209839357429719,0.0070281124497992,0.0261044176706827,0.0120603015075377,0.204020100502513,0.0130653266331658,0.00402010050251256,0.0361809045226131,0.0210843373493976
"Peptostreptococcus_stomatis",0.1285140562249,0.169678714859438,0.253012048192771,0.179718875502008,0.164824120603015,0.320603015075377,0.834170854271357,0.198994974874372,0.0814070351758794,0.0833333333333333
"Lactobacillus_reuteri",0.0421686746987952,0.140562248995984,0.0873493975903614,0.144578313253012,0.0542713567839196,0.0562814070351759,0.418090452261307,0.0402010050251256,0.127638190954774,0.225903614457831
"Butyrivibrio_fibrisolvens",0.798192771084337,0.864457831325301,0.930722891566265,0.914658634538153,0.856281407035176,0.764824120603015,0.895477386934673,0.910552763819095,0.725628140703518,0.92570281124498
"Mycoplasma_salivarium",0.857429718875502,0.464859437751004,0.858433734939759,0.874497991967871,0.676381909547739,0.687437185929648,0.955778894472362,0.910552763819095,0.631155778894472,0.417670682730924
"Mobiluncus_curtisii",0.726907630522088,0.659638554216867,0.400602409638554,0.234939759036145,0.334673366834171,0.493467336683417,0.642211055276382,0.0402010050251256,0.391959798994975,0.633534136546185
"Simonsiella_muelleri",0.726907630522088,0.978915662650602,0.949799196787149,0.721887550200803,0.906532663316583,0.95678391959799,0.933668341708543,0.725628140703518,0.810050251256281,0.982931726907631
"Actinomyces_oricola",0.242971887550201,0.209839357429719,0.400602409638554,0.534136546184739,0.334673366834171,0.493467336683417,0.127638190954774,0.341708542713568,0.127638190954774,0.417670682730924
"Barnesiella_viscericola",0.798192771084337,0.464859437751004,0.400602409638554,0.802208835341365,0.676381909547739,0.493467336683417,0.74070351758794,0.667336683417085,0.725628140703518,0.417670682730924
"Prevotella_aurantiaca",0.955823293172691,0.964859437751004,0.960843373493976,0.914658634538153,0.856281407035176,0.973869346733668,0.955778894472362,0.910552763819095,0.971859296482412,0.957831325301205
"Leptotrichia_amnionii",0.524096385542169,0.725903614457831,0.711847389558233,0.534136546184739,0.676381909547739,0.493467336683417,0.418090452261307,0.667336683417085,0.725628140703518,0.733935742971888
"Leptotrichia_shahii",0.180722891566265,0.77710843373494,0.569277108433735,0.11144578313253,0.619095477386935,0.493467336683417,0.418090452261307,0.609045226130653,0.229145728643216,0.417670682730924
"Capnocytophaga_ochracea",0.524096385542169,0.864457831325301,0.858433734939759,0.534136546184739,0.569849246231156,0.204020100502513,0.418090452261307,0.341708542713568,0.391959798994975,0.633534136546185
"Prevotella_ruminicola",0.798192771084337,0.209839357429719,0.400602409638554,0.534136546184739,0.334673366834171,0.493467336683417,0.74070351758794,0.667336683417085,0.725628140703518,0.733935742971888
"Gemella_sanguinis",0.726907630522088,0.268072289156627,0.569277108433735,0.802208835341365,0.141708542713568,0.893467336683417,0.642211055276382,0.757788944723618,0.391959798994975,0.225903614457831
"Conchiformibius_steedae",0.524096385542169,0.464859437751004,0.400602409638554,0.534136546184739,0.334673366834171,0.493467336683417,0.418090452261307,0.341708542713568,0.391959798994975,0.417670682730924
"Prevotella_intermedia",0,0.164658634538153,0.187751004016064,0.11144578313253,0.334673366834171,0.248241206030151,0.0824120603015075,0.0271356783919598,0.0532663316582915,0.191767068273092
"Porphyromonas_uenonis",0.242971887550201,0.464859437751004,0.149598393574297,0.534136546184739,0.676381909547739,0.764824120603015,0.74070351758794,0.667336683417085,0.391959798994975,0.154618473895582
"Prevotella_fusca",0.97289156626506,0.77710843373494,0.986947791164659,0.980923694779116,0.923618090452261,0.868341708542714,0.85929648241206,0.98894472361809,0.895477386934673,0.971887550200803
"Selenomonas_sputigena",0.00401606425702811,0.169678714859438,0.108433734939759,0.00200803212851406,0.164824120603015,0.00301507537688442,0.0241206030150754,0.0723618090452261,0.229145728643216,0.115461847389558
"Veillonella_rodentium",0.242971887550201,0.209839357429719,0.400602409638554,0.534136546184739,0.0974874371859296,0.204020100502513,0.127638190954774,0.108542713567839,0.391959798994975,0.154618473895582
"Klebsiella_pneumoniae",0.897590361445783,0.725903614457831,0.711847389558233,0.802208835341365,0.856281407035176,0.493467336683417,0.895477386934673,0.667336683417085,0.725628140703518,0.733935742971888
"Bulleidia_extructa",0.0130522088353414,0.169678714859438,0.241967871485944,0.0261044176706827,0.164824120603015,0.0562814070351759,0.195979899497487,0.559798994974874,0.229145728643216,0.417670682730924
"Haemophilus_parahaemolyticus",0.105421686746988,0.626506024096386,0.813253012048193,0.0813253012048193,0.906532663316583,0.844221105527638,0.195979899497487,0.757788944723618,0.568844221105528,0.417670682730924
"Alloprevotella_tannerae",0.683734939759036,0.464859437751004,0.253012048192771,0.534136546184739,0.334673366834171,0.493467336683417,0.418090452261307,0.505527638190955,0.568844221105528,0.268072289156627
"Alkaliphilus_crotonatoxidans",0.524096385542169,0.725903614457831,0.400602409638554,0.234939759036145,0.334673366834171,0.493467336683417,0.127638190954774,0.341708542713568,0.725628140703518,0.417670682730924
"Actinomyces_georgiae",0.524096385542169,0.91566265060241,0.784136546184739,0.721887550200803,0.906532663316583,0.819095477386935,0.418090452261307,0.757788944723618,0.971859296482412,0.894578313253012
"Bilophila_wadsworthia",0.524096385542169,0.140562248995984,0.400602409638554,0.320281124497992,0.334673366834171,0.277386934673367,0.642211055276382,0.341708542713568,0.568844221105528,0.417670682730924
"Streptococcus_oligofermentans",0.524096385542169,0.464859437751004,0.400602409638554,0.534136546184739,0.676381909547739,0.764824120603015,0.418090452261307,0.667336683417085,0.127638190954774,0.733935742971888
"Actinomyces_lingnae",0.726907630522088,0.626506024096386,0.400602409638554,0.874497991967871,0.334673366834171,0.844221105527638,0.642211055276382,0.341708542713568,0.391959798994975,0.633534136546185
"Streptococcus_equinus",0.242971887550201,0.209839357429719,0.400602409638554,0.234939759036145,0.334673366834171,0.204020100502513,0.418090452261307,0.341708542713568,0.127638190954774,0.154618473895582
"Lactobacillus_salivarius",0.070281124497992,0.00200803212851406,0.0070281124497992,0.0461847389558233,0.0201005025125628,0.0110552763819095,0.195979899497487,0.0623115577889447,0.0663316582914573,0.0210843373493976
"Lactobacillus_crispatus",0.242971887550201,0.0923694779116466,0.0542168674698795,0.234939759036145,0.0351758793969849,0.204020100502513,0.127638190954774,0.0402010050251256,0.0361809045226131,0.0592369477911647
"Prevotella_maculosa",0.242971887550201,0.464859437751004,0.858433734939759,0.534136546184739,0.569849246231156,0.204020100502513,0.74070351758794,0.559798994974874,0.391959798994975,0.633534136546185
"Haemophilus_influenzae",0.150602409638554,0.303212851405622,0.569277108433735,0.368473895582329,0.334673366834171,0.320603015075377,0.642211055276382,0.559798994974874,0.229145728643216,0.633534136546185
"Moraxella_bovoculi",0.524096385542169,0.725903614457831,0.711847389558233,0.534136546184739,0.676381909547739,0.493467336683417,0.418090452261307,0.667336683417085,0.725628140703518,0.733935742971888
"Atopobium_minutum",0.242971887550201,0.209839357429719,0.400602409638554,0.234939759036145,0.0974874371859296,0.204020100502513,0.418090452261307,0.108542713567839,0.127638190954774,0.154618473895582
"Capnocytophaga_haemolytica",0.987951807228916,0.964859437751004,0.979919678714859,0.968875502008032,0.9678391959799,0.938693467336683,0.98391959798995,0.982914572864322,0.987939698492462,0.982931726907631
"Clostridium_aminobutyricum",0.897590361445783,0.982931726907631,0.930722891566265,0.534136546184739,0.9678391959799,0.973869346733668,0.955778894472362,0.961809045226131,0.934673366834171,0.957831325301205
"Porphyromonas_gulae",0.0421686746987952,0.464859437751004,0.400602409638554,0.320281124497992,0.514572864321608,0.320603015075377,0.195979899497487,0.559798994974874,0.391959798994975,0.268072289156627
"Saccharofermentans_acetigenes",0.242971887550201,0.464859437751004,0.400602409638554,0.234939759036145,0.334673366834171,0.204020100502513,0.418090452261307,0.341708542713568,0.391959798994975,0.733935742971888
"Veillonella_parvula",0.683734939759036,0.303212851405622,0.569277108433735,0.534136546184739,0.164824120603015,0.493467336683417,0.642211055276382,0.341708542713568,0.391959798994975,0.417670682730924
"Actinomyces_cardiffensis",0.3714859437751,0.464859437751004,0.253012048192771,0.0813253012048193,0.164824120603015,0.0562814070351759,0.0824120603015075,0.0623115577889447,0.229145728643216,0.417670682730924
"Rhodococcus_erythropolis",0.798192771084337,0.725903614457831,0.711847389558233,0.534136546184739,0.676381909547739,0.493467336683417,0.74070351758794,0.341708542713568,0.391959798994975,0.733935742971888
"Capnocytophaga_sputigena",0.726907630522088,0.464859437751004,0.400602409638554,0.534136546184739,0.334673366834171,0.493467336683417,0.895477386934673,0.559798994974874,0.0110552763819095,0.225903614457831
"Propionibacterium_acnes",0.798192771084337,0.864457831325301,0.400602409638554,0.802208835341365,0.676381909547739,0.893467336683417,0.418090452261307,0.667336683417085,0.725628140703518,0.733935742971888
"Mobiluncus_mulieris",0.897590361445783,0.464859437751004,0.813253012048193,0.914658634538153,0.906532663316583,0.764824120603015,0.895477386934673,0.341708542713568,0.391959798994975,0.894578313253012
"Escherichia_coli",0.524096385542169,0.464859437751004,0.711847389558233,0.234939759036145,0.676381909547739,0.204020100502513,0.74070351758794,0.341708542713568,0.127638190954774,0.417670682730924
"Lactobacillus_vaginalis",0.242971887550201,0.209839357429719,0.149598393574297,0.534136546184739,0.334673366834171,0.204020100502513,0.127638190954774,0.341708542713568,0.127638190954774,0.154618473895582
"Mycoplasma_orale",0.524096385542169,0.864457831325301,0.711847389558233,0.534136546184739,0.856281407035176,0.764824120603015,0.418090452261307,0.834170854271357,0.725628140703518,0.733935742971888
"Treponema_medium",0.150602409638554,0.464859437751004,0.400602409638554,0.144578313253012,0.334673366834171,0.320603015075377,0.418090452261307,0.757788944723618,0.391959798994975,0.417670682730924
"Selenomonas_infelix",0.105421686746988,0.464859437751004,0.618473895582329,0.0261044176706827,0.334673366834171,0.277386934673367,0.195979899497487,0.341708542713568,0.229145728643216,0.417670682730924
"Prevotella_corporis",0.726907630522088,0.80421686746988,0.400602409638554,0.802208835341365,0.334673366834171,0.493467336683417,0.642211055276382,0.834170854271357,0.934673366834171,0.417670682730924
"Leptotrichia_goodfellowii",0.328313253012048,0.80421686746988,0.813253012048193,0.874497991967871,0.737688442211055,0.938693467336683,0.418090452261307,0.505527638190955,0.568844221105528,0.944779116465863
"Selenomonas_bovis",0.242971887550201,0.659638554216867,0.618473895582329,0.320281124497992,0.774874371859297,0.493467336683417,0.418090452261307,0.559798994974874,0.856281407035176,0.92570281124498
"Chryseobacterium_kwangjuense",0.798192771084337,0.464859437751004,0.711847389558233,0.802208835341365,0.334673366834171,0.764824120603015,0.418090452261307,0.667336683417085,0.391959798994975,0.733935742971888
"Lactobacillus_delbrueckii",0.242971887550201,0.209839357429719,0.400602409638554,0.534136546184739,0.676381909547739,0.493467336683417,0.418090452261307,0.341708542713568,0.127638190954774,0.417670682730924
"Lactobacillus_fermentum",0.0421686746987952,0.0130522088353414,0,0.00602409638554217,0,0,0,0,0,0
"Neisseria_elongata",0.897590361445783,0.964859437751004,0.960843373493976,0.802208835341365,0.9678391959799,0.893467336683417,0.895477386934673,0.910552763819095,0.934673366834171,0.92570281124498
"Oribacterium_sinus",0.683734939759036,0.77710843373494,0.618473895582329,0.368473895582329,0.774874371859297,0.648241206030151,0.595979899497487,0.341708542713568,0.568844221105528,0.894578313253012
"Solobacterium_moorei",0.524096385542169,0.303212851405622,0.930722891566265,0.144578313253012,0.334673366834171,0.320603015075377,0.418090452261307,0.505527638190955,0.391959798994975,0.417670682730924
"Eggerthia_catenaformis",0.524096385542169,0.626506024096386,0.784136546184739,0.234939759036145,0.737688442211055,0.136683417085427,0.642211055276382,0.834170854271357,0.568844221105528,0.795180722891566
"Clostridium_ultunense",0.242971887550201,0.464859437751004,0.400602409638554,0.802208835341365,0.334673366834171,0.493467336683417,0.418090452261307,0.834170854271357,0.856281407035176,0.633534136546185
"Granulicatella_elegans",0.524096385542169,0.303212851405622,0.400602409638554,0.385542168674699,0.334673366834171,0.339698492462312,0.418090452261307,0.341708542713568,0.539698492462312,0.268072289156627
"Neisseria_subflava",0.97289156626506,0.992971887550201,0.979919678714859,0.947791164658635,0.906532663316583,0.993969849246231,0.834170854271357,0.98894472361809,0.955778894472362,0.957831325301205
"Campylobacter_concisus",0.943775100401606,0.951807228915663,0.973895582329317,0.957831325301205,0.959798994974874,0.965829145728643,0.85929648241206,0.946733668341709,1,0.90863453815261
"Prevotella_melaninogenica",0.955823293172691,0.725903614457831,0.858433734939759,0.914658634538153,0.676381909547739,0.764824120603015,0.74070351758794,0.834170854271357,0.856281407035176,0.859437751004016
"Megasphaera_micronuciformis",0.328313253012048,0.464859437751004,0.618473895582329,0.144578313253012,0.334673366834171,0.320603015075377,0.0422110552763819,0.0623115577889447,0.568844221105528,0.633534136546185
"Cryptobacterium_curtum",0.105421686746988,0.268072289156627,0.0873493975903614,0.0813253012048193,0.141708542713568,0.0934673366834171,0.0130653266331658,0.341708542713568,0.391959798994975,0.417670682730924
"Prevotella_timonensis",0.798192771084337,0.464859437751004,0.711847389558233,0.534136546184739,0.569849246231156,0.204020100502513,0.418090452261307,0.559798994974874,0.631155778894472,0.733935742971888
"Atopobium_vaginae",0.524096385542169,0.864457831325301,0.618473895582329,0.914658634538153,0.774874371859297,0.893467336683417,0.418090452261307,0.834170854271357,0.631155778894472,0.633534136546185
"Sediminibacterium_salmoneum",0.242971887550201,0.209839357429719,0.149598393574297,0.534136546184739,0.0974874371859296,0.493467336683417,0.127638190954774,0.341708542713568,0.391959798994975,0.154618473895582
"Abiotrophia_defectiva",0.955823293172691,0.303212851405622,0.400602409638554,0.144578313253012,0.0201005025125628,0.277386934673367,0.195979899497487,0.189949748743719,0.391959798994975,0.0592369477911647
"Gemella_morbillorum",0.150602409638554,0.464859437751004,0.569277108433735,0.721887550200803,0.334673366834171,0.320603015075377,0.237185929648241,0.757788944723618,0.391959798994975,0.573293172690763
"Lactococcus_lactis",0.955823293172691,0.659638554216867,0.618473895582329,0.914658634538153,0.774874371859297,0.893467336683417,0.955778894472362,0.559798994974874,0.631155778894472,0.815261044176707
"Haemophilus_sputorum",0.97289156626506,0.986947791164659,0.991967871485944,0.968875502008032,0.997989949748744,0.997989949748744,0.995979899497487,0.992964824120603,0.895477386934673,0.996987951807229
"Veillonella_atypica",0.0421686746987952,0.0130522088353414,0.21285140562249,0.0261044176706827,0.0542713567839196,0.0562814070351759,0.0422110552763819,0.0170854271356784,0.391959798994975,0.0592369477911647
"Intestinimonas_butyriciproducens",0.105421686746988,0.268072289156627,0.400602409638554,0.0813253012048193,0.334673366834171,0.277386934673367,0.74070351758794,0.341708542713568,0.190954773869347,0.417670682730924
"Actinomyces_timonensis",0.328313253012048,0.140562248995984,0.035140562248996,0.144578313253012,0.0542713567839196,0.493467336683417,0.0673366834170854,0.0170854271356784,0.0663316582914573,0.0833333333333333
"Campylobacter_gracilis",0.726907630522088,0.80421686746988,0.894578313253012,0.534136546184739,0.774874371859297,0.893467336683417,0.642211055276382,0.559798994974874,0.895477386934673,0.894578313253012
"Streptococcus_australis",0.955823293172691,0.864457831325301,0.930722891566265,0.968875502008032,0.939698492462312,0.893467336683417,0.74070351758794,0.961809045226131,0.856281407035176,0.92570281124498
"Phocaeicola_abscessus",0.0421686746987952,0.0431726907630522,0.0220883534136546,0.234939759036145,0.0050251256281407,0.0110552763819095,0.0422110552763819,0.0402010050251256,0.00301507537688442,0.00301204819277108
"Acinetobacter_calcoaceticus",0.524096385542169,0.464859437751004,0.400602409638554,0.534136546184739,0.334673366834171,0.493467336683417,0.418090452261307,0.341708542713568,0.391959798994975,0.417670682730924
"Campylobacter_rectus",0.683734939759036,0.626506024096386,0.569277108433735,0.534136546184739,0.774874371859297,0.922613065326633,0.895477386934673,0.879396984924623,0.568844221105528,0.795180722891566
"Corynebacterium_kroppenstedtii",0.242971887550201,0.0923694779116466,0.149598393574297,0.234939759036145,0.0974874371859296,0.204020100502513,0.418090452261307,0.108542713567839,0.0361809045226131,0.0592369477911647
"Streptococcus_constellatus",0.0421686746987952,0.0431726907630522,0.0542168674698795,0.0261044176706827,0.0351758793969849,0.0110552763819095,0.0130653266331658,0.0402010050251256,0.0110552763819095,0.00301204819277108
"Prevotella_nigrescens",0.662650602409639,0.77710843373494,0.784136546184739,0.676706827309237,0.813065326633166,0.648241206030151,0.85929648241206,0.609045226130653,0.914572864321608,0.417670682730924
"Corynebacterium_matruchotii",0.524096385542169,0.91566265060241,0.569277108433735,0.534136546184739,0.774874371859297,0.660301507537688,0.195979899497487,0.505527638190955,0.895477386934673,0.815261044176707
"Eikenella_corrodens",0.150602409638554,0.268072289156627,0.400602409638554,0.320281124497992,0.164824120603015,0.0562814070351759,0.642211055276382,0.341708542713568,0.229145728643216,0.417670682730924
"Parvimonas_micra",0.070281124497992,0.303212851405622,0.400602409638554,0.368473895582329,0.514572864321608,0.493467336683417,0.642211055276382,0.505527638190955,0.229145728643216,0.268072289156627
"Streptococcus_pyogenes",0.524096385542169,0.464859437751004,0.400602409638554,0.534136546184739,0.334673366834171,0.493467336683417,0.418090452261307,0.341708542713568,0.391959798994975,0.417670682730924
"Scardovia_wiggsiae",0.0552208835341365,0.00401606425702811,0.0692771084337349,0.0461847389558233,0.0663316582914573,0.021105527638191,0,0.00703517587939699,0.0532663316582915,0.00803212851405622
"Fusobacterium_nucleatum",0.0552208835341365,0.464859437751004,0.400602409638554,0.390562248995984,0.493467336683417,0.34572864321608,0.418090452261307,0.609045226130653,0.67035175879397,0.115461847389558
"Prevotella_saccharolytica",0.0240963855421687,0.626506024096386,0.400602409638554,0.368473895582329,0.334673366834171,0.493467336683417,0.0673366834170854,0.198994974874372,0.247236180904523,0.417670682730924
"Catonella_morbi",0.524096385542169,0.964859437751004,0.930722891566265,0.802208835341365,0.955778894472362,0.844221105527638,0.834170854271357,0.936683417085427,0.631155778894472,0.894578313253012
"Moraxella_boevrei",0.798192771084337,0.268072289156627,0.149598393574297,0.534136546184739,0.0351758793969849,0.493467336683417,0.127638190954774,0.0402010050251256,0.190954773869347,0.417670682730924
"Micrococcus_luteus",0.524096385542169,0.464859437751004,0.400602409638554,0.534136546184739,0.334673366834171,0.493467336683417,0.418090452261307,0.341708542713568,0.391959798994975,0.417670682730924
"Morococcus_cerebrosus",0.897590361445783,0.864457831325301,0.813253012048193,0.802208835341365,0.569849246231156,0.493467336683417,0.895477386934673,0.910552763819095,0.631155778894472,0.859437751004016
"Actinomyces_massiliensis",0.997991967871486,0.997991967871486,0.997991967871486,0.995983935742972,1,0.993969849246231,0.97286432160804,0.996984924623116,0.992964824120603,1
"Streptococcus_salivarius",0.726907630522088,0.725903614457831,0.711847389558233,0.534136546184739,0.334673366834171,0.764824120603015,0.127638190954774,0.559798994974874,0.391959798994975,0.733935742971888
"Elizabethkingia_meningoseptica",0.524096385542169,0.464859437751004,0.149598393574297,0.234939759036145,0.0974874371859296,0.493467336683417,0.127638190954774,0.108542713567839,0.391959798994975,0.154618473895582
"Prevotella_buccae",0.683734939759036,0.303212851405622,0.569277108433735,0.534136546184739,0.141708542713568,0.493467336683417,0.642211055276382,0.341708542713568,0.190954773869347,0.417670682730924
"Fusobacterium_russii",0.524096385542169,0.864457831325301,0.858433734939759,0.534136546184739,0.856281407035176,0.764824120603015,0.74070351758794,0.834170854271357,0.856281407035176,0.859437751004016
"Neisseria_meningitidis",0.798192771084337,0.941767068273092,0.930722891566265,0.914658634538153,0.939698492462312,0.938693467336683,0.955778894472362,0.961809045226131,0.934673366834171,0.859437751004016
"Alloscardovia_omnicolens",0.00200803212851406,0.0632530120481928,0.0130522088353414,0.0461847389558233,0.141708542713568,0.277386934673367,0.0241206030150754,0,0.0361809045226131,0.0983935742971888
"Staphylococcus_epidermidis",0.524096385542169,0.464859437751004,0.400602409638554,0.534136546184739,0.334673366834171,0.493467336683417,0.418090452261307,0.341708542713568,0.391959798994975,0.417670682730924
"Neisseria_lactamica",0.524096385542169,0.464859437751004,0.400602409638554,0.534136546184739,0.334673366834171,0.493467336683417,0.418090452261307,0.341708542713568,0.391959798994975,0.417670682730924
"Mannheimia_haemolytica",0.524096385542169,0.464859437751004,0.400602409638554,0.534136546184739,0.334673366834171,0.493467336683417,0.418090452261307,0.341708542713568,0.391959798994975,0.417670682730924
"Pseudoramibacter_alactolyticus",0.242971887550201,0.209839357429719,0.0542168674698795,0.534136546184739,0.0351758793969849,0.0934673366834171,0.127638190954774,0.341708542713568,0.127638190954774,0.154618473895582
"Mogibacterium_timidum",0.150602409638554,0.464859437751004,0.21285140562249,0.320281124497992,0.514572864321608,0.493467336683417,0.595979899497487,0.910552763819095,0.391959798994975,0.417670682730924
"Streptococcus_mutans",0.934738955823293,0.91566265060241,0.618473895582329,0.690763052208835,0.334673366834171,0.844221105527638,0.642211055276382,0.559798994974874,0.895477386934673,0.633534136546185
"Streptococcus_thermophilus",0.726907630522088,0.864457831325301,0.813253012048193,0.874497991967871,0.939698492462312,0.844221105527638,0.74070351758794,0.559798994974874,0.934673366834171,0.633534136546185
"Propionibacterium_propionicum",0.934738955823293,0.80421686746988,0.569277108433735,0.874497991967871,0.737688442211055,0.493467336683417,0.642211055276382,0.910552763819095,0.568844221105528,0.957831325301205
"Porphyromonas_asaccharolytica",0.524096385542169,0.464859437751004,0.400602409638554,0.534136546184739,0.334673366834171,0.493467336683417,0.418090452261307,0.341708542713568,0.391959798994975,0.417670682730924
"Treponema_pectinovorum",0.524096385542169,0.659638554216867,0.858433734939759,0.534136546184739,0.856281407035176,0.204020100502513,0.74070351758794,0.834170854271357,0.631155778894472,0.633534136546185
"Neisseria_flavescens",0.987951807228916,0.91566265060241,0.995983935742972,0.947791164658635,0.955778894472362,0.922613065326633,0.933668341708543,0.976884422110553,0.895477386934673,0.92570281124498
"Streptococcus_anginosus",0.0240963855421687,0,0.00200803212851406,0.0110441767068273,0.0201005025125628,0.021105527638191,0.0673366834170854,0.0623115577889447,0.0201005025125628,0.00803212851405622
"Leptotrichia_trevisanii",0.524096385542169,0.77710843373494,0.569277108433735,0.0261044176706827,0.737688442211055,0.493467336683417,0.595979899497487,0.757788944723618,0.391959798994975,0.795180722891566
"Treponema_putidum",0.105421686746988,0.464859437751004,0.0873493975903614,0.320281124497992,0.334673366834171,0.136683417085427,0.195979899497487,0.559798994974874,0.229145728643216,0.0983935742971888
"Leptotrichia_wadei",0.150602409638554,0.626506024096386,0.64859437751004,0.534136546184739,0.737688442211055,0.493467336683417,0.806030150753769,0.78894472361809,0.971859296482412,0.832329317269076
"Streptococcus_mitis",0.328313253012048,0.268072289156627,0.21285140562249,0.320281124497992,0.0542713567839196,0.493467336683417,0.195979899497487,0.0170854271356784,0.0663316582914573,0.0592369477911647
"Dialister_micraerophilus",0.798192771084337,0.209839357429719,0.711847389558233,0.234939759036145,0.0974874371859296,0.204020100502513,0.127638190954774,0.341708542713568,0.127638190954774,0.417670682730924
"Prevotella_oris",0.070281124497992,0.140562248995984,0.0220883534136546,0.320281124497992,0.0351758793969849,0.277386934673367,0.195979899497487,0.162814070351759,0.0663316582914573,0.0592369477911647
"Chryseobacterium_piscicola",0.798192771084337,0.464859437751004,0.400602409638554,0.802208835341365,0.676381909547739,0.493467336683417,0.74070351758794,0.667336683417085,0.725628140703518,0.417670682730924
"Porphyromonas_catoniae",0.726907630522088,0.964859437751004,0.894578313253012,0.968875502008032,0.906532663316583,0.938693467336683,0.98391959798995,0.961809045226131,0.810050251256281,0.633534136546185
"Fusobacterium_canifelinum",0.242971887550201,0.0923694779116466,0.149598393574297,0.0813253012048193,0.0351758793969849,0.0934673366834171,0.127638190954774,0.341708542713568,0.127638190954774,0.417670682730924
"Aggregatibacter_aphrophilus",0.328313253012048,0.91566265060241,0.400602409638554,0.721887550200803,0.514572864321608,0.938693467336683,0.595979899497487,0.725628140703518,0.78391959798995,0.417670682730924
"Lachnoanaerobaculum_umeaense",0.857429718875502,0.982931726907631,0.969879518072289,0.874497991967871,0.9678391959799,0.922613065326633,0.993969849246231,0.936683417085427,0.995979899497487,0.971887550200803
"Eubacterium_infirmum",0.328313253012048,0.464859437751004,0.784136546184739,0.914658634538153,0.737688442211055,0.687437185929648,0.418090452261307,0.961809045226131,0.856281407035176,0.795180722891566
"Neisseria_mucosa",0.857429718875502,0.80421686746988,0.894578313253012,0.947791164658635,0.774874371859297,0.922613065326633,0.98391959798995,0.936683417085427,0.810050251256281,0.957831325301205
"Neisseria_dentiae",0.242971887550201,0.864457831325301,0.813253012048193,0.534136546184739,0.774874371859297,0.764824120603015,0.642211055276382,0.757788944723618,0.631155778894472,0.815261044176707
"Haemophilus_pittmaniae",0.934738955823293,0.978915662650602,0.910642570281124,0.947791164658635,0.976884422110553,0.95678391959799,0.85929648241206,0.946733668341709,0.568844221105528,0.795180722891566
"Prevotella_micans",0.328313253012048,0.626506024096386,0.813253012048193,0.320281124497992,0.514572864321608,0.660301507537688,0.642211055276382,0.559798994974874,0.568844221105528,0.894578313253012
"Treponema_succinifaciens",0.150602409638554,0.321285140562249,0.108433734939759,0.144578313253012,0.0663316582914573,0.320603015075377,0.237185929648241,0.757788944723618,0.391959798994975,0.633534136546185
"Kingella_denitrificans",0.897590361445783,0.941767068273092,0.960843373493976,0.534136546184739,0.856281407035176,0.893467336683417,0.895477386934673,0.910552763819095,0.934673366834171,0.92570281124498
"Veillonella_denticariosi",0.242971887550201,0.464859437751004,0.618473895582329,0.914658634538153,0.334673366834171,0.893467336683417,0.642211055276382,0.667336683417085,0.725628140703518,0.633534136546185
"Corynebacterium_durum",0.897590361445783,0.964859437751004,0.930722891566265,0.991967871485944,0.98391959798995,0.986934673366834,0.98391959798995,0.961809045226131,0.971859296482412,0.982931726907631
"Neisseria_bacilliformis",0.242971887550201,0.464859437751004,0.149598393574297,0.802208835341365,0.334673366834171,0.493467336683417,0.418090452261307,0.667336683417085,0.725628140703518,0.154618473895582
"Kingella_oralis",0.857429718875502,0.864457831325301,0.979919678714859,0.721887550200803,0.774874371859297,0.893467336683417,0.834170854271357,0.879396984924623,0.391959798994975,0.957831325301205
"Cardiobacterium_hominis",0.955823293172691,0.992971887550201,0.979919678714859,0.985943775100402,0.990954773869347,0.973869346733668,0.98391959798995,0.982914572864322,0.987939698492462,0.982931726907631
"Fretibacterium_fastidiosum",0.180722891566265,0.60140562248996,0.241967871485944,0.681726907630522,0.619095477386935,0.641206030150754,0.806030150753769,0.936683417085427,0.673366834170854,0.417670682730924
"Streptococcus_peroris",0.897590361445783,0.659638554216867,0.569277108433735,0.721887550200803,0.334673366834171,0.493467336683417,0.834170854271357,0.341708542713568,0.0110552763819095,0.573293172690763
"Olsenella_profusa",0.934738955823293,0.91566265060241,0.969879518072289,0.914658634538153,0.955778894472362,0.493467336683417,0.642211055276382,0.910552763819095,0.971859296482412,0.815261044176707
"Agrobacterium_tumefaciens",0.524096385542169,0.464859437751004,0.400602409638554,0.534136546184739,0.334673366834171,0.493467336683417,0.418090452261307,0.341708542713568,0.391959798994975,0.417670682730924
"Lactobacillus_gasseri",0.328313253012048,0.0923694779116466,0.0873493975903614,0.0813253012048193,0.141708542713568,0.0934673366834171,0.127638190954774,0.0170854271356784,0.190954773869347,0.417670682730924
"Prevotella_albensis",0.524096385542169,0.464859437751004,0.400602409638554,0.534136546184739,0.334673366834171,0.493467336683417,0.418090452261307,0.341708542713568,0.391959798994975,0.417670682730924
"Selenomonas_artemidis",0.0130522088353414,0.140562248995984,0.108433734939759,0.144578313253012,0.334673366834171,0.136683417085427,0.418090452261307,0.0723618090452261,0.0663316582914573,0.268072289156627
"Streptococcus_infantis",0.524096385542169,0.659638554216867,0.400602409638554,0.534136546184739,0.334673366834171,0.136683417085427,0.418090452261307,0.341708542713568,0.0814070351758794,0.115461847389558
"Prevotella_histicola",0.524096385542169,0.464859437751004,0.21285140562249,0.320281124497992,0.141708542713568,0.136683417085427,0.418090452261307,0.0170854271356784,0.391959798994975,0.859437751004016
"Aggregatibacter_segnis",0.842369477911647,0.948795180722892,0.949799196787149,0.980923694779116,0.98391959798995,0.95678391959799,0.98391959798995,0.976884422110553,0.98391959798995,0.894578313253012
"Rothia_terrae",0.798192771084337,0.725903614457831,0.711847389558233,0.914658634538153,0.856281407035176,0.893467336683417,0.418090452261307,0.667336683417085,0.725628140703518,0.733935742971888
"Streptococcus_suis",0.242971887550201,0.0923694779116466,0.400602409638554,0.534136546184739,0.0542713567839196,0.204020100502513,0.418090452261307,0.0623115577889447,0.0361809045226131,0.417670682730924
"Achromobacter_xylosoxidans",0.242971887550201,0.209839357429719,0.400602409638554,0.234939759036145,0.334673366834171,0.204020100502513,0.418090452261307,0.341708542713568,0.127638190954774,0.154618473895582
"Ruminofilibacter_xylanolyticum",0.328313253012048,0.464859437751004,0.400602409638554,0.234939759036145,0.569849246231156,0.493467336683417,0.418090452261307,0.834170854271357,0.391959798994975,0.417670682730924
"Finegoldia_magna",0.242971887550201,0.209839357429719,0.0220883534136546,0.0813253012048193,0.0351758793969849,0.204020100502513,0.127638190954774,0.108542713567839,0.0361809045226131,0.0592369477911647
"Prevotella_multiformis",0.524096385542169,0.464859437751004,0.569277108433735,0.0813253012048193,0.334673366834171,0.0562814070351759,0.0673366834170854,0.341708542713568,0.391959798994975,0.573293172690763
"Neisseria_canis",0.897590361445783,0.626506024096386,0.569277108433735,0.690763052208835,0.49748743718593,0.95678391959799,0.195979899497487,0.491457286432161,0.391959798994975,0.573293172690763
"Centipeda_periodontii",0.105421686746988,0.464859437751004,0.400602409638554,0.0261044176706827,0.334673366834171,0.136683417085427,0.0673366834170854,0.189949748743719,0.391959798994975,0.633534136546185
"Actinomyces_israelii",0.070281124497992,0.140562248995984,0.0070281124497992,0.144578313253012,0.0050251256281407,0.0562814070351759,0.0050251256281407,0.162814070351759,0.0663316582914573,0.0592369477911647
"Actinomyces_naeslundii",0.934738955823293,0.626506024096386,0.569277108433735,0.534136546184739,0.569849246231156,0.764824120603015,0.895477386934673,0.559798994974874,0.391959798994975,0.417670682730924
"Actinomyces_turicensis",0.524096385542169,0.464859437751004,0.400602409638554,0.534136546184739,0.334673366834171,0.493467336683417,0.418090452261307,0.341708542713568,0.391959798994975,0.417670682730924
"Lactobacillus_oris",0.105421686746988,0.209839357429719,0.0542168674698795,0.234939759036145,0.0974874371859296,0.0934673366834171,0.0422110552763819,0.108542713567839,0.391959798994975,0.154618473895582
"Streptococcus_lactarius",0.987951807228916,0.941767068273092,0.991967871485944,0.991967871485944,0.98391959798995,0.973869346733668,0.98391959798995,0.910552763819095,0.971859296482412,0.982931726907631
"Capnocytophaga_gingivalis",0.897590361445783,0.864457831325301,0.711847389558233,0.914658634538153,0.676381909547739,0.893467336683417,0.418090452261307,0.667336683417085,0.856281407035176,0.733935742971888
"Prevotella_loescheii",0.662650602409639,0.681726907630522,0.784136546184739,0.368473895582329,0.813065326633166,0.320603015075377,0.806030150753769,0.879396984924623,0.673366834170854,0.573293172690763
"Bergeriella_denitrificans",0.524096385542169,0.464859437751004,0.711847389558233,0.234939759036145,0.334673366834171,0.204020100502513,0.418090452261307,0.667336683417085,0.725628140703518,0.733935742971888
"Paludibacter_propionicigenes",0.524096385542169,0.464859437751004,0.711847389558233,0.802208835341365,0.334673366834171,0.764824120603015,0.74070351758794,0.667336683417085,0.725628140703518,0.733935742971888
"Veillonella_tobetsuensis",0.726907630522088,0.80421686746988,0.894578313253012,0.534136546184739,0.569849246231156,0.687437185929648,0.642211055276382,0.834170854271357,0.810050251256281,0.859437751004016
"Prevotella_oulorum",0.3714859437751,0.626506024096386,0.784136546184739,0.534136546184739,0.813065326633166,0.320603015075377,0.418090452261307,0.725628140703518,0.78391959798995,0.815261044176707
"Sneathia_sanguinegens",0.726907630522088,0.725903614457831,0.149598393574297,0.802208835341365,0.569849246231156,0.893467336683417,0.895477386934673,0.834170854271357,0.391959798994975,0.633534136546185
"Atopobium_rimae",0.180722891566265,0.169678714859438,0.400602409638554,0.0261044176706827,0.334673366834171,0.0562814070351759,0.418090452261307,0.341708542713568,0.391959798994975,0.573293172690763
"Bryobacter_aggregatus",0.524096385542169,0.464859437751004,0.400602409638554,0.534136546184739,0.334673366834171,0.493467336683417,0.418090452261307,0.341708542713568,0.391959798994975,0.417670682730924
"Scardovia_inopinata",0.524096385542169,0.209839357429719,0.400602409638554,0.534136546184739,0.334673366834171,0.493467336683417,0.418090452261307,0.341708542713568,0.391959798994975,0.733935742971888
"Selenomonas_dianae",0.524096385542169,0.80421686746988,0.858433734939759,0.0813253012048193,0.856281407035176,0.277386934673367,0.642211055276382,0.559798994974874,0.568844221105528,0.417670682730924
"Streptococcus_pseudopneumoniae",0.798192771084337,0.725903614457831,0.711847389558233,0.534136546184739,0.334673366834171,0.764824120603015,0.74070351758794,0.341708542713568,0.725628140703518,0.733935742971888
"Treponema_maltophilum",0.3714859437751,0.607429718875502,0.108433734939759,0.690763052208835,0.334673366834171,0.493467336683417,0.418090452261307,0.879396984924623,0.539698492462312,0.225903614457831
"Treponema_vincentii",0.524096385542169,0.91566265060241,0.813253012048193,0.234939759036145,0.774874371859297,0.844221105527638,0.642211055276382,0.910552763819095,0.810050251256281,0.92570281124498
"Butyrivibrio_proteoclasticus",0.524096385542169,0.725903614457831,0.711847389558233,0.534136546184739,0.676381909547739,0.493467336683417,0.418090452261307,0.667336683417085,0.725628140703518,0.733935742971888
"Haemophilus_haemolyticus",0.328313253012048,0.659638554216867,0.813253012048193,0.721887550200803,0.939698492462312,0.493467336683417,0.955778894472362,0.559798994974874,0.810050251256281,0.633534136546185
"Lactobacillus_iners",0.524096385542169,0.864457831325301,0.618473895582329,0.914658634538153,0.569849246231156,0.893467336683417,0.74070351758794,0.667336683417085,0.391959798994975,0.417670682730924
"Johnsonella_ignava",0.328313253012048,0.659638554216867,0.21285140562249,0.534136546184739,0.334673366834171,0.493467336683417,0.418090452261307,0.834170854271357,0.391959798994975,0.417670682730924
"Lactobacillus_helveticus",0.524096385542169,0.140562248995984,0.21285140562249,0.534136546184739,0.0542713567839196,0.0934673366834171,0.418090452261307,0.0402010050251256,0.127638190954774,0.225903614457831
"Moryella_indoligenes",0.857429718875502,0.948795180722892,0.784136546184739,0.856425702811245,0.774874371859297,0.844221105527638,0.834170854271357,0.757788944723618,0.955778894472362,0.944779116465863
"Pseudomonas_putida",0.242971887550201,0.464859437751004,0.400602409638554,0.234939759036145,0.334673366834171,0.493467336683417,0.195979899497487,0.341708542713568,0.391959798994975,0.225903614457831
"Stomatobaculum_longum",0.150602409638554,0.91566265060241,0.400602409638554,0.144578313253012,0.514572864321608,0.844221105527638,0.195979899497487,0.341708542713568,0.568844221105528,0.573293172690763
"Murdochiella_asaccharolytica",0.798192771084337,0.209839357429719,0.400602409638554,0.802208835341365,0.0974874371859296,0.764824120603015,0.74070351758794,0.341708542713568,0.127638190954774,0.154618473895582
"Veillonella_caviae",0.97289156626506,0.91566265060241,0.894578313253012,0.947791164658635,0.939698492462312,0.95678391959799,0.834170854271357,0.757788944723618,0.971859296482412,0.894578313253012
"Actinobaculum_schaalii",0.524096385542169,0.464859437751004,0.400602409638554,0.534136546184739,0.334673366834171,0.493467336683417,0.418090452261307,0.341708542713568,0.391959798994975,0.417670682730924
"Gemmiger_formicilis",0.524096385542169,0.268072289156627,0.618473895582329,0.721887550200803,0.569849246231156,0.687437185929648,0.834170854271357,0.910552763819095,0.631155778894472,0.225903614457831
"Roseburia_hominis",0.524096385542169,0.659638554216867,0.21285140562249,0.534136546184739,0.856281407035176,0.493467336683417,0.418090452261307,0.341708542713568,0.934673366834171,0.633534136546185
"Eubacterium_coprostanoligenes",0.242971887550201,0.464859437751004,0.400602409638554,0.234939759036145,0.334673366834171,0.493467336683417,0.74070351758794,0.341708542713568,0.391959798994975,0.733935742971888
"Bacteroides_plebeius",0.180722891566265,0.0130522088353414,0.0873493975903614,0.144578313253012,0.334673366834171,0.0331658291457286,0.195979899497487,0.162814070351759,0.391959798994975,0.0983935742971888
"Bacteroides_vulgatus",0.524096385542169,0.140562248995984,0.400602409638554,0.368473895582329,0.737688442211055,0.277386934673367,0.418090452261307,0.505527638190955,0.895477386934673,0.281124497991968
"Fusobacterium_necrophorum",0.242971887550201,0.0923694779116466,0.400602409638554,0.0813253012048193,0.0974874371859296,0.0934673366834171,0.127638190954774,0.108542713567839,0.0361809045226131,0.154618473895582
"Streptococcus_uberis",0.524096385542169,0.464859437751004,0.711847389558233,0.802208835341365,0.676381909547739,0.493467336683417,0.74070351758794,0.667336683417085,0.391959798994975,0.733935742971888
"Turicibacter_sanguinis",0.955823293172691,0.464859437751004,0.711847389558233,0.802208835341365,0.939698492462312,0.764824120603015,0.895477386934673,0.834170854271357,0.934673366834171,0.859437751004016
"Dialister_succinatiphilus",0.242971887550201,0.464859437751004,0.400602409638554,0.802208835341365,0.569849246231156,0.893467336683417,0.418090452261307,0.667336683417085,0.725628140703518,0.633534136546185
"Bacteroides_uniformis",0.38855421686747,0.0431726907630522,0.108433734939759,0.179718875502008,0.334673366834171,0.136683417085427,0.0241206030150754,0.189949748743719,0.631155778894472,0.115461847389558
"Flavonifractor_plautii",0.524096385542169,0.268072289156627,0.618473895582329,0.320281124497992,0.774874371859297,0.277386934673367,0.895477386934673,0.559798994974874,0.568844221105528,0.633534136546185
"Parabacteroides_merdae",0.683734939759036,0.268072289156627,0.569277108433735,0.368473895582329,0.774874371859297,0.493467336683417,0.418090452261307,0.505527638190955,0.810050251256281,0.417670682730924
"Ruminococcus_gnavus",0.180722891566265,0.140562248995984,0.0873493975903614,0.320281124497992,0.569849246231156,0.136683417085427,0.237185929648241,0.341708542713568,0.190954773869347,0.0983935742971888
"Coprococcus_eutactus",0.683734939759036,0.464859437751004,0.569277108433735,0.721887550200803,0.334673366834171,0.844221105527638,0.933668341708543,0.757788944723618,0.810050251256281,0.633534136546185
"Pseudomonas_fluorescens",0.524096385542169,0.725903614457831,0.711847389558233,0.234939759036145,0.334673366834171,0.493467336683417,0.418090452261307,0.108542713567839,0.127638190954774,0.733935742971888
"Ruminococcus_bromii",0.070281124497992,0.0431726907630522,0.0070281124497992,0.0461847389558233,0.0542713567839196,0.0331658291457286,0.0673366834170854,0.0623115577889447,0.190954773869347,0.0210843373493976
"Lactobacillus_casei",0.242971887550201,0.0923694779116466,0.149598393574297,0.234939759036145,0.0974874371859296,0.204020100502513,0.418090452261307,0.108542713567839,0.0361809045226131,0.0592369477911647
"Anaerostipes_hadrus",0.0240963855421687,0.0632530120481928,0.035140562248996,0.0461847389558233,0.334673366834171,0.0562814070351759,0.237185929648241,0.189949748743719,0.391959798994975,0.0983935742971888
"Actinomyces_funkei",0.524096385542169,0.464859437751004,0.400602409638554,0.534136546184739,0.334673366834171,0.493467336683417,0.418090452261307,0.341708542713568,0.391959798994975,0.417670682730924
"Bacillus_subtilis",0.798192771084337,0.725903614457831,0.711847389558233,0.534136546184739,0.676381909547739,0.493467336683417,0.74070351758794,0.341708542713568,0.391959798994975,0.733935742971888
"Peptostreptococcus_anaerobius",0.798192771084337,0.725903614457831,0.400602409638554,0.534136546184739,0.676381909547739,0.764824120603015,0.74070351758794,0.667336683417085,0.391959798994975,0.733935742971888
"Lactobacillus_amylovorus",0.524096385542169,0.464859437751004,0.711847389558233,0.534136546184739,0.676381909547739,0.764824120603015,0.418090452261307,0.341708542713568,0.725628140703518,0.417670682730924
"Lactobacillus_rhamnosus",0.105421686746988,0.464859437751004,0.149598393574297,0.234939759036145,0.0974874371859296,0.493467336683417,0.127638190954774,0.0402010050251256,0.127638190954774,0.417670682730924
"Neisseria_perflava",0.897590361445783,0.864457831325301,0.858433734939759,0.914658634538153,0.676381909547739,0.764824120603015,0.74070351758794,0.834170854271357,0.725628140703518,0.733935742971888
"Blautia_luti",0.328313253012048,0.464859437751004,0.618473895582329,0.0813253012048193,0.856281407035176,0.277386934673367,0.418090452261307,0.341708542713568,0.631155778894472,0.633534136546185
"Eubacterium_hallii",0.070281124497992,0.0431726907630522,0.0220883534136546,0.144578313253012,0.334673366834171,0.0331658291457286,0.0673366834170854,0.162814070351759,0.391959798994975,0.0210843373493976
"Roseburia_faecis",0.3714859437751,0.140562248995984,0.400602409638554,0.534136546184739,0.334673366834171,0.493467336683417,0.834170854271357,0.757788944723618,0.391959798994975,0.225903614457831
"Peptostreptococcus_russellii",0.524096385542169,0.464859437751004,0.400602409638554,0.534136546184739,0.334673366834171,0.493467336683417,0.418090452261307,0.341708542713568,0.391959798994975,0.417670682730924
"Dorea_longicatena",0.3714859437751,0.268072289156627,0.400602409638554,0.144578313253012,0.774874371859297,0.136683417085427,0.642211055276382,0.341708542713568,0.568844221105528,0.633534136546185
"Bifidobacterium_breve",0.524096385542169,0.464859437751004,0.400602409638554,0.534136546184739,0.334673366834171,0.493467336683417,0.418090452261307,0.341708542713568,0.391959798994975,0.417670682730924
"Alistipes_putredinis",0.180722891566265,0.140562248995984,0.241967871485944,0.144578313253012,0.774874371859297,0.136683417085427,0.237185929648241,0.341708542713568,0.810050251256281,0.268072289156627
"Staphylococcus_aureus",0.524096385542169,0.209839357429719,0.149598393574297,0.534136546184739,0.0974874371859296,0.493467336683417,0.418090452261307,0.108542713567839,0.127638190954774,0.154618473895582
"Veillonella_magna",0.242971887550201,0.464859437751004,0.400602409638554,0.234939759036145,0.0974874371859296,0.493467336683417,0.127638190954774,0.108542713567839,0.127638190954774,0.417670682730924
"Prevotella_jejuni",0.524096385542169,0.209839357429719,0.711847389558233,0.234939759036145,0.0974874371859296,0.204020100502513,0.418090452261307,0.341708542713568,0.127638190954774,0.154618473895582
"Dolosigranulum_pigrum",0.242971887550201,0.464859437751004,0.149598393574297,0.234939759036145,0.334673366834171,0.204020100502513,0.127638190954774,0.108542713567839,0.391959798994975,0.417670682730924
"Eubacterium_siraeum",0.897590361445783,0.725903614457831,0.858433734939759,0.534136546184739,0.856281407035176,0.493467336683417,0.74070351758794,0.341708542713568,0.725628140703518,0.859437751004016
"Akkermansia_muciniphila",0.105421686746988,0.0923694779116466,0.149598393574297,0.0813253012048193,0.0974874371859296,0.0934673366834171,0.418090452261307,0.108542713567839,0.0361809045226131,0.154618473895582
"Blautia_faecis",0.070281124497992,0.140562248995984,0.0873493975903614,0.144578313253012,0.334673366834171,0.136683417085427,0.418090452261307,0.341708542713568,0.391959798994975,0.225903614457831
"Bacteroides_caccae",0.0240963855421687,0.0261044176706827,0.0873493975903614,0.144578313253012,0.334673366834171,0.136683417085427,0.237185929648241,0.341708542713568,0.229145728643216,0.0983935742971888
"Campylobacter_lanienae",0.524096385542169,0.209839357429719,0.149598393574297,0.802208835341365,0.334673366834171,0.493467336683417,0.418090452261307,0.667336683417085,0.725628140703518,0.154618473895582
"Phascolarctobacterium_succinatutens",0.524096385542169,0.268072289156627,0.400602409638554,0.320281124497992,0.569849246231156,0.0934673366834171,0.895477386934673,0.341708542713568,0.190954773869347,0.417670682730924
"Ruminococcus_flavefaciens",0.328313253012048,0.268072289156627,0.0873493975903614,0.144578313253012,0.334673366834171,0.277386934673367,0.418090452261307,0.189949748743719,0.631155778894472,0.225903614457831
"Faecalibacterium_prausnitzii",0.524096385542169,0.321285140562249,0.546184738955823,0.368473895582329,0.737688442211055,0.648241206030151,0.806030150753769,0.725628140703518,0.78391959798995,0.417670682730924
"Vagococcus_lutrae",0.524096385542169,0.464859437751004,0.711847389558233,0.721887550200803,0.569849246231156,0.0934673366834171,0.418090452261307,0.341708542713568,0.190954773869347,0.225903614457831
"Enterococcus_faecalis",0.524096385542169,0.464859437751004,0.149598393574297,0.234939759036145,0.334673366834171,0.204020100502513,0.127638190954774,0.108542713567839,0.127638190954774,0.154618473895582
"Bacteroides_pyogenes",0.897590361445783,0.725903614457831,0.711847389558233,0.914658634538153,0.856281407035176,0.493467336683417,0.895477386934673,0.834170854271357,0.856281407035176,0.733935742971888
"Actinomyces_suimastitidis",0.524096385542169,0.464859437751004,0.711847389558233,0.534136546184739,0.676381909547739,0.764824120603015,0.418090452261307,0.341708542713568,0.725628140703518,0.417670682730924
"Prevotella_bergensis",0.242971887550201,0.209839357429719,0.400602409638554,0.234939759036145,0.334673366834171,0.204020100502513,0.418090452261307,0.341708542713568,0.127638190954774,0.154618473895582
"Eubacterium_eligens",0.683734939759036,0.626506024096386,0.400602409638554,0.721887550200803,0.569849246231156,0.844221105527638,0.595979899497487,0.559798994974874,0.971859296482412,0.573293172690763
"Parabacteroides_distasonis",0.180722891566265,0.0130522088353414,0.0873493975903614,0.368473895582329,0.141708542713568,0.136683417085427,0.195979899497487,0.341708542713568,0.190954773869347,0.0983935742971888
"Anaerococcus_octavius",0.242971887550201,0.464859437751004,0.21285140562249,0.0813253012048193,0.334673366834171,0.493467336683417,0.127638190954774,0.341708542713568,0.391959798994975,0.225903614457831
"Roseburia_inulinivorans",0.3714859437751,0.140562248995984,0.400602409638554,0.320281124497992,0.514572864321608,0.277386934673367,0.642211055276382,0.559798994974874,0.568844221105528,0.417670682730924
"Streptococcus_massiliensis",0.524096385542169,0.464859437751004,0.400602409638554,0.234939759036145,0.0974874371859296,0.493467336683417,0.418090452261307,0.108542713567839,0.391959798994975,0.417670682730924
"Lactobacillus_plantarum",0.328313253012048,0.140562248995984,0.21285140562249,0.0813253012048193,0.141708542713568,0.0934673366834171,0.74070351758794,0.0402010050251256,0.0110552763819095,0.225903614457831
"Eubacterium_biforme",0.328313253012048,0.268072289156627,0.400602409638554,0.320281124497992,0.856281407035176,0.277386934673367,0.642211055276382,0.559798994974874,0.631155778894472,0.225903614457831
"Prevotella_disiens",0.242971887550201,0.209839357429719,0.149598393574297,0.234939759036145,0.334673366834171,0.204020100502513,0.127638190954774,0.108542713567839,0.391959798994975,0.154618473895582
"Coprococcus_comes",0.726907630522088,0.464859437751004,0.858433734939759,0.721887550200803,0.856281407035176,0.687437185929648,0.895477386934673,0.910552763819095,0.631155778894472,0.633534136546185
"Bifidobacterium_longum",0.0240963855421687,0.140562248995984,0.0130522088353414,0.320281124497992,0.334673366834171,0.277386934673367,0.237185929648241,0.341708542713568,0.631155778894472,0.0983935742971888
"Oscillibacter_valericigenes",0.105421686746988,0.268072289156627,0.400602409638554,0.0813253012048193,0.334673366834171,0.277386934673367,0.74070351758794,0.341708542713568,0.190954773869347,0.417670682730924
"Necropsobacter_rosorum",0.524096385542169,0.464859437751004,0.400602409638554,0.534136546184739,0.334673366834171,0.493467336683417,0.418090452261307,0.341708542713568,0.391959798994975,0.417670682730924
"Riemerella_anatipestifer",0.798192771084337,0.725903614457831,0.711847389558233,0.534136546184739,0.676381909547739,0.764824120603015,0.74070351758794,0.341708542713568,0.391959798994975,0.733935742971888
"Bacteroides_coprocola",0.070281124497992,0.0130522088353414,0.0220883534136546,0.144578313253012,0.334673366834171,0.0110552763819095,0.195979899497487,0.162814070351759,0.0663316582914573,0.0210843373493976
"Ottowia_pentelensis",0.524096385542169,0.725903614457831,0.711847389558233,0.534136546184739,0.676381909547739,0.493467336683417,0.418090452261307,0.667336683417085,0.725628140703518,0.733935742971888
"Alistipes_shahii",0.328313253012048,0.0923694779116466,0.149598393574297,0.320281124497992,0.676381909547739,0.0934673366834171,0.418090452261307,0.341708542713568,0.391959798994975,0.0592369477911647
"Enterococcus_faecium",0.524096385542169,0.464859437751004,0.400602409638554,0.534136546184739,0.334673366834171,0.493467336683417,0.418090452261307,0.341708542713568,0.391959798994975,0.417670682730924
"Alistipes_finegoldii",0.150602409638554,0.0431726907630522,0.21285140562249,0.0261044176706827,0.334673366834171,0.0331658291457286,0.127638190954774,0.0402010050251256,0.190954773869347,0.225903614457831
"Catenibacterium_mitsuokai",0.726907630522088,0.659638554216867,0.858433734939759,0.534136546184739,0.856281407035176,0.687437185929648,0.955778894472362,0.834170854271357,0.810050251256281,0.633534136546185
"Acidaminococcus_intestini",0.524096385542169,0.464859437751004,0.858433734939759,0.234939759036145,0.856281407035176,0.493467336683417,0.74070351758794,0.667336683417085,0.631155778894472,0.633534136546185
"Granulicatella_balaenopterae",0.242971887550201,0.464859437751004,0.149598393574297,0.234939759036145,0.334673366834171,0.204020100502513,0.418090452261307,0.108542713567839,0.391959798994975,0.154618473895582
"Parasutterella_excrementihominis",0.150602409638554,0.0431726907630522,0.0542168674698795,0.144578313253012,0.334673366834171,0.0331658291457286,0.418090452261307,0.162814070351759,0.190954773869347,0.0592369477911647
"Bacteroides_dorei",0.150602409638554,0.0923694779116466,0.0542168674698795,0.320281124497992,0.334673366834171,0.0934673366834171,0.195979899497487,0.341708542713568,0.391959798994975,0.0592369477911647
"Clostridium_disporicum",0.242971887550201,0.209839357429719,0.400602409638554,0.234939759036145,0.334673366834171,0.204020100502513,0.418090452261307,0.341708542713568,0.127638190954774,0.154618473895582
"Ruminococcus_torques",0.3714859437751,0.140562248995984,0.400602409638554,0.534136546184739,0.334673366834171,0.493467336683417,0.834170854271357,0.757788944723618,0.391959798994975,0.225903614457831
"Mycoplasma_spermatophilum",0.798192771084337,0.864457831325301,0.711847389558233,0.534136546184739,0.676381909547739,0.893467336683417,0.74070351758794,0.667336683417085,0.725628140703518,0.733935742971888
"Enterococcus_italicus",0.524096385542169,0.464859437751004,0.149598393574297,0.802208835341365,0.334673366834171,0.493467336683417,0.418090452261307,0.341708542713568,0.127638190954774,0.733935742971888
"Actinomyces_radicidentis",0.242971887550201,0.0923694779116466,0.149598393574297,0.234939759036145,0.0974874371859296,0.204020100502513,0.418090452261307,0.108542713567839,0.0361809045226131,0.0592369477911647
"Actinomyces_johnsonii",0.798192771084337,0.725903614457831,0.400602409638554,0.802208835341365,0.676381909547739,0.764824120603015,0.418090452261307,0.667336683417085,0.725628140703518,0.733935742971888
"Clostridium_lactatifermentans",0.105421686746988,0.0923694779116466,0.149598393574297,0.0813253012048193,0.334673366834171,0.0934673366834171,0.127638190954774,0.108542713567839,0.127638190954774,0.0592369477911647
"Bacteroides_ovatus",0.180722891566265,0.0632530120481928,0.241967871485944,0.144578313253012,0.514572864321608,0.136683417085427,0.418090452261307,0.341708542713568,0.568844221105528,0.268072289156627
"Bacteroides_eggerthii",0.524096385542169,0.464859437751004,0.400602409638554,0.534136546184739,0.334673366834171,0.493467336683417,0.418090452261307,0.341708542713568,0.391959798994975,0.417670682730924
"Collinsella_aerofaciens",0.726907630522088,0.464859437751004,0.930722891566265,0.534136546184739,0.856281407035176,0.687437185929648,0.895477386934673,0.834170854271357,0.631155778894472,0.633534136546185
"Eubacterium_desmolans",0.3714859437751,0.140562248995984,0.400602409638554,0.534136546184739,0.334673366834171,0.493467336683417,0.834170854271357,0.757788944723618,0.391959798994975,0.225903614457831
"Clostridium_hylemonae",0.242971887550201,0.464859437751004,0.400602409638554,0.234939759036145,0.676381909547739,0.493467336683417,0.418090452261307,0.667336683417085,0.127638190954774,0.154618473895582
"Fusicatenibacter_saccharivorans",0.070281124497992,0.140562248995984,0.0873493975903614,0.144578313253012,0.569849246231156,0.136683417085427,0.237185929648241,0.341708542713568,0.631155778894472,0.0983935742971888
"Kingella_kingae",0.524096385542169,0.464859437751004,0.400602409638554,0.534136546184739,0.334673366834171,0.493467336683417,0.418090452261307,0.341708542713568,0.391959798994975,0.417670682730924
"Phascolarctobacterium_faecium",0.150602409638554,0.0431726907630522,0.0542168674698795,0.320281124497992,0.141708542713568,0.0934673366834171,0.418090452261307,0.341708542713568,0.190954773869347,0.0592369477911647
"Sutterella_wadsworthensis",0.857429718875502,0.80421686746988,0.618473895582329,0.721887550200803,0.939698492462312,0.844221105527638,0.834170854271357,0.559798994974874,0.934673366834171,0.815261044176707
"Bacteroides_fragilis",0.0240963855421687,0.0261044176706827,0.035140562248996,0.144578313253012,0.334673366834171,0.0562814070351759,0.237185929648241,0.341708542713568,0.229145728643216,0.035140562248996
"Ruminococcus_albus",0.242971887550201,0.209839357429719,0.149598393574297,0.234939759036145,0.0974874371859296,0.204020100502513,0.418090452261307,0.108542713567839,0.127638190954774,0.417670682730924
"Bacteroides_massiliensis",0.683734939759036,0.0923694779116466,0.400602409638554,0.368473895582329,0.569849246231156,0.277386934673367,0.195979899497487,0.341708542713568,0.631155778894472,0.268072289156627
"Prevotella_stercorea",0.524096385542169,0.464859437751004,0.711847389558233,0.534136546184739,0.856281407035176,0.493467336683417,0.895477386934673,0.834170854271357,0.631155778894472,0.417670682730924
"Clostridium_symbiosum",0.242971887550201,0.209839357429719,0.400602409638554,0.234939759036145,0.334673366834171,0.204020100502513,0.418090452261307,0.341708542713568,0.127638190954774,0.154618473895582
"Dorea_formicigenerans",0.150602409638554,0.140562248995984,0.21285140562249,0.320281124497992,0.334673366834171,0.277386934673367,0.642211055276382,0.559798994974874,0.391959798994975,0.225903614457831
"Ruminococcus_obeum",0.328313253012048,0.464859437751004,0.400602409638554,0.320281124497992,0.856281407035176,0.277386934673367,0.642211055276382,0.559798994974874,0.631155778894472,0.417670682730924
"Oscillospira_guilliermondii",0.524096385542169,0.659638554216867,0.711847389558233,0.534136546184739,0.939698492462312,0.687437185929648,0.895477386934673,0.910552763819095,0.631155778894472,0.417670682730924
"Roseburia_intestinalis",0.150602409638554,0.0923694779116466,0.21285140562249,0.320281124497992,0.0974874371859296,0.277386934673367,0.0422110552763819,0.341708542713568,0.127638190954774,0.225903614457831
"Actinobacillus_succinogenes",0.798192771084337,0.725903614457831,0.400602409638554,0.534136546184739,0.676381909547739,0.764824120603015,0.74070351758794,0.667336683417085,0.391959798994975,0.733935742971888
"Bacteroides_thetaiotaomicron",0.070281124497992,0.0130522088353414,0.0220883534136546,0.144578313253012,0.141708542713568,0.0331658291457286,0.195979899497487,0.162814070351759,0.190954773869347,0.0210843373493976
"Clostridium_ramosum",0.328313253012048,0.0923694779116466,0.400602409638554,0.234939759036145,0.334673366834171,0.204020100502513,0.127638190954774,0.341708542713568,0.391959798994975,0.225903614457831
"Haemophilus_parasuis",0.798192771084337,0.464859437751004,0.400602409638554,0.802208835341365,0.676381909547739,0.493467336683417,0.74070351758794,0.667336683417085,0.725628140703518,0.417670682730924
"Veillonella_criceti",0.897590361445783,0.464859437751004,0.711847389558233,0.914658634538153,0.676381909547739,0.893467336683417,0.74070351758794,0.834170854271357,0.725628140703518,0.859437751004016
"Parabacteroides_goldsteinii",0.105421686746988,0.0923694779116466,0.149598393574297,0.0813253012048193,0.334673366834171,0.0934673366834171,0.127638190954774,0.108542713567839,0.127638190954774,0.0592369477911647
"Clostridium_leptum",0.328313253012048,0.268072289156627,0.400602409638554,0.0813253012048193,0.0974874371859296,0.277386934673367,0.74070351758794,0.108542713567839,0.190954773869347,0.417670682730924
"Odoribacter_splanchnicus",0.328313253012048,0.0923694779116466,0.0542168674698795,0.144578313253012,0.334673366834171,0.0934673366834171,0.195979899497487,0.162814070351759,0.391959798994975,0.0210843373493976
"Lactobacillus_animata",0.0421686746987952,0.0431726907630522,0.0873493975903614,0.0813253012048193,0.141708542713568,0.277386934673367,0.0130653266331658,0.0402010050251256,0.391959798994975,0.0210843373493976
"Clostridium_bartlettii",0.105421686746988,0.0923694779116466,0.149598393574297,0.234939759036145,0.0974874371859296,0.204020100502513,0.127638190954774,0.341708542713568,0.127638190954774,0.0592369477911647
"Pseudoflavonifractor_capillosus",0.242971887550201,0.209839357429719,0.400602409638554,0.234939759036145,0.334673366834171,0.204020100502513,0.418090452261307,0.341708542713568,0.127638190954774,0.154618473895582
"Coprococcus_catus",0.150602409638554,0.0923694779116466,0.0542168674698795,0.144578313253012,0.334673366834171,0.0331658291457286,0.418090452261307,0.162814070351759,0.190954773869347,0.154618473895582
"Clostridium_scindens",0.328313253012048,0.268072289156627,0.400602409638554,0.0813253012048193,0.334673366834171,0.0934673366834171,0.74070351758794,0.108542713567839,0.0361809045226131,0.417670682730924
"Bacteroides_cellulosilyticus",0.328313253012048,0.268072289156627,0.618473895582329,0.534136546184739,0.334673366834171,0.687437185929648,0.418090452261307,0.834170854271357,0.391959798994975,0.417670682730924
"Eubacterium_ventriosum",0.3714859437751,0.0431726907630522,0.21285140562249,0.320281124497992,0.334673366834171,0.0934673366834171,0.418090452261307,0.341708542713568,0.391959798994975,0.225903614457831
"Streptococcus_troglodytae",0.524096385542169,0.464859437751004,0.400602409638554,0.534136546184739,0.334673366834171,0.493467336683417,0.418090452261307,0.341708542713568,0.391959798994975,0.417670682730924
"Porphyromonas_somerae",0.105421686746988,0.209839357429719,0.0542168674698795,0.534136546184739,0.334673366834171,0.204020100502513,0.127638190954774,0.108542713567839,0.127638190954774,0.154618473895582
"Haemophilus_quentini",0.524096385542169,0.464859437751004,0.400602409638554,0.802208835341365,0.334673366834171,0.764824120603015,0.127638190954774,0.341708542713568,0.391959798994975,0.417670682730924
"Methylobacterium_jeotgali",0.798192771084337,0.725903614457831,0.711847389558233,0.802208835341365,0.676381909547739,0.764824120603015,0.418090452261307,0.667336683417085,0.725628140703518,0.417670682730924
"Ruminococcus_callidus",0.3714859437751,0.0431726907630522,0.0873493975903614,0.320281124497992,0.334673366834171,0.0934673366834171,0.195979899497487,0.162814070351759,0.631155778894472,0.225903614457831
"Aggregatibacter_sp_oral_taxon_458",0.798192771084337,0.725903614457831,0.711847389558233,0.802208835341365,0.676381909547739,0.764824120603015,0.418090452261307,0.667336683417085,0.725628140703518,0.733935742971888
"Lachnospiraceae_bacterium_oral_taxon_096",0.987951807228916,0.941767068273092,0.930722891566265,0.968875502008032,0.856281407035176,0.893467336683417,0.74070351758794,0.961809045226131,0.856281407035176,0.859437751004016
"Leptotrichia_sp_oral_taxon_215",0.242971887550201,0.464859437751004,0.149598393574297,0.534136546184739,0.334673366834171,0.493467336683417,0.418090452261307,0.108542713567839,0.391959798994975,0.417670682730924
"Neisseria_sp_oral_taxon_014",0.242971887550201,0.464859437751004,0.149598393574297,0.534136546184739,0.334673366834171,0.493467336683417,0.418090452261307,0.108542713567839,0.391959798994975,0.417670682730924
"Prevotella_sp_oral_taxon_306",0.524096385542169,0.725903614457831,0.400602409638554,0.802208835341365,0.334673366834171,0.493467336683417,0.74070351758794,0.341708542713568,0.391959798994975,0.417670682730924
"Prevotella_sp_oral_taxon_473",0.524096385542169,0.464859437751004,0.400602409638554,0.534136546184739,0.334673366834171,0.493467336683417,0.418090452261307,0.341708542713568,0.391959798994975,0.417670682730924
"Tannerella_sp_oral_taxon_HOT_286",0.524096385542169,0.725903614457831,0.400602409638554,0.802208835341365,0.676381909547739,0.764824120603015,0.418090452261307,0.341708542713568,0.725628140703518,0.733935742971888
"Actinomyces_sp_HMSC035G02",0.524096385542169,0.464859437751004,0.400602409638554,0.534136546184739,0.334673366834171,0.493467336683417,0.418090452261307,0.341708542713568,0.391959798994975,0.417670682730924
"Actinomyces_sp_ICM47",0.798192771084337,0.464859437751004,0.711847389558233,0.534136546184739,0.334673366834171,0.493467336683417,0.418090452261307,0.667336683417085,0.391959798994975,0.417670682730924
"Actinomyces_sp_oral_taxon_181",0.524096385542169,0.464859437751004,0.711847389558233,0.234939759036145,0.334673366834171,0.204020100502513,0.74070351758794,0.341708542713568,0.391959798994975,0.417670682730924
"Oribacterium_parvum",0.897590361445783,0.725903614457831,0.858433734939759,0.802208835341365,0.334673366834171,0.493467336683417,0.74070351758794,0.834170854271357,0.391959798994975,0.417670682730924
"Streptococcus_sp_A12",0.897590361445783,0.725903614457831,0.858433734939759,0.802208835341365,0.676381909547739,0.764824120603015,0.418090452261307,0.834170854271357,0.725628140703518,0.733935742971888
"Veillonella_infantium",0.798192771084337,0.464859437751004,0.711847389558233,0.534136546184739,0.334673366834171,0.493467336683417,0.418090452261307,0.667336683417085,0.391959798994975,0.417670682730924
"Veillonella_sp_T11011_6",0.897590361445783,0.725903614457831,0.858433734939759,0.802208835341365,0.676381909547739,0.764824120603015,0.418090452261307,0.834170854271357,0.725628140703518,0.733935742971888
