"","AcharyaA_2017","BhushanB_2019","CameronS_2015","ChaudhariD_2020","ColladoM_2018","FilippisF_2015","DebeliusJ_2020","FanX_2018b","FanX_2018b_exposure","GuoS_2022","HijaziK_2020","HuangC_2022","JiangQ_2019","KahharovaD_2019","KumpitschC_2020_exposure","LeeW_2017","LinM_2020","LindheimL_2016","LiuY_2019","LokmerA_2020","LokmerA_2020_exposure","LundmarkA_2019","MarotzC_2022Saa","MaruyamaH_2021","MenonR_2019","MoskovitzM_2021","JulianM_2017_exposure","OnyangoS_2020","OzgaA_2016","PooleA_2019","PushalkarS_2020","PushalkarS_2020_exposure","RussoE_2018","SohailM_2019","LermaA_2020","StewartC_2018_exposure","TakahashiY_2019","TianN_2017","TongY_2019","TramiceA_2022","TramiceA_2022_exposure","VogtmannE_2019","WangK_2016","WangT_2018","WangQ_2019","WangX_2020","WolfA_2017_exposure","YanoY_2020","YeoL_2019","YeoL_2019_exposure","YuG_2016_exposure","YuG_2016","YuF_2020","ZauraE_2017","ZhengX_2017","ZhuC_2020a","ZhuC_2020b","ZiganshinaE_2020","CheungM_2022_exposure","CheungM_2022","DavidL_2014","GuptaA_2022","NearingJ_2020","RafiqulI_2022","WangB_2020","WillisJ_2018","WillisJ_2022","ZhuC_2018","AbdelbaryM_2022","ArmstrongA_2023a","CheungM_2023","CheungM_2023_exposure","GoltsmanD_2018a","JeongJ_2023","LaiolaM_2020","LeeY_2025","LiK_2022_exposure","LiK_2022","LimM_2023","MakinenA_2023_exposure","MakinenA_2023","RiveraV_2025","TakeshitaT_2014","BritoIL_2016","CaselliE_2020","ChenL_2022","ClementeJ_2015","MarotzC_2022Sab","NagataN_2022","ArmstrongA_2023b","BelstromD_2017","BelstromD_2021","BostanciN_2021","GoltsmanD_2018b","LassalleF_2017","TakayasuL_2017","VoigtA_2015B","ZellerG_2014B","ZhuJ_2021_Yunnan"
"Veillonella_rogosae",0.938775510204082,0.0769230769230769,0.985714285714286,1,1,0,0.977064220183486,0.770053475935829,0.713513513513514,0.948529411764706,0.86046511627907,1,0.790697674418605,0,0.0303030303030303,0.031496062992126,1,1,0.866666666666667,0.0227272727272727,0,1,0,1,0.505494505494505,0.0625,0,0.818181818181818,0,0.0476190476190476,1,1,1,0.926470588235294,0.795454545454545,0,0.950617283950617,0.95,0.980769230769231,0.972972972972973,0.904761904761905,0.00666666666666667,0,0.911111111111111,1,0.8,0.181818181818182,0.0338983050847458,0.952380952380952,0.714285714285714,0.675,0.771428571428571,0,0.0786516853932584,0,1,1,1,0.568306010928962,0.562582345191041,0,0,0.0963756177924217,0.933333333333333,0,1,0.999055712936733,0.764705882352941,1,0,0.597902097902098,0.617169373549884,0.918864097363083,1,1,0.939393939393939,0,0,0.965317919075145,0,0,0,0,0.651851851851852,0.15,0.274193548387097,0,0.114130434782609,0.482905982905983,0.28125,0.1,0.136363636363636,0.184438040345821,0.227722772277228,0.375,0.148148148148148,0.230769230769231,0.075,0.731743666169896
"Rothia_aeria",1,0.512820512820513,0.971428571428571,1,0.98989898989899,0.583850931677019,0.995412844036697,0.893048128342246,0.837837837837838,0.727941176470588,0.930232558139535,1,0.883720930232558,0.916349809885932,0.606060606060606,1,1,1,0.6,0.920454545454545,0.888888888888889,0.978260869565217,0.844660194174757,1,0.989010989010989,0.875,0.8,0.727272727272727,0.736842105263158,0.922077922077922,1,0.9875,1,0.926470588235294,0.977272727272727,1,0.901234567901235,0.9,0.961538461538462,0.945945945945946,0.952380952380952,0.753333333333333,0.5,1,1,0.95,0.909090909090909,0.822033898305085,0.976190476190476,0.928571428571429,0.8,0.857142857142857,1,0.9812734082397,1,1,1,1,0.688524590163934,0.695652173913043,0.996503496503496,0.468085106382979,0.78500823723229,0.933333333333333,1,0.995391705069124,0.995278564683664,1,0.916666666666667,0.845201238390093,0.65034965034965,0.645011600928074,0.713995943204868,0.991071428571429,0.992592592592593,1,0.794117647058823,0.931034482758621,0.998554913294798,0.75,0.725,0.851851851851852,0.935714285714286,0.859259259259259,0.525,0.483870967741935,0,0.0923913043478261,0.854700854700855,0.84375,0.45,0.590909090909091,0.380403458213256,0.702970297029703,0.666666666666667,0.731481481481482,0.653846153846154,0.7125,0.986587183308495
"Aggregatibacter_actinomycetemcomitans",0.0816326530612245,0.102564102564103,0.2,0.962962962962963,0.292929292929293,0.0124223602484472,0.282110091743119,0.0481283422459893,0.0486486486486487,0.286764705882353,0.255813953488372,0.7,0.0465116279069767,0.167300380228137,0.0606060606060606,0.62992125984252,0.5,0.25,0.0666666666666667,0.465909090909091,0.611111111111111,0.652173913043478,0.174757281553398,0.5,0.203296703296703,0,0.5,0.0202020202020202,0.0350877192982456,0.662337662337662,0.307692307692308,0.35,0.7,0.5,0.204545454545455,0.2,0.407407407407407,0.1,0.0384615384615385,0.0540540540540541,0,0.146666666666667,0.0555555555555556,0.0666666666666667,0.142857142857143,0.5,0.363636363636364,0.220338983050847,0.785714285714286,0.892857142857143,0.075,0.171428571428571,0.4,0.104868913857678,0.0952380952380952,0.116666666666667,0.325,0.583333333333333,0.306010928961749,0.326745718050066,0.132867132867133,0.0851063829787234,0.112026359143328,0.266666666666667,0.2,0.619815668202765,0.510859301227573,0.529411764705882,0.166666666666667,0.142414860681115,0.262237762237762,0.294663573085847,0.106490872210953,0.410714285714286,0.296296296296296,0,0.0588235294117647,0.103448275862069,0.689306358381503,0.142857142857143,0.1,0.148148148148148,0.0642857142857143,0.37037037037037,0,0,0,0,0.0170940170940171,0,0,0,0.00288184438040346,0,0.666666666666667,0,0.0288461538461538,0,0.0566318926974665
"Butyrivibrio_hungatei",0.306122448979592,0.205128205128205,0.557142857142857,0.592592592592593,0.717171717171717,0,0.681192660550459,0.0588235294117647,0.0486486486486487,0.566176470588235,0,0.25,0.325581395348837,0.520912547528517,0.363636363636364,0.952755905511811,0.571428571428571,0,0.666666666666667,0.772727272727273,0.833333333333333,0.717391304347826,0.407766990291262,0.973684210526316,0.302197802197802,0.375,0.4,0.111111111111111,0.333333333333333,0.54978354978355,0.282051282051282,0.1125,0.9,0.779411764705882,0.340909090909091,0.8,0.469135802469136,0.35,0.634615384615385,0.594594594594595,0.476190476190476,0.42,0.194444444444444,0.466666666666667,0.238095238095238,0.6,0.636363636363636,0.635593220338983,0.595238095238095,0.357142857142857,0.15,0.228571428571429,0.3,0.662921348314607,0,0.166666666666667,0.291666666666667,0.666666666666667,0,0,0.178321678321678,0.127659574468085,0.468698517298188,0,0.466666666666667,0.493087557603687,0.610009442870633,0.313725490196078,0.833333333333333,0.352941176470588,0.241258741258741,0.252900232018561,0.128803245436105,0.491071428571429,0.688888888888889,0.515151515151515,0.294117647058824,0.655172413793103,0.598265895953757,0.428571428571429,0.375,0.518518518518518,0,0,0,0,0,0,0,0,0,0,0,0,0,0,0,0,0
"Streptococcus_vestibularis",0.0204081632653061,0.0769230769230769,0.128571428571429,0,0,0.229813664596273,0,0.0160427807486631,0.0324324324324324,0.00735294117647059,0.930232558139535,0,0,0,0.0303030303030303,0,0,0.55,0.0666666666666667,0,0,0.0217391304347826,0,0,0,0,0,0.131313131313131,0,0,0.0256410256410256,0,0,0.0588235294117647,0.0681818181818182,0,0.0123456790123457,0,0,0.378378378378378,0.428571428571429,0,0,0.0222222222222222,0,0,0,0.00847457627118644,0,0,0.025,0.0285714285714286,0,0.00374531835205993,0.428571428571429,0,0,0,0.256830601092896,0.229249011857708,0,0,0.000823723228995058,0,0,0.0176651305683564,0.0141643059490085,0,0,0,0,0.00464037122969838,0.0050709939148073,0.151785714285714,0,0.0606060606060606,0,0,0.0101156069364162,0,0,0,0.278571428571429,0.377777777777778,0.025,0.032258064516129,0,0.0597826086956522,0.632478632478632,0.421875,0.35,0.363636363636364,0.00288184438040346,0.0396039603960396,0.208333333333333,0.0555555555555556,0.115384615384615,0.05,0.0789865871833085
"Veillonella_dispar",1,0.538461538461538,1,1,1,0.0683229813664596,0.997706422018349,0.994652406417112,1,1,0.441860465116279,1,1,0.954372623574145,0.666666666666667,1,1,0.05,0.933333333333333,0.954545454545455,1,1,0.944983818770227,1,1,1,1,0.919191919191919,1,0.948051948051948,1,1,1,1,0.931818181818182,1,1,1,1,1,1,0.846666666666667,0.5,1,1,0.85,1,0.966101694915254,1,1,1,1,1,1,0,0.966666666666667,0.991666666666667,1,0.0163934426229508,0.0184453227931489,0.996503496503496,0.51063829787234,0.999176276771005,1,1,1,1,1,1,0.987616099071207,0.657342657342657,0.651972157772622,0.981744421906694,1,1,1,1,1,1,1,1,0.962962962962963,0,0.896296296296296,0.65,0.612903225806452,0,0.733695652173913,1,1,1,1,0.956772334293948,1,1,0.62962962962963,0.903846153846154,0.925,0.979135618479881
"Acinetobacter_johnsonii",0.204081632653061,0.102564102564103,0.0142857142857143,0.296296296296296,0.474747474747475,0.0062111801242236,0.0137614678899083,0.572192513368984,0.481081081081081,0.0808823529411765,0.0930232558139535,0,0.0465116279069767,0,0,0.078740157480315,0,0,0,0,0,0,0,0,0,0,0,0.0101010101010101,0.228070175438596,0.0346320346320346,0,0,0,0.0147058823529412,0.0454545454545455,0,0.037037037037037,0,0.115384615384615,0,0,0.14,0.111111111111111,0.111111111111111,0.0952380952380952,0.1,0,0,0,0.0357142857142857,0.025,0.0857142857142857,0.6,0.00374531835205993,0.476190476190476,0.383333333333333,0.391666666666667,0,0.0109289617486339,0.0118577075098814,0.0174825174825175,0.276595744680851,0.0189456342668863,0.133333333333333,0.0666666666666667,0.298003072196621,0.917847025495751,0.0784313725490196,0.0833333333333333,0.00619195046439629,0.0104895104895105,0.00464037122969838,0.0202839756592292,0.0267857142857143,0.118518518518519,0.0303030303030303,0,0,0.0289017341040462,0,0,0,0,0,0,0,0,0,0,0,0,0,0,0.0099009900990099,0,0,0,0,0
"Eubacterium_saphenum",0.530612244897959,0.282051282051282,0.385714285714286,0.666666666666667,0.565656565656566,0.211180124223602,0.743119266055046,0.0427807486631016,0.0648648648648649,0.338235294117647,0.209302325581395,0.65,0.302325581395349,0.193916349809886,0.181818181818182,0.992125984251969,0.928571428571429,0.2,0.733333333333333,0.590909090909091,0.722222222222222,0.673913043478261,0.184466019417476,0.315789473684211,0.142857142857143,0,0.6,0.101010101010101,0.228070175438596,0.177489177489178,0.256410256410256,0.625,0.4,0.617647058823529,0.340909090909091,0.2,0.481481481481481,0.1,0.75,0.621621621621622,0.571428571428571,0.7,0.361111111111111,0.533333333333333,0.761904761904762,0.7,0.272727272727273,0.110169491525424,0.952380952380952,0.928571428571429,0.625,0.571428571428571,0.8,0.048689138576779,0.380952380952381,0.233333333333333,0.333333333333333,0.583333333333333,0.311475409836066,0.339920948616601,0,0.0425531914893617,0.160626029654036,0,0.633333333333333,0.191244239631336,0.305949008498584,0.0980392156862745,0.166666666666667,0.157894736842105,0.255244755244755,0.294663573085847,0.0922920892494929,0.151785714285714,0.82962962962963,0.242424242424242,0.294117647058824,0.206896551724138,0.423410404624277,0.214285714285714,0.175,0.296296296296296,0.228571428571429,0.911111111111111,0.025,0.0645161290322581,0,0.00543478260869565,0.205128205128205,0.109375,0,0.0909090909090909,0,0.0297029702970297,1,0.111111111111111,0,0.3375,0.593144560357675
"Leptotrichia_buccalis",1,0.564102564102564,0.914285714285714,1,0.888888888888889,0.869565217391304,0.988532110091743,0.748663101604278,0.702702702702703,0.985294117647059,0.976744186046512,1,0.976744186046512,0.931558935361217,0.636363636363636,0.992125984251969,1,1,0.8,0.943181818181818,1,1,0.776699029126214,1,0.928571428571429,0.625,1,0.757575757575758,0.807017543859649,0.878787878787879,1,0.9875,1,0.955882352941177,0.818181818181818,1,0.975308641975309,0.8,1,1,1,0.886666666666667,0.5,0.977777777777778,1,0.95,1,0.754237288135593,1,1,0.85,0.857142857142857,1,0.928838951310861,0.952380952380952,0.866666666666667,0.933333333333333,1,0.677595628415301,0.689064558629776,0.996503496503496,0.425531914893617,0.924217462932455,0.866666666666667,1,0.992319508448541,0.995278564683664,1,1,0.86687306501548,0.657342657342657,0.679814385150812,0.68052738336714,0.848214285714286,0.992592592592593,0.545454545454545,0.735294117647059,0.793103448275862,0.984104046242775,0.857142857142857,0.825,0.851851851851852,0.807142857142857,0.651851851851852,0,0.0483870967741935,0.1,0.0108695652173913,0.196581196581197,0.453125,0.15,0.363636363636364,0.00288184438040346,0.0594059405940594,0.958333333333333,0,0.278846153846154,0.0375,0.868852459016393
"Clostridium_ruminantium",0.0204081632653061,0,0,0.222222222222222,0.141414141414141,0,0,0,0,0.183823529411765,0,0.3,0,0,0.212121212121212,0,0,0,0.0666666666666667,0.0340909090909091,0.0555555555555556,0.0217391304347826,0.0711974110032362,0,0,0,0,0.0101010101010101,0.0526315789473684,0.0346320346320346,0,0,0.2,0.25,0.227272727272727,0.4,0.0493827160493827,0,0.153846153846154,0,0,0.446666666666667,0,0.177777777777778,0,0.45,0,0.00847457627118644,0,0,0,0.0285714285714286,0.4,0.0224719101123595,0,0.0666666666666667,0.0583333333333333,0,0,0,0.041958041958042,0.0851063829787234,0.0321252059308072,0.733333333333333,0.0666666666666667,0.000768049155145929,0.00377714825306893,0,0.25,0.00309597523219814,0,0,0,0.678571428571429,0.281481481481481,0,0,0.0344827586206897,0.115606936416185,0,0,0.407407407407407,0,0,0,0,0,0,0,0,0,0,0,0,0,0,0,0,0
"Actinomyces_odontolyticus",1,1,1,1,1,0.993788819875776,1,0.994652406417112,0.994594594594595,1,1,1,1,0.961977186311787,0.666666666666667,1,1,1,0.533333333333333,0.954545454545455,1,1,0.928802588996764,1,0.994505494505495,1,1,0.909090909090909,0.982456140350877,0.935064935064935,1,1,1,0.970588235294118,1,1,1,1,1,1,1,0.893333333333333,0.5,1,1,1,1,0.923728813559322,1,1,1,1,1,1,1,1,1,1,0.699453551912568,0.69828722002635,0.996503496503496,0.51063829787234,0.983525535420099,1,1,1,1,1,1,0.996904024767802,0.653846153846154,0.654292343387471,0.945233265720081,1,1,1,1,1,0.998554913294798,1,1,1,0.992857142857143,0.962962962962963,0.75,0.629032258064516,0.1,0.581521739130435,0.991452991452991,1,0.55,0.954545454545455,0.23342939481268,0.811881188118812,0.875,0.453703703703704,0.884615384615385,0.9875,0.955290611028316
"Bradyrhizobium_elkanii",0.163265306122449,0,0,0.037037037037037,0.0505050505050505,0,0,0.0053475935828877,0,0.00735294117647059,0.0697674418604651,0,0,0.026615969581749,0.212121212121212,0,0,0,0,0,0,0.0434782608695652,0,0,0,0,0,0.0202020202020202,0,0,0,0,0,0.0735294117647059,0.0227272727272727,0,0,0.05,0,0,0,0,0.0555555555555556,0,0,0,0.727272727272727,0,0,0,0,0,0.3,0.0411985018726592,0,0.416666666666667,0.325,0,0,0.00263504611330698,0.0034965034965035,0.0638297872340425,0.0271828665568369,0.0666666666666667,0.0333333333333333,0.131336405529954,0.627006610009443,0,0,0,0.0034965034965035,0,0.00202839756592292,0.00892857142857143,0.00740740740740741,0.0303030303030303,0,0.0344827586206897,0.0274566473988439,0,0,0,0,0,0,0,0,0,0,0,0,0,0,0,0,0,0,0,0
"Neisseria_cinerea",0.0204081632653061,0.128205128205128,0.0142857142857143,0.666666666666667,0.0101010101010101,0.0248447204968944,0.0229357798165138,0.0374331550802139,0.0378378378378378,0.00735294117647059,0.0697674418604651,0.1,0,0,0,0,0,0.15,0,0,0,0.0217391304347826,0,0,0.00549450549450549,0,0,0,0,0.00432900432900433,0.0256410256410256,0,0,0,0.0909090909090909,0,0.0864197530864197,0,0.0769230769230769,0,0,0,0,0.0222222222222222,0.0476190476190476,0.1,0,0,0,0,0,0,0,0,0,0,0.00833333333333333,0,0.0218579234972678,0.0250329380764163,0,0,0.0296540362438221,0,0,0.123655913978495,0.056657223796034,0.0392156862745098,0.0833333333333333,0,0,0.00464037122969838,0.0334685598377282,0,0.0222222222222222,0,0,0,0.0130057803468208,0,0,0,0,0.340740740740741,0.175,0.0161290322580645,0.6,0.0271739130434783,0.0256410256410256,0.09375,0,0,0.0547550432276657,0.237623762376238,0.666666666666667,0.00925925925925926,0.0192307692307692,0.03125,0.374068554396423
"Neisseria_sicca",0.510204081632653,0.358974358974359,0.142857142857143,1,0.0909090909090909,0,0.438073394495413,0.0053475935828877,0,0.125,0.488372093023256,0.55,0.232558139534884,0.106463878326996,0.212121212121212,0.267716535433071,0.285714285714286,0.35,0.533333333333333,0.772727272727273,0.833333333333333,0.304347826086957,0.0776699029126214,0.5,0.0934065934065934,0,0.1,0.272727272727273,0.140350877192982,0.489177489177489,0.435897435897436,0.2625,0.7,0.220588235294118,0.0681818181818182,0.2,0.592592592592593,0.05,0.0961538461538462,0.27027027027027,0.142857142857143,0.653333333333333,0.0833333333333333,0.4,0.333333333333333,0.55,0.454545454545455,0.279661016949153,0.452380952380952,0.25,0.075,0.0571428571428571,0.2,0.0936329588014981,0,0.0833333333333333,0.108333333333333,0.166666666666667,0.540983606557377,0.582345191040843,0.111888111888112,0.25531914893617,0.161449752883031,0.466666666666667,0.266666666666667,0.599078341013825,0.382436260623229,0.980392156862745,0.0833333333333333,0.0309597523219814,0.283216783216783,0.271461716937355,0.172413793103448,0.258928571428571,0.103703703703704,0.0606060606060606,0.0294117647058824,0,0.277456647398844,0.0535714285714286,0.025,0.111111111111111,0,0.985185185185185,0.75,0.467741935483871,0.9,0.396739130434783,0.735042735042735,0.5,0.35,0.318181818181818,0.417867435158501,0.693069306930693,0.833333333333333,0.361111111111111,0.471153846153846,0.6125,0.861400894187779
"Prevotella_baroniae",0.918367346938776,0.435897435897436,0.257142857142857,0.703703703703704,0.535353535353535,0.211180124223602,0.876146788990826,0.171122994652406,0.227027027027027,0.323529411764706,0.441860465116279,0.85,0.767441860465116,0.346007604562738,0.242424242424242,0.976377952755906,0.785714285714286,0.3,0.333333333333333,0.715909090909091,0.777777777777778,0.521739130434783,0.504854368932039,0.657894736842105,0.0934065934065934,0,0.4,0.242424242424242,0.403508771929825,0.19047619047619,0.487179487179487,0.8375,0.6,0.602941176470588,0.477272727272727,0.5,0.617283950617284,0.35,0.923076923076923,0.756756756756757,0.666666666666667,0.793333333333333,0.333333333333333,0.844444444444444,0.761904761904762,1,0.454545454545455,0.194915254237288,0.952380952380952,0.892857142857143,0.65,0.485714285714286,0.2,0.187265917602996,0.428571428571429,0.05,0.116666666666667,0.583333333333333,0.387978142076503,0.374176548089592,0.0244755244755245,0.340425531914894,0.331960461285008,0.4,0.766666666666667,0.347926267281106,0.453257790368272,0.0392156862745098,0.25,0.495356037151703,0.304195804195804,0.354988399071926,0.184584178498986,0.321428571428571,0.777777777777778,0.242424242424242,0.382352941176471,0.379310344827586,0.531791907514451,0.5,0.175,0.555555555555556,0.221428571428571,0.296296296296296,0,0,0.1,0.016304347826087,0.188034188034188,0.34375,0.05,0.0454545454545455,0.0144092219020173,0.0198019801980198,0.666666666666667,0,0.153846153846154,0.4,0.65424739195231
"Capnocytophaga_leadbetteri",1,0.512820512820513,0.857142857142857,1,0.98989898989899,0.788819875776398,1,0.818181818181818,0.783783783783784,0.977941176470588,0.930232558139535,1,1,0.897338403041825,0.606060606060606,1,1,1,0.933333333333333,0.875,0.944444444444444,0.956521739130435,0.870550161812298,1,0.928571428571429,0.875,0.9,0.292929292929293,0.912280701754386,0.930735930735931,1,0.9875,1,0.955882352941177,0.977272727272727,0.9,0.987654320987654,0.7,1,0.972972972972973,0.952380952380952,0.886666666666667,0.5,1,1,1,1,0.76271186440678,1,1,0.95,0.914285714285714,0.9,0.9812734082397,0.952380952380952,0.916666666666667,0.95,1,0.693989071038251,0.69828722002635,0.996503496503496,0.48936170212766,0.9332784184514,0.933333333333333,1,0.995391705069124,0.996222851746931,1,1,0.934984520123839,0.63986013986014,0.645011600928074,0.794117647058823,0.973214285714286,0.992592592592593,0.757575757575758,0.823529411764706,0.931034482758621,0.982658959537572,0.75,0.625,0.851851851851852,0.878571428571429,0.688888888888889,0.275,0.32258064516129,0.4,0.184782608695652,0.581196581196581,0.90625,0.25,0.318181818181818,0.118155619596542,0.653465346534653,0.958333333333333,0.12962962962963,0.365384615384615,0.61875,0.95230998509687
"Prevotella_pallens",0.938775510204082,0.512820512820513,1,1,0.98989898989899,0.937888198757764,0.98394495412844,0.850267379679144,0.837837837837838,1,1,1,1,0.904942965779468,0.575757575757576,1,1,1,0.666666666666667,0.954545454545455,1,1,0.922330097087379,1,0.928571428571429,1,0.9,0.727272727272727,0.929824561403509,0.939393939393939,1,1,1,0.985294117647059,0.977272727272727,1,1,0.85,1,1,0.857142857142857,0.9,0.472222222222222,0.977777777777778,1,1,1,0.974576271186441,1,0.964285714285714,0.925,0.828571428571429,1,1,0.952380952380952,0.483333333333333,0.525,1,0.666666666666667,0.646903820816864,0.472027972027972,0.446808510638298,0.977759472817133,1,1,0.998463901689708,0.997167138810198,1,1,0.984520123839009,0.594405594405594,0.605568445475638,0.904665314401623,0.982142857142857,1,0.939393939393939,1,0.96551724137931,0.982658959537572,0.892857142857143,0.9,0.888888888888889,0.95,0.844444444444444,0.9,0.774193548387097,0.1,0.46195652173913,0.888888888888889,0.921875,0.9,0.909090909090909,0.876080691642651,0.97029702970297,1,0.546296296296296,0.798076923076923,0.775,0.982116244411326
"Treponema_denticola",0.897959183673469,0.435897435897436,0.685714285714286,0.925925925925926,0.676767676767677,0.329192546583851,0.954128440366973,0,0,0.316176470588235,0.651162790697674,0.95,0.790697674418605,0.399239543726236,0.303030303030303,0.992125984251969,1,0.75,0.266666666666667,0.897727272727273,0.944444444444444,0.956521739130435,0.673139158576052,0.973684210526316,0.307692307692308,0.5,0.8,0.151515151515152,0.666666666666667,0.623376623376623,0.794871794871795,0.9,1,0.764705882352941,0.75,0.7,0.753086419753086,0.5,0.942307692307692,0.756756756756757,0.761904761904762,0.84,0.416666666666667,0.977777777777778,0.666666666666667,0.95,0.636363636363636,0.457627118644068,1,0.964285714285714,0.75,0.6,0.9,0.434456928838951,0.619047619047619,0.0333333333333333,0.075,0.833333333333333,0.557377049180328,0.575757575757576,0.241258741258741,0.319148936170213,0.42668863261944,0.8,0.866666666666667,0.823348694316436,0.858356940509915,0.333333333333333,0.666666666666667,0.640866873065015,0.48951048951049,0.54292343387471,0.254563894523327,0.589285714285714,0.925925925925926,0.484848484848485,0.411764705882353,0.413793103448276,0.531791907514451,0.375,0.225,0.888888888888889,0.471428571428571,0.844444444444444,0,0.0806451612903226,0,0.0326086956521739,0.41025641025641,0.515625,0,0.181818181818182,0.0201729106628242,0.0099009900990099,0.958333333333333,0.0277777777777778,0.182692307692308,0.21875,0.864381520119225
"Eubacterium_brachy",0.897959183673469,0.307692307692308,0.814285714285714,0.962962962962963,0.737373737373737,0.459627329192547,0.910550458715596,0.518716577540107,0.578378378378378,0.389705882352941,0.697674418604651,0.95,0.604651162790698,0.67680608365019,0.515151515151515,1,0.928571428571429,0.85,0.733333333333333,0.795454545454545,0.833333333333333,0.934782608695652,0.498381877022654,1,0.598901098901099,0.625,0.8,0.111111111111111,0.56140350877193,0.705627705627706,0.82051282051282,0.95,1,0.867647058823529,0.909090909090909,0.8,0.814814814814815,0.6,0.75,0.918918918918919,0.857142857142857,0.8,0.416666666666667,0.755555555555556,0.857142857142857,0.8,0.909090909090909,0.593220338983051,0.952380952380952,0.964285714285714,0.825,0.971428571428571,0.6,0.662921348314607,0.619047619047619,0.7,0.85,0.916666666666667,0.262295081967213,0.325428194993412,0.996503496503496,0.361702127659574,0.471993410214168,0.933333333333333,0.7,0.878648233486943,0.954674220963173,0.725490196078431,0.75,0.498452012383901,0.541958041958042,0.580046403712297,0.208924949290061,0.633928571428571,0.985185185185185,0.939393939393939,0.794117647058823,0.793103448275862,0.901734104046243,0.803571428571429,0.55,0.888888888888889,0.5,0.918518518518519,0,0.0161290322580645,0,0.00543478260869565,0.641025641025641,0.8125,0.45,0.409090909090909,0.00864553314121038,0.0792079207920792,0.958333333333333,0.212962962962963,0.365384615384615,0.38125,0.892697466467958
"Porphyromonas_endodontalis",0.979591836734694,0.461538461538462,0.757142857142857,1,1,0.826086956521739,0.986238532110092,0.427807486631016,0.535135135135135,0.977941176470588,0.883720930232558,1,0.906976744186046,0.707224334600761,0.666666666666667,1,1,0.75,0.866666666666667,0.931818181818182,1,1,0.805825242718447,0.894736842105263,0.813186813186813,0.375,1,0.373737373737374,0.754385964912281,0.848484848484849,0.974358974358974,0.9875,1,0.926470588235294,1,0.8,0.938271604938272,0.65,1,0.918918918918919,1,0.933333333333333,0.5,1,1,1,1,0.805084745762712,1,0.964285714285714,0.95,0.828571428571429,1,0.666666666666667,0.857142857142857,0.733333333333333,0.883333333333333,1,0.655737704918033,0.661396574440053,0.993006993006993,0.446808510638298,0.625205930807249,1,0.933333333333333,0.932411674347158,0.953729933899906,0.352941176470588,0.916666666666667,0.900928792569659,0.629370629370629,0.631090487238979,0.592292089249493,0.758928571428571,0.985185185185185,0.696969696969697,0.676470588235294,0.793103448275862,0.952312138728324,0.535714285714286,0.375,0.851851851851852,0.735714285714286,0.962962962962963,0.3,0.225806451612903,0.5,0.0869565217391304,0.611111111111111,0.84375,0.2,0.409090909090909,0.227665706051873,0.366336633663366,1,0.231481481481481,0.394230769230769,0.49375,0.991058122205663
"Eubacterium_yurii",0.959183673469388,0.487179487179487,0.757142857142857,0.962962962962963,0.98989898989899,0.447204968944099,0.958715596330275,0.0748663101604278,0.0864864864864865,0.882352941176471,0.674418604651163,0.95,0.767441860465116,0.593155893536122,0.363636363636364,0.968503937007874,1,0.8,0.933333333333333,0.886363636363636,0.944444444444444,0.956521739130435,0.637540453074434,1,0.846153846153846,0.625,0.9,0.232323232323232,0.526315789473684,0.883116883116883,0.846153846153846,0.825,1,0.808823529411765,0.863636363636364,0.8,0.703703703703704,0.7,0.923076923076923,0.810810810810811,0.80952380952381,0.893333333333333,0.5,0.977777777777778,0.952380952380952,0.9,0.727272727272727,0.635593220338983,1,0.785714285714286,0.7,0.485714285714286,0.8,0.655430711610487,0.904761904761905,0.783333333333333,0.941666666666667,1,0.557377049180328,0.540184453227932,0.996503496503496,0.319148936170213,0.263591433278418,0.666666666666667,0.933333333333333,0.938556067588326,0.967894239848914,0.941176470588235,0.833333333333333,0.74922600619195,0.541958041958042,0.584686774941995,0.290060851926978,0.785714285714286,0.933333333333333,0.606060606060606,0.176470588235294,0.586206896551724,0.767341040462428,0.428571428571429,0.25,0.592592592592593,0.457142857142857,0.0814814814814815,0,0,0,0,0.00854700854700855,0.296875,0,0.0454545454545455,0,0,0.458333333333333,0,0.0576923076923077,0,0.481371087928465
"Prevotella_shahii",0.979591836734694,0.487179487179487,0.8,0.962962962962963,0.919191919191919,0.68944099378882,0.958715596330275,0.229946524064171,0.27027027027027,0.882352941176471,0.581395348837209,0.85,0.813953488372093,0.718631178707224,0.303030303030303,0.992125984251969,1,0.75,0.666666666666667,0.897727272727273,0.944444444444444,0.91304347826087,0.754045307443366,1,0.934065934065934,0.5625,0.9,0.535353535353535,0.56140350877193,0.714285714285714,0.923076923076923,0.7625,0.9,0.779411764705882,0.886363636363636,0.7,0.790123456790123,0.6,0.942307692307692,0.783783783783784,0.761904761904762,0.886666666666667,0.388888888888889,0.955555555555556,0.333333333333333,1,0.727272727272727,0.661016949152542,0.976190476190476,0.964285714285714,0.425,0.514285714285714,0.2,0.752808988764045,0.952380952380952,0.216666666666667,0.225,0.916666666666667,0.562841530054645,0.594202898550725,0.982517482517482,0.425531914893617,0.777594728171334,1,1,0.988479262672811,0.975448536355052,0.980392156862745,0.833333333333333,0.69969040247678,0.562937062937063,0.561484918793503,0.617647058823529,0.830357142857143,0.948148148148148,0.484848484848485,0.676470588235294,0.793103448275862,0.309248554913295,0.464285714285714,0.325,0.481481481481481,0.642857142857143,0.585185185185185,0.55,0.193548387096774,0,0.201086956521739,0.252136752136752,0.34375,0.4,0.272727272727273,0.244956772334294,0.643564356435644,0.666666666666667,0.342592592592593,0.442307692307692,0.375,0.926974664679583
"Actinomyces_howellii",0.0612244897959184,0.0512820512820513,0.128571428571429,0.037037037037037,0,0,0.0114678899082569,0,0,0.0661764705882353,0,0.15,0,0.0684410646387833,0.0909090909090909,0.118110236220472,0,0,0,0.0227272727272727,0,0.260869565217391,0.0485436893203883,0.131578947368421,0,0,0.3,0,0.087719298245614,0.0173160173160173,0,0,0.1,0.0588235294117647,0,0,0.197530864197531,0,0,0.0540540540540541,0.0952380952380952,0.26,0.0277777777777778,0,0,0.1,0.272727272727273,0.110169491525424,0.0238095238095238,0.0714285714285714,0.05,0.114285714285714,0,0.108614232209738,0,0.1,0.0833333333333333,0.0833333333333333,0,0,0.115384615384615,0.0638297872340425,0.00247116968698517,0,0,0.105222734254992,0.0840415486307838,0.254901960784314,0,0.0247678018575851,0.0314685314685315,0.0348027842227378,0,0.0982142857142857,0.192592592592593,0.242424242424242,0.117647058823529,0.0344827586206897,0.0404624277456647,0.107142857142857,0.025,0.0740740740740741,0,0,0,0,0,0,0,0,0,0,0,0,0,0,0,0,0
"Prevotella_denticola",1,0.58974358974359,0.885714285714286,1,0.97979797979798,0.627329192546584,0.995412844036697,0.727272727272727,0.659459459459459,0.955882352941177,0.86046511627907,1,0.976744186046512,0.897338403041825,0.636363636363636,1,1,0.85,0.4,0.931818181818182,1,1,0.912621359223301,1,0.862637362637363,0.5,0.9,0.555555555555556,0.807017543859649,0.844155844155844,1,0.9875,1,0.926470588235294,1,1,1,0.95,0.961538461538462,0.972972972972973,1,0.933333333333333,0.444444444444444,1,0.857142857142857,1,1,0.779661016949153,0.952380952380952,0.964285714285714,0.95,0.971428571428571,0.4,0.970037453183521,0.952380952380952,0.116666666666667,0.116666666666667,1,0.579234972677596,0.620553359683794,0.996503496503496,0.468085106382979,0.849258649093904,0.933333333333333,1,0.986175115207373,0.983947119924457,0.843137254901961,1,0.897832817337461,0.587412587412587,0.587006960556845,0.62474645030426,0.9375,1,0.727272727272727,0.882352941176471,0.896551724137931,0.901734104046243,0.982142857142857,0.75,0.962962962962963,0.885714285714286,0.792592592592593,0.2,0.0483870967741935,0.1,0.0869565217391304,0.782051282051282,0.8125,0.3,0.454545454545455,0.193083573487032,0.435643564356436,0.958333333333333,0.203703703703704,0.586538461538462,0.64375,0.87779433681073
"Actinobacillus_minor",0.163265306122449,0,0.0428571428571429,0.592592592592593,0.0303030303030303,0,0.0252293577981651,0,0,0.0147058823529412,0,0,0,0.026615969581749,0,0.0078740157480315,0,0,0.0666666666666667,0,0,0.152173913043478,0,0.315789473684211,0,0,0,0.0303030303030303,0,0.12987012987013,0,0,0,0,0.181818181818182,0.2,0.037037037037037,0,0,0,0,0,0,0.0888888888888889,0.0952380952380952,0,0,0.0677966101694915,0,0.0714285714285714,0,0,0,0.0112359550561798,0,0,0,0,0.0273224043715847,0.0276679841897233,0,0.0851063829787234,0,0.0666666666666667,0,0.41705069124424,0.125590179414542,0.0196078431372549,0,0,0.034965034965035,0.0301624129930394,0,0.107142857142857,0.0592592592592593,0,0.0294117647058824,0,0.0245664739884393,0,0.05,0,0,0,0,0,0,0,0,0,0,0,0,0,0,0,0,0,0
"Haemophilus_haemoglobinophilus",0.0612244897959184,0.128205128205128,0.285714285714286,1,0,0,0.105504587155963,0,0,0.154411764705882,0,0.45,0.0232558139534884,0.29277566539924,0.363636363636364,0.149606299212598,0.642857142857143,0,0.133333333333333,0.75,0.722222222222222,0.543478260869565,0.55663430420712,0.710526315789474,0.0494505494505494,0,0.4,0.0707070707070707,0.192982456140351,0.761904761904762,0,0,0.6,0.0294117647058824,0.0909090909090909,0.7,0.703703703703704,0,0,0,0,0.1,0.166666666666667,0.133333333333333,0.238095238095238,0.55,0.909090909090909,0.440677966101695,0.285714285714286,0.142857142857143,0.05,0,0,0.464419475655431,0,0.183333333333333,0.175,0.166666666666667,0,0,0.444055944055944,0.25531914893617,0.224052718286656,0.2,0.533333333333333,0.539170506912442,0.202077431539188,0.215686274509804,0.25,0.343653250773994,0.181818181818182,0.220417633410673,0,0.241071428571429,0.4,0,0.264705882352941,0.206896551724138,0.307803468208093,0.0535714285714286,0.1,0,0,0,0,0,0,0,0,0,0,0,0,0,0,0,0,0,0
"Prevotella_scopos",0.530612244897959,0.0256410256410256,0.442857142857143,0.925925925925926,0.787878787878788,0.416149068322981,0.55045871559633,0.117647058823529,0.124324324324324,0.639705882352941,0.581395348837209,0.55,0.255813953488372,0.0114068441064639,0,0.0236220472440945,0.928571428571429,1,0.333333333333333,0,0,0.826086956521739,0,0.421052631578947,0.175824175824176,0,0,0.353535353535354,0,0.012987012987013,0.743589743589744,0.6125,0.8,0.647058823529412,0.659090909090909,0,0.493827160493827,0.8,0.711538461538462,0.594594594594595,0.619047619047619,0,0,0.577777777777778,0.238095238095238,0.4,0,0,0.666666666666667,0.571428571428571,0.225,0.457142857142857,0,0.0224719101123595,0.476190476190476,0.05,0.0666666666666667,0.75,0.519125683060109,0.484848484848485,0,0,0.042833607907743,0.6,0,0.792626728110599,0.747875354107649,0.666666666666667,0.333333333333333,0,0.234265734265734,0.22969837587007,0.421906693711968,0.464285714285714,0.585185185185185,0.121212121212121,0,0,0.238439306358382,0.0357142857142857,0,0,0.435714285714286,0.674074074074074,0.2,0.0967741935483871,0.1,0.0869565217391304,0.299145299145299,0.609375,0.55,0.409090909090909,0.452449567723343,0.524752475247525,1,0.111111111111111,0.548076923076923,0.28125,0.912071535022355
"Actinomyces_oris",0.36734693877551,0.0769230769230769,0.514285714285714,0.407407407407407,0.202020202020202,0.503105590062112,0.220183486238532,0.481283422459893,0.556756756756757,0.00735294117647059,0.976744186046512,0.65,0.348837209302326,0.0152091254752852,0.0303030303030303,0.102362204724409,0.285714285714286,0.95,0.2,0.0113636363636364,0,0.608695652173913,0.0129449838187702,0.526315789473684,0.043956043956044,0,0.3,0.0505050505050505,0.0175438596491228,0.0606060606060606,0.615384615384615,0.7625,0.5,0.279411764705882,0.568181818181818,0,0.740740740740741,0.45,0.596153846153846,0.945945945945946,0.857142857142857,0.0866666666666667,0.0555555555555556,0.111111111111111,0.0952380952380952,0.4,0.0909090909090909,0.0932203389830508,0.5,0.25,0.375,0.342857142857143,0,0.0224719101123595,0.952380952380952,0.483333333333333,0.566666666666667,0.25,0.519125683060109,0.519104084321476,0.146853146853147,0.0638297872340425,0.63838550247117,0.133333333333333,0.0333333333333333,0.672811059907834,0.644003777148253,0.901960784313726,0.0833333333333333,0.00619195046439629,0.227272727272727,0.241299303944316,0.226166328600406,0.517857142857143,0.577777777777778,0.666666666666667,0.0294117647058824,0.103448275862069,0.361271676300578,0.125,0.025,0,0.964285714285714,0.940740740740741,0.425,0.193548387096774,0,0.173913043478261,0.961538461538462,1,0.5,0.772727272727273,0.100864553314121,0.821782178217822,0.708333333333333,0.62037037037037,0.826923076923077,0.85,0.87779433681073
"Megasphaera_elsdenii",0.0612244897959184,0.307692307692308,0.1,0.148148148148148,0.0606060606060606,0,0.0573394495412844,0,0.00540540540540541,0.125,0.13953488372093,0.05,0.0232558139534884,0.00380228136882129,0,0.141732283464567,0,0.2,0,0.147727272727273,0.277777777777778,0.0869565217391304,0.00323624595469256,0,0,0,0.1,0,0.192982456140351,0.0303030303030303,0,0.0125,0.3,0.294117647058824,0.0681818181818182,0,0.123456790123457,0,0.0192307692307692,0.027027027027027,0,0.406666666666667,0,0.133333333333333,0.0476190476190476,0,0,0.0169491525423729,0.0238095238095238,0.107142857142857,0.025,0.0857142857142857,0,0.00374531835205993,0,0.0166666666666667,0.0166666666666667,0,0.0163934426229508,0.00263504611330698,0.0034965034965035,0.0425531914893617,0.0362438220757825,0.933333333333333,0.0333333333333333,0.0253456221198157,0.012275731822474,0,0,0,0,0.00464037122969838,0,0.5625,0.562962962962963,0,0.0294117647058824,0.0344827586206897,0.0563583815028902,0.0178571428571429,0,0.148148148148148,0,0,0,0,0,0,0,0,0,0,0,0,0,0,0,0,0.00596125186289121
"Dialister_invisus",1,0.487179487179487,0.928571428571429,0.962962962962963,0.97979797979798,0.714285714285714,0.995412844036697,0.780748663101604,0.72972972972973,0.867647058823529,0.837209302325581,1,1,0.790874524714829,0.636363636363636,1,1,1,0.866666666666667,0.931818181818182,0.944444444444444,0.978260869565217,0.818770226537217,1,0.824175824175824,0.625,1,0.434343434343434,0.929824561403509,0.930735930735931,1,1,1,0.955882352941177,1,1,0.975308641975309,0.9,1,1,1,0.906666666666667,0.5,1,1,1,1,0.754237288135593,1,0.964285714285714,0.9,0.857142857142857,0.9,0.906367041198502,1,0.916666666666667,0.883333333333333,1,0.612021857923497,0.615283267457181,0.996503496503496,0.48936170212766,0.780889621087315,0.866666666666667,0.933333333333333,0.977726574500768,0.996222851746931,0.725490196078431,1,0.876160990712074,0.629370629370629,0.62877030162413,0.644016227180527,0.955357142857143,0.992592592592593,0.848484848484849,0.852941176470588,0.862068965517241,0.979768786127168,0.928571428571429,0.725,1,0.714285714285714,0.155555555555556,0.025,0,0,0.00543478260869565,0.273504273504274,0.515625,0.05,0.318181818181818,0.00864553314121038,0,0.75,0,0.288461538461538,0.06875,0.746646795827124
"Granulicatella_adiacens",0.938775510204082,0.538461538461538,0.928571428571429,1,0.95959595959596,0.863354037267081,0.981651376146789,0.663101604278075,0.627027027027027,0.816176470588235,1,1,0.372093023255814,0.140684410646388,0.484848484848485,0.417322834645669,1,1,0.666666666666667,0.0340909090909091,0,1,0,1,0.664835164835165,0,0.3,0.595959595959596,0.298245614035088,0.701298701298701,1,1,1,0.970588235294118,0.659090909090909,0.3,1,0.85,0.826923076923077,1,1,0.00666666666666667,0.194444444444444,0.711111111111111,1,1,1,0.822033898305085,1,1,0.625,0.514285714285714,0.2,0.217228464419476,1,0.966666666666667,0.933333333333333,1,0.699453551912568,0.703557312252964,0,0.234042553191489,0.510708401976936,0.866666666666667,0.166666666666667,0.988479262672811,0.990557129367328,0.96078431372549,1,0.151702786377709,0.629370629370629,0.638051044083527,0.320486815415822,0.8125,1,1,0.205882352941176,0.137931034482759,0.994219653179191,0.178571428571429,0.2,0.62962962962963,0.921428571428571,0.651851851851852,0,0.032258064516129,0,0.00543478260869565,0.688034188034188,0.546875,0.4,0.409090909090909,0.106628242074928,0.396039603960396,0.958333333333333,0.111111111111111,0.413461538461538,0.3125,0.898658718330849
"Prevotella_enoeca",0.938775510204082,0.282051282051282,0.128571428571429,0.703703703703704,0.666666666666667,0.273291925465839,0.642201834862385,0.0588235294117647,0.0324324324324324,0.330882352941176,0.348837209302326,0.65,0.418604651162791,0.281368821292776,0.272727272727273,0.771653543307087,0.857142857142857,0.4,0.2,0.670454545454545,0.666666666666667,0.41304347826087,0.375404530744337,0.526315789473684,0.0989010989010989,0,0.4,0.111111111111111,0.192982456140351,0.316017316017316,0.564102564102564,0.625,0.5,0.647058823529412,0.590909090909091,0.3,0.469135802469136,0.25,0.769230769230769,0.648648648648649,0.619047619047619,0.78,0.194444444444444,0.866666666666667,0.428571428571429,0.65,0.636363636363636,0.194915254237288,0.904761904761905,0.714285714285714,0.125,0.257142857142857,0.2,0.280898876404494,0.571428571428571,0,0,0.666666666666667,0.349726775956284,0.308300395256917,0.115384615384615,0.170212765957447,0.135090609555189,0.333333333333333,0.733333333333333,0.45468509984639,0.534466477809254,0.0980392156862745,0.583333333333333,0.272445820433437,0.230769230769231,0.269141531322506,0.122718052738337,0.258928571428571,0.837037037037037,0.151515151515152,0.117647058823529,0.137931034482759,0.176300578034682,0.303571428571429,0.125,0.296296296296296,0.157142857142857,0.0222222222222222,0,0,0,0,0.0213675213675214,0.078125,0,0,0,0,0.333333333333333,0,0,0,0.314456035767511
"Streptococcus_cristatus",0.244897959183673,0.230769230769231,0.242857142857143,0.962962962962963,0.101010101010101,0.93167701863354,0.165137614678899,0.962566844919786,0.972972972972973,0.00735294117647059,1,0.2,0.0697674418604651,0.136882129277567,0.303030303030303,0.0551181102362205,0.714285714285714,1,0.0666666666666667,0.102272727272727,0.111111111111111,0.326086956521739,0,0.105263157894737,0.021978021978022,0.125,0.4,0.0202020202020202,0.105263157894737,0.0995670995670996,0.153846153846154,0.1375,0.2,0.132352941176471,0.454545454545455,0.3,0.0987654320987654,1,1,0.945945945945946,0.857142857142857,0.02,0.222222222222222,0.0888888888888889,0.19047619047619,0.15,0.909090909090909,0.194915254237288,0.214285714285714,0.214285714285714,0.3,0.285714285714286,0,0.0561797752808989,1,0.15,0.191666666666667,0.0833333333333333,0.688524590163934,0.702239789196311,0,0.25531914893617,0.316309719934102,0.0666666666666667,0,0.30568356374808,0.134088762983947,0.137254901960784,0,0.0526315789473684,0.0629370629370629,0.0719257540603248,0.871196754563895,0.348214285714286,0.192592592592593,0.0303030303030303,0,0.0689655172413793,0.158959537572254,0.160714285714286,0.175,0.111111111111111,0.985714285714286,0.903703703703704,0,0.0806451612903226,0.4,0.0434782608695652,0.782051282051282,0.890625,0.7,0.772727272727273,0.109510086455331,0.128712871287129,0.958333333333333,0.435185185185185,0.317307692307692,0.48125,0.934426229508197
"Veillonella_montpellierensis",0.448979591836735,0.0256410256410256,0.0857142857142857,0.814814814814815,0.383838383838384,0,0.0894495412844037,0.0106951871657754,0.0162162162162162,0.0294117647058824,0.0232558139534884,0.3,0.0232558139534884,0.0152091254752852,0.0606060606060606,0.0551181102362205,0.0714285714285714,0,0.0666666666666667,0.0227272727272727,0,0.456521739130435,0.00323624595469256,0.473684210526316,0.021978021978022,0,0.2,0.0202020202020202,0.0175438596491228,0.012987012987013,0.256410256410256,0.375,0.4,0.264705882352941,0.363636363636364,0,0.580246913580247,0,0,0.297297297297297,0.619047619047619,0.0266666666666667,0,0.266666666666667,0.523809523809524,0,0,0.0254237288135593,0.476190476190476,0.464285714285714,0.075,0.0571428571428571,0,0.00374531835205993,0,0.0166666666666667,0.025,0.416666666666667,0.00546448087431694,0.00131752305665349,0,0,0.0403624382207578,0.133333333333333,0,0.780337941628264,0.68271954674221,0.215686274509804,0.166666666666667,0.00619195046439629,0.0594405594405594,0.0719257540603248,0.0141987829614604,0.107142857142857,0.392592592592593,0,0,0.0344827586206897,0.130057803468208,0.0178571428571429,0.05,0,0,0,0,0,0,0,0,0,0,0,0,0,0,0,0,0,0
"Moraxella_lacunata",0.102040816326531,0,0,0.407407407407407,0.0101010101010101,0,0.103211009174312,0.0053475935828877,0.00540540540540541,0.0588235294117647,0,0.05,0,0.00380228136882129,0.0303030303030303,0,0.214285714285714,0,0.2,0,0,0,0,0,0.0274725274725275,0,0,0,0,0,0,0,0,0.0441176470588235,0,0,0,0,0.192307692307692,0,0.0952380952380952,0.02,0,0.266666666666667,0.142857142857143,0.05,0.0909090909090909,0,0.0476190476190476,0.0357142857142857,0,0,0,0,0,0,0,0,0,0,0,0,0.00164744645799012,0.0666666666666667,0,0.0783410138248848,0.0963172804532578,0.0196078431372549,0,0.00309597523219814,0.034965034965035,0.037122969837587,0.00304259634888438,0.0178571428571429,0.037037037037037,0,0,0,0.00433526011560694,0,0,0,0,0,0,0,0,0,0,0,0,0,0,0,0,0,0,0,0
"Lachnoanaerobaculum_orale",0.612244897959184,0.41025641025641,0.971428571428571,0.851851851851852,0.545454545454545,0.894409937888199,0.818807339449541,0.882352941176471,0.908108108108108,0.808823529411765,0.976744186046512,0.85,0.744186046511628,0.0380228136882129,0.0909090909090909,0.118110236220472,0.928571428571429,1,0.8,0,0.111111111111111,0.934782608695652,0.00647249190938511,0.868421052631579,0.307692307692308,0,0.2,0.454545454545455,0,0.0432900432900433,0.974358974358974,0.9625,1,0.941176470588235,0.909090909090909,0,0.925925925925926,0.9,0.769230769230769,0.972972972972973,1,0,0.0833333333333333,0.488888888888889,0.714285714285714,0.7,0.363636363636364,0.076271186440678,0.785714285714286,0.857142857142857,0.85,0.885714285714286,0,0.0149812734082397,0.761904761904762,0.483333333333333,0.608333333333333,0.916666666666667,0.579234972677596,0.525691699604743,0.020979020979021,0.0851063829787234,0.769357495881384,0.2,0,0.893241167434716,0.960339943342776,0.882352941176471,1,0.0123839009287926,0.447552447552448,0.459396751740139,0.767748478701826,0.678571428571429,0.940740740740741,0.787878787878788,0,0.137931034482759,0.880057803468208,0,0,0,0.985714285714286,0,0,0,0,0,0,0,0,0,0,0,0,0,0,0,0
"Bacillus_pumilus",0.0612244897959184,0.0769230769230769,0.671428571428571,0.518518518518518,0.363636363636364,0,0.114678899082569,0.171122994652406,0.151351351351351,0.536764705882353,0.0232558139534884,1,0,0,0,0,0.571428571428571,0,0.133333333333333,0,0,0.608695652173913,0,0,0.225274725274725,0,0,0.0606060606060606,0,0,0.743589743589744,0.7,0.4,0.808823529411765,0.0681818181818182,0,0.345679012345679,0.8,0.423076923076923,0,0,0.00666666666666667,0,0.377777777777778,0.0476190476190476,0.45,0.0909090909090909,0,0.5,0.5,0.475,0.314285714285714,0,0.00374531835205993,1,0.8,0.841666666666667,0.5,0.00546448087431694,0,0,0.382978723404255,0.0527182866556837,0.733333333333333,0.0333333333333333,0.437019969278034,0.579792256846081,0.549019607843137,0,0.00309597523219814,0.548951048951049,0.549883990719258,0.0324543610547667,0.544642857142857,0.496296296296296,1,0,0,0.973988439306358,0,0,0,0,0,0,0,0,0,0,0,0,0,0,0,0,0,0,0,0
"Orientia_tsutsugamushi",0.571428571428571,0.0512820512820513,0.357142857142857,0.962962962962963,0.838383838383838,0,0.706422018348624,0,0,0.470588235294118,0,0.5,0.209302325581395,0.615969581749049,0.242424242424242,0.960629921259842,0.857142857142857,0,0.533333333333333,0.0227272727272727,0,0.782608695652174,0,1,0.263736263736264,0,0.9,0.212121212121212,0.087719298245614,0.138528138528139,0,0,1,0.764705882352941,0.0909090909090909,0.2,0.740740740740741,0,0,0.027027027027027,0,0,0,0.577777777777778,0.904761904761905,0,0.636363636363636,0.347457627118644,0.857142857142857,0.928571428571429,0.55,0.428571428571429,0,0.0674157303370786,0,0.1,0.175,0.916666666666667,0,0,0,0.0212765957446809,0.00164744645799012,0.333333333333333,0.466666666666667,0.546082949308756,0.465533522190746,0.294117647058824,0.75,0.021671826625387,0.118881118881119,0.111368909512761,0,0.169642857142857,0.807407407407407,0.757575757575758,0.0588235294117647,0.0689655172413793,0.751445086705202,0.339285714285714,0.4,0.185185185185185,0,0,0,0,0,0,0,0,0,0,0,0,0,0,0,0,0
"Terrahaemophilus_aromaticivorans",0.0612244897959184,0.461538461538462,0.171428571428571,0.185185185185185,0.121212121212121,0.869565217391304,0.0871559633027523,0,0.00540540540540541,0.0294117647058824,1,0.2,0.0232558139534884,0.00380228136882129,0.0303030303030303,0.0236220472440945,0.214285714285714,0.55,0,0.0113636363636364,0,0.304347826086957,0.0258899676375405,0.131578947368421,0.00549450549450549,0,0.1,0.0505050505050505,0,0.212121212121212,0.128205128205128,0.3125,0.2,0.0441176470588235,0.409090909090909,0,0.222222222222222,0.25,0,0.0540540540540541,0,0,0.0277777777777778,0.0222222222222222,0,0.1,0.0909090909090909,0.152542372881356,0.0476190476190476,0,0,0.0285714285714286,0,0.0262172284644195,1,0.05,0.0333333333333333,0,0.699453551912568,0.704874835309618,0,0.0425531914893617,0.0411861614497529,0,0,0.34715821812596,0.108593012275732,0.176470588235294,0.0833333333333333,0.0526315789473684,0.0104895104895105,0.0255220417633411,0.00608519269776876,0.160714285714286,0.0814814814814815,0,0,0.0344827586206897,0.216763005780347,0,0.025,0.0740740740740741,0.978571428571429,0,0,0,0,0,0,0,0,0,0,0,0,0,0,0,0
"Propionigenium_maris",0.0204081632653061,0,0.171428571428571,0.0740740740740741,0,0,0.00458715596330275,0,0,0.0882352941176471,0,0.1,0,0,0,0,0.285714285714286,0,0,0,0,0.0434782608695652,0,0,0.021978021978022,0,0,0.0404040404040404,0,0,0.0512820512820513,0.025,0.2,0.102941176470588,0,0,0.0246913580246914,0,0,0,0,0,0,0,0,0,0,0,0.0476190476190476,0.0357142857142857,0.025,0,0,0,0,0.0166666666666667,0.0583333333333333,0.416666666666667,0,0,0,0,0.00988467874794069,0,0,0.032258064516129,0.0736543909348442,0.0980392156862745,0,0,0.034965034965035,0.0301624129930394,0.00101419878296146,0.0625,0.22962962962963,0,0,0,0.0852601156069364,0,0,0,0,0,0,0,0,0,0,0,0,0,0,0,0,0,0,0,0
"Mogibacterium_diversum",0.0204081632653061,0.0769230769230769,0.0714285714285714,0,0.0202020202020202,0.0434782608695652,0,0.0106951871657754,0.0108108108108108,0.0514705882352941,0.0232558139534884,0.05,0.0465116279069767,0.00760456273764259,0.0606060606060606,0.015748031496063,0.285714285714286,0.7,0,0.0568181818181818,0.0555555555555556,0,0.00647249190938511,0,0.021978021978022,0,0,0,0,0.00432900432900433,0.0512820512820513,0.0375,0.2,0.485294117647059,0.227272727272727,0,0.0864197530864197,0,0,1,0.952380952380952,0.0666666666666667,0,0.0666666666666667,0,0.7,0.0909090909090909,0.0508474576271186,0,0,0,0,0,0.00374531835205993,0,0,0.00833333333333333,0,0.0163934426229508,0.0289855072463768,0,0,0.0939044481054366,0,0,0.0860215053763441,0.165250236071766,0.0392156862745098,0.166666666666667,0,0.0909090909090909,0.0696055684454756,0,0.0267857142857143,0,0.333333333333333,0,0.0344827586206897,0.183526011560694,0.0535714285714286,0,0.0740740740740741,0,0.762962962962963,0.575,0.209677419354839,0,0.119565217391304,0.935897435897436,0.90625,0.9,1,0.193083573487032,0.455445544554455,0.875,0.601851851851852,0.605769230769231,0.70625,0.819672131147541
"Actinomyces_meyeri",0.489795918367347,0.0256410256410256,0.857142857142857,0.666666666666667,0.333333333333333,0.397515527950311,0.438073394495413,0.385026737967914,0.362162162162162,0.213235294117647,0.86046511627907,0.45,0.232558139534884,0.418250950570342,0.242424242424242,0.779527559055118,0.642857142857143,0.9,0.266666666666667,0.477272727272727,0.444444444444444,0.869565217391304,0.171521035598705,0.5,0.115384615384615,0.375,0.5,0.171717171717172,0.315789473684211,0.346320346320346,0.487179487179487,0.65,1,0.676470588235294,0.363636363636364,0.7,0.580246913580247,0.45,0.346153846153846,0.513513513513513,0.619047619047619,0.24,0.138888888888889,0.311111111111111,0.428571428571429,0.5,0.545454545454545,0.466101694915254,0.952380952380952,0.857142857142857,0.525,0.542857142857143,0,0.404494382022472,0.380952380952381,0.4,0.508333333333333,0.833333333333333,0.169398907103825,0.142292490118577,0.912587412587413,0.0425531914893617,0.617792421746293,0.266666666666667,0.133333333333333,0.841781874039939,0.794145420207743,0.392156862745098,0.25,0.0712074303405573,0.307692307692308,0.341067285382831,0.0912778904665314,0.508928571428571,0.955555555555556,0.787878787878788,0.323529411764706,0.275862068965517,0.654624277456647,0.464285714285714,0.3,0.111111111111111,0.2,0.244444444444444,0,0,0,0,0.0299145299145299,0.21875,0.05,0.136363636363636,0,0,0.166666666666667,0,0.0673076923076923,0.15,0.0998509687034277
"Bergeyella_zoohelcum",0.163265306122449,0,0.0714285714285714,0.185185185185185,0.151515151515152,0.236024844720497,0.172018348623853,0,0,0.0294117647058824,0.837209302325581,0.2,0.372093023255814,0.0152091254752852,0,0,0,1,0.133333333333333,0.0795454545454545,0,0.456521739130435,0.0226537216828479,0.0263157894736842,0.021978021978022,0,0,0,0.0350877192982456,0.0476190476190476,0.230769230769231,0.2375,0.6,0.25,0.454545454545455,0,0.234567901234568,0,0.0192307692307692,0,0,0.0266666666666667,0,0.0888888888888889,0,0.15,0,0.0254237288135593,0,0.0714285714285714,0,0.114285714285714,0,0.00374531835205993,0.761904761904762,0,0,0,0.693989071038251,0.665349143610013,0.00699300699300699,0.0212765957446809,0.057660626029654,0,0,0.460061443932412,0.305949008498584,0.294117647058824,0.166666666666667,0.00619195046439629,0.048951048951049,0.0672853828306264,0.00101419878296146,0.0267857142857143,0.0444444444444444,0.0303030303030303,0,0.0344827586206897,0.0953757225433526,0,0.025,0,0.235714285714286,0,0,0,0,0,0,0,0,0,0,0,0,0,0,0,0
"Actinomyces_bowdenii",0.224489795918367,0.0256410256410256,0.0142857142857143,0,0.0606060606060606,0,0.0321100917431193,0.0267379679144385,0.0324324324324324,0,0,0.65,0.325581395348837,0.091254752851711,0.0606060606060606,0.0708661417322835,0,0,0,0,0,0.217391304347826,0,0,0.0384615384615385,0,0.2,0,0.0175438596491228,0.00432900432900433,0.0512820512820513,0.0125,0.3,0.0294117647058824,0.0454545454545455,0,0.037037037037037,0.2,0.134615384615385,0.27027027027027,0.142857142857143,0.0133333333333333,0.0277777777777778,0.177777777777778,0,0.05,0.272727272727273,0.0508474576271186,0.0238095238095238,0,0.15,0.285714285714286,0,0.127340823970037,0,0.383333333333333,0.358333333333333,0.25,0,0,0.0034965034965035,0.106382978723404,0.0057660626029654,0,0.0666666666666667,0.0207373271889401,0.0679886685552408,0.666666666666667,0,0.00309597523219814,0.0384615384615385,0.0440835266821346,0.00202839756592292,0.0714285714285714,0.0962962962962963,0.212121212121212,0.176470588235294,0.103448275862069,0.0722543352601156,0.214285714285714,0.075,0,0,0,0,0,0,0,0,0,0,0,0,0,0,0,0,0,0
"Prevotella_salivae",0.938775510204082,0.692307692307692,0.985714285714286,1,0.97979797979798,0.93167701863354,0.986238532110092,0.941176470588235,0.962162162162162,0.992647058823529,0.953488372093023,1,0.953488372093023,0.935361216730038,0.636363636363636,1,1,1,0.533333333333333,0.943181818181818,1,1,0.925566343042071,1,0.93956043956044,1,1,0.737373737373737,0.982456140350877,0.939393939393939,1,1,1,0.970588235294118,0.977272727272727,1,1,1,0.980769230769231,1,1,0.926666666666667,0.472222222222222,1,1,1,1,0.991525423728814,1,1,0.975,1,1,1,0.952380952380952,0.433333333333333,0.55,1,0.644808743169399,0.654808959156785,0.996503496503496,0.51063829787234,0.986820428336079,1,1,0.998463901689708,0.999055712936733,0.980392156862745,1,0.996904024767802,0.604895104895105,0.603248259860789,0.950304259634888,1,1,0.848484848484849,1,1,0.953757225433526,0.982142857142857,0.975,0.962962962962963,0.935714285714286,0.740740740740741,0.675,0.548387096774194,0.1,0.309782608695652,0.931623931623932,0.96875,0.85,0.863636363636364,0.824207492795389,0.97029702970297,0.958333333333333,0.462962962962963,0.817307692307692,0.7875,0.876304023845007
"Actinobaculum_massiliense",0.36734693877551,0.102564102564103,0.328571428571429,0.0740740740740741,0.111111111111111,0,0.369266055045872,0.0053475935828877,0,0.0735294117647059,0.0232558139534884,0.6,0.558139534883721,0.0342205323193916,0.151515151515152,0.173228346456693,0,0,0.0666666666666667,0.215909090909091,0.111111111111111,0.521739130434783,0.0517799352750809,0.0789473684210526,0.0604395604395604,0,0.2,0.0101010101010101,0.0175438596491228,0.0173160173160173,0.58974358974359,0.6,0.7,0.161764705882353,0.0681818181818182,0.1,0.580246913580247,0,0.288461538461538,0.0810810810810811,0,0.266666666666667,0.0277777777777778,0.266666666666667,0,0.5,0.363636363636364,0.0677966101694915,0.0476190476190476,0,0.275,0.314285714285714,0,0.0112359550561798,0,0.283333333333333,0.35,0.0833333333333333,0,0,0.262237762237762,0.0212765957446809,0.0799011532125206,0.133333333333333,0.166666666666667,0.430875576036866,0.512747875354108,0.529411764705882,0.25,0.0123839009287926,0.181818181818182,0.178654292343387,0.0182555780933063,0.25,0.103703703703704,0.787878787878788,0.117647058823529,0.103448275862069,0.572254335260116,0.142857142857143,0.025,0.037037037037037,0,0,0,0,0,0,0,0,0,0,0,0,0,0,0,0,0
"Mannheimia_granulomatis",0.122448979591837,0.0512820512820513,0.0428571428571429,0.111111111111111,0.0404040404040404,0,0.0779816513761468,0.0160427807486631,0,0.00735294117647059,0,0.1,0,0.0836501901140684,0.0606060606060606,0.062992125984252,0,0,0.133333333333333,0.0227272727272727,0,0.0869565217391304,0.0809061488673139,0.131578947368421,0.0274725274725275,0,0,0.0404040404040404,0.0526315789473684,0.0822510822510823,0,0,0.5,0.147058823529412,0.0681818181818182,0.2,0.111111111111111,0.1,0,0.027027027027027,0,0.06,0.138888888888889,0.133333333333333,0,0.2,0.272727272727273,0.0423728813559322,0.0714285714285714,0.0357142857142857,0.025,0.0285714285714286,0,0.0674157303370786,0,0.133333333333333,0.075,0,0,0,0,0.0425531914893617,0.00329489291598023,0.0666666666666667,0,0.317204301075269,0.319169027384325,0.411764705882353,0.166666666666667,0.0526315789473684,0.0384615384615385,0.0556844547563805,0.0050709939148073,0.0357142857142857,0.0296296296296296,0.0606060606060606,0,0.0344827586206897,0.0433526011560694,0.0178571428571429,0,0.037037037037037,0,0,0,0,0,0,0,0,0,0,0,0,0,0,0,0,0
"Eubacterium_nodatum",0.897959183673469,0.230769230769231,0.171428571428571,0.666666666666667,0.222222222222222,0.22360248447205,0.768348623853211,0.149732620320856,0.248648648648649,0.323529411764706,0.27906976744186,0.95,0.627906976744186,0.163498098859316,0.242424242424242,0.921259842519685,0.857142857142857,0.15,0.933333333333333,0.602272727272727,0.555555555555556,0.565217391304348,0.288025889967638,0.421052631578947,0.137362637362637,0,0.6,0.0808080808080808,0.157894736842105,0.147186147186147,0.461538461538462,0.7,0.9,0.573529411764706,0.272727272727273,0.4,0.641975308641975,0.1,0.865384615384615,0.621621621621622,0.523809523809524,0.76,0.388888888888889,0.8,0.904761904761905,0.55,0.363636363636364,0.110169491525424,0.904761904761905,0.964285714285714,0.525,0.542857142857143,0.8,0.0674157303370786,0.333333333333333,0.283333333333333,0.408333333333333,0.5,0.366120218579235,0.345191040843215,0,0.276595744680851,0.140856672158155,0.8,0.6,0.231950844854071,0.377714825306893,0.0392156862745098,0.25,0.278637770897833,0.377622377622378,0.4292343387471,0.0922920892494929,0.267857142857143,0.762962962962963,0.424242424242424,0.176470588235294,0.103448275862069,0.702312138728324,0.303571428571429,0.125,0.407407407407407,0.264285714285714,0.851851851851852,0.05,0.0483870967741935,0,0.00543478260869565,0.414529914529915,0.34375,0.05,0.136363636363636,0,0,0.916666666666667,0.0833333333333333,0,0.18125,0.661698956780924
"Planobacterium_taklimakanense",0.469387755102041,0.615384615384615,0.342857142857143,0.962962962962963,0.656565656565657,0,0.580275229357798,0.0213903743315508,0.0378378378378378,0.448529411764706,0,0.95,0.232558139534884,0.55893536121673,0.363636363636364,0.889763779527559,0.571428571428571,0,0.2,0.329545454545455,0.333333333333333,0.826086956521739,0.333333333333333,0.947368421052632,0.197802197802198,0.0625,0.6,0.0202020202020202,0.543859649122807,0.926406926406926,0,0.0125,0.7,0.705882352941177,0.363636363636364,0.8,0.827160493827161,0.2,0.326923076923077,0.513513513513513,0.428571428571429,0.22,0.444444444444444,0.555555555555556,0.0952380952380952,0.85,1,0.73728813559322,0.69047619047619,0.642857142857143,0.225,0.257142857142857,0.2,0.782771535580524,0.0476190476190476,0.0666666666666667,0.0416666666666667,0.75,0,0,0,0.404255319148936,0.604612850082372,0.0666666666666667,0.833333333333333,0.922427035330261,0.798866855524079,0.607843137254902,0.833333333333333,0.687306501547988,0.307692307692308,0.387470997679814,0.0121703853955375,0.491071428571429,0.703703703703704,0.242424242424242,0.617647058823529,0.827586206896552,0.329479768786127,0.428571428571429,0.55,0.666666666666667,0,0,0,0,0,0,0,0,0,0,0,0,0,0,0,0,0
"Ornatilinea_apprima",0.285714285714286,0.0256410256410256,0,0.185185185185185,0.0202020202020202,0,0.0756880733944954,0.0053475935828877,0,0,0,0.05,0.116279069767442,0,0,0.0078740157480315,0.0714285714285714,0,0,0,0,0.0434782608695652,0,0,0,0,0,0,0.0175438596491228,0.00432900432900433,0.102564102564103,0.0875,0.2,0.279411764705882,0,0,0.0740740740740741,0,0.134615384615385,0,0,0,0.0555555555555556,0,0.0952380952380952,0,0,0,0.0714285714285714,0,0.025,0,0.9,0,0,0,0.00833333333333333,0.0833333333333333,0,0,0,0.0425531914893617,0.0304777594728171,0.0666666666666667,0,0.010752688172043,0.0462700661000944,0,0,0.00309597523219814,0.013986013986014,0.00464037122969838,0.00101419878296146,0.0446428571428571,0.0592592592592593,0.0909090909090909,0,0.0344827586206897,0.267341040462428,0,0,0,0,0,0,0,0,0,0,0,0,0,0,0,0,0,0,0,0
"Neisseria_pharyngis",0.530612244897959,0.0256410256410256,0.242857142857143,0.814814814814815,0.151515151515152,0,0.674311926605505,0.0481283422459893,0.0432432432432432,0.507352941176471,0,0.8,0.395348837209302,0,0,0,0.785714285714286,0,0.733333333333333,0,0,0.195652173913043,0,0.473684210526316,0.274725274725275,0,0,0.313131313131313,0,0,0.307692307692308,0.2625,0.5,0.279411764705882,0.0909090909090909,0,0.45679012345679,0,0.673076923076923,0.108108108108108,0.19047619047619,0,0,0.777777777777778,0.714285714285714,0.65,0,0,0.547619047619048,0.607142857142857,0.225,0.0857142857142857,0,0,0,0.516666666666667,0.55,0.416666666666667,0,0,0,0,0,0.6,0,0.429339477726574,0.282341831916903,0.686274509803922,0.166666666666667,0,0.377622377622378,0.406032482598608,0.122718052738337,0.410714285714286,0.362962962962963,0.121212121212121,0,0,0.473988439306358,0,0,0,0,0,0,0,0,0,0,0,0,0,0,0,0,0,0,0,0
"Anaeroglobus_geminatus",1,0.307692307692308,0.657142857142857,0.925925925925926,0.383838383838384,0.211180124223602,0.938073394495413,0.390374331550802,0.32972972972973,0.301470588235294,0.697674418604651,0.9,0.906976744186046,0.380228136882129,0.484848484848485,0.984251968503937,0.857142857142857,0.7,0.666666666666667,0.829545454545455,0.888888888888889,0.826086956521739,0.501618122977346,0.894736842105263,0.379120879120879,0,0.8,0.161616161616162,0.56140350877193,0.528138528138528,0.897435897435897,0.9125,1,0.808823529411765,0.886363636363636,0.8,0.901234567901235,0.6,0.884615384615385,0.837837837837838,0.666666666666667,0.9,0.361111111111111,0.955555555555556,0.952380952380952,0.15,0.909090909090909,0.61864406779661,0.928571428571429,0.964285714285714,0.725,0.742857142857143,0.9,0.325842696629214,0.571428571428571,0.316666666666667,0.375,0.833333333333333,0.442622950819672,0.444005270092227,0.905594405594406,0.446808510638298,0.449752883031302,0.8,0.8,0.472350230414747,0.585457979225685,0.117647058823529,0.75,0.489164086687306,0.48951048951049,0.503480278422274,0.219066937119675,0.571428571428571,0.859259259259259,0.484848484848485,0.882352941176471,0.551724137931034,0.84393063583815,0.660714285714286,0.475,0.851851851851852,0.357142857142857,0.140740740740741,0,0,0,0,0.290598290598291,0.1875,0.05,0.0909090909090909,0,0,0.791666666666667,0,0.0384615384615385,0.11875,0.603576751117735
"Olsenella_uli",0.897959183673469,0.564102564102564,0.6,0.481481481481481,0.212121212121212,0.149068322981366,0.646788990825688,0.203208556149733,0.254054054054054,0.169117647058824,0.906976744186046,0.55,0.651162790697674,0.163498098859316,0.242424242424242,0.724409448818898,0.5,0.55,0.133333333333333,0.556818181818182,0.611111111111111,0.260869565217391,0.223300970873786,0.342105263157895,0.043956043956044,0.0625,0.4,0.0404040404040404,0.140350877192982,0.0995670995670996,0.461538461538462,0.7,0.9,0.161764705882353,0.204545454545455,0.3,0.666666666666667,0.2,0.596153846153846,0.918918918918919,0.952380952380952,0.72,0.277777777777778,0.266666666666667,0.619047619047619,0.1,0.272727272727273,0.203389830508475,0.69047619047619,0.714285714285714,0.6,0.571428571428571,0.7,0.0411985018726592,0.380952380952381,0.2,0.216666666666667,0.333333333333333,0.0819672131147541,0.108036890645586,0.248251748251748,0.212765957446809,0.161449752883031,0.933333333333333,0.133333333333333,0.447772657450077,0.652502360717658,0.196078431372549,0.25,0.105263157894737,0.293706293706294,0.31322505800464,0.00912778904665314,0.339285714285714,0.881481481481482,0.666666666666667,0.382352941176471,0.275862068965517,0.690751445086705,0.464285714285714,0.2,0.481481481481481,0.578571428571429,0.17037037037037,0,0,0,0,0.286324786324786,0.15625,0.05,0.0454545454545455,0,0,0.0833333333333333,0,0.192307692307692,0.65625,0.220566318926975
"Lactobacillus_johnsonii",0.0816326530612245,0.0512820512820513,0.142857142857143,0.0740740740740741,0.161616161616162,0,0.0321100917431193,0.122994652406417,0.113513513513514,0.161764705882353,0.0465116279069767,0.2,0,0.0874524714828897,0.151515151515152,0.236220472440945,0,0,0,0.0227272727272727,0,0.0869565217391304,0.0485436893203883,0.0263157894736842,0,0,0.2,0.262626262626263,0.087719298245614,0.0346320346320346,0.102564102564103,0.2875,0.1,0.397058823529412,0.295454545454545,0.2,0.222222222222222,0,0.134615384615385,0.0540540540540541,0.0952380952380952,0.0866666666666667,0,0.0888888888888889,0.0476190476190476,0.25,0.272727272727273,0.0254237288135593,0.0238095238095238,0.107142857142857,0.2,0.428571428571429,0,0.0262172284644195,0,0,0.0416666666666667,0.0833333333333333,0,0.00263504611330698,0.0034965034965035,0.127659574468085,0.0469522240527183,0.2,0,0.0721966205837174,0.0934844192634561,0,0.166666666666667,0.00309597523219814,0.027972027972028,0.037122969837587,0.0172413793103448,0.160714285714286,0.259259259259259,0.0303030303030303,0.235294117647059,0.0344827586206897,0.101156069364162,0.25,0.1,0.296296296296296,0,0,0,0,0,0,0,0,0,0,0,0,0,0,0,0,0.0014903129657228
"Prevotella_veroralis",1,0.564102564102564,0.942857142857143,1,0.929292929292929,0.714285714285714,0.970183486238532,0.625668449197861,0.691891891891892,0.897058823529412,0.883720930232558,0.95,0.930232558139535,0.870722433460076,0.575757575757576,1,1,1,0.6,0.954545454545455,1,1,0.87378640776699,0.947368421052632,0.824175824175824,0.9375,0.9,0.727272727272727,0.912280701754386,0.891774891774892,1,1,1,0.985294117647059,0.886363636363636,0.9,0.975308641975309,0.9,1,1,0.952380952380952,0.88,0.444444444444444,1,1,1,1,0.898305084745763,1,0.964285714285714,0.975,0.914285714285714,0.9,0.99625468164794,0.761904761904762,0.333333333333333,0.4,1,0.628415300546448,0.629776021080369,0.996503496503496,0.425531914893617,0.924217462932455,1,1,0.994623655913978,0.994334277620397,1,1,0.873065015479876,0.552447552447552,0.584686774941995,0.8052738336714,0.839285714285714,1,0.727272727272727,0.823529411764706,0.931034482758621,0.874277456647399,0.803571428571429,0.675,0.777777777777778,0.871428571428571,0.659259259259259,0.025,0,0,0.0108695652173913,0.354700854700855,0.625,0.25,0.318181818181818,0.14985590778098,0.237623762376238,0.916666666666667,0.0277777777777778,0.480769230769231,0.2125,0.864381520119225
"Dialister_propionicifaciens",0.102040816326531,0.358974358974359,0.1,0.185185185185185,0.0404040404040404,0.0062111801242236,0.0848623853211009,0.0053475935828877,0.00540540540540541,0.0367647058823529,0.162790697674419,0.1,0.0930232558139535,0.0722433460076046,0,0.173228346456693,0.142857142857143,0,0,0.159090909090909,0.222222222222222,0.152173913043478,0.0129449838187702,0.105263157894737,0,0,0.2,0.0101010101010101,0.157894736842105,0.164502164502165,0,0.05,0.2,0.117647058823529,0.25,0,0.111111111111111,0,0.0961538461538462,0,0,0.36,0.0555555555555556,0.111111111111111,0.0476190476190476,0.05,0.181818181818182,0.127118644067797,0.0714285714285714,0.0357142857142857,0.05,0.0571428571428571,0,0.0561797752808989,0,0,0.00833333333333333,0.166666666666667,0,0,0.0244755244755245,0.106382978723404,0.100494233937397,0.533333333333333,0.1,0.0745007680491551,0.040604343720491,0.0392156862745098,0.166666666666667,0.0340557275541796,0.0454545454545455,0.0580046403712297,0.0182555780933063,0.125,0.288888888888889,0.0303030303030303,0.264705882352941,0.137931034482759,0.130057803468208,0.178571428571429,0.05,0.037037037037037,0,0,0,0,0,0,0,0,0,0,0,0,0,0,0,0,0
"Rothia_dentocariosa",0.979591836734694,0.333333333333333,0.985714285714286,0.962962962962963,1,0.322981366459627,0.965596330275229,0.973262032085562,0.978378378378378,0.573529411764706,1,1,0.86046511627907,0.950570342205323,0.666666666666667,1,1,1,0.333333333333333,0.920454545454545,0.944444444444444,1,0.906148867313916,1,0.983516483516483,0.75,1,0.606060606060606,0.929824561403509,0.935064935064935,1,1,0.9,0.985294117647059,1,1,0.975308641975309,1,1,1,1,0.9,0.472222222222222,0.955555555555556,1,0.95,1,0.923728813559322,1,0.964285714285714,0.975,0.971428571428571,1,0.99250936329588,1,1,0.991666666666667,1,0.688524590163934,0.69038208168643,0.996503496503496,0.468085106382979,0.901976935749588,0.866666666666667,1,0.995391705069124,1,0.980392156862745,0.916666666666667,0.978328173374613,0.646853146853147,0.645011600928074,0.682555780933063,0.991071428571429,1,1,1,1,0.994219653179191,1,1,1,0.8,0.948148148148148,0.9,0.403225806451613,0.3,0.33695652173913,0.961538461538462,1,1,1,0.665706051873199,0.97029702970297,0.958333333333333,0.87962962962963,0.817307692307692,0.875,0.88822652757079
"Mycoplasma_faucium",0.714285714285714,0.205128205128205,0.171428571428571,0.703703703703704,0.393939393939394,0.211180124223602,0.763761467889908,0.0855614973262032,0.118918918918919,0.191176470588235,0.395348837209302,0.7,0.348837209302326,0,0,0,0.928571428571429,0.3,0.866666666666667,0,0,0.652173913043478,0,0.368421052631579,0.032967032967033,0,0,0.131313131313131,0,0,0.487179487179487,0.675,0.9,0.397058823529412,0.409090909090909,0,0.469135802469136,0.2,0.788461538461538,0.675675675675676,0.666666666666667,0,0,0.555555555555556,0.0952380952380952,0.8,0,0,0.952380952380952,0.892857142857143,0.6,0.514285714285714,0,0,0.428571428571429,0.0166666666666667,0,0.416666666666667,0.327868852459016,0.333333333333333,0,0,0.111202635914333,0.333333333333333,0,0.271121351766513,0.379603399433428,0,0.166666666666667,0,0.248251748251748,0.306264501160093,0.0983772819472617,0.178571428571429,0.688888888888889,0.0909090909090909,0,0,0.104046242774566,0,0,0,0.00714285714285714,0,0,0,0,0,0,0,0,0,0,0,0,0,0,0,0
"Mycoplasma_hyosynoviae",0.142857142857143,0,0,0.037037037037037,0.0606060606060606,0,0.121559633027523,0,0,0.00735294117647059,0,0.05,0.0232558139534884,0.00380228136882129,0.0303030303030303,0.047244094488189,0.0714285714285714,0,0,0,0.0555555555555556,0.0869565217391304,0,0,0,0,0.1,0.0101010101010101,0,0.0216450216450216,0,0,0.3,0.0294117647058824,0,0.1,0.148148148148148,0,0.0192307692307692,0,0,0.0266666666666667,0.0277777777777778,0.0666666666666667,0,0.05,0.181818181818182,0.00847457627118644,0.0476190476190476,0.0357142857142857,0.025,0,0,0,0,0,0,0,0,0,0,0,0.00741350906095552,0,0.0333333333333333,0.0384024577572965,0.0302171860245515,0,0,0.00928792569659443,0.0244755244755245,0.0510440835266821,0,0.0535714285714286,0.0444444444444444,0,0,0,0.00289017341040462,0.0178571428571429,0,0,0,0,0,0,0,0,0,0,0,0,0,0,0,0,0,0,0
"Azospira_oryzae",0.122448979591837,0,0.1,0.296296296296296,0.0303030303030303,0,0.0137614678899083,0,0,0.0808823529411765,0,0.45,0.209302325581395,0,0,0.0078740157480315,0,0,0.0666666666666667,0,0,0.108695652173913,0.00323624595469256,0.105263157894737,0.0274725274725275,0,0,0,0,0,0,0.05,0.1,0.0294117647058824,0.0227272727272727,0,0.135802469135802,0.05,0.0192307692307692,0,0,0.0133333333333333,0.25,0.177777777777778,0.0476190476190476,0.3,0,0,0.19047619047619,0.0714285714285714,0,0,0,0,0,0.0166666666666667,0.00833333333333333,0.166666666666667,0.00546448087431694,0.00658761528326746,0,0.212765957446809,0.00329489291598023,0.133333333333333,0,0.0445468509984639,0.0934844192634561,0.529411764705882,0,0,0.125874125874126,0.146171693735499,0,0.0625,0.0814814814814815,0,0,0,0.167630057803468,0,0,0,0,0,0,0,0,0,0,0,0,0,0,0,0,0,0,0,0
"Alysiella_crassa",0.0816326530612245,0.0256410256410256,0.0285714285714286,0.555555555555556,0.0404040404040404,0,0.0619266055045872,0,0,0.00735294117647059,0.232558139534884,0,0,0.026615969581749,0.0303030303030303,0.031496062992126,0,0.3,0,0.306818181818182,0.222222222222222,0.0869565217391304,0,0,0,0,0.1,0,0.0175438596491228,0.168831168831169,0,0,0.5,0.0294117647058824,0.113636363636364,0.1,0,0.05,0,0.108108108108108,0.0952380952380952,0,0.0277777777777778,0.0222222222222222,0.0476190476190476,0,0.0909090909090909,0.0338983050847458,0.261904761904762,0.285714285714286,0.05,0,0,0.127340823970037,0.0476190476190476,0,0,0.166666666666667,0.0437158469945355,0.0250329380764163,0,0.0425531914893617,0.0527182866556837,0.0666666666666667,0.0666666666666667,0.0737327188940092,0.0661000944287063,0,0,0.0371517027863777,0.0034965034965035,0.00928074245939675,0,0.0267857142857143,0.0740740740740741,0,0,0,0.00289017341040462,0,0.025,0,0.0357142857142857,0,0,0,0,0,0,0,0,0,0,0,0,0,0,0,0
"Prevotella_dentalis",0.857142857142857,0.0769230769230769,0.1,0.481481481481481,0.141414141414141,0.142857142857143,0.458715596330275,0.0267379679144385,0.027027027027027,0.0147058823529412,0.418604651162791,0.15,0.162790697674419,0.0494296577946768,0.181818181818182,0.110236220472441,0.142857142857143,0.15,0.0666666666666667,0.136363636363636,0.166666666666667,0.347826086956522,0.0258899676375405,0.0263157894736842,0.010989010989011,0,0.2,0.0404040404040404,0.0175438596491228,0.0432900432900433,0.205128205128205,0.325,0.5,0.147058823529412,0.25,0.1,0.530864197530864,0.1,0.153846153846154,0.540540540540541,0.523809523809524,0.253333333333333,0,0.422222222222222,0.0476190476190476,0.2,0.363636363636364,0.0338983050847458,0.166666666666667,0.214285714285714,0.1,0.0285714285714286,0,0.00749063670411985,0.285714285714286,0,0,0.0833333333333333,0.371584699453552,0.343873517786561,0,0.0851063829787234,0.0914332784184514,0.2,0.0333333333333333,0.0990783410138249,0.121813031161473,0,0,0.0154798761609907,0.115384615384615,0.174013921113689,0.00811359026369168,0.178571428571429,0.155555555555556,0.0909090909090909,0.0294117647058824,0,0.0635838150289017,0.0714285714285714,0.075,0,0.135714285714286,0.251851851851852,0,0,0,0,0.14957264957265,0.328125,0,0.0454545454545455,0,0,0.375,0,0.0288461538461538,0.14375,0.4575260804769
"Acidithiobacillus_thiooxidans",0.122448979591837,0.0769230769230769,0.171428571428571,0.851851851851852,0.121212121212121,0,0.137614678899083,0.0481283422459893,0.0756756756756757,0.0294117647058824,0,0.1,0.0697674418604651,0,0,0,0.142857142857143,0,0.2,0.0113636363636364,0,0.217391304347826,0,0.210526315789474,0.0164835164835165,0,0,0,0,0,0.205128205128205,0.125,0.2,0.0735294117647059,0.318181818181818,0,0.037037037037037,0.15,0.134615384615385,0.189189189189189,0.380952380952381,0,0,0.111111111111111,0.0952380952380952,0.15,0,0,0.0714285714285714,0,0.075,0.0857142857142857,0.4,0,0,0.0666666666666667,0.108333333333333,0.0833333333333333,0.0109289617486339,0.00395256916996047,0,0,0.00411861614497529,0,0,0.587557603686636,0.451369216241737,0.117647058823529,0.25,0,0.0839160839160839,0.0997679814385151,0.0314401622718053,0.223214285714286,0.0222222222222222,0,0,0,0.046242774566474,0,0,0,0,0,0,0,0,0,0,0,0,0,0,0,0,0,0,0,0
"Corynebacterium_jeikeium",0.102040816326531,0.230769230769231,0.385714285714286,0.222222222222222,0.151515151515152,0,0.0344036697247706,0.0053475935828877,0,0.0735294117647059,0.0465116279069767,0.6,0.186046511627907,0.23574144486692,0.181818181818182,0.291338582677165,0.357142857142857,0,0.0666666666666667,0.0340909090909091,0,0.282608695652174,0.00970873786407767,0,0.0384615384615385,0,0.3,0.0101010101010101,0.0350877192982456,0.051948051948052,0.0256410256410256,0.0625,0.4,0.264705882352941,0.0227272727272727,0.1,0.172839506172839,0,0.0192307692307692,0,0,0.02,0,0.0444444444444444,0,0.15,0.454545454545455,0.11864406779661,0.214285714285714,0.285714285714286,0.15,0.171428571428571,0,0.0786516853932584,0,0.0833333333333333,0.0666666666666667,0.0833333333333333,0,0,0,0.191489361702128,0.00823723228995058,0.466666666666667,0.2,0.206605222734255,0.302171860245515,0.725490196078431,0,0.021671826625387,0.307692307692308,0.266821345707657,0,0.205357142857143,0.348148148148148,0.393939393939394,0.176470588235294,0.172413793103448,0.200867052023121,0.339285714285714,0.35,0.111111111111111,0,0,0,0,0,0,0,0,0,0,0,0,0,0,0,0,0
"Peptococcus_niger",0.959183673469388,0.461538461538462,0.785714285714286,0.777777777777778,0.95959595959596,0.142857142857143,0.942660550458716,0.363636363636364,0.351351351351351,0.727941176470588,0.0465116279069767,1,0.767441860465116,0.600760456273764,0.212121212121212,0.795275590551181,1,0.2,0.933333333333333,0.625,0.555555555555556,0.847826086956522,0.087378640776699,1,0.818681318681319,0.5625,0.7,0.151515151515152,0.43859649122807,0.722943722943723,0.846153846153846,0.7625,0.9,0.794117647058823,0.590909090909091,0.7,0.814814814814815,0.35,0.903846153846154,0.621621621621622,0.619047619047619,0.666666666666667,0.472222222222222,0.955555555555556,0.80952380952381,0.85,0.454545454545455,0.516949152542373,0.976190476190476,0.964285714285714,0.6,0.6,1,0.51685393258427,0.0476190476190476,0.5,0.616666666666667,0.916666666666667,0.0710382513661202,0.0368906455862978,0.0699300699300699,0.170212765957447,0.36161449752883,0.666666666666667,0.833333333333333,0.897849462365591,0.948064211520302,0.745098039215686,0.75,0.504643962848297,0.48951048951049,0.468677494199536,0.17342799188641,0.669642857142857,0.8,0.333333333333333,0.411764705882353,0.517241379310345,0.654624277456647,0.392857142857143,0.4,0.666666666666667,0.0142857142857143,0,0,0,0,0,0,0,0,0,0,0,0,0,0,0,0
"Acinetobacter_baumannii",0.0612244897959184,0.179487179487179,0,0.296296296296296,0.272727272727273,0,0.0527522935779817,0.0106951871657754,0.0216216216216216,0.00735294117647059,0.0465116279069767,0,0.0465116279069767,0.0190114068441065,0,0.165354330708661,0,0,0,0,0,0.0434782608695652,0,0.0263157894736842,0,0,0,0.0202020202020202,0.0526315789473684,0.0216450216450216,0,0.0125,0,0.0735294117647059,0.181818181818182,0,0.0123456790123457,0,0,0,0,0.04,0,0.177777777777778,0.0476190476190476,0.1,0,0,0,0.0357142857142857,0,0,0,0.0187265917602996,0.285714285714286,0.5,0.333333333333333,0,0.0163934426229508,0.0513833992094862,0.0034965034965035,0.468085106382979,0.0115321252059308,0.466666666666667,0.1,0.119815668202765,0.463644948064212,0.0392156862745098,0,0.00928792569659443,0.0174825174825175,0.0162412993039443,0,0.00892857142857143,0.0222222222222222,0,0,0,0.00722543352601156,0.0178571428571429,0,0.037037037037037,0,0,0,0,0,0,0,0,0,0,0,0,0.0416666666666667,0,0,0,0
"Treponema_refringens",0.122448979591837,0.205128205128205,0.442857142857143,0.481481481481481,0.343434343434343,0.161490683229814,0.534403669724771,0,0,0.477941176470588,0.0465116279069767,0.55,0.27906976744186,0.0798479087452472,0.0606060606060606,0.614173228346457,0.642857142857143,0.3,0.266666666666667,0.431818181818182,0.444444444444444,0.195652173913043,0.210355987055016,0.815789473684211,0.510989010989011,0,0.1,0.0303030303030303,0.157894736842105,0.311688311688312,0.512820512820513,0.15,0.8,0.264705882352941,0.136363636363636,0.7,0.345679012345679,0.2,0.653846153846154,0.189189189189189,0.285714285714286,0.313333333333333,0.138888888888889,0.622222222222222,0.0476190476190476,0.65,0.181818181818182,0.347457627118644,0.166666666666667,0.0714285714285714,0.025,0.0571428571428571,0,0.0674157303370786,0.428571428571429,0.0166666666666667,0.0166666666666667,0.25,0.218579234972678,0.214756258234519,0,0.0425531914893617,0.21169686985173,0.0666666666666667,0.433333333333333,0.410906298003072,0.400377714825307,0.215686274509804,0.333333333333333,0.191950464396285,0.237762237762238,0.25754060324826,0.0567951318458418,0.241071428571429,0.207407407407407,0.242424242424242,0.0294117647058824,0.103448275862069,0.0332369942196532,0.0535714285714286,0.075,0.111111111111111,0.235714285714286,0,0,0,0,0,0,0,0,0,0,0,0,0,0,0,0
"Treponema_pedis",0.408163265306122,0.102564102564103,0.1,0.555555555555556,0.444444444444444,0,0.513761467889908,0,0,0.0735294117647059,0,0.6,0.0930232558139535,0.144486692015209,0.0303030303030303,0.771653543307087,0.642857142857143,0,0,0.5,0.444444444444444,0.152173913043478,0.0938511326860841,0.263157894736842,0.021978021978022,0,0.5,0.0404040404040404,0.298245614035088,0.25974025974026,0.0512820512820513,0.1125,0.2,0.235294117647059,0.136363636363636,0.4,0.222222222222222,0.05,0.192307692307692,0.027027027027027,0.19047619047619,0.46,0.305555555555556,0.444444444444444,0.0476190476190476,0.6,0,0.161016949152542,0.976190476190476,0.928571428571429,0.3,0.314285714285714,0.4,0.172284644194757,0,0,0,0.25,0.0109289617486339,0.00527009222661397,0,0.0212765957446809,0.0271828665568369,0,0.7,0.328725038402458,0.304060434372049,0.0392156862745098,0.166666666666667,0.195046439628483,0.118881118881119,0.153132250580046,0.00101419878296146,0.0714285714285714,0.459259259259259,0.0606060606060606,0.0882352941176471,0.206896551724138,0.0361271676300578,0.0178571428571429,0,0.185185185185185,0,0,0,0,0,0,0,0,0,0,0,0,0,0,0,0,0
"Campylobacter_curvus",0.591836734693878,0.102564102564103,0.142857142857143,0.62962962962963,0.585858585858586,0.0062111801242236,0.243119266055046,0.133689839572193,0.102702702702703,0.0367647058823529,0.372093023255814,0.55,0.372093023255814,0.14828897338403,0.151515151515152,0.47244094488189,0.428571428571429,0,0.266666666666667,0.113636363636364,0,0.391304347826087,0.132686084142395,0.5,0.043956043956044,0.125,0.2,0.0505050505050505,0.228070175438596,0.350649350649351,0.179487179487179,0.4,0.7,0.323529411764706,0.0909090909090909,0.1,0.691358024691358,0.2,0.211538461538462,0.027027027027027,0.142857142857143,0.233333333333333,0.0277777777777778,0.288888888888889,0.333333333333333,0.5,0.363636363636364,0.279661016949153,0.642857142857143,0.821428571428571,0.425,0.428571428571429,0,0.0449438202247191,0,0.0166666666666667,0.0166666666666667,0.25,0.0109289617486339,0.00263504611330698,0.00699300699300699,0.191489361702128,0.0823723228995058,0.333333333333333,0.466666666666667,0.375576036866359,0.322001888574127,0.274509803921569,0.0833333333333333,0.232198142414861,0.178321678321678,0.118329466357309,0.0476673427991886,0.160714285714286,0.0962962962962963,0.181818181818182,0.235294117647059,0.206896551724138,0.332369942196532,0.160714285714286,0.1,0.111111111111111,0.00714285714285714,0.00740740740740741,0,0,0,0,0.00427350427350427,0.015625,0,0,0,0,0.125,0,0,0.0125,0.0014903129657228
"Prevotella_bivia",0.0816326530612245,0.282051282051282,0.0142857142857143,0.555555555555556,0.0404040404040404,0.0186335403726708,0.055045871559633,0.0106951871657754,0.00540540540540541,0.00735294117647059,0.674418604651163,0.05,0.0697674418604651,0.0988593155893536,0.0303030303030303,0.244094488188976,0.0714285714285714,0.9,0.0666666666666667,0.238636363636364,0.444444444444444,0.130434782608696,0.0161812297734628,0.0789473684210526,0.021978021978022,0,0,0,0.0175438596491228,0.0606060606060606,0.0256410256410256,0.1875,0.1,0.132352941176471,0.568181818181818,0.1,0.271604938271605,0.05,0.0384615384615385,0.135135135135135,0,0.12,0.0555555555555556,0.0222222222222222,0,0,0.0909090909090909,0.0338983050847458,0.285714285714286,0.142857142857143,0,0.142857142857143,0,0.0674157303370786,0,0,0,0.0833333333333333,0.174863387978142,0.138339920948617,0.0629370629370629,0.0212765957446809,0.0840197693574959,0.0666666666666667,0.133333333333333,0.10752688172043,0.0538243626062323,0.0196078431372549,0,0.0743034055727554,0.013986013986014,0.0185614849187935,0.0172413793103448,0.0714285714285714,0.133333333333333,0,0,0,0.0158959537572254,0.0178571428571429,0.025,0,0,0.00740740740740741,0,0,0,0,0,0,0,0,0,0.0099009900990099,0,0,0,0,0.0014903129657228
"Mycoplasma_feliminutum",0.0612244897959184,0,0,0.0740740740740741,0.0404040404040404,0.0248447204968944,0.073394495412844,0,0,0.0588235294117647,0.0232558139534884,0.1,0.0465116279069767,0,0,0,0.214285714285714,0,0.2,0,0.0555555555555556,0.108695652173913,0,0,0,0,0,0,0,0,0.179487179487179,0.25,0,0.0294117647058824,0.0454545454545455,0,0.0123456790123457,0,0.173076923076923,0,0,0,0,0.0444444444444444,0,0.2,0,0,0.785714285714286,0.714285714285714,0.025,0,0,0,0.0476190476190476,0,0.00833333333333333,0.0833333333333333,0.00546448087431694,0.00263504611330698,0,0,0,0,0,0.0775729646697389,0.0745986779981114,0,0,0,0.00699300699300699,0.0278422273781903,0.00405679513184584,0,0.0962962962962963,0,0,0,0.00289017341040462,0,0,0,0,0,0,0,0,0,0,0,0,0,0,0,0,0,0,0,0
"Streptococcus_pneumoniae",0.979591836734694,0.769230769230769,0.985714285714286,1,0.98989898989899,0.484472049689441,0.988532110091743,0.609625668449198,0.643243243243243,0.713235294117647,1,1,0.930232558139535,0.863117870722434,0.484848484848485,0.84251968503937,1,1,1,0.840909090909091,0.833333333333333,1,0.245954692556634,1,0.615384615384615,0.125,0.7,0.737373737373737,0.649122807017544,0.922077922077922,1,1,1,1,1,0.8,1,0.75,0.865384615384615,1,1,0.693333333333333,0.472222222222222,0.911111111111111,1,1,1,0.754237288135593,1,1,0.925,0.914285714285714,0.6,0.820224719101124,1,1,0.983333333333333,1,0.693989071038251,0.69433465085639,0.552447552447552,0.468085106382979,0.860790774299835,0.933333333333333,0.833333333333333,0.993855606758833,0.999055712936733,1,1,0.232198142414861,0.657342657342657,0.654292343387471,0.578093306288032,0.973214285714286,1,1,0.529411764705882,0.689655172413793,0.998554913294798,0.660714285714286,0.8,0.888888888888889,0.364285714285714,0.244444444444444,0,0,0,0,0.0213675213675214,0.015625,0,0,0,0.0099009900990099,0.375,0,0.0192307692307692,0,0.0879284649776453
"Schwartzia_succinivorans",1,0.256410256410256,0.5,0.925925925925926,0.97979797979798,0.0372670807453416,0.887614678899083,0.213903743315508,0.172972972972973,0.272058823529412,0.604651162790698,0.9,0.906976744186046,0.114068441064639,0.515151515151515,0.881889763779528,0.714285714285714,0.55,0.4,0.329545454545455,0.444444444444444,0.847826086956522,0.058252427184466,0.631578947368421,0.0934065934065934,0,0.6,0.0808080808080808,0.245614035087719,0.307359307359307,0.794871794871795,0.85,0.9,0.632352941176471,0.295454545454545,0.2,0.765432098765432,0.3,0.923076923076923,0.027027027027027,0.0476190476190476,0.646666666666667,0.111111111111111,0.844444444444444,0.952380952380952,0,0.545454545454545,0.144067796610169,0.928571428571429,0.892857142857143,0.825,0.657142857142857,0.3,0.112359550561798,0.142857142857143,0.35,0.441666666666667,0.5,0.0218579234972678,0.0276679841897233,0.0594405594405594,0.25531914893617,0.42174629324547,0.4,0.633333333333333,0.546082949308756,0.58356940509915,0.274509803921569,0.75,0.0959752321981424,0.136363636363636,0.150812064965197,0.195740365111562,0.428571428571429,0.755555555555556,0.484848484848485,0.323529411764706,0.413793103448276,0.826589595375723,0.267857142857143,0.1,0.148148148148148,0,0,0,0,0,0,0,0,0,0,0,0,0,0,0,0,0
"Actinomyces_hyovaginalis",0.244897959183673,0.0512820512820513,0.0571428571428571,0.148148148148148,0.0101010101010101,0,0.0779816513761468,0,0.00540540540540541,0.0294117647058824,0.116279069767442,0.1,0.0697674418604651,0.0722433460076046,0.121212121212121,0.125984251968504,0.214285714285714,0,0,0.102272727272727,0.0555555555555556,0.0869565217391304,0.142394822006472,0,0,0,0.5,0.0202020202020202,0.0175438596491228,0.186147186147186,0,0,0.4,0.0882352941176471,0.0227272727272727,0.4,0.111111111111111,0,0,0.027027027027027,0,0.126666666666667,0.0277777777777778,0,0.0952380952380952,0.05,0.272727272727273,0.245762711864407,0.166666666666667,0.107142857142857,0.025,0.0285714285714286,0,0.0898876404494382,0,0.0166666666666667,0.0583333333333333,0.0833333333333333,0.00546448087431694,0,0.996503496503496,0.0212765957446809,0.0642504118616145,0.0666666666666667,0,0.1036866359447,0.125590179414542,0,0,0.0154798761609907,0.0454545454545455,0.0464037122969838,0.00101419878296146,0.0625,0.118518518518519,0.151515151515152,0.117647058823529,0.103448275862069,0.153179190751445,0.107142857142857,0.025,0.185185185185185,0,0,0,0,0,0,0,0,0,0,0,0,0,0,0,0,0
"Prevotella_marshii",0.938775510204082,0.384615384615385,0.257142857142857,0.888888888888889,0.545454545454545,0.105590062111801,0.772935779816514,0.0374331550802139,0.0324324324324324,0.176470588235294,0.488372093023256,0.75,0.744186046511628,0.228136882129278,0.121212121212121,0.543307086614173,0.714285714285714,0.35,0.2,0.579545454545455,0.555555555555556,0.521739130434783,0.320388349514563,0.5,0.0879120879120879,0.25,0.4,0.0707070707070707,0.140350877192982,0.194805194805195,0.743589743589744,0.8125,0.8,0.544117647058823,0.75,0.3,0.703703703703704,0.1,0.634615384615385,0.459459459459459,0.714285714285714,0.746666666666667,0.0277777777777778,0.844444444444444,0.19047619047619,0.65,0.272727272727273,0.152542372881356,0.761904761904762,0.857142857142857,0.35,0.342857142857143,0,0.176029962546816,0.523809523809524,0.0166666666666667,0.025,0.416666666666667,0.26775956284153,0.299077733860343,0.101398601398601,0.127659574468085,0.172981878088962,0.6,0.6,0.609831029185868,0.660056657223796,0.313725490196078,0.583333333333333,0.232198142414861,0.213286713286713,0.220417633410673,0.0963488843813387,0.4375,0.592592592592593,0.393939393939394,0.0882352941176471,0.241379310344828,0.326589595375723,0.267857142857143,0.125,0.0740740740740741,0.0714285714285714,0.0518518518518519,0,0,0.1,0,0.00854700854700855,0.203125,0,0.0909090909090909,0,0,0.583333333333333,0,0.0673076923076923,0.00625,0.415797317436662
"Treponema_parvum",0.673469387755102,0.230769230769231,0.114285714285714,0.296296296296296,0.181818181818182,0.0062111801242236,0.362385321100917,0,0,0.0367647058823529,0.232558139534884,0.4,0.558139534883721,0.064638783269962,0.0909090909090909,0.645669291338583,0.428571428571429,0.05,0,0.363636363636364,0.444444444444444,0.391304347826087,0.0970873786407767,0.105263157894737,0.00549450549450549,0,0.1,0.0202020202020202,0.087719298245614,0.103896103896104,0.128205128205128,0.1875,0.4,0.25,0.0227272727272727,0.1,0.481481481481481,0.1,0.365384615384615,0.162162162162162,0.238095238095238,0.573333333333333,0.0833333333333333,0.311111111111111,0.523809523809524,0.4,0.272727272727273,0.076271186440678,0.547619047619048,0.714285714285714,0.225,0.2,0.2,0.0149812734082397,0.0476190476190476,0,0.0333333333333333,0.25,0.0819672131147541,0.072463768115942,0,0.0638297872340425,0.107084019769357,0.133333333333333,0.633333333333333,0.153609831029186,0.206798866855524,0.0392156862745098,0,0.148606811145511,0.118881118881119,0.134570765661253,0.00304259634888438,0.0714285714285714,0.222222222222222,0.121212121212121,0.117647058823529,0.0689655172413793,0.358381502890173,0.125,0.075,0.148148148148148,0.00714285714285714,0,0,0,0,0,0,0,0,0,0,0,0,0,0,0,0
"Lautropia_mirabilis",1,0.615384615384615,0.942857142857143,1,1,0.757763975155279,0.997706422018349,0.786096256684492,0.735135135135135,0.955882352941177,0.86046511627907,1,0.976744186046512,0.897338403041825,0.575757575757576,1,1,1,1,0.897727272727273,1,0.978260869565217,0.886731391585761,1,0.983516483516483,1,0.9,0.676767676767677,0.789473684210526,0.935064935064935,1,1,0.9,0.941176470588235,0.954545454545455,1,0.987654320987654,0.85,0.980769230769231,0.945945945945946,0.904761904761905,0.953333333333333,0.527777777777778,1,0.952380952380952,1,0.909090909090909,0.745762711864407,1,0.964285714285714,0.825,0.8,1,0.9812734082397,1,1,1,1,0.683060109289617,0.702239789196311,0.996503496503496,0.51063829787234,0.952224052718287,1,1,1,0.997167138810198,1,0.916666666666667,0.91640866873065,0.65034965034965,0.651972157772622,0.743407707910751,1,1,0.878787878787879,0.794117647058823,0.931034482758621,0.994219653179191,0.875,0.8,0.777777777777778,0.964285714285714,0.955555555555556,0.55,0.483870967741935,0.5,0.347826086956522,0.786324786324786,0.859375,0.35,0.545454545454545,0.365994236311239,0.623762376237624,0.833333333333333,0.407407407407407,0.826923076923077,0.86875,0.988077496274218
"Barnesiella_intestinihominis",0.0612244897959184,0.128205128205128,0.0142857142857143,0.259259259259259,0.515151515151515,0,0.00458715596330275,0,0,0.220588235294118,0.0465116279069767,0.25,0,0,0.303030303030303,0.062992125984252,0,0.45,0,0.238636363636364,0.333333333333333,0.0652173913043478,0,0.0263157894736842,0,0,0,0.0707070707070707,0.087719298245614,0.00865800865800866,0,0.0125,0.9,0.558823529411765,0,0.9,0.296296296296296,0,0.423076923076923,0,0,0.166666666666667,0,0.466666666666667,0.0952380952380952,1,0.0909090909090909,0,0,0,0.05,0.0571428571428571,0,0.0112359550561798,0,0.05,0.158333333333333,0.0833333333333333,0,0,0.0174825174825175,0,0.0848434925864909,0.266666666666667,0.133333333333333,0.00921658986175115,0.012275731822474,0,0.5,0.0154798761609907,0,0.00232018561484919,0.00202839756592292,0.366071428571429,0.711111111111111,0,0.176470588235294,0.0344827586206897,0.125722543352601,0.0357142857142857,0,0.185185185185185,0,0,0,0,0,0,0,0,0,0,0,0,0,0,0,0,0
"Actinobacillus_rossii",0.326530612244898,0.0769230769230769,0.371428571428571,1,0.252525252525253,0,0.178899082568807,0.0427807486631016,0.0324324324324324,0.382352941176471,0.0232558139534884,0.55,0.0697674418604651,0.498098859315589,0.333333333333333,0.141732283464567,0.785714285714286,0,0.133333333333333,0.170454545454545,0.0555555555555556,0.760869565217391,0.210355987055016,0.947368421052632,0.0934065934065934,0,0.3,0.191919191919192,0.157894736842105,0.731601731601732,0,0,0.6,0.235294117647059,0.227272727272727,0.5,0.728395061728395,0.7,0.211538461538462,0,0,0.106666666666667,0.0833333333333333,0.577777777777778,0.476190476190476,0.8,1,0.669491525423729,0.69047619047619,0.464285714285714,0.125,0.0857142857142857,0,0.314606741573034,0,0.516666666666667,0.45,0.583333333333333,0.0273224043715847,0.0223978919631094,0.195804195804196,0.297872340425532,0.14827018121911,0.133333333333333,0.433333333333333,0.817204301075269,0.605288007554296,0.372549019607843,0.416666666666667,0.102167182662539,0.384615384615385,0.361948955916473,0.00405679513184584,0.5,0.437037037037037,0.242424242424242,0.264705882352941,0.275862068965517,0.796242774566474,0.267857142857143,0.05,0.222222222222222,0,0,0,0,0,0,0,0,0,0,0,0,0,0,0,0,0
"Actinomyces_gerencseriae",0.510204081632653,0.102564102564103,0.771428571428571,0.703703703703704,0.474747474747475,0.124223602484472,0.348623853211009,0.363636363636364,0.335135135135135,0.0808823529411765,0.883720930232558,0.75,0.720930232558139,0.47148288973384,0.272727272727273,0.590551181102362,0.5,0.8,0.2,0.329545454545455,0.111111111111111,0.760869565217391,0.336569579288026,0.763157894736842,0.148351648351648,0.125,0.6,0.111111111111111,0.280701754385965,0.29004329004329,0.743589743589744,0.675,0.8,0.514705882352941,0.772727272727273,0.2,0.703703703703704,0.5,0.480769230769231,0.702702702702703,0.761904761904762,0.306666666666667,0.111111111111111,0.466666666666667,0.0952380952380952,0.3,0.545454545454545,0.406779661016949,0.666666666666667,0.464285714285714,0.5,0.742857142857143,0.2,0.411985018726592,0.380952380952381,0.5,0.541666666666667,0.916666666666667,0.147540983606557,0.152832674571805,0.244755244755245,0.212765957446809,0.258649093904448,0.6,0.266666666666667,0.964669738863287,0.949008498583569,0.843137254901961,0.5,0.105263157894737,0.440559440559441,0.466357308584687,0.0517241379310345,0.705357142857143,0.940740740740741,0.96969696969697,0.529411764705882,0.517241379310345,0.745664739884393,0.75,0.625,0.481481481481481,0.485714285714286,0,0,0,0,0,0,0,0,0,0,0,0,0,0,0,0
"Bacteroides_stercoris",0.0204081632653061,0.205128205128205,0,0.148148148148148,0.333333333333333,0,0,0.0053475935828877,0,0.139705882352941,0.0465116279069767,0,0,0,0.0909090909090909,0.102362204724409,0,0.3,0,0.159090909090909,0.444444444444444,0,0,0.0789473684210526,0,0,0,0.0707070707070707,0.0350877192982456,0.181818181818182,0,0,0.8,0.102941176470588,0,0.7,0.728395061728395,0,0.0192307692307692,0,0,0.08,0,0.0222222222222222,0,0.75,0,0.135593220338983,0,0,0,0,0,0.0112359550561798,0,0.0833333333333333,0.075,0,0,0,0.00699300699300699,0.0212765957446809,0.0337726523887974,0.4,0.233333333333333,0.0130568356374808,0.00661000944287063,0,0.25,0.0154798761609907,0.013986013986014,0.00232018561484919,0.00405679513184584,0.785714285714286,0.792592592592593,0,0.235294117647059,0.206896551724138,0.0809248554913295,0,0,0.814814814814815,0,0,0,0,0,0,0,0,0,0,0,0,0,0,0,0,0
"Neisseria_shayeganii",0.428571428571429,0.0512820512820513,0.0857142857142857,0.851851851851852,0.171717171717172,0.0248447204968944,0.662844036697248,0.0748663101604278,0.113513513513514,0.117647058823529,0,0.65,0.186046511627907,0.091254752851711,0.0606060606060606,0.236220472440945,0.285714285714286,0.2,0.466666666666667,0.215909090909091,0.222222222222222,0.152173913043478,0.0614886731391586,0.421052631578947,0.0549450549450549,0,0.3,0.111111111111111,0.0701754385964912,0.203463203463203,0.307692307692308,0.2,0.6,0.205882352941176,0.159090909090909,0.1,0.271604938271605,0.15,0.596153846153846,0.0810810810810811,0.0952380952380952,0.0866666666666667,0.111111111111111,0.266666666666667,0,0.55,0.0909090909090909,0.0677966101694915,0.30952380952381,0.142857142857143,0.1,0.114285714285714,0,0.153558052434457,0.0476190476190476,0.133333333333333,0.108333333333333,0,0,0.00922266139657444,0.86013986013986,0.127659574468085,0.0840197693574959,0.2,0.466666666666667,0.334101382488479,0.291784702549575,0.980392156862745,0.166666666666667,0.0588235294117647,0.262237762237762,0.283062645011601,0.119675456389452,0.383928571428571,0.222222222222222,0.121212121212121,0.0588235294117647,0.0689655172413793,0.488439306358382,0.0357142857142857,0.05,0,0,0,0,0,0,0,0,0,0,0,0,0,0,0,0,0,0
"Selenomonas_noxia",0.979591836734694,0.538461538461538,0.942857142857143,1,1,0.360248447204969,0.977064220183486,0.636363636363636,0.589189189189189,0.698529411764706,0.953488372093023,1,0.953488372093023,0.64638783269962,0.666666666666667,1,1,1,0.733333333333333,0.852272727272727,0.833333333333333,1,0.673139158576052,1,0.835164835164835,0.5625,1,0.222222222222222,0.631578947368421,0.857142857142857,0.974358974358974,0.9875,1,0.970588235294118,0.931818181818182,0.9,0.975308641975309,0.85,1,0.945945945945946,0.952380952380952,0.9,0.388888888888889,1,1,0.45,1,0.686440677966102,1,0.964285714285714,0.95,0.914285714285714,0.8,0.760299625468165,0.952380952380952,0.85,0.975,1,0.502732240437158,0.488801054018445,0.346153846153846,0.425531914893617,0.927512355848435,0.866666666666667,1,0.966205837173579,0.971671388101983,0.980392156862745,1,0.662538699690402,0.524475524475524,0.503480278422274,0.549695740365112,0.946428571428571,0.985185185185185,0.878787878787879,0.882352941176471,0.827586206896552,0.985549132947977,0.714285714285714,0.7,0.851851851851852,0.464285714285714,0.437037037037037,0.025,0.032258064516129,0.1,0.0217391304347826,0.435897435897436,0.484375,0.05,0.363636363636364,0.00576368876080692,0.0594059405940594,0.791666666666667,0,0.105769230769231,0.13125,0.551415797317437
"Bifidobacterium_dentium",0.510204081632653,0.102564102564103,0.442857142857143,0.185185185185185,0.252525252525253,0,0.405963302752294,0.540106951871658,0.518918918918919,0.117647058823529,0.511627906976744,0.4,0.418604651162791,0.20532319391635,0.151515151515152,0.740157480314961,0.142857142857143,0,0.266666666666667,0.0113636363636364,0,0.260869565217391,0.00323624595469256,0.342105263157895,0.0604395604395604,0.125,0.4,0.191919191919192,0.140350877192982,0.173160173160173,0.41025641025641,0.6875,0.6,0.397058823529412,0.113636363636364,0.2,0.604938271604938,0.25,0.230769230769231,0.459459459459459,0.380952380952381,0.22,0.0833333333333333,0.0888888888888889,0.666666666666667,0.15,0.272727272727273,0.144067796610169,0.523809523809524,0.785714285714286,0.6,0.714285714285714,0.5,0.101123595505618,0,0.0666666666666667,0.1,0.416666666666667,0,0.00131752305665349,0.0104895104895105,0.191489361702128,0.0609555189456343,0.4,0.0333333333333333,0.37173579109063,0.457979225684608,0,0.25,0.0835913312693498,0.15034965034965,0.162412993039443,0.0141987829614604,0.3125,0.622222222222222,0.484848484848485,0.588235294117647,0.344827586206897,0.544797687861272,0.607142857142857,0.4,0.666666666666667,0.00714285714285714,0.207407407407407,0,0,0,0,0.316239316239316,0.0625,0.05,0.181818181818182,0,0,0.208333333333333,0,0,0.24375,0.0774962742175857
"Gemmatimonas_aurantiaca",0.0408163265306122,0.0256410256410256,0.0142857142857143,0.111111111111111,0.0707070707070707,0,0,0,0.00540540540540541,0,0,0.1,0,0,0,0,0,0,0,0,0,0,0,0,0,0,0,0.111111111111111,0,0,0,0,0,0.485294117647059,0.409090909090909,0,0,0,0.423076923076923,0,0,0.0333333333333333,0.638888888888889,0.0444444444444444,0,0.5,0,0,0,0,0,0.0285714285714286,1,0.00749063670411985,0,0.216666666666667,0.175,0,0,0,0.0034965034965035,0.0212765957446809,0.116968698517298,0.133333333333333,0,0.00768049155145929,0.00188857412653447,0.0392156862745098,0.25,0,0,0,0,0.00892857142857143,0.0222222222222222,0,0,0,0,0,0,0,0,0,0,0,0,0,0,0,0,0,0,0,0,0,0,0,0
"Haemophilus_parainfluenzae",1,1,1,1,0.98989898989899,0.981366459627329,1,0.978609625668449,0.967567567567568,1,1,1,1,0.901140684410646,0.666666666666667,0.976377952755906,1,1,1,0.693181818181818,0.722222222222222,1,0.925566343042071,1,1,0.6875,0.8,0.909090909090909,0.807017543859649,0.939393939393939,1,1,1,0.985294117647059,1,1,1,1,1,1,1,0.593333333333333,0.472222222222222,1,1,1,1,0.822033898305085,1,1,0.95,1,1,1,1,1,1,1,0.699453551912568,0.706192358366271,0.905594405594406,0.425531914893617,0.99835255354201,1,1,1,1,1,1,0.95046439628483,0.657342657342657,0.654292343387471,0.964503042596349,1,1,0.909090909090909,0.852941176470588,0.896551724137931,1,0.928571428571429,0.925,0.851851851851852,1,1,1,0.758064516129032,0.7,0.91304347826087,0.952991452991453,0.984375,1,1,0.927953890489914,1,0.958333333333333,0.962962962962963,0.942307692307692,0.96875,1
"Porphyromonas_gingivalis",0.979591836734694,0.384615384615385,0.128571428571429,0.962962962962963,0.383838383838384,0.440993788819876,0.926605504587156,0.229946524064171,0.32972972972973,0.698529411764706,0.232558139534884,0.7,0.767441860465116,0.178707224334601,0.393939393939394,1,1,0.15,0.866666666666667,0.818181818181818,0.944444444444444,0.934782608695652,0.508090614886731,0.657894736842105,0.181318681318681,0,0.8,0.222222222222222,0.315789473684211,0.722943722943723,0.82051282051282,0.875,1,0.514705882352941,0.704545454545455,0.2,0.950617283950617,0.2,0.846153846153846,0.756756756756757,0.380952380952381,0.94,0.444444444444444,0.888888888888889,0.523809523809524,1,0.545454545454545,0.177966101694915,0.880952380952381,0.964285714285714,0.5,0.514285714285714,1,0.0861423220973783,0.619047619047619,0.15,0.233333333333333,0.25,0.595628415300546,0.58498023715415,0,0.425531914893617,0.310543657331137,0.466666666666667,0.6,0.372503840245776,0.565627950897073,0.196078431372549,0,0.427244582043344,0.454545454545455,0.468677494199536,0.0862068965517241,0.473214285714286,0.97037037037037,0.454545454545455,0.441176470588235,0.275862068965517,0.65606936416185,0.375,0.2,0.555555555555556,0.55,0.866666666666667,0,0.161290322580645,0.4,0.125,0.576923076923077,0.1875,0.05,0,0.0172910662824208,0.0099009900990099,0.958333333333333,0.138888888888889,0.125,0.40625,0.837555886736215
"Streptococcus_sobrinus",0.244897959183673,0,0.171428571428571,0.037037037037037,0,0.0186335403726708,0.0435779816513761,0.197860962566845,0.232432432432432,0.0367647058823529,0.302325581395349,0.1,0.162790697674419,0.0380228136882129,0.0303030303030303,0.21259842519685,0.0714285714285714,0.05,0.4,0.0340909090909091,0,0.0652173913043478,0.00323624595469256,0.0789473684210526,0.00549450549450549,0,0.1,0.0505050505050505,0.0526315789473684,0,0.153846153846154,0.2125,0.3,0.323529411764706,0.0454545454545455,0,0.345679012345679,0,0.0192307692307692,0.405405405405405,0.571428571428571,0.04,0,0.0222222222222222,0.0952380952380952,0,0.0909090909090909,0.0338983050847458,0.380952380952381,0.25,0.2,0.314285714285714,0.4,0.101123595505618,0.0476190476190476,0.0166666666666667,0.00833333333333333,0,0.0437158469945355,0.0250329380764163,0,0.0425531914893617,0.0387149917627677,0.0666666666666667,0.0333333333333333,0.0768049155145929,0.0812086874409821,0.0784313725490196,0.0833333333333333,0.0154798761609907,0.041958041958042,0.0348027842227378,0.0294117647058824,0.00892857142857143,0.385185185185185,0.0606060606060606,0.147058823529412,0,0.184971098265896,0.178571428571429,0.15,0,0.121428571428571,0.037037037037037,0,0,0,0,0.145299145299145,0.03125,0,0.0909090909090909,0.00576368876080692,0,0.125,0,0,0.03125,0.0178837555886736
"Pseudomonas_stutzeri",0.244897959183673,0.384615384615385,0,0.518518518518518,0.0808080808080808,0,0.00229357798165138,0,0,0,0.0465116279069767,0,0.0232558139534884,0.00380228136882129,0,0,0,0,0.0666666666666667,0.0113636363636364,0,0,0,0,0,0.0625,0,0.0101010101010101,0,0,0,0,0,0.0441176470588235,0,0,0,0,0.0192307692307692,0,0,0.0133333333333333,0.0833333333333333,0.0444444444444444,0,0,0,0,0,0.0357142857142857,0,0,0.4,0,0.0952380952380952,0.0666666666666667,0.05,0,0,0.00395256916996047,0,0.127659574468085,0.0444810543657331,0.0666666666666667,0,0.0614439324116743,0.102927289896128,0,0,0,0,0,0,0.0178571428571429,0.0148148148148148,0,0,0,0.00144508670520231,0,0,0,0,0,0,0,0,0,0,0,0,0,0,0,0,0,0,0,0
"Acinetobacter_junii",0.387755102040816,0.461538461538462,0,0.481481481481481,0.151515151515152,0.0062111801242236,0.103211009174312,0.0160427807486631,0.0108108108108108,0.00735294117647059,0.0465116279069767,0,0.0465116279069767,0,0,0.0236220472440945,0,0,0,0,0,0,0,0,0.0274725274725275,0,0,0.0808080808080808,0,0,0,0,0,0,0,0,0.0123456790123457,0,0,0,0.0476190476190476,0.0266666666666667,0,0.0888888888888889,0.0476190476190476,0.1,0,0,0.0238095238095238,0.0714285714285714,0,0,0.1,0,0.0952380952380952,0.4,0.375,0.0833333333333333,0.0710382513661202,0.0671936758893281,0.0034965034965035,0.170212765957447,0.00329489291598023,0.266666666666667,0,0.323348694316436,0.349386213408876,0.0392156862745098,0,0,0.00699300699300699,0.00928074245939675,0.00101419878296146,0.0803571428571429,0.00740740740740741,0.0303030303030303,0,0,0.0130057803468208,0,0,0,0.00714285714285714,0,0,0,0,0,0,0,0,0,0,0,0.0416666666666667,0,0,0,0
"Bacteroides_acidifaciens",0.326530612244898,0.58974358974359,0.185714285714286,1,0.272727272727273,0.0062111801242236,0.176605504587156,0,0,0.272058823529412,0.0232558139534884,0.3,0.0930232558139535,0.399239543726236,0.181818181818182,0.251968503937008,0.5,0.4,0.2,0.659090909090909,0.722222222222222,0.173913043478261,0.00323624595469256,0.973684210526316,0.0934065934065934,0.0625,0.2,0.0707070707070707,0.140350877192982,0.489177489177489,0,0,0.8,0.514705882352941,0.363636363636364,1,0.506172839506173,0,0.115384615384615,0.297297297297297,0.333333333333333,0.00666666666666667,0.0555555555555556,0.466666666666667,0.0952380952380952,0.95,0.545454545454545,0.788135593220339,0.30952380952381,0.178571428571429,0.1,0,0.5,0.629213483146067,0,0,0.0166666666666667,0.666666666666667,0.185792349726776,0.184453227931489,0,0.297872340425532,0.824546952224053,0.266666666666667,0.233333333333333,0.557603686635945,0.409820585457979,0.215686274509804,0.833333333333333,0.210526315789474,0.0734265734265734,0.08584686774942,0.00101419878296146,0.348214285714286,0.385185185185185,0.151515151515152,0.264705882352941,0.517241379310345,0.0476878612716763,0.125,0.1,0.111111111111111,0,0,0,0,0,0,0,0,0,0,0,0,0,0,0,0,0
"Prevotella_amnii",0.0408163265306122,0.0769230769230769,0,0.333333333333333,0.0808080808080808,0.0062111801242236,0.0963302752293578,0,0,0.117647058823529,0.0465116279069767,0.1,0.0232558139534884,0.00380228136882129,0,0.0866141732283465,0.142857142857143,0,0.133333333333333,0.136363636363636,0.388888888888889,0.0434782608695652,0.029126213592233,0.526315789473684,0.00549450549450549,0,0.2,0.0101010101010101,0,0,0.0769230769230769,0.1875,0.7,0.205882352941176,0.113636363636364,0.1,0.0987654320987654,0.05,0.134615384615385,0.108108108108108,0.0476190476190476,0.166666666666667,0,0.222222222222222,0,0.2,0,0,0.166666666666667,0.0714285714285714,0,0.0571428571428571,0.3,0.00374531835205993,0,0,0,0.166666666666667,0,0.00263504611330698,0,0,0.0057660626029654,0.0666666666666667,0.0333333333333333,0.158218125960061,0.117091595845137,0,0,0.0123839009287926,0.0034965034965035,0.0208816705336427,0.00202839756592292,0.0625,0.140740740740741,0,0,0,0.00433526011560694,0,0,0.148148148148148,0,0,0,0,0,0,0,0,0,0,0,0,0,0,0,0,0.0014903129657228
"Streptococcus_agalactiae",0.0408163265306122,0.102564102564103,0.242857142857143,0.148148148148148,0.0606060606060606,0,0.0160550458715596,0.0106951871657754,0.0108108108108108,0,0.0232558139534884,0,0.0232558139534884,0.224334600760456,0,0.133858267716535,0,0.1,0,0.0113636363636364,0,0.0434782608695652,0.0129449838187702,0.157894736842105,0.0494505494505494,0,0.1,0.0303030303030303,0.12280701754386,0.0303030303030303,0.0769230769230769,0.175,0.1,0.0294117647058824,0.454545454545455,0,0.0493827160493827,0,0.0192307692307692,0.0540540540540541,0.0952380952380952,0.0533333333333333,0,0.311111111111111,0,0.05,0,0.0423728813559322,0.0714285714285714,0.0357142857142857,0.075,0.0857142857142857,0,0.0411985018726592,0.857142857142857,0.0333333333333333,0.05,0,0.0109289617486339,0.00922266139657444,0.744755244755245,0.0212765957446809,0.0238879736408567,0.333333333333333,0.0666666666666667,0.217357910906298,0.232294617563739,0.0196078431372549,0,0.0309597523219814,0.013986013986014,0.00696055684454756,0.00304259634888438,0.0892857142857143,0.118518518518519,0.181818181818182,0.0294117647058824,0,0.0736994219653179,0.160714285714286,0.275,0.037037037037037,0,0,0,0,0,0,0,0,0,0,0,0,0,0,0,0,0
"Treponema_bryantii",0.142857142857143,0.153846153846154,0.0571428571428571,0.222222222222222,0.0303030303030303,0.0434782608695652,0.036697247706422,0,0,0.00735294117647059,0.186046511627907,0.05,0.232558139534884,0,0,0,0.214285714285714,0.05,0,0.0340909090909091,0.0555555555555556,0.108695652173913,0,0.0263157894736842,0.00549450549450549,0,0,0.0101010101010101,0,0,0.0512820512820513,0.125,0.3,0.0441176470588235,0.0909090909090909,0,0.148148148148148,0.05,0.307692307692308,0.216216216216216,0,0,0,0,0.19047619047619,0.15,0,0,0.428571428571429,0.5,0.025,0.0285714285714286,0,0,0.19047619047619,0,0.0166666666666667,0.0833333333333333,0.087431693989071,0.115942028985507,0,0,0.0263591433278418,0,0,0.0552995391705069,0.0670443814919736,0.0392156862745098,0.25,0,0.0174825174825175,0.0301624129930394,0.013184584178499,0.0178571428571429,0.103703703703704,0,0,0,0.0130057803468208,0,0,0,0.0571428571428571,0,0,0,0,0,0,0,0,0,0,0,0,0,0,0,0
"Bacteroides_intestinalis",0.877551020408163,0.333333333333333,0.257142857142857,0.962962962962963,0.787878787878788,0,0.518348623853211,0,0,0.308823529411765,0,0.6,0.209302325581395,0.486692015209125,0.363636363636364,0.598425196850394,0.785714285714286,0.05,0.333333333333333,0.375,0.444444444444444,0.391304347826087,0.0679611650485437,0.815789473684211,0.17032967032967,0.25,0.3,0.222222222222222,0.350877192982456,0.74025974025974,0,0,0.7,0.514705882352941,0.431818181818182,0.8,0.407407407407407,0.05,0.0384615384615385,0.594594594594595,0.571428571428571,0.193333333333333,0.222222222222222,0.555555555555556,0.0476190476190476,0.95,0.727272727272727,0.474576271186441,0.785714285714286,0.785714285714286,0.15,0.0285714285714286,0,0.700374531835206,0,0.0166666666666667,0.0333333333333333,0.75,0,0,0,0.340425531914894,0.354200988467875,0.6,0.7,0.825652841781874,0.721435316336166,0.431372549019608,0.416666666666667,0.337461300309598,0.227272727272727,0.19953596287703,0.00304259634888438,0.357142857142857,0.6,0.0606060606060606,0.323529411764706,0.551724137931034,0.0332369942196532,0.0892857142857143,0.05,0.259259259259259,0,0,0,0,0,0,0,0,0,0,0,0,0,0,0.00961538461538462,0,0
"Filifactor_alocis",0.897959183673469,0.461538461538462,0.557142857142857,1,0.909090909090909,0.503105590062112,0.970183486238532,0.251336898395722,0.318918918918919,0.823529411764706,0.581395348837209,1,0.790697674418605,0.372623574144487,0.393939393939394,0.992125984251969,1,0.55,1,0.875,0.944444444444444,0.91304347826087,0.56957928802589,0.684210526315789,0.571428571428571,0.25,0.6,0.252525252525253,0.508771929824561,0.515151515151515,0.846153846153846,0.9625,0.9,0.779411764705882,0.818181818181818,0.7,0.802469135802469,0.3,0.980769230769231,0.783783783783784,0.904761904761905,0.906666666666667,0.472222222222222,1,0.952380952380952,0.9,0.636363636363636,0.279661016949153,1,0.928571428571429,0.675,0.685714285714286,1,0.382022471910112,0.666666666666667,0.683333333333333,0.766666666666667,0.583333333333333,0.557377049180328,0.557312252964427,0,0.25531914893617,0.199341021416804,0.8,0.833333333333333,0.661290322580645,0.82247403210576,0.294117647058824,0.583333333333333,0.575851393188854,0.482517482517482,0.554524361948956,0.272819472616633,0.580357142857143,0.992592592592593,0.363636363636364,0.264705882352941,0.379310344827586,0.852601156069364,0.303571428571429,0.1,0.555555555555556,0.535714285714286,0.940740740740741,0.025,0.0967741935483871,0.1,0.0108695652173913,0.363247863247863,0.515625,0.05,0.136363636363636,0.00576368876080692,0.0198019801980198,1,0.0740740740740741,0.0769230769230769,0.23125,0.938897168405365
"Prevotella_copri",0.0408163265306122,0.692307692307692,0,0.62962962962963,0.111111111111111,0,0.00688073394495413,0,0,0.654411764705882,0.0232558139534884,0.05,0.0232558139534884,0.026615969581749,0.0303030303030303,0.244094488188976,0,0.6,0,0.920454545454545,0.944444444444444,0.0652173913043478,0.0711974110032362,0.0789473684210526,0.00549450549450549,0,0.1,0.262626262626263,0.807017543859649,0.00432900432900433,0.0256410256410256,0,1,0.382352941176471,0.0454545454545455,0.8,0.790123456790123,0,0.326923076923077,0,0,0.993333333333333,0,0.266666666666667,0,0.85,0.0909090909090909,0.0338983050847458,0.904761904761905,0.857142857142857,0,0,0,0.0112359550561798,0.0476190476190476,0.133333333333333,0.0833333333333333,0,0.00546448087431694,0.00131752305665349,0.248251748251748,0.212765957446809,0.0667215815485997,1,0.666666666666667,0.0368663594470046,0.0169971671388102,0.117647058823529,0,0.0185758513931889,0.0104895104895105,0.00928074245939675,0.00912778904665314,1,0.888888888888889,0.0606060606060606,0.676470588235294,0.689655172413793,0.273121387283237,0.0357142857142857,0,0.666666666666667,0,0.0296296296296296,0,0,0,0,0,0,0,0,0,0.0099009900990099,0,0,0,0,0.00745156482861401
"Odoribacter_denticanis",0.0816326530612245,0.0512820512820513,0,0.148148148148148,0,0.0248447204968944,0.330275229357798,0.0053475935828877,0.0162162162162162,0.0661764705882353,0,0.2,0.255813953488372,0.00760456273764259,0,0.440944881889764,0.285714285714286,0,0.133333333333333,0.170454545454545,0.333333333333333,0.0217391304347826,0.0194174757281553,0.105263157894737,0.00549450549450549,0,0,0,0,0,0.128205128205128,0.1375,0.2,0.0882352941176471,0.136363636363636,0,0.135802469135802,0,0.307692307692308,0.189189189189189,0.142857142857143,0.253333333333333,0.111111111111111,0.155555555555556,0.428571428571429,0.15,0,0.0169491525423729,0,0.0357142857142857,0.025,0.0285714285714286,0.4,0,0.0476190476190476,0.05,0.0166666666666667,0,0.0765027322404372,0.101449275362319,0,0,0.00247116968698517,0,0.266666666666667,0.0345622119815668,0.0387157695939566,0,0,0,0.0909090909090909,0.111368909512761,0,0.0267857142857143,0.177777777777778,0.0303030303030303,0,0.0344827586206897,0.205202312138728,0,0,0.037037037037037,0.0642857142857143,0,0,0,0,0,0,0,0,0,0,0,0,0,0,0,0
"Bacteroides_heparinolyticus",0.489795918367347,0.358974358974359,0,0.185185185185185,0.212121212121212,0.0559006211180124,0.525229357798165,0.0160427807486631,0.027027027027027,0.139705882352941,0.0697674418604651,0.4,0.395348837209302,0.00380228136882129,0.121212121212121,0.535433070866142,0.357142857142857,0.05,0.2,0.102272727272727,0.388888888888889,0.152173913043478,0.0355987055016181,0,0,0,0.1,0.0505050505050505,0.0526315789473684,0,0.153846153846154,0.2375,0.2,0.102941176470588,0,0,0.308641975308642,0,0.596153846153846,0.189189189189189,0.0952380952380952,0.666666666666667,0.0833333333333333,0.422222222222222,0.619047619047619,0.4,0.181818181818182,0.0254237288135593,0.166666666666667,0.214285714285714,0.075,0,0.6,0,0.142857142857143,0,0,0,0.087431693989071,0.133069828722003,0,0.0425531914893617,0.0181219110378913,0.2,0.233333333333333,0.0207373271889401,0.0632672332389046,0,0,0.0371517027863777,0.0839160839160839,0.127610208816705,0.00101419878296146,0.0535714285714286,0.0888888888888889,0.0303030303030303,0.0588235294117647,0.0344827586206897,0.296242774566474,0,0.025,0.037037037037037,0.0428571428571429,0,0,0,0,0.00543478260869565,0.0555555555555556,0,0,0,0,0,0.375,0,0,0.0125,0.277198211624441
"Rothia_mucilaginosa",1,0.794871794871795,1,1,1,0.77639751552795,1,1,0.994594594594595,1,1,1,0.953488372093023,0.980988593155893,0.666666666666667,1,1,1,0.466666666666667,0.954545454545455,0.944444444444444,1,0.951456310679612,1,0.994505494505495,1,1,0.939393939393939,1,0.930735930735931,1,1,1,1,1,1,1,1,1,1,1,0.94,0.5,1,1,1,1,1,1,1,1,1,1,1,1,1,1,1,0.699453551912568,0.706192358366271,0.996503496503496,0.51063829787234,0.967874794069193,1,1,1,1,1,1,0.996904024767802,0.657342657342657,0.654292343387471,0.952332657200811,1,1,1,1,1,1,1,1,1,0.992857142857143,1,0.975,0.951612903225806,0.2,0.934782608695652,1,1,1,1,0.930835734870317,1,1,0.981481481481482,0.951923076923077,1,1
"Lachnoanaerobaculum_saburreum",0.857142857142857,0.487179487179487,0.971428571428571,0.962962962962963,0.737373737373737,0.459627329192547,0.894495412844037,0.754010695187166,0.762162162162162,0.654411764705882,0.953488372093023,0.9,0.976744186046512,0.832699619771863,0.484848484848485,0.984251968503937,0.928571428571429,1,0.666666666666667,0.784090909090909,0.944444444444444,0.978260869565217,0.58252427184466,1,0.434065934065934,0.5,0.8,0.272727272727273,0.543859649122807,0.757575757575758,0.974358974358974,0.9625,1,0.897058823529412,0.909090909090909,0.6,0.950617283950617,0.75,0.865384615384615,0.945945945945946,0.904761904761905,0.813333333333333,0.444444444444444,0.622222222222222,0.80952380952381,0.8,1,0.644067796610169,0.880952380952381,0.964285714285714,0.95,0.857142857142857,0.5,0.846441947565543,0.476190476190476,0.5,0.616666666666667,1,0.508196721311475,0.467720685111989,0.996503496503496,0.297872340425532,0.686161449752883,0.6,0.866666666666667,0.930875576036866,0.984891406987724,1,0.833333333333333,0.544891640866873,0.576923076923077,0.582366589327146,0.341784989858012,0.732142857142857,0.97037037037037,0.96969696969697,0.852941176470588,0.896551724137931,0.933526011560694,0.892857142857143,0.85,0.888888888888889,0.707142857142857,0.577777777777778,0.025,0.145161290322581,0.1,0.0489130434782609,0.752136752136752,0.875,0.55,0.909090909090909,0.00864553314121038,0.227722772277228,0.708333333333333,0,0.317307692307692,0.11875,0.862891207153502
"Acinetobacter_lwoffii",0.142857142857143,0,0,0.777777777777778,0.202020202020202,0,0.00688073394495413,0.0106951871657754,0.0162162162162162,0.0294117647058824,0.0697674418604651,0,0,0,0,0.015748031496063,0,0,0.0666666666666667,0,0,0,0,0,0,0,0,0,0.0526315789473684,0.0173160173160173,0,0,0.2,0,0,0,0,0,0.0192307692307692,0,0,0.00666666666666667,0.0833333333333333,0.177777777777778,0.0476190476190476,0.2,0,0,0,0.0357142857142857,0,0,1,0.0187265917602996,0.476190476190476,0.316666666666667,0.275,0,0,0.00263504611330698,0.027972027972028,0.0425531914893617,0.0535420098846787,0.2,0.0666666666666667,0.0253456221198157,0.072710103871577,0,0,0,0.00699300699300699,0.00232018561484919,0,0.0357142857142857,0.00740740740740741,0,0,0,0.00433526011560694,0,0,0,0,0,0,0,0,0,0,0,0,0,0,0,0,0,0,0,0
"Brachymonas_denitrificans",0.897959183673469,0.307692307692308,0.314285714285714,0.888888888888889,0.535353535353535,0.0062111801242236,0.922018348623853,0.0748663101604278,0.0486486486486487,0.419117647058824,0.162790697674419,0.9,0.790697674418605,0.384030418250951,0.151515151515152,0.881889763779528,0.714285714285714,0.15,0.8,0.443181818181818,0.333333333333333,0.239130434782609,0.339805825242718,0.842105263157895,0.258241758241758,0.375,0.2,0.121212121212121,0.421052631578947,0.484848484848485,0,0.0375,0.9,0.470588235294118,0.159090909090909,0.3,0.580246913580247,0.15,0.442307692307692,0.486486486486487,0.428571428571429,0.66,0.361111111111111,0.688888888888889,0.571428571428571,0.9,0.454545454545455,0.406779661016949,0.738095238095238,0.464285714285714,0.125,0.228571428571429,0.8,0.322097378277154,0.0476190476190476,0.216666666666667,0.2,0.416666666666667,0.0765027322404372,0.08300395256917,0.00699300699300699,0.382978723404255,0.300658978583196,0.666666666666667,0.966666666666667,0.45084485407066,0.452313503305005,0.843137254901961,0.583333333333333,0.374613003095975,0.43006993006993,0.461716937354988,0.0365111561866126,0.473214285714286,0.681481481481481,0.272727272727273,0.264705882352941,0.655172413793103,0.781791907514451,0.160714285714286,0.1,0.185185185185185,0.00714285714285714,0,0,0,0,0,0,0,0,0,0,0,0,0,0,0,0
"Prevotella_paludivivens",0.346938775510204,0.128205128205128,0,0.333333333333333,0.161616161616162,0.0248447204968944,0.511467889908257,0.0053475935828877,0,0.161764705882353,0.0232558139534884,0.65,0.325581395348837,0.0874524714828897,0.121212121212121,0.283464566929134,0.357142857142857,0.25,0.2,0.534090909090909,0.777777777777778,0.195652173913043,0.145631067961165,0.0526315789473684,0.010989010989011,0,0,0.0202020202020202,0.12280701754386,0.025974025974026,0,0.05,0.4,0.220588235294118,0.113636363636364,0,0.382716049382716,0,0.211538461538462,0.27027027027027,0.238095238095238,0.546666666666667,0.111111111111111,0.333333333333333,0.0476190476190476,0.6,0.181818181818182,0.0593220338983051,0.30952380952381,0.178571428571429,0.075,0.114285714285714,0,0.0299625468164794,0,0,0,0.166666666666667,0,0.00263504611330698,0.0104895104895105,0,0.0354200988467875,0.0666666666666667,0.533333333333333,0.0499231950844854,0.097261567516525,0,0,0.0897832817337461,0.0944055944055944,0.14385150812065,0.00202839756592292,0.0892857142857143,0.0888888888888889,0,0.0882352941176471,0.137931034482759,0.092485549132948,0.0892857142857143,0.025,0.037037037037037,0,0,0,0,0,0,0,0,0,0,0,0,0,0,0,0,0
"Streptococcus_gordonii",0.959183673469388,0.564102564102564,0.985714285714286,1,0.727272727272727,0.515527950310559,0.931192660550459,0.903743315508021,0.897297297297297,0.5,1,0.95,0.86046511627907,0.939163498098859,0.606060606060606,0.968503937007874,1,1,1,0.0909090909090909,0.0555555555555556,1,0.0129449838187702,0.605263157894737,0.642857142857143,0,0.8,0.545454545454545,0.807017543859649,0.632034632034632,1,0.925,1,0.970588235294118,0.681818181818182,0.9,0.975308641975309,0.95,0.788461538461538,1,0.857142857142857,0.0333333333333333,0.333333333333333,0.577777777777778,1,0.75,1,0.813559322033898,0.976190476190476,1,0.975,0.971428571428571,1,0.98876404494382,0.857142857142857,0.95,0.958333333333333,0.916666666666667,0.595628415300546,0.620553359683794,0,0.48936170212766,0.749588138385502,0.866666666666667,0.866666666666667,0.984639016897081,0.985835694050991,1,0.5,0.142414860681115,0.657342657342657,0.647331786542923,0.457403651115619,0.892857142857143,1,1,0.882352941176471,0.896551724137931,0.997109826589595,0.964285714285714,0.925,0.740740740740741,0.878571428571429,0.762962962962963,0.025,0.129032258064516,0.1,0.0489130434782609,0.846153846153846,0.78125,0.8,0.863636363636364,0.0778097982708934,0.366336633663366,0.916666666666667,0.203703703703704,0.25,0.44375,0.602086438152012
"Leptotrichia_hofstadii",0.959183673469388,0.358974358974359,0.9,1,0.838383838383838,0.652173913043478,0.979357798165138,0.588235294117647,0.540540540540541,0.948529411764706,0.883720930232558,0.95,1,0.790874524714829,0.545454545454545,1,1,0.9,0.6,0.852272727272727,1,1,0.718446601941748,1,0.818681318681319,0.5,0.9,0.636363636363636,0.684210526315789,0.865800865800866,0.974358974358974,0.9875,1,0.926470588235294,0.886363636363636,0.8,0.938271604938272,0.75,0.923076923076923,0.945945945945946,0.80952380952381,0.893333333333333,0.472222222222222,0.977777777777778,1,0.8,0.909090909090909,0.610169491525424,1,0.964285714285714,0.75,0.914285714285714,0.3,0.872659176029963,0.952380952380952,0.833333333333333,0.908333333333333,1,0.677595628415301,0.673254281949934,0.996503496503496,0.340425531914894,0.700988467874794,0.533333333333333,0.966666666666667,0.971582181259601,0.986779981114259,0.980392156862745,1,0.764705882352941,0.625874125874126,0.640371229698376,0.440162271805274,0.928571428571429,0.977777777777778,0.515151515151515,0.529411764705882,0.655172413793103,0.92485549132948,0.696428571428571,0.6,0.740740740740741,0.835714285714286,0.733333333333333,0,0.0161290322580645,0.2,0.00543478260869565,0.525641025641026,0.859375,0.35,0.863636363636364,0.0288184438040346,0.237623762376238,1,0,0.336538461538462,0.0625,0.979135618479881
"Bacteroides_zoogleoformans",0.448979591836735,0,0,0.222222222222222,0.343434343434343,0.0062111801242236,0.238532110091743,0.0053475935828877,0.027027027027027,0,0.0232558139534884,0.05,0.0930232558139535,0.0114068441064639,0.0606060606060606,0.031496062992126,0.214285714285714,0,0.333333333333333,0.181818181818182,0.222222222222222,0.0217391304347826,0,0,0,0,0,0.0404040404040404,0,0,0,0.125,0.3,0.0588235294117647,0,0,0.111111111111111,0,0.153846153846154,0.189189189189189,0.0952380952380952,0.106666666666667,0,0.177777777777778,0.285714285714286,0.2,0.181818181818182,0,0.428571428571429,0.285714285714286,0.075,0.0285714285714286,0.4,0,0.0476190476190476,0,0,0.0833333333333333,0.00546448087431694,0.00131752305665349,0,0,0.00411861614497529,0,0,0.0253456221198157,0.0491029272898961,0,0,0.0185758513931889,0.020979020979021,0.0324825986078886,0.00811359026369168,0.0267857142857143,0.0666666666666667,0,0,0,0.0997109826589595,0.0178571428571429,0,0,0,0.00740740740740741,0,0,0,0,0.00427350427350427,0,0,0,0,0,0,0,0,0,0.0640834575260805
"Natranaerovirga_hydrolytica",0.0408163265306122,0,0.0142857142857143,0.037037037037037,0.161616161616162,0,0.185779816513761,0,0,0.00735294117647059,0,0,0,0,0,0,0.0714285714285714,0,0,0,0,0.152173913043478,0,0.131578947368421,0.00549450549450549,0,0,0,0,0,0.205128205128205,0.2125,0.4,0.117647058823529,0,0,0.135802469135802,0,0,0,0,0,0,0.0222222222222222,0.0476190476190476,0.15,0,0,0.214285714285714,0.107142857142857,0,0,0,0,0,0,0.00833333333333333,0,0,0,0,0,0.00329489291598023,0,0,0.0522273425499232,0.0557129367327668,0,0,0,0.0769230769230769,0.0881670533642691,0,0.00892857142857143,0.0666666666666667,0.0303030303030303,0,0,0.0447976878612717,0,0,0,0,0,0,0,0,0,0,0,0,0,0,0,0,0,0,0,0
"Mogibacterium_neglectum",0.0408163265306122,0.307692307692308,0.0571428571428571,0.222222222222222,0.0606060606060606,0.142857142857143,0.00458715596330275,0.561497326203209,0.52972972972973,0.132352941176471,0.0697674418604651,0,0,0,0,0,0,0.1,0,0,0,0,0,0,0.032967032967033,0,0,0,0,0,0.128205128205128,0.0375,0.3,0.691176470588235,0.318181818181818,0,0.382716049382716,0.55,0.634615384615385,0.486486486486487,0.571428571428571,0,0,0,0,0.4,0,0,0,0,0.05,0.142857142857143,0,0.00374531835205993,0,0,0,0,0.0273224043715847,0.0250329380764163,0,0,0.727347611202636,0,0,0.0729646697388633,0.134088762983947,0.0588235294117647,0.333333333333333,0,0.111888111888112,0.0835266821345708,0.299188640973631,0.0446428571428571,0,0.393939393939394,0,0,0.283236994219653,0,0,0,0,0,0,0,0,0,0,0,0,0,0,0,0,0,0,0,0
"Campylobacter_mucosalis",0.102040816326531,0.153846153846154,0.628571428571429,0.740740740740741,0.505050505050505,0,0.112385321100917,0,0,0.117647058823529,0.0697674418604651,0,0.0465116279069767,0.334600760456274,0.333333333333333,0.574803149606299,0.214285714285714,0.05,0.133333333333333,0.193181818181818,0.333333333333333,0.91304347826087,0.087378640776699,0.710526315789474,0.00549450549450549,0,0.3,0.0909090909090909,0.210526315789474,0.402597402597403,0.0769230769230769,0.0875,0.8,0.367647058823529,0.0227272727272727,1,0.814814814814815,0,0,0,0,0.113333333333333,0.111111111111111,0.133333333333333,0.380952380952381,0.7,1,0.601694915254237,0.452380952380952,0.5,0.1,0.0285714285714286,0,0.232209737827715,0,0.05,0.0583333333333333,0,0.0163934426229508,0.0118577075098814,0.276223776223776,0.127659574468085,0.199341021416804,0.0666666666666667,0.133333333333333,0.407834101382488,0.368271954674221,0.196078431372549,0.0833333333333333,0.00309597523219814,0.136363636363636,0.109048723897912,0,0.258928571428571,0.333333333333333,0.363636363636364,0.176470588235294,0.344827586206897,0.419075144508671,0.321428571428571,0.275,0.037037037037037,0.0142857142857143,0.0148148148148148,0,0,0,0,0,0,0,0,0,0,0,0,0,0,0
"Peptoniphilus_lacrimalis",0.0408163265306122,0.0256410256410256,0.0857142857142857,0.0740740740740741,0.111111111111111,0.0062111801242236,0.0160550458715596,0.0320855614973262,0.0432432432432432,0.00735294117647059,0.186046511627907,0.05,0,0.0874524714828897,0.0303030303030303,0.0078740157480315,0,0.05,0,0,0.111111111111111,0.152173913043478,0.0258899676375405,0.0526315789473684,0,0,0,0,0.0701754385964912,0.025974025974026,0.0512820512820513,0.2625,0.4,0.102941176470588,0.136363636363636,0,0.135802469135802,0.05,0.0384615384615385,0.189189189189189,0,0.0333333333333333,0,0.0222222222222222,0.0952380952380952,0,0,0.101694915254237,0,0.0357142857142857,0.125,0.142857142857143,0.4,0.052434456928839,0,0.0166666666666667,0.025,0,0.00546448087431694,0.00131752305665349,0.20979020979021,0.0212765957446809,0.0115321252059308,0,0,0.043778801843318,0.111425873465534,0,0,0.0185758513931889,0.0034965034965035,0.0116009280742459,0.00101419878296146,0.0625,0.133333333333333,0.0909090909090909,0.0882352941176471,0.0689655172413793,0.0390173410404624,0.25,0.125,0.296296296296296,0,0,0,0,0,0,0.00427350427350427,0,0,0.0909090909090909,0,0.0099009900990099,0,0,0,0,0.00447093889716841
"Streptococcus_sanguinis",1,0.769230769230769,1,1,1,0.968944099378882,1,0.978609625668449,0.935135135135135,0.845588235294118,1,1,1,0.961977186311787,0.666666666666667,1,1,1,1,0.920454545454545,0.944444444444444,1,0.893203883495146,1,1,0.875,1,0.929292929292929,0.964912280701754,0.952380952380952,1,1,1,0.985294117647059,1,1,1,0.95,1,1,1,0.933333333333333,0.5,1,1,1,1,0.872881355932203,1,1,1,1,1,1,1,1,1,1,0.693989071038251,0.707509881422925,0.961538461538462,0.48936170212766,0.976112026359143,1,1,1,1,1,1,0.953560371517028,0.657342657342657,0.654292343387471,0.878296146044625,1,1,1,1,1,0.997109826589595,1,0.975,0.962962962962963,1,0.918518518518519,0.45,0.451612903225806,0.6,0.130434782608696,0.888888888888889,0.984375,1,1,0.642651296829971,0.821782178217822,0.916666666666667,0.648148148148148,0.692307692307692,0.63125,0.994038748137109
"Eubacterium_rectale",0.0204081632653061,0.153846153846154,0,0.333333333333333,0.626262626262626,0,0,0.0053475935828877,0,0.242647058823529,0.116279069767442,0,0,0,0.121212121212121,0.102362204724409,0,0.9,0,0.556818181818182,0.722222222222222,0,0.00323624595469256,0,0,0,0,0.191919191919192,0.666666666666667,0.233766233766234,0,0,0.9,0.205882352941176,0.0227272727272727,0.7,0.617283950617284,0,0.115384615384615,0,0,0.946666666666667,0,0.0666666666666667,0,0.5,0,0.432203389830508,0.0952380952380952,0.142857142857143,0,0.0285714285714286,0,0.00374531835205993,0,0.233333333333333,0.166666666666667,0,0,0,0.0174825174825175,0.0638297872340425,0.0469522240527183,0.6,0.6,0.00384024577572965,0.0056657223796034,0,0.666666666666667,0.0154798761609907,0.0034965034965035,0.00232018561484919,0.00202839756592292,0.892857142857143,0.859259259259259,0.0303030303030303,0.205882352941176,0.241379310344828,0.114161849710983,0,0,0.888888888888889,0,0.0296296296296296,0,0,0,0,0,0,0,0,0,0,0,0,0,0,0
"Fusobacterium_periodonticum",0.979591836734694,0.41025641025641,1,1,1,0.987577639751553,0.993119266055046,0.914438502673797,0.87027027027027,1,0.976744186046512,1,0.976744186046512,0.942965779467681,0.666666666666667,1,1,1,1,0.943181818181818,0.944444444444444,1,0.948220064724919,1,0.989010989010989,1,1,0.818181818181818,0.929824561403509,0.956709956709957,1,1,1,1,1,1,0.987654320987654,0.95,0.980769230769231,1,0.857142857142857,0.913333333333333,0.5,1,1,1,1,1,1,1,0.925,0.942857142857143,1,0.98501872659176,1,1,0.991666666666667,1,0.693989071038251,0.703557312252964,0.758741258741259,0.51063829787234,0.991762767710049,0.933333333333333,1,1,0.999055712936733,1,1,0.990712074303406,0.65034965034965,0.651972157772622,0.94421906693712,0.991071428571429,1,0.939393939393939,1,0.96551724137931,0.976878612716763,0.892857142857143,0.875,0.888888888888889,1,0.896296296296296,0.775,0.693548387096774,0.3,0.635869565217391,0.85042735042735,0.953125,1,0.954545454545455,0.54178674351585,0.930693069306931,1,0.731481481481482,0.634615384615385,0.7,0.986587183308495
"Eubacterium_minutum",0.571428571428571,0.0769230769230769,0,0.518518518518518,0.252525252525253,0.0186335403726708,0.284403669724771,0.0053475935828877,0.0108108108108108,0.0294117647058824,0.0465116279069767,0.3,0.232558139534884,0,0.0303030303030303,0.267716535433071,0.357142857142857,0,0.2,0.113636363636364,0.111111111111111,0.108695652173913,0.0161812297734628,0,0.00549450549450549,0,0.1,0.0303030303030303,0.0701754385964912,0,0.102564102564103,0.175,0.4,0.147058823529412,0.0454545454545455,0,0.395061728395062,0,0.326923076923077,0.297297297297297,0.285714285714286,0.366666666666667,0.0277777777777778,0.244444444444444,0.476190476190476,0.25,0.0909090909090909,0.0254237288135593,0.428571428571429,0.571428571428571,0.25,0.142857142857143,0,0,0,0.0333333333333333,0.0416666666666667,0,0.0109289617486339,0.0276679841897233,0,0.106382978723404,0.0131795716639209,0.2,0.133333333333333,0.0407066052227343,0.0915958451369216,0.0196078431372549,0,0.021671826625387,0.111888111888112,0.132250580046404,0,0.0357142857142857,0.251851851851852,0.181818181818182,0.117647058823529,0.0344827586206897,0.410404624277457,0.0892857142857143,0,0.296296296296296,0.0428571428571429,0.0814814814814815,0,0,0,0,0.0128205128205128,0.015625,0,0,0,0,0.25,0,0.0192307692307692,0.01875,0.0178837555886736
"Sporanaerobacter_acetigenes",0.346938775510204,0,0,0.185185185185185,0.303030303030303,0,0.23394495412844,0.0053475935828877,0.00540540540540541,0.0735294117647059,0,0.2,0.13953488372093,0,0,0,0.571428571428571,0,0,0,0,0.0217391304347826,0,0,0,0,0,0.0202020202020202,0,0,0.0512820512820513,0.1125,0.3,0.0294117647058824,0,0,0.0617283950617284,0,0.25,0.027027027027027,0.0952380952380952,0,0,0.222222222222222,0.142857142857143,0.05,0,0,0.238095238095238,0.285714285714286,0,0.0285714285714286,0,0,0,0,0,0,0,0,0,0,0.000823723228995058,0,0,0.00844854070660522,0.0254957507082153,0,0.0833333333333333,0,0.013986013986014,0.0232018561484919,0.00101419878296146,0.00892857142857143,0.414814814814815,0,0,0,0.0404624277456647,0,0,0,0,0,0,0,0,0,0,0,0,0,0,0,0,0,0,0,0
"Desulfomicrobium_orale",0.183673469387755,0.0769230769230769,0,0.037037037037037,0,0,0.215596330275229,0.0160427807486631,0.0162162162162162,0.0441176470588235,0,0.05,0.186046511627907,0.00380228136882129,0.0606060606060606,0.47244094488189,0.357142857142857,0,0,0.340909090909091,0.388888888888889,0.0434782608695652,0.029126213592233,0.0263157894736842,0.010989010989011,0,0,0,0.0526315789473684,0,0.0769230769230769,0.025,0.2,0.0294117647058824,0,0,0.160493827160494,0.05,0.230769230769231,0.0540540540540541,0,0.433333333333333,0.0555555555555556,0.177777777777778,0.238095238095238,0.25,0.181818181818182,0,0,0.0357142857142857,0.025,0.0571428571428571,0.8,0,0,0,0,0,0.12568306010929,0.115942028985507,0,0.0212765957446809,0.0057660626029654,0,0.0333333333333333,0.00460829493087558,0.0132200188857413,0,0,0.021671826625387,0.0769230769230769,0.111368909512761,0.00101419878296146,0.0178571428571429,0,0.0303030303030303,0,0,0.179190751445087,0.0357142857142857,0,0,0,0.118518518518519,0,0,0.1,0,0.0854700854700855,0.015625,0,0,0,0,0.5,0,0,0.0625,0.27123695976155
"Campylobacter_showae",0.979591836734694,0.384615384615385,0.642857142857143,1,0.95959595959596,0.602484472049689,0.896788990825688,0.438502673796791,0.416216216216216,0.566176470588235,0.953488372093023,0.95,0.86046511627907,0.581749049429658,0.454545454545455,0.94488188976378,0.928571428571429,0.95,1,0.738636363636364,0.722222222222222,0.978260869565217,0.588996763754045,0.921052631578947,0.576923076923077,0.1875,0.6,0.373737373737374,0.578947368421053,0.761904761904762,0.897435897435897,0.85,1,0.75,0.886363636363636,0.9,0.864197530864197,0.5,0.865384615384615,0.837837837837838,0.857142857142857,0.786666666666667,0.361111111111111,0.977777777777778,0.904761904761905,0.95,0.818181818181818,0.661016949152542,0.833333333333333,0.642857142857143,0.55,0.542857142857143,0.2,0.629213483146067,0.857142857142857,0.583333333333333,0.608333333333333,0.75,0.655737704918033,0.665349143610013,0.153846153846154,0.25531914893617,0.461285008237232,0.666666666666667,0.8,0.947004608294931,0.949008498583569,0.901960784313726,0.916666666666667,0.764705882352941,0.541958041958042,0.563805104408353,0.248478701825558,0.821428571428571,0.807407407407407,0.666666666666667,0.323529411764706,0.448275862068966,0.823699421965318,0.553571428571429,0.475,0.481481481481481,0.692857142857143,0.903703703703704,0,0.0806451612903226,0.3,0.0543478260869565,0.35042735042735,0.859375,0.1,0.272727272727273,0.0979827089337176,0.138613861386139,0.958333333333333,0.0555555555555556,0.346153846153846,0.33125,0.909090909090909
"Tannerella_forsythia",1,0.41025641025641,0.857142857142857,1,0.97979797979798,0.857142857142857,0.993119266055046,0.759358288770054,0.708108108108108,0.933823529411765,0.906976744186046,1,1,0.85171102661597,0.636363636363636,0.992125984251969,1,0.95,0.933333333333333,0.897727272727273,0.888888888888889,1,0.857605177993528,1,0.813186813186813,0.75,1,0.373737373737374,0.859649122807018,0.896103896103896,1,0.9875,1,0.955882352941177,1,0.9,0.987654320987654,0.75,0.980769230769231,1,0.952380952380952,0.926666666666667,0.5,1,0.952380952380952,1,1,0.771186440677966,1,0.964285714285714,0.925,0.885714285714286,1,0.853932584269663,0.761904761904762,0.583333333333333,0.708333333333333,1,0.693989071038251,0.691699604743083,0.958041958041958,0.468085106382979,0.85172981878089,0.866666666666667,1,0.990783410138249,0.999055712936733,1,1,0.922600619195046,0.653846153846154,0.649651972157773,0.633874239350913,0.883928571428571,0.985185185185185,0.545454545454545,0.882352941176471,0.931034482758621,0.976878612716763,0.946428571428571,0.75,1,0.8,0.911111111111111,0,0.032258064516129,0.1,0.0489130434782609,0.594017094017094,0.75,0.05,0.272727272727273,0.0288184438040346,0.168316831683168,1,0,0.173076923076923,0.39375,0.913561847988077
"Kingella_potus",0.428571428571429,0.256410256410256,0.0714285714285714,0.888888888888889,0.0404040404040404,0.0496894409937888,0.871559633027523,0.0320855614973262,0.0108108108108108,0.264705882352941,0.0465116279069767,0.7,0.465116279069767,0.0760456273764259,0.121212121212121,0.850393700787402,0.428571428571429,0.05,0.733333333333333,0.227272727272727,0.222222222222222,0.0217391304347826,0.087378640776699,0.526315789473684,0.0934065934065934,0.125,0.2,0.0606060606060606,0.0701754385964912,0.19047619047619,0,0,0.6,0.132352941176471,0,0,0.234567901234568,0,0.423076923076923,0.0810810810810811,0.19047619047619,0.333333333333333,0.277777777777778,0.488888888888889,0.619047619047619,0.55,0.272727272727273,0.11864406779661,0.761904761904762,0.642857142857143,0.05,0.0571428571428571,0.1,0.303370786516854,0.0476190476190476,0.3,0.366666666666667,0.25,0.0109289617486339,0.00922266139657444,0.0034965034965035,0.212765957446809,0.0609555189456343,0.4,0.7,0.185099846390169,0.138810198300283,0.941176470588235,0.333333333333333,0.0743034055727554,0.36013986013986,0.368909512761021,0.0243407707910751,0.410714285714286,0.274074074074074,0.242424242424242,0.0882352941176471,0.137931034482759,0.679190751445087,0.0178571428571429,0.075,0,0.0142857142857143,0,0,0,0,0,0,0,0,0,0,0,0,0,0,0,0
"Capnocytophaga_granulosa",1,0.641025641025641,0.928571428571429,1,0.96969696969697,0.490683229813665,0.997706422018349,0.732620320855615,0.724324324324324,0.867647058823529,0.767441860465116,1,1,0.828897338403042,0.484848484848485,1,1,0.8,1,0.772727272727273,0.944444444444444,0.978260869565217,0.00647249190938511,1,0.846153846153846,0.5,0.9,0.313131313131313,0.824561403508772,0.9004329004329,0.948717948717949,0.9625,1,0.897058823529412,0.909090909090909,0.9,0.950617283950617,0.75,1,1,0.904761904761905,0.18,0.5,1,1,1,0.727272727272727,0.661016949152542,1,0.964285714285714,0.9,0.914285714285714,1,0.880149812734082,0.952380952380952,0.633333333333333,0.691666666666667,1,0.622950819672131,0.656126482213439,0.122377622377622,0.446808510638298,0.864085667215815,0.866666666666667,0.966666666666667,0.990015360983103,0.991501416430595,1,0.916666666666667,0.882352941176471,0.625874125874126,0.640371229698376,0.602434077079107,0.946428571428571,0.977777777777778,0.757575757575758,0.705882352941177,0.758620689655172,0.989884393063584,0.678571428571429,0.575,0.814814814814815,0.435714285714286,0.355555555555556,0,0.0483870967741935,0.3,0.0489130434782609,0.393162393162393,0.75,0.05,0.318181818181818,0.0662824207492795,0.287128712871287,0.958333333333333,0,0.192307692307692,0.3125,0.812220566318927
"Neisseria_oralis",0.836734693877551,0.307692307692308,0.757142857142857,1,0.696969696969697,0.409937888198758,0.880733944954128,0.556149732620321,0.556756756756757,0.602941176470588,0.697674418604651,0.85,0.604651162790698,0.692015209125475,0.545454545454545,1,0.857142857142857,0.9,0.866666666666667,0.829545454545455,0.833333333333333,0.91304347826087,0.666666666666667,0.973684210526316,0.895604395604396,0.5,0.2,0.282828282828283,0.649122807017544,0.783549783549784,0.846153846153846,0.675,1,0.676470588235294,0.636363636363636,0.7,0.888888888888889,0.35,0.865384615384615,0.72972972972973,0.571428571428571,0.6,0.416666666666667,0.777777777777778,0.714285714285714,0.85,0.909090909090909,0.601694915254237,0.952380952380952,0.607142857142857,0.225,0.628571428571429,1,0.662921348314607,0.761904761904762,0.816666666666667,0.816666666666667,0.833333333333333,0.650273224043716,0.649538866930171,0.884615384615385,0.404255319148936,0.742174629324547,0.533333333333333,0.866666666666667,0.947772657450077,0.847969782813976,1,0.833333333333333,0.603715170278638,0.587412587412587,0.5707656612529,0.443204868154158,0.803571428571429,0.940740740740741,0.545454545454545,0.411764705882353,0.724137931034483,0.757225433526012,0.571428571428571,0.475,0.259259259259259,0.542857142857143,0,0,0,0,0,0,0,0,0,0,0,0,0,0,0,0
"Lactobacillus_ruminis",0.0204081632653061,0.128205128205128,0,0.0740740740740741,0.181818181818182,0,0.00458715596330275,0.0106951871657754,0.0108108108108108,0.00735294117647059,0,0,0,0.00760456273764259,0,0.0708661417322835,0,0,0,0.0227272727272727,0,0,0,0,0,0,0.1,0,0.0701754385964912,0,0,0,0.1,0.352941176470588,0,0,0.0864197530864197,0,0,0,0,0.666666666666667,0,0,0,0,0,0.0169491525423729,0.119047619047619,0.142857142857143,0.025,0.0571428571428571,0,0,0,0.0166666666666667,0.025,0,0,0,0.00699300699300699,0.106382978723404,0.00658978583196046,0.666666666666667,0.0666666666666667,0.000768049155145929,0.00377714825306893,0,0,0,0.0104895104895105,0.00464037122969838,0,0.5,0.148148148148148,0,0,0,0.101156069364162,0.0178571428571429,0.025,0,0,0.0296296296296296,0,0,0,0,0,0,0,0,0,0,0,0,0,0,0
"Helicobacter_pylori",0.0204081632653061,0.102564102564103,0.0714285714285714,0.037037037037037,0.0808080808080808,0,0.0206422018348624,0,0,0.0514705882352941,0.27906976744186,0,0,0.026615969581749,0.393939393939394,0.102362204724409,0.142857142857143,0.05,0,0.0227272727272727,0,0.478260869565217,0,0.0789473684210526,0,0.1875,0.1,0,0,0.00432900432900433,0.0256410256410256,0.0125,0.2,0.102941176470588,0.363636363636364,0,0,0,0.0192307692307692,0,0,0.32,0.277777777777778,0.0444444444444444,0,0.65,0.181818181818182,0.0169491525423729,0.0476190476190476,0.0714285714285714,0.15,0.371428571428571,0,0.00374531835205993,0,0.0833333333333333,0.025,0,0.300546448087432,0.299077733860343,0,0.425531914893617,0.014003294892916,0,0,0.195852534562212,0.315391879131256,0.0392156862745098,0,0,0.255244755244755,0.255220417633411,0,0.776785714285714,0.0296296296296296,0,0,0,0.127167630057803,0.0535714285714286,0.1,0,0,0,0,0,0,0,0,0,0,0,0,0,0,0,0,0,0
"Soonwooa_buanensis",0.530612244897959,0,0.0142857142857143,1,0.252525252525253,0.0124223602484472,0.752293577981651,0.0213903743315508,0.0324324324324324,0.213235294117647,0,0.5,0.418604651162791,0,0,0.0078740157480315,0.714285714285714,0,0.533333333333333,0,0,0.195652173913043,0,0.868421052631579,0.115384615384615,0,0,0.0404040404040404,0,0,0.384615384615385,0.1375,0.1,0.279411764705882,0.0681818181818182,0,0.185185185185185,0,0.480769230769231,0.648648648648649,0.476190476190476,0,0,0.555555555555556,0.523809523809524,0.6,0,0,0.80952380952381,0.821428571428571,0,0.0857142857142857,0,0,0,0.116666666666667,0.125,0.666666666666667,0,0,0.0034965034965035,0,0,0.533333333333333,0,0.671274961597542,0.531633616619452,0.176470588235294,0.0833333333333333,0,0.255244755244755,0.280742459396752,0.0831643002028398,0.258928571428571,0.444444444444444,0.212121212121212,0,0,0.540462427745665,0,0,0,0,0,0,0,0,0,0,0,0,0,0,0,0,0,0,0,0
"Leptotrichia_hongkongensis",0.938775510204082,0.41025641025641,0.728571428571429,0.962962962962963,0.919191919191919,0.596273291925466,0.963302752293578,0.780748663101604,0.756756756756757,0.933823529411765,0.953488372093023,1,0.906976744186046,0.88212927756654,0.545454545454545,1,1,1,0.4,0.818181818181818,0.944444444444444,1,0.660194174757282,0.973684210526316,0.593406593406593,0.75,0.9,0.535353535353535,0.771929824561403,0.930735930735931,0.923076923076923,0.975,0.9,0.926470588235294,0.840909090909091,0.9,0.91358024691358,0.85,0.942307692307692,0.945945945945946,1,0.9,0.5,0.844444444444444,1,0.9,0.909090909090909,0.728813559322034,0.976190476190476,0.892857142857143,0.775,0.771428571428571,1,0.932584269662921,0.904761904761905,0.933333333333333,0.958333333333333,1,0.650273224043716,0.653491436100132,0.0034965034965035,0.48936170212766,0.728171334431631,0.533333333333333,1,0.942396313364055,0.974504249291785,1,0.75,0.897832817337461,0.611888111888112,0.603248259860789,0.602434077079107,0.964285714285714,0.97037037037037,0.575757575757576,0.764705882352941,0.793103448275862,0.984104046242775,0.910714285714286,0.8,0.666666666666667,0.821428571428571,0,0,0,0,0,0,0,0,0,0,0,0,0,0,0,0
"Gemella_haemolysans",1,0.358974358974359,1,1,1,0.981366459627329,1,0.978609625668449,0.972972972972973,0.963235294117647,1,1,0.906976744186046,0.52851711026616,0.606060606060606,0.913385826771654,1,1,1,0.477272727272727,0.5,1,0.00647249190938511,1,0.983516483516483,0,0.7,0.797979797979798,0.491228070175439,0.917748917748918,1,1,1,0.985294117647059,0.977272727272727,0.6,1,1,1,1,0.952380952380952,0.14,0.472222222222222,1,1,1,1,0.805084745762712,0.976190476190476,1,0.95,0.942857142857143,0.4,0.172284644194757,1,1,0.991666666666667,1,0.699453551912568,0.703557312252964,0.793706293706294,0.212765957446809,0.864085667215815,1,0.366666666666667,1,1,1,1,0.120743034055728,0.657342657342657,0.651972157772622,0.933062880324544,0.973214285714286,1,1,0.558823529411765,0.482758620689655,0.997109826589595,0.303571428571429,0.475,0.888888888888889,0.971428571428571,0.985185185185185,0.65,0.483870967741935,1,0.298913043478261,0.931623931623932,0.84375,0.85,0.727272727272727,0.100864553314121,0.910891089108911,0.916666666666667,0.953703703703704,0.634615384615385,0.39375,0.910581222056632
"Gemella_palaticanis",0.102040816326531,0.0769230769230769,0.385714285714286,0.888888888888889,0.161616161616162,0,0.0802752293577982,0,0.00540540540540541,0.0955882352941176,0,0.15,0.0232558139534884,0.201520912547529,0.0909090909090909,0.0236220472440945,0.357142857142857,0,0,0.0795454545454545,0.0555555555555556,0.369565217391304,0.00647249190938511,0.105263157894737,0.0549450549450549,0,0.2,0.0808080808080808,0.0701754385964912,0.142857142857143,0.0256410256410256,0.0625,0.4,0.220588235294118,0.0909090909090909,0,0.567901234567901,0,0.0384615384615385,0.135135135135135,0.142857142857143,0.0266666666666667,0.0833333333333333,0.0888888888888889,0.0952380952380952,0.25,0.454545454545455,0.440677966101695,0.452380952380952,0.535714285714286,0.15,0.114285714285714,0,0.0374531835205993,0,0.133333333333333,0.266666666666667,0.25,0,0.00131752305665349,0,0.0212765957446809,0.0815485996705107,0,0.0666666666666667,0.639784946236559,0.417374881964117,0.0588235294117647,0.0833333333333333,0.00619195046439629,0.181818181818182,0.139211136890951,0.00405679513184584,0.223214285714286,0.807407407407407,0.212121212121212,0,0,0.439306358381503,0.107142857142857,0.175,0.0740740740740741,0.00714285714285714,0,0,0,0,0,0,0,0,0,0,0,0,0,0,0,0
"Bacillus_cereus",0.0204081632653061,0.0769230769230769,0,0.296296296296296,0.0606060606060606,0,0.0344036697247706,0,0,0.00735294117647059,0.837209302325581,0,0.0232558139534884,0.00760456273764259,0,0.0708661417322835,0,0,0,0,0.0555555555555556,0,0,0,0,0,0.4,0.0101010101010101,0,0.00432900432900433,0,0.0125,0.1,0,0.0227272727272727,0,0.0123456790123457,0.1,0.0192307692307692,0.540540540540541,0.476190476190476,0,0.0833333333333333,0.355555555555556,0,0.7,0,0.0169491525423729,0,0.0357142857142857,0,0,0.1,0,0.952380952380952,0.116666666666667,0.191666666666667,0,0,0.00263504611330698,0.13986013986014,0.340425531914894,0.101317957166392,0.133333333333333,0,0.0944700460829493,0.110481586402266,0.137254901960784,0,0.00619195046439629,0,0.00232018561484919,0.107505070993915,0.0267857142857143,0.0444444444444444,0.0303030303030303,0,0,0.0130057803468208,0.0178571428571429,0.05,0.0740740740740741,0,0,0,0,0,0,0,0,0,0,0,0,0,0,0,0,0
"Slackia_exigua",0.816326530612245,0.538461538461538,0.585714285714286,0.777777777777778,0.323232323232323,0.0683229813664596,0.681192660550459,0.219251336898396,0.248648648648649,0.294117647058824,0.581395348837209,0.6,0.395348837209302,0.163498098859316,0.393939393939394,0.968503937007874,0.5,0.5,0.0666666666666667,0.511363636363636,0.722222222222222,0.652173913043478,0.119741100323625,0.684210526315789,0.043956043956044,0.125,0.5,0.131313131313131,0.385964912280702,0.116883116883117,0.461538461538462,0.7625,0.8,0.0147058823529412,0.295454545454545,0.1,0.777777777777778,0.15,0.730769230769231,0.918918918918919,0.904761904761905,0.673333333333333,0.138888888888889,0.444444444444444,0.380952380952381,0.05,0.636363636363636,0.305084745762712,0.69047619047619,0.75,0.7,0.657142857142857,0.3,0.149812734082397,0.0952380952380952,0.283333333333333,0.466666666666667,0.833333333333333,0.0765027322404372,0.080368906455863,0.363636363636364,0.276595744680851,0.386326194398682,0.866666666666667,0.166666666666667,0.548387096774194,0.695939565627951,0.235294117647059,0.583333333333333,0.043343653250774,0.339160839160839,0.341067285382831,0.0111561866125761,0.375,0.940740740740741,0.666666666666667,0.441176470588235,0.344827586206897,0.845375722543353,0.446428571428571,0.3,0.407407407407407,0.307142857142857,0.111111111111111,0,0,0,0,0.495726495726496,0.21875,0.05,0.363636363636364,0,0,0.125,0,0.211538461538462,0.6,0.375558867362146
"Actinomyces_viscosus",0.551020408163265,0.205128205128205,0.6,0.444444444444444,0.404040404040404,0.403726708074534,0.268348623853211,0.219251336898396,0.221621621621622,0.0735294117647059,1,0.55,0.302325581395349,0.0532319391634981,0.151515151515152,0.118110236220472,0.428571428571429,1,0.333333333333333,0.0340909090909091,0,0.565217391304348,0.00323624595469256,0.473684210526316,0.0824175824175824,0,0.3,0.0606060606060606,0.157894736842105,0.199134199134199,0.58974358974359,0.55,0.1,0.514705882352941,0.340909090909091,0.1,0.567901234567901,0.35,0.480769230769231,0.783783783783784,0.761904761904762,0.0733333333333333,0.0555555555555556,0.266666666666667,0.285714285714286,0.45,0.181818181818182,0.186440677966102,0.214285714285714,0.535714285714286,0.55,0.371428571428571,0,0.0936329588014981,0.952380952380952,0.383333333333333,0.475,0.5,0.497267759562842,0.504611330698287,0.0104895104895105,0.0851063829787234,0.0939044481054366,0.4,0.1,0.670506912442396,0.740321057601511,0.882352941176471,0.333333333333333,0.0278637770897833,0.146853146853147,0.218097447795824,0.0821501014198783,0.446428571428571,0.555555555555556,0.393939393939394,0.0294117647058824,0.137931034482759,0.219653179190751,0.125,0.075,0.037037037037037,0.935714285714286,0.17037037037037,0.025,0.032258064516129,0,0.0108695652173913,0.222222222222222,0.09375,0,0.136363636363636,0.0115273775216138,0.0297029702970297,0.125,0,0.134615384615385,0.075,0.03725782414307
"Streptococcus_oralis",0.877551020408163,0.58974358974359,0.728571428571429,1,0.727272727272727,1,0.580275229357798,0.882352941176471,0.794594594594595,0.5,1,0.9,0.302325581395349,0.806083650190114,0.575757575757576,0.716535433070866,1,1,0.933333333333333,0.659090909090909,0.666666666666667,0.956521739130435,0.0841423948220065,0.947368421052632,0.225274725274725,0.0625,0.7,0.353535353535354,0.701754385964912,0.896103896103896,1,0.975,0.9,0.911764705882353,0.886363636363636,0.8,0.728395061728395,0.65,0.903846153846154,1,1,0.566666666666667,0.333333333333333,0.444444444444444,1,0.85,1,0.73728813559322,0.80952380952381,0.785714285714286,0.525,0.457142857142857,0.3,0.883895131086142,1,0.916666666666667,0.941666666666667,0.75,0.693989071038251,0.706192358366271,0.0804195804195804,0.425531914893617,0.85667215815486,0.666666666666667,0.9,0.97926267281106,0.982058545797923,0.92156862745098,0.916666666666667,0.25077399380805,0.583916083916084,0.582366589327146,0.678498985801217,0.794642857142857,0.948148148148148,0.636363636363636,0.647058823529412,0.689655172413793,0.816473988439306,0.642857142857143,0.675,0.851851851851852,1,0.992592592592593,0.8,0.387096774193548,0.9,0.494565217391304,0.991452991452991,1,1,1,0.613832853025937,0.99009900990099,1,0.87962962962963,0.807692307692308,0.9625,0.997019374068554
"Desulfovibrio_fairfieldensis",0.306122448979592,0.128205128205128,0,0.333333333333333,0.212121212121212,0,0.279816513761468,0.0213903743315508,0.0162162162162162,0.0955882352941176,0.0232558139534884,0.4,0.0930232558139535,0.0418250950570342,0.0303030303030303,0.535433070866142,0.142857142857143,0,0,0.227272727272727,0.222222222222222,0.0869565217391304,0.0355987055016181,0.0263157894736842,0,0,0.2,0.0101010101010101,0.0350877192982456,0.038961038961039,0,0.1,0.2,0.0882352941176471,0.0681818181818182,0.1,0.271604938271605,0,0.173076923076923,0.108108108108108,0,0.46,0,0.333333333333333,0.333333333333333,0.2,0.0909090909090909,0.0338983050847458,0.357142857142857,0.5,0.125,0.0571428571428571,1,0.00374531835205993,0,0.0166666666666667,0.05,0.0833333333333333,0.0163934426229508,0.00790513833992095,0,0.0212765957446809,0.0313014827018122,0.0666666666666667,0.233333333333333,0.0207373271889401,0.0396600566572238,0,0.0833333333333333,0.065015479876161,0.0559440559440559,0.0603248259860789,0,0.0267857142857143,0.0518518518518519,0,0.0588235294117647,0.0344827586206897,0.153179190751445,0.107142857142857,0.05,0.037037037037037,0.00714285714285714,0,0,0,0,0,0,0,0,0,0,0,0,0,0,0,0
"Prevotella_multisaccharivorax",0.163265306122449,0.230769230769231,0.0142857142857143,0.0740740740740741,0.0101010101010101,0.062111801242236,0.378440366972477,0.0427807486631016,0.0702702702702703,0.0955882352941176,0.0697674418604651,0.1,0.348837209302326,0,0.0606060606060606,0.771653543307087,0,0.1,0,0.454545454545455,0.5,0.152173913043478,0.0614886731391586,0.236842105263158,0.043956043956044,0,0.3,0,0.0701754385964912,0,0.102564102564103,0.2875,0.3,0.264705882352941,0.0227272727272727,0,0.691358024691358,0,0.192307692307692,0.189189189189189,0.0476190476190476,0.54,0.0277777777777778,0.133333333333333,0.285714285714286,0.1,0.0909090909090909,0.0169491525423729,0.452380952380952,0.642857142857143,0.025,0.0285714285714286,0.1,0,0,0,0,0.166666666666667,0.0655737704918033,0.0685111989459816,0,0.0851063829787234,0.0593080724876442,0.733333333333333,0.166666666666667,0.0384024577572965,0.0679886685552408,0,0.0833333333333333,0.0340557275541796,0.0384615384615385,0.0510440835266821,0.0223123732251521,0.0267857142857143,0.185185185185185,0,0.0882352941176471,0.0344827586206897,0.0852601156069364,0.285714285714286,0.125,0.037037037037037,0.0571428571428571,0.125925925925926,0,0,0,0,0.106837606837607,0,0,0,0,0,0.166666666666667,0,0,0.025,0.128166915052161
"Streptococcus_sinensis",0.816326530612245,0.0256410256410256,0.642857142857143,0.62962962962963,0.484848484848485,0.062111801242236,0.759174311926605,0.101604278074866,0.108108108108108,0.125,0.0930232558139535,0.7,0.534883720930233,0,0.121212121212121,0.0078740157480315,0.928571428571429,0,0.8,0,0,0.434782608695652,0,0,0.214285714285714,0,0.1,0.141414141414141,0,0.012987012987013,0.641025641025641,0.6375,0.5,0.529411764705882,0.0681818181818182,0,0.395061728395062,0.8,0.538461538461538,0.162162162162162,0.0952380952380952,0,0,0.355555555555556,0.714285714285714,0.4,0.363636363636364,0.00847457627118644,0.547619047619048,0.5,0.225,0.314285714285714,0,0,0.285714285714286,0.383333333333333,0.466666666666667,0.0833333333333333,0.12568306010929,0.122529644268775,0,0,0.014827018121911,0.466666666666667,0.0333333333333333,0.350230414746544,0.479697828139754,0.431372549019608,0.0833333333333333,0.00619195046439629,0.426573426573427,0.466357308584687,0.0385395537525355,0.580357142857143,0.355555555555556,0.666666666666667,0,0,0.69364161849711,0,0,0.037037037037037,0.05,0.185185185185185,0,0.0161290322580645,0,0,0.0170940170940171,0.03125,0.05,0,0,0.0693069306930693,0.458333333333333,0,0.0288461538461538,0.0125,0.374068554396423
"Gemella_cuniculi",0.102040816326531,0,0.142857142857143,0.555555555555556,0.0505050505050505,0,0.123853211009174,0,0,0.00735294117647059,0,0.2,0,0.0342205323193916,0.121212121212121,0.0078740157480315,0.142857142857143,0,0,0.0227272727272727,0,0.0869565217391304,0,0.0526315789473684,0.00549450549450549,0,0.1,0,0,0.0865800865800866,0,0.025,0.2,0.176470588235294,0.0454545454545455,0.1,0.358024691358025,0,0,0,0.0952380952380952,0.00666666666666667,0.0555555555555556,0.0222222222222222,0.0952380952380952,0.1,0.181818181818182,0.161016949152542,0.0952380952380952,0.107142857142857,0,0,0,0,0,0.0666666666666667,0.1,0,0,0,0,0.0425531914893617,0.0345963756177924,0,0,0.261136712749616,0.25590179414542,0.0196078431372549,0.0833333333333333,0,0.185314685314685,0.155452436194896,0,0.0446428571428571,0.103703703703704,0.272727272727273,0.0294117647058824,0.0344827586206897,0.215317919075144,0.0535714285714286,0.025,0,0,0,0,0,0,0,0,0,0,0,0,0,0,0,0,0,0
"Desulfobulbus_propionicus",0.530612244897959,0.0769230769230769,0.0857142857142857,0.0740740740740741,0.141414141414141,0.031055900621118,0.188073394495413,0,0,0.0220588235294118,0.232558139534884,0.25,0.0232558139534884,0.0114068441064639,0.151515151515152,0.283464566929134,0.214285714285714,0.1,0.0666666666666667,0.0227272727272727,0.0555555555555556,0.173913043478261,0,0.0526315789473684,0,0,0.2,0,0.0175438596491228,0.012987012987013,0,0,0.2,0.0735294117647059,0.0681818181818182,0,0.185185185185185,0,0,0.0810810810810811,0.0952380952380952,0.00666666666666667,0.0277777777777778,0.0666666666666667,0.19047619047619,0,0.272727272727273,0.0254237288135593,0.261904761904762,0.25,0.075,0.0571428571428571,0,0,0,0.05,0.00833333333333333,0,0.191256830601093,0.168642951251647,0,0.0851063829787234,0.0370675453047776,0,0.133333333333333,0.0138248847926267,0.0500472143531634,0.0196078431372549,0,0.0185758513931889,0.0804195804195804,0.0928074245939675,0,0.0446428571428571,0.133333333333333,0.0606060606060606,0.0294117647058824,0,0.180635838150289,0.0357142857142857,0,0,0.0714285714285714,0,0,0,0,0,0,0,0,0,0,0,0,0,0,0,0
"Cardiobacterium_valvarum",0.918367346938776,0.358974358974359,0.757142857142857,0.925925925925926,0.767676767676768,0.0186335403726708,0.860091743119266,0.406417112299465,0.475675675675676,0.536764705882353,0.697674418604651,0.95,0.953488372093023,0.494296577946768,0.363636363636364,0.960629921259842,0.928571428571429,0.7,0.733333333333333,0.647727272727273,0.777777777777778,0.869565217391304,0.401294498381877,0.921052631578947,0.532967032967033,0.4375,0.8,0.383838383838384,0.403508771929825,0.735930735930736,0.897435897435897,0.875,0.9,0.75,0.772727272727273,0.7,0.802469135802469,0.45,0.903846153846154,0.837837837837838,0.714285714285714,0.666666666666667,0.472222222222222,0.8,1,0.9,0.818181818181818,0.559322033898305,0.976190476190476,0.821428571428571,0.475,0.457142857142857,0.4,0.468164794007491,0.761904761904762,0.683333333333333,0.766666666666667,0.833333333333333,0.486338797814208,0.527009222661397,0.996503496503496,0.361702127659574,0.482701812191104,0.6,0.9,0.922427035330261,0.939565627950897,0.980392156862745,0.833333333333333,0.578947368421053,0.559440559440559,0.554524361948956,0.0689655172413793,0.821428571428571,0.948148148148148,0.393939393939394,0.352941176470588,0.724137931034483,0.950867052023121,0.553571428571429,0.55,0.62962962962963,0.0357142857142857,0.214814814814815,0,0,0.1,0.00543478260869565,0.371794871794872,0.53125,0,0.136363636363636,0.00288184438040346,0,0.333333333333333,0,0.0288461538461538,0.09375,0.278688524590164
"Corynebacterium_tuberculostearicum",0.0816326530612245,0.333333333333333,0,0,0.101010101010101,0,0.0114678899082569,0,0,0,0.232558139534884,0,0,0.00380228136882129,0,0,0,0,0,0,0,0.0434782608695652,0,0,0,0,0,0,0.0175438596491228,0.0432900432900433,0,0,0.1,0.0588235294117647,0.0227272727272727,0.1,0.0617283950617284,0.05,0.0384615384615385,0.0810810810810811,0.0476190476190476,0,0,0,0,0,0,0.0254237288135593,0,0,0,0,0,0.0262172284644195,0,0.266666666666667,0.241666666666667,0,0.00546448087431694,0.00131752305665349,0.0034965034965035,0.0425531914893617,0.0057660626029654,0,0.0666666666666667,0.0115207373271889,0.00661000944287063,0,0,0.0185758513931889,0.0034965034965035,0.00232018561484919,0,0.0625,0.0148148148148148,0.212121212121212,0,0.0689655172413793,0.0130057803468208,0,0,0,0,0,0,0,0,0,0,0,0,0,0,0,0,0,0,0,0
"Prevotella_pleuritidis",0.714285714285714,0.41025641025641,0.557142857142857,0.814814814814815,0.585858585858586,0.273291925465839,0.598623853211009,0.320855614973262,0.345945945945946,0.345588235294118,0.558139534883721,0.85,0.27906976744186,0.574144486692015,0.212121212121212,0.992125984251969,0.428571428571429,0.7,0.333333333333333,0.863636363636364,0.888888888888889,0.782608695652174,0.59546925566343,0.473684210526316,0.318681318681319,0.5,0.4,0.272727272727273,0.43859649122807,0.454545454545455,0.717948717948718,0.875,0.8,0.661764705882353,0.909090909090909,0.6,0.641975308641975,0.4,0.615384615384615,0.756756756756757,0.714285714285714,0.633333333333333,0.277777777777778,0.666666666666667,0.571428571428571,0.5,0.363636363636364,0.432203389830508,0.952380952380952,0.964285714285714,0.725,0.742857142857143,0.7,0.535580524344569,0.238095238095238,0.0833333333333333,0.05,0.833333333333333,0.344262295081967,0.317523056653491,0,0.191489361702128,0.370675453047776,0.866666666666667,0.833333333333333,0.722734254992319,0.77148253068933,0.372549019607843,0.583333333333333,0.687306501547988,0.283216783216783,0.299303944315545,0.323529411764706,0.446428571428571,0.822222222222222,0.242424242424242,0.558823529411765,0.620689655172414,0.293352601156069,0.321428571428571,0.15,0.481481481481481,0.257142857142857,0.822222222222222,0.175,0.032258064516129,0.1,0.0597826086956522,0.162393162393162,0.734375,0.1,0.272727272727273,0.129682997118156,0.148514851485149,1,0,0.240384615384615,0.31875,0.633383010432191
"Corynebacterium_argentoratense",0.0408163265306122,0,0,0.037037037037037,0.0606060606060606,0.0372670807453416,0.0986238532110092,0.0267379679144385,0.0324324324324324,0.25,0.0697674418604651,0.2,0.0697674418604651,0.0114068441064639,0,0,0.0714285714285714,0,0.0666666666666667,0,0,0.0434782608695652,0,0,0.0494505494505494,0,0,0,0,0.00432900432900433,0,0.0125,0.3,0.176470588235294,0,0.1,0.037037037037037,0.05,0.134615384615385,0.0540540540540541,0.0952380952380952,0,0,0.177777777777778,0.285714285714286,0.25,0,0.0254237288135593,0.0476190476190476,0,0,0.0285714285714286,0,0.00749063670411985,0,0,0,0.0833333333333333,0.00546448087431694,0.0118577075098814,0,0,0.0172981878088962,0,0,0.201996927803379,0.197355996222852,0,0,0,0.0104895104895105,0.0208816705336427,0,0.0178571428571429,0,0.0606060606060606,0,0,0.0592485549132948,0.0357142857142857,0.025,0.037037037037037,0.0857142857142857,0.0518518518518519,0,0,0,0,0.0256410256410256,0.0625,0.1,0.0909090909090909,0.0201729106628242,0,0,0,0,0,0.0506706408345753
"Howardella_ureilytica",0.591836734693878,0.153846153846154,0.228571428571429,0.333333333333333,0.424242424242424,0.0124223602484472,0.353211009174312,0.13903743315508,0.227027027027027,0.102941176470588,0.0232558139534884,0.6,0.232558139534884,0.125475285171103,0.0606060606060606,0.409448818897638,0.142857142857143,0.05,0.0666666666666667,0.204545454545455,0.333333333333333,0.434782608695652,0.0550161812297735,0.552631578947368,0.032967032967033,0,0.3,0.0202020202020202,0.157894736842105,0.0562770562770563,0.58974358974359,0.825,0.9,0.647058823529412,0.204545454545455,0.1,0.617283950617284,0.1,0.403846153846154,0.648648648648649,0.476190476190476,0.34,0.0277777777777778,0.111111111111111,0.619047619047619,0.4,0.363636363636364,0.161016949152542,0.5,0.75,0.45,0.371428571428571,0,0.0449438202247191,0,0.0666666666666667,0.116666666666667,0.416666666666667,0,0.00131752305665349,0.118881118881119,0.0425531914893617,0.0881383855024712,0.533333333333333,0.133333333333333,0.172811059907834,0.350330500472144,0.0588235294117647,0.333333333333333,0.0464396284829721,0.118881118881119,0.136890951276102,0.026369168356998,0.125,0.533333333333333,0.272727272727273,0.235294117647059,0.275862068965517,0.488439306358382,0.321428571428571,0.075,0.259259259259259,0,0,0,0,0,0,0,0,0,0,0,0,0,0,0,0,0
"Snodgrassella_alvi",0.163265306122449,0.205128205128205,0.314285714285714,0.814814814814815,0.131313131313131,0.0062111801242236,0.275229357798165,0,0,0.220588235294118,0.0465116279069767,0.1,0.0930232558139535,0.0722433460076046,0.0909090909090909,0.0236220472440945,0.214285714285714,0.5,0,0.0795454545454545,0.111111111111111,0.239130434782609,0.0129449838187702,0.0789473684210526,0.021978021978022,0,0,0.0101010101010101,0.0175438596491228,0.038961038961039,0.230769230769231,0.0375,0.5,0.205882352941176,0.0681818181818182,0.2,0.172839506172839,0.05,0.0961538461538462,0.027027027027027,0,0.00666666666666667,0.0277777777777778,0.2,0,0.35,0.363636363636364,0.0169491525423729,0.0714285714285714,0.0714285714285714,0.025,0,0,0.0411985018726592,0,0.0833333333333333,0.0666666666666667,0,0.12568306010929,0.197628458498024,0.0034965034965035,0.127659574468085,0.0766062602965404,0.333333333333333,0,0.337173579109063,0.218130311614731,0.0392156862745098,0,0.043343653250774,0.0734265734265734,0.0904872389791183,0.00709939148073022,0.160714285714286,0.140740740740741,0.0303030303030303,0.0294117647058824,0,0.225433526011561,0.0178571428571429,0.05,0.0740740740740741,0.0142857142857143,0,0,0,0,0,0,0,0,0,0,0,0,0,0,0,0
"Clostridium_hathewayi",0.142857142857143,0,0,0.148148148148148,0.191919191919192,0,0.0137614678899083,0.0106951871657754,0,0.0147058823529412,0,0.05,0,0,0.0606060606060606,0.062992125984252,0.142857142857143,0,0,0.0795454545454545,0.0555555555555556,0.108695652173913,0.0129449838187702,0,0,0,0,0.0707070707070707,0.0350877192982456,0.00432900432900433,0,0.025,0.3,0.0441176470588235,0,0,0.0493827160493827,0,0.0192307692307692,0,0,0.06,0,0.0888888888888889,0,0.15,0,0.211864406779661,0,0,0.025,0.0285714285714286,0,0,0,0.116666666666667,0.0583333333333333,0,0,0,0.00699300699300699,0,0.028006589785832,0.333333333333333,0.0666666666666667,0.0537634408602151,0.0679886685552408,0.0784313725490196,0.0833333333333333,0.00309597523219814,0.0034965034965035,0.00696055684454756,0.00101419878296146,0.366071428571429,0.133333333333333,0,0.0294117647058824,0,0.0780346820809249,0,0,0.111111111111111,0,0,0,0,0,0,0,0,0,0,0,0,0,0,0,0,0
"Propionibacterium_acidifaciens",0.0816326530612245,0.179487179487179,0.0428571428571429,0.148148148148148,0.0404040404040404,0.031055900621118,0.385321100917431,0.0160427807486631,0.0162162162162162,0.0220588235294118,0.255813953488372,0.15,0.116279069767442,0.0418250950570342,0.0909090909090909,0.661417322834646,0,0.2,0,0.0568181818181818,0.111111111111111,0.369565217391304,0,0.0263157894736842,0.021978021978022,0,0.2,0.161616161616162,0,0,0.153846153846154,0.2125,0.3,0.176470588235294,0.0909090909090909,0,0.259259259259259,0,0.384615384615385,0.459459459459459,0.476190476190476,0.22,0,0.222222222222222,0,0,0.272727272727273,0.00847457627118644,0.142857142857143,0.0357142857142857,0,0,0,0.0112359550561798,0,0.0833333333333333,0.1,0.25,0.0382513661202186,0.0395256916996047,0.0034965034965035,0,0.0700164744645799,0.133333333333333,0.0666666666666667,0.0737327188940092,0.225684608120869,0.0196078431372549,0.0833333333333333,0,0.0034965034965035,0.00232018561484919,0.00608519269776876,0.0357142857142857,0.133333333333333,0.181818181818182,0.117647058823529,0.0344827586206897,0.173410404624277,0.553571428571429,0.425,0,0.242857142857143,0.103703703703704,0,0.0161290322580645,0,0.00543478260869565,0.495726495726496,0.0625,0.15,0.136363636363636,0,0.0099009900990099,0.25,0,0.0961538461538462,0.23125,0.171385991058122
"Gardnerella_vaginalis",0.0204081632653061,0,0,0,0.141414141414141,0,0.0206422018348624,0.0320855614973262,0.118918918918919,0.0367647058823529,0.0232558139534884,0.05,0,0.0494296577946768,0,0.141732283464567,0,0,0.0666666666666667,0.0340909090909091,0.111111111111111,0.0652173913043478,0.0194174757281553,0.0789473684210526,0,0.125,0.1,0.0202020202020202,0.0526315789473684,0.038961038961039,0.0256410256410256,0.1,0,0.117647058823529,0,0,0.037037037037037,0.05,0.0576923076923077,0.0540540540540541,0,0.0533333333333333,0,0.0222222222222222,0.0476190476190476,0,0,0.00847457627118644,0.0714285714285714,0.0357142857142857,0.075,0.2,0,0.0262172284644195,0,0,0,0.0833333333333333,0,0,0.020979020979021,0,0.0057660626029654,0,0,0.0115207373271889,0.0273843248347498,0,0.0833333333333333,0.0743034055727554,0.0034965034965035,0,0.013184584178499,0.133928571428571,0.125925925925926,0.0606060606060606,0.0294117647058824,0.103448275862069,0.0216763005780347,0.0357142857142857,0.025,0,0,0,0,0,0,0,0,0.03125,0,0,0,0,0,0,0,0.04375,0.0029806259314456
"Parascardovia_denticolens",0.102040816326531,0.0512820512820513,0.414285714285714,0,0.0505050505050505,0,0.137614678899083,0.374331550802139,0.286486486486487,0.0514705882352941,0.27906976744186,0.05,0.0465116279069767,0.114068441064639,0.0606060606060606,0.425196850393701,0,0,0.0666666666666667,0.0909090909090909,0.111111111111111,0.152173913043478,0.0355987055016181,0.0263157894736842,0,0,0.2,0.0505050505050505,0.105263157894737,0,0.205128205128205,0.5125,0.7,0.220588235294118,0.0227272727272727,0,0.62962962962963,0.3,0.115384615384615,0.297297297297297,0.523809523809524,0.106666666666667,0,0.0222222222222222,0.380952380952381,0.1,0.181818181818182,0.076271186440678,0.166666666666667,0.464285714285714,0.45,0.542857142857143,0.6,0.0374531835205993,0,0,0.0333333333333333,0.166666666666667,0.00546448087431694,0,0,0.170212765957447,0.0420098846787479,0.266666666666667,0.1,0.16973886328725,0.234183191690274,0,0.25,0.0464396284829721,0.0664335664335664,0.0672853828306264,0.00709939148073022,0.0982142857142857,0.481481481481481,0.181818181818182,0.264705882352941,0.103448275862069,0.294797687861272,0.571428571428571,0.425,0.37037037037037,0,0.0740740740740741,0,0.0161290322580645,0,0,0.418803418803419,0.0625,0,0.136363636363636,0,0.0099009900990099,0.0833333333333333,0,0.0288461538461538,0.15,0.0417287630402385
"Prevotella_falsenii",0.0816326530612245,0,0.0285714285714286,0.555555555555556,0.0202020202020202,0,0.00458715596330275,0,0,0,0,0,0.0232558139534884,0.0608365019011407,0,0,0.285714285714286,0,0,0.147727272727273,0.111111111111111,0.217391304347826,0,0.0263157894736842,0,0,0,0,0,0.00432900432900433,0.0769230769230769,0.05,0,0,0.0454545454545455,0,0.172839506172839,0,0.0192307692307692,0,0.0476190476190476,0.133333333333333,0,0.0444444444444444,0.0476190476190476,0.1,0,0.00847457627118644,0.0238095238095238,0.0357142857142857,0,0.0857142857142857,0,0.0112359550561798,0,0,0,0,0,0.00131752305665349,0.027972027972028,0,0.0181219110378913,0.0666666666666667,0,0.122887864823349,0.0623229461756374,0,0,0,0.027972027972028,0.0324825986078886,0.00101419878296146,0.0803571428571429,0.0962962962962963,0,0,0,0.0187861271676301,0,0,0,0,0,0,0,0,0,0,0,0,0,0,0,0,0,0,0,0
"Streptobacillus_moniliformis",0.816326530612245,0.282051282051282,0.3,1,0.555555555555556,0.136645962732919,0.644495412844037,0.0588235294117647,0.0972972972972973,0.183823529411765,0.186046511627907,0.3,0.0465116279069767,0.44106463878327,0.212121212121212,0.921259842519685,0.642857142857143,0.5,0.333333333333333,0.886363636363636,0.944444444444444,0.91304347826087,0.3042071197411,0.394736842105263,0.0989010989010989,0.375,0.4,0.0707070707070707,0.649122807017544,0.670995670995671,0.538461538461538,0.575,0.6,0.470588235294118,0.522727272727273,0.5,0.358024691358025,0.4,0.519230769230769,0.405405405405405,0.523809523809524,0.853333333333333,0.111111111111111,0.444444444444444,0.142857142857143,0.45,0.545454545454545,0.279661016949153,1,0.964285714285714,0.55,0.371428571428571,0.2,0.408239700374532,0.19047619047619,0.0166666666666667,0.00833333333333333,0.666666666666667,0.163934426229508,0.156785243741765,0.153846153846154,0.106382978723404,0.149093904448105,0.466666666666667,0.366666666666667,0.963901689708141,0.898016997167139,0.843137254901961,0.166666666666667,0.229102167182663,0.255244755244755,0.28538283062645,0.317444219066937,0.3125,0.644444444444444,0.151515151515152,0.0588235294117647,0.0689655172413793,0.11271676300578,0.0535714285714286,0.05,0,0.135714285714286,0,0,0,0,0,0,0,0,0,0,0,0,0,0,0,0
"Gemella_bergeri",0.0612244897959184,0,0,0.37037037037037,0.0101010101010101,0.0186335403726708,0.018348623853211,0.0160427807486631,0.0378378378378378,0,0.0465116279069767,0,0,0.106463878326996,0,0.031496062992126,0,0,0,0.113636363636364,0.0555555555555556,0.0434782608695652,0.0258899676375405,0.0263157894736842,0,0,0.2,0.0202020202020202,0.0701754385964912,0.0346320346320346,0.0769230769230769,0.1625,0.1,0.279411764705882,0.0909090909090909,0.2,0.037037037037037,0,0,0.108108108108108,0.142857142857143,0.06,0,0,0,0,0,0.0423728813559322,0.30952380952381,0.357142857142857,0.125,0.142857142857143,0,0.0674157303370786,0,0.0166666666666667,0.00833333333333333,0,0,0.00131752305665349,0,0,0.014003294892916,0.2,0,0.0529953917050691,0.0396600566572238,0,0,0.0278637770897833,0.0034965034965035,0.00464037122969838,0.0152129817444219,0.00892857142857143,0.0592592592592593,0,0.0294117647058824,0,0.0332369942196532,0.0178571428571429,0,0,0.0142857142857143,0,0,0,0.1,0,0.153846153846154,0.015625,0,0,0,0,0.0416666666666667,0,0,0,0
"Selenomonas_ruminantium",0.142857142857143,0.333333333333333,0.342857142857143,0.259259259259259,0.151515151515152,0.0559006211180124,0.11697247706422,0.0320855614973262,0.0108108108108108,0.0294117647058824,0.511627906976744,0.1,0.162790697674419,0.0950570342205323,0.0606060606060606,0.385826771653543,0.214285714285714,0.3,0,0.0795454545454545,0.111111111111111,0.391304347826087,0.0161812297734628,0.394736842105263,0.00549450549450549,0,0.6,0.0202020202020202,0.0350877192982456,0.0173160173160173,0.179487179487179,0.1625,0.4,0.161764705882353,0.0909090909090909,0,0.358024691358025,0.05,0.0769230769230769,0.0810810810810811,0.0476190476190476,0.306666666666667,0,0.0666666666666667,0.238095238095238,0.05,0.272727272727273,0.0508474576271186,0.166666666666667,0.214285714285714,0.1,0.0571428571428571,0.4,0.0674157303370786,0,0.0166666666666667,0.00833333333333333,0.0833333333333333,0.174863387978142,0.154150197628458,0.0034965034965035,0.0425531914893617,0.0593080724876442,0,0.0666666666666667,0.124423963133641,0.118980169971671,0.0784313725490196,0.0833333333333333,0.00619195046439629,0.013986013986014,0.0162412993039443,0.013184584178499,0.125,0.377777777777778,0.0606060606060606,0.176470588235294,0.0689655172413793,0.11271676300578,0.0535714285714286,0.025,0,0.0571428571428571,0,0,0,0,0,0,0,0,0,0,0,0,0,0,0,0
"Eubacterium_sulci",0.857142857142857,0.435897435897436,0.971428571428571,1,0.97979797979798,0.782608695652174,0.98394495412844,0.716577540106952,0.697297297297297,0.977941176470588,0.767441860465116,1,0.720930232558139,0.699619771863118,0.545454545454545,1,1,1,1,0.943181818181818,0.888888888888889,0.978260869565217,0.650485436893204,1,0.972527472527473,0.6875,0.7,0.353535353535354,0.631578947368421,0.770562770562771,0.974358974358974,0.875,1,0.897058823529412,0.795454545454545,0.9,0.950617283950617,0.8,0.980769230769231,0.945945945945946,0.80952380952381,0.746666666666667,0.416666666666667,0.977777777777778,1,0.95,0.909090909090909,0.813559322033898,0.904761904761905,0.75,0.475,0.6,1,0.906367041198502,0.857142857142857,0.95,0.975,1,0.513661202185792,0.529644268774704,0.996503496503496,0.25531914893617,0.724876441515651,0.866666666666667,0.833333333333333,0.98310291858679,0.960339943342776,0.823529411764706,1,0.578947368421053,0.583916083916084,0.568445475638051,0.559837728194726,0.892857142857143,0.97037037037037,0.939393939393939,0.676470588235294,0.827586206896552,0.98121387283237,0.625,0.775,0.814814814814815,0.914285714285714,0.733333333333333,0.55,0.451612903225806,0.1,0.119565217391304,0.854700854700855,0.734375,0.85,0.909090909090909,0.446685878962536,0.603960396039604,0.916666666666667,0.592592592592593,0.769230769230769,0.75,0.967213114754098
"Veillonella_ratti",0.0408163265306122,0.41025641025641,0.0428571428571429,0,0.0303030303030303,0.192546583850932,0.00229357798165138,0,0,0,0.558139534883721,0,0.0465116279069767,0.00380228136882129,0,0,0,0.65,0,0,0,0.108695652173913,0,0,0,0,0,0.0303030303030303,0.0350877192982456,0,0.0512820512820513,0.075,0,0.161764705882353,0.5,0,0.172839506172839,0,0,0.351351351351351,0.285714285714286,0,0,0,0,0,0,0,0,0,0,0,0,0,0.714285714285714,0,0.00833333333333333,0,0.284153005464481,0.251646903820817,0,0.0212765957446809,0.0807248764415156,0.0666666666666667,0,0.0660522273425499,0.0179414542020774,0,0,0,0,0,0.00101419878296146,0.366071428571429,0.0148148148148148,0,0.0294117647058824,0,0.0346820809248555,0,0,0,0.157142857142857,0,0,0,0,0,0,0,0,0,0,0,0,0,0,0,0
"Desulfobulbus_rhabdoformis",0.714285714285714,0,0.142857142857143,0.296296296296296,0.252525252525253,0,0.477064220183486,0.0053475935828877,0.027027027027027,0.0441176470588235,0,0.6,0.27906976744186,0,0.0303030303030303,0.0236220472440945,0.214285714285714,0,0.2,0.0454545454545455,0.0555555555555556,0.239130434782609,0,0.184210526315789,0.00549450549450549,0,0,0.0101010101010101,0,0.00432900432900433,0.0769230769230769,0.1875,0.2,0.205882352941176,0.0454545454545455,0,0.444444444444444,0.05,0,0,0,0.0666666666666667,0.0277777777777778,0.2,0.571428571428571,0.05,0.0909090909090909,0,0.69047619047619,0.75,0.3,0.114285714285714,0,0,0,0.0833333333333333,0.05,0.0833333333333333,0,0,0,0.0212765957446809,0.0222405271828666,0.133333333333333,0.0333333333333333,0.0414746543778802,0.130311614730878,0,0,0,0.171328671328671,0.157772621809745,0.00101419878296146,0.0357142857142857,0.385185185185185,0.121212121212121,0,0,0.388728323699422,0,0,0,0,0,0,0,0,0,0,0,0,0,0,0,0,0,0,0,0
"Lactobacillus_mucosae",0.0612244897959184,0.461538461538462,0,0,0,0.0062111801242236,0.174311926605505,0.0053475935828877,0,0.0367647058823529,0,0,0.162790697674419,0,0,0.37007874015748,0,0,0.0666666666666667,0.0227272727272727,0.111111111111111,0,0,0,0.010989010989011,0,0.2,0.0202020202020202,0,0,0.0256410256410256,0,0,0.0882352941176471,0,0,0.0987654320987654,0,0.0192307692307692,0,0,0.313333333333333,0.0277777777777778,0,0.19047619047619,0.15,0,0,0.142857142857143,0.142857142857143,0.05,0.0285714285714286,0.5,0,0,0.0166666666666667,0,0,0.0163934426229508,0.0131752305665349,0,0.191489361702128,0.000823723228995058,0.533333333333333,0,0.00768049155145929,0.00472143531633617,0,0.0833333333333333,0,0.0244755244755245,0.0208816705336427,0,0.0178571428571429,0.214814814814815,0.0303030303030303,0,0,0.0433526011560694,0.0178571428571429,0,0,0.0214285714285714,0.0444444444444444,0,0,0,0,0.0128205128205128,0,0,0,0,0,0,0,0,0,0.00745156482861401
"Streptococcus_parasanguinis",0.979591836734694,0.487179487179487,1,1,0.94949494949495,0.993788819875776,0.997706422018349,0.957219251336898,0.989189189189189,0.963235294117647,1,1,0.558139534883721,0.885931558935361,0.666666666666667,0.724409448818898,1,1,1,0.193181818181818,0.111111111111111,1,0.226537216828479,1,0.796703296703297,0.3125,0.9,0.666666666666667,0.754385964912281,0.874458874458874,1,1,1,0.970588235294118,0.681818181818182,0.8,1,1,0.884615384615385,0.972972972972973,0.952380952380952,0.586666666666667,0.222222222222222,0.888888888888889,0.761904761904762,0.95,1,0.745762711864407,0.976190476190476,1,0.975,0.942857142857143,0.4,0.464419475655431,0.904761904761905,0.966666666666667,0.941666666666667,1,0.683060109289617,0.686429512516469,0.993006993006993,0.382978723404255,0.810543657331137,0.933333333333333,0.2,0.993855606758833,0.999055712936733,0.92156862745098,1,0.352941176470588,0.657342657342657,0.647331786542923,0.746450304259635,0.964285714285714,1,1,0.852941176470588,0.758620689655172,1,0.910714285714286,0.775,0.962962962962963,0.985714285714286,0.955555555555556,0.8,0.612903225806452,0.1,0.706521739130435,0.987179487179487,1,1,1,0.896253602305475,0.99009900990099,1,0.740740740740741,0.913461538461538,0.98125,0.882265275707899
"Eubacterium_ramulus",0.0816326530612245,0,0,0,0.202020202020202,0,0.00229357798165138,0,0,0.0147058823529412,0,0,0,0,0.0606060606060606,0.0551181102362205,0,0.1,0,0.0909090909090909,0.111111111111111,0.0217391304347826,0,0,0,0,0,0,0.175438596491228,0.0303030303030303,0,0,0.7,0.0147058823529412,0.0227272727272727,0.1,0.172839506172839,0,0.0192307692307692,0,0,0.12,0,0.0666666666666667,0,0.4,0,0,0,0,0,0,0,0,0,0.0166666666666667,0.00833333333333333,0,0,0,0.048951048951049,0,0.0107084019769358,0.466666666666667,0.1,0.00153609831029186,0,0,0.166666666666667,0,0.0034965034965035,0,0,0.616071428571429,0.133333333333333,0,0.0294117647058824,0.0344827586206897,0.0404624277456647,0,0,0.333333333333333,0,0,0,0,0,0,0,0,0,0,0,0,0,0,0,0,0
"Ralstonia_solanacearum",0.142857142857143,0.128205128205128,0.0571428571428571,0.703703703703704,0.0202020202020202,0,0.00917431192660551,0,0,0,0.86046511627907,0.15,0.0232558139534884,0.0304182509505703,0.121212121212121,0.0866141732283465,0,0,0.133333333333333,0.0795454545454545,0.0555555555555556,0,0,0,0.00549450549450549,0,0,0.0202020202020202,0,0.0303030303030303,0,0,0.1,0.0294117647058824,0,0,0.0493827160493827,0,0.288461538461538,0,0,0.0133333333333333,0,0.288888888888889,0,0.05,0.363636363636364,0,0,0.0357142857142857,0,0,0.4,0.0411985018726592,0,0.466666666666667,0.5,0.333333333333333,0,0,0.013986013986014,0.25531914893617,0.0123558484349259,0.0666666666666667,0.0666666666666667,0.3963133640553,0.787535410764873,0.392156862745098,0,0,0.0384615384615385,0.0487238979118329,0,0.0267857142857143,0.0962962962962963,0,0,0,0.0404624277456647,0,0.025,0,0,0,0,0,0,0,0,0,0,0,0,0,0,0,0,0,0
"Prevotella_oralis",0.979591836734694,0.307692307692308,0.385714285714286,0.925925925925926,0.595959595959596,0.0807453416149068,0.63302752293578,0.283422459893048,0.237837837837838,0.183823529411765,0.465116279069767,0.5,0.767441860465116,0.501901140684411,0.303030303030303,0.811023622047244,0.857142857142857,0.3,0.2,0.477272727272727,0.555555555555556,0.58695652173913,0.420711974110032,0.631578947368421,0.115384615384615,0,0.3,0.232323232323232,0.456140350877193,0.359307359307359,0.58974358974359,0.7625,1,0.705882352941177,0.613636363636364,0.3,0.802469135802469,0.45,0.711538461538462,0.783783783783784,0.619047619047619,0.646666666666667,0.194444444444444,0.6,0.380952380952381,0.75,0.818181818181818,0.728813559322034,0.80952380952381,0.892857142857143,0.75,0.6,0.4,0.205992509363296,0.142857142857143,0.0166666666666667,0.025,0.666666666666667,0.218579234972678,0.210803689064559,0.797202797202797,0.319148936170213,0.462932454695222,0.6,0.733333333333333,0.550691244239631,0.626062322946176,0.196078431372549,0.583333333333333,0.557275541795666,0.255244755244755,0.322505800464037,0.189655172413793,0.5,0.8,0.272727272727273,0.588235294117647,0.448275862068966,0.565028901734104,0.517857142857143,0.4,0.592592592592593,0.05,0.0296296296296296,0,0,0,0,0.0641025641025641,0.234375,0,0.0909090909090909,0,0,0.166666666666667,0,0.0865384615384615,0.00625,0.140089418777943
"Actinomyces_graevenitzii",0.877551020408163,0.358974358974359,1,0.962962962962963,0.95959595959596,0.881987577639752,0.977064220183486,0.898395721925134,0.908108108108108,0.992647058823529,0.976744186046512,1,0.744186046511628,0.927756653992395,0.636363636363636,1,1,1,0.533333333333333,0.875,0.944444444444444,1,0.880258899676375,0.973684210526316,0.934065934065934,1,1,0.525252525252525,0.894736842105263,0.930735930735931,1,1,1,0.985294117647059,0.75,0.9,0.950617283950617,0.95,0.980769230769231,1,1,0.86,0.5,0.977777777777778,1,1,1,0.796610169491525,1,0.964285714285714,0.95,0.971428571428571,1,0.99250936329588,0.904761904761905,0.816666666666667,0.925,1,0.590163934426229,0.563899868247694,0.996503496503496,0.446808510638298,0.915156507413509,0.8,1,0.999231950844854,0.998111425873466,0.823529411764706,1,0.938080495356037,0.604895104895105,0.614849187935035,0.816430020283976,0.964285714285714,1,1,0.911764705882353,0.896551724137931,0.96242774566474,0.946428571428571,0.95,0.851851851851852,0.942857142857143,0.888888888888889,0.6,0.274193548387097,0,0.358695652173913,0.923076923076923,0.984375,1,1,0.585014409221902,0.841584158415842,0.916666666666667,0.777777777777778,0.769230769230769,0.85625,0.852459016393443
"Alloprevotella_rava",1,0.564102564102564,0.971428571428571,1,1,0.888198757763975,0.997706422018349,0.909090909090909,0.886486486486487,1,0.976744186046512,1,1,0.817490494296578,0.545454545454545,1,1,1,0.8,0.954545454545455,1,1,0.838187702265372,1,0.873626373626374,0.75,0.5,0.787878787878788,0.771929824561403,0.891774891774892,1,1,1,0.970588235294118,1,0.9,1,1,1,1,1,0.92,0.361111111111111,1,0.619047619047619,1,1,0.872881355932203,1,0.964285714285714,0.925,0.942857142857143,0.5,0.966292134831461,0.904761904761905,0.233333333333333,0.183333333333333,1,0.699453551912568,0.700922266139657,0.996503496503496,0.48936170212766,0.807248764415156,1,0.966666666666667,0.999231950844854,1,1,1,0.879256965944272,0.65034965034965,0.654292343387471,0.939148073022312,0.991071428571429,1,0.909090909090909,0.823529411764706,0.931034482758621,0.802023121387283,0.589285714285714,0.475,0.851851851851852,0.978571428571429,0.651851851851852,0.35,0.0645161290322581,0.1,0.0434782608695652,0.341880341880342,0.515625,0.4,0.454545454545455,0.325648414985591,0.396039603960396,0.916666666666667,0.00925925925925926,0.663461538461538,0.23125,0.870342771982116
"Paraprevotella_clara",0.408163265306122,0,0.185714285714286,0.740740740740741,0.393939393939394,0,0.488532110091743,0,0,0.419117647058824,0,0.05,0.13953488372093,0.0608365019011407,0.151515151515152,0.094488188976378,0.142857142857143,0.1,0,0.238636363636364,0.388888888888889,0.5,0.00323624595469256,0.868421052631579,0.032967032967033,0,0,0.0101010101010101,0.087719298245614,0.116883116883117,0,0,1,0.5,0.454545454545455,0.4,0.530864197530864,0,0.0576923076923077,0.135135135135135,0.142857142857143,0.0533333333333333,0.0277777777777778,0.111111111111111,0,0.35,0.454545454545455,0.245762711864407,0.0476190476190476,0.107142857142857,0,0.0285714285714286,0,0.0337078651685393,0,0,0,0.0833333333333333,0,0,0.00699300699300699,0.212765957446809,0.014003294892916,0.333333333333333,0.1,0.35099846390169,0.455146364494806,0.0980392156862745,0.166666666666667,0.0185758513931889,0.125874125874126,0.11368909512761,0.00304259634888438,0.6875,0.340740740740741,0.0606060606060606,0.117647058823529,0.103448275862069,0.222543352601156,0,0,0.62962962962963,0,0,0,0,0,0,0,0,0,0,0,0,0,0,0,0,0
"Actinobacillus_porcinus",0.387755102040816,0.205128205128205,0.0857142857142857,0.962962962962963,0.393939393939394,0,0.380733944954128,0.0106951871657754,0.0108108108108108,0.0808823529411765,0.162790697674419,0.45,0.0930232558139535,0.338403041825095,0.242424242424242,0.385826771653543,0.214285714285714,0.2,0.4,0.0227272727272727,0,0.58695652173913,0.368932038834951,0.631578947368421,0.0989010989010989,0,0.2,0.0303030303030303,0.245614035087719,0.575757575757576,0,0,0.1,0.235294117647059,0.477272727272727,0.6,0.37037037037037,0.25,0.153846153846154,0.0540540540540541,0.142857142857143,0.473333333333333,0.222222222222222,0.333333333333333,0.238095238095238,0.4,0.727272727272727,0.372881355932203,0.214285714285714,0.214285714285714,0.1,0.0285714285714286,0.1,0.636704119850187,0.0476190476190476,0.3,0.175,0.25,0.169398907103825,0.184453227931489,0.048951048951049,0.297872340425532,0.116144975288303,0.2,0.3,0.778801843317972,0.606232294617564,0.431372549019608,0.25,0.297213622291022,0.363636363636364,0.37122969837587,0.00811359026369168,0.633928571428571,0.162962962962963,0.0606060606060606,0.117647058823529,0.137931034482759,0.371387283236994,0.0714285714285714,0.15,0.111111111111111,0,0,0,0,0,0,0,0,0,0,0,0,0,0,0,0,0
"Pseudomonas_aeruginosa",0.142857142857143,0.641025641025641,0,0.185185185185185,0.202020202020202,0.0062111801242236,0.00688073394495413,0,0,0.220588235294118,0.0232558139534884,0,0.0465116279069767,0.00380228136882129,0,0.149606299212598,0.214285714285714,0,0,0.0113636363636364,0,0.0217391304347826,0,0,0,0,0,0.131313131313131,0,0.012987012987013,0,0,0,0.0294117647058824,0.25,0,0.0123456790123457,0,0,0,0,0.0666666666666667,0.166666666666667,0.0444444444444444,0,0,0,0.00847457627118644,0,0.0357142857142857,0.1,0.0571428571428571,0.3,0.00374531835205993,0,0.0666666666666667,0.025,0,0.00546448087431694,0.0342555994729908,0.00699300699300699,0.127659574468085,0.259472817133443,0.133333333333333,0,0.102150537634409,0.318224740321058,0.0196078431372549,0.166666666666667,0.00619195046439629,0.013986013986014,0.0116009280742459,0,0.0178571428571429,0,0.303030303030303,0.470588235294118,0.551724137931034,0.00578034682080925,0,0,0,0,0,0,0,0,0,0,0,0,0,0,0,0,0,0,0,0
"Atopobium_parvulum",0.979591836734694,0.897435897435897,1,1,0.96969696969697,0.875776397515528,1,0.983957219251337,0.967567567567568,0.992647058823529,1,0.95,0.930232558139535,0.939163498098859,0.636363636363636,1,1,1,0.466666666666667,0.943181818181818,1,1,0.87378640776699,1,0.972527472527473,0.875,1,0.585858585858586,0.964912280701754,0.935064935064935,1,1,1,1,1,1,1,1,1,1,1,0.913333333333333,0.472222222222222,1,1,0.95,1,0.949152542372881,1,1,1,1,1,1,0.952380952380952,0.95,0.991666666666667,1,0.639344262295082,0.631093544137022,0.996503496503496,0.361702127659574,0.92668863261944,0.933333333333333,0.933333333333333,0.995391705069124,0.996222851746931,0.96078431372549,1,0.95046439628483,0.636363636363636,0.626450116009281,0.932048681541582,0.982142857142857,1,1,0.970588235294118,1,0.994219653179191,1,1,0.962962962962963,0.971428571428571,0.688888888888889,0.325,0.032258064516129,0.1,0.0326086956521739,0.905982905982906,0.953125,0.9,0.954545454545455,0.590778097982709,0.95049504950495,0.916666666666667,0.472222222222222,0.807692307692308,0.8125,0.949329359165425
"Stenotrophomonas_maltophilia",0.204081632653061,0.0769230769230769,0.285714285714286,0.37037037037037,0.636363636363636,0.0062111801242236,0.0412844036697248,0.0160427807486631,0.0432432432432432,0.0955882352941176,0.418604651162791,0,0,0,0.272727272727273,0.125984251968504,0.214285714285714,0.05,0.0666666666666667,0.0340909090909091,0.0555555555555556,0.0217391304347826,0.0194174757281553,0.105263157894737,0.00549450549450549,0.0625,0,0.181818181818182,0,0.0303030303030303,0.0512820512820513,0,0,0.794117647058823,0,0.1,0.0246913580246914,0.2,0.0769230769230769,0,0.0952380952380952,0.0266666666666667,0.111111111111111,0.111111111111111,0.0476190476190476,0.75,0.454545454545455,0.0338983050847458,0,0.0357142857142857,0.3,0.4,0.6,0.0149812734082397,0.380952380952381,0.333333333333333,0.275,0,0.0765027322404372,0.118577075098814,0.0559440559440559,0.425531914893617,0.437397034596376,0.4,0.0666666666666667,0.0552995391705069,0.195467422096317,0.137254901960784,0,0,0.00699300699300699,0.00464037122969838,0.00608519269776876,0.0357142857142857,0.0222222222222222,0.0303030303030303,0.117647058823529,0.0344827586206897,0.0216763005780347,0.0178571428571429,0,0,0,0.00740740740740741,0,0,0,0,0,0,0,0,0,0,0,0,0,0,0
"Anaerovorax_odorimutans",0.0816326530612245,0.128205128205128,0,0.222222222222222,0.484848484848485,0.031055900621118,0.261467889908257,0,0,0.227941176470588,0,0.25,0.116279069767442,0.00760456273764259,0,0.21259842519685,0.357142857142857,0.05,0.2,0.25,0.0555555555555556,0.130434782608696,0.0355987055016181,0.0789473684210526,0.0989010989010989,0,0,0.0101010101010101,0.0175438596491228,0.125541125541126,0.282051282051282,0.125,0.1,0.0735294117647059,0.0227272727272727,0.3,0.0864197530864197,0,0.25,0,0.0476190476190476,0.16,0.111111111111111,0.288888888888889,0.19047619047619,0.25,0,0.127118644067797,0.0238095238095238,0.0714285714285714,0.025,0,0.2,0.0112359550561798,0,0.45,0.625,0,0.00546448087431694,0.00395256916996047,0.0034965034965035,0.0212765957446809,0.0247116968698517,0.0666666666666667,0.133333333333333,0.0337941628264209,0.0576015108593012,0.0588235294117647,0.166666666666667,0.0154798761609907,0.041958041958042,0.0788863109048724,0.00202839756592292,0.107142857142857,0.00740740740740741,0.0303030303030303,0,0,0.109826589595376,0,0.025,0,0.00714285714285714,0,0,0,0,0,0,0,0,0,0,0,0,0,0,0,0
"Megamonas_funiformis",0.0204081632653061,0.358974358974359,0,0.111111111111111,0.141414141414141,0,0,0,0,0.183823529411765,0,0,0,0,0.0606060606060606,0.149606299212598,0,0,0,0.0681818181818182,0.111111111111111,0,0,0,0,0,0,0,0.0526315789473684,0,0,0,0.1,0.147058823529412,0,0,0.197530864197531,0,0.0576923076923077,0,0,0.326666666666667,0,0.0222222222222222,0,0,0,0,0,0.0357142857142857,0,0,0.1,0,0,0.166666666666667,0.0916666666666667,0,0,0,0,0,0.00988467874794069,0.533333333333333,0.466666666666667,0,0,0,0,0,0.0034965034965035,0.00232018561484919,0,0.9375,0.303703703703704,0,0.147058823529412,0.172413793103448,0.0751445086705202,0,0,0.0740740740740741,0,0.0222222222222222,0,0,0,0,0,0,0,0,0,0,0,0,0,0,0
"Pasteurella_pneumotropica",0.571428571428571,0.205128205128205,0.228571428571429,0.851851851851852,0.424242424242424,0,0.536697247706422,0.0267379679144385,0.0162162162162162,0.0955882352941176,0,0.3,0.27906976744186,0.269961977186312,0.242424242424242,0.433070866141732,0.285714285714286,0,0.0666666666666667,0.534090909090909,0.611111111111111,0.347826086956522,0.368932038834951,0.552631578947368,0.0274725274725275,0.5,0.2,0.151515151515152,0.175438596491228,0.463203463203463,0,0.0125,0.3,0.676470588235294,0.340909090909091,0.1,0.308641975308642,0,0.0192307692307692,0.27027027027027,0.142857142857143,0.506666666666667,0.166666666666667,0.244444444444444,0.523809523809524,0.25,0.454545454545455,0.296610169491525,0.80952380952381,0.785714285714286,0.325,0.285714285714286,0.4,0.449438202247191,0,0.0833333333333333,0.05,0.416666666666667,0,0,0.989510489510489,0.276595744680851,0.28500823723229,0.2,0.566666666666667,0.603686635944701,0.53918791312559,0.627450980392157,0.0833333333333333,0.287925696594427,0.108391608391608,0.148491879350348,0.00405679513184584,0.169642857142857,0.4,0,0.205882352941176,0.206896551724138,0.267341040462428,0.160714285714286,0.175,0.222222222222222,0,0,0,0,0,0,0,0,0,0,0,0,0,0,0,0,0
"Treponema_amylovorum",0.816326530612245,0.435897435897436,0.314285714285714,0.962962962962963,0.666666666666667,0.341614906832298,0.873853211009174,0.0106951871657754,0.00540540540540541,0.301470588235294,0.395348837209302,0.9,0.558139534883721,0.315589353612167,0.0606060606060606,1,1,0.55,0.666666666666667,0.863636363636364,0.944444444444444,0.826086956521739,0.576051779935275,0.394736842105263,0.230769230769231,0.25,0.6,0.141414141414141,0.543859649122807,0.632034632034632,0.615384615384615,0.8,0.8,0.676470588235294,0.727272727272727,0.6,0.518518518518518,0.25,0.961538461538462,0.675675675675676,0.80952380952381,0.82,0.361111111111111,0.866666666666667,0.428571428571429,0.95,0.181818181818182,0.26271186440678,1,0.928571428571429,0.6,0.628571428571429,1,0.531835205992509,0.714285714285714,0.0166666666666667,0.0333333333333333,0.916666666666667,0.420765027322404,0.416337285902503,0.122377622377622,0.148936170212766,0.207578253706755,0.6,0.9,0.73963133640553,0.748819641170916,0.313725490196078,0.5,0.427244582043344,0.286713286713287,0.408352668213457,0.204868154158215,0.473214285714286,0.881481481481482,0.212121212121212,0.235294117647059,0.241379310344828,0.241329479768786,0.0892857142857143,0.025,0.222222222222222,0.4,0,0,0,0,0,0,0,0,0,0,0,0,0,0,0,0
"Prevotella_nanceiensis",0.959183673469388,0.538461538461538,0.871428571428571,1,1,0.925465838509317,0.988532110091743,0.79144385026738,0.762162162162162,0.992647058823529,0.930232558139535,1,0.883720930232558,0.901140684410646,0.606060606060606,1,1,1,0.533333333333333,0.943181818181818,1,1,0.951456310679612,1,1,1,0.9,0.616161616161616,0.929824561403509,0.930735930735931,1,1,1,0.985294117647059,1,1,1,0.9,0.980769230769231,1,0.857142857142857,0.86,0.5,1,1,1,1,1,1,0.928571428571429,0.825,0.714285714285714,1,0.99250936329588,1,0.966666666666667,0.916666666666667,1,0.672131147540984,0.69038208168643,0.996503496503496,0.48936170212766,0.963756177924217,1,1,1,0.998111425873466,0.980392156862745,1,0.984520123839009,0.643356643356643,0.635730858468677,0.920892494929006,1,1,0.878787878787879,0.882352941176471,1,0.955202312138728,0.839285714285714,0.85,0.925925925925926,1,0,0,0,0,0,0,0,0,0,0,0,0,0,0,0,0
"Wolinella_succinogenes",0.163265306122449,0,0,0.148148148148148,0.242424242424242,0.0124223602484472,0.279816513761468,0,0,0.0441176470588235,0.0465116279069767,0.35,0.0697674418604651,0.0304182509505703,0.0303030303030303,0.188976377952756,0.357142857142857,0,0.333333333333333,0.306818181818182,0.444444444444444,0.0869565217391304,0.0485436893203883,0.105263157894737,0,0,0.2,0.0202020202020202,0.0526315789473684,0,0.128205128205128,0.1875,0.1,0.0294117647058824,0.0227272727272727,0.1,0.0246913580246914,0,0.461538461538462,0,0,0.32,0.166666666666667,0.288888888888889,0.333333333333333,0.5,0.0909090909090909,0.0593220338983051,0.619047619047619,0.607142857142857,0.075,0.0285714285714286,0.5,0.00749063670411985,0.0476190476190476,0.05,0.00833333333333333,0,0.0819672131147541,0.0737812911725955,0,0,0.00247116968698517,0,0.466666666666667,0.0468509984639017,0.0642115203021719,0.0196078431372549,0,0.0278637770897833,0.041958041958042,0.0812064965197216,0.0111561866125761,0.00892857142857143,0.125925925925926,0,0.0588235294117647,0.0344827586206897,0.0375722543352601,0,0,0,0,0,0,0,0,0,0,0,0,0,0,0,0,0,0,0,0
"Lactobacillus_frumenti",0.0204081632653061,0.0256410256410256,0.0285714285714286,0,0,0.031055900621118,0.018348623853211,0.0855614973262032,0.0594594594594595,0.00735294117647059,0.162790697674419,0,0,0,0,0,0,0.05,0,0,0,0.0652173913043478,0,0,0,0,0,0,0,0,0.0256410256410256,0.1125,0.3,0.0882352941176471,0,0,0.0987654320987654,0,0.0576923076923077,0.0540540540540541,0.285714285714286,0,0,0,0,0.05,0,0,0,0,0.1,0,0,0,0,0,0,0,0.0163934426229508,0.0105401844532279,0,0,0,0.0666666666666667,0,0.0122887864823349,0.0132200188857413,0,0,0,0.0034965034965035,0.00696055684454756,0.00304259634888438,0,0.0222222222222222,0,0,0,0.0419075144508671,0.0178571428571429,0,0,0.0214285714285714,0,0,0,0,0,0,0,0,0,0,0,0,0,0,0,0
"Shuttleworthia_satelles",0.938775510204082,0.333333333333333,0.471428571428571,0.925925925925926,0.717171717171717,0.180124223602484,0.871559633027523,0.406417112299465,0.351351351351351,0.558823529411765,0.558139534883721,0.85,0.674418604651163,0.490494296577947,0.454545454545455,0.976377952755906,1,0.5,0.6,0.761363636363636,0.777777777777778,0.456521739130435,0.352750809061489,0.842105263157895,0.263736263736264,0,0.7,0.121212121212121,0.421052631578947,0.41991341991342,0.846153846153846,0.9625,1,0.852941176470588,0.818181818181818,0.4,0.753086419753086,0.4,0.807692307692308,0.918918918918919,0.904761904761905,0.893333333333333,0.333333333333333,0.755555555555556,0.952380952380952,0.7,0.818181818181818,0.355932203389831,0.928571428571429,0.892857142857143,0.55,0.571428571428571,1,0.295880149812734,0.285714285714286,0.1,0.2,0.916666666666667,0.180327868852459,0.208168642951252,0.947552447552448,0.319148936170213,0.299835255354201,0.8,0.733333333333333,0.601382488479263,0.767705382436261,0.156862745098039,0.75,0.287925696594427,0.363636363636364,0.357308584686775,0.193711967545639,0.419642857142857,0.925925925925926,0.727272727272727,0.382352941176471,0.379310344827586,0.803468208092486,0.607142857142857,0.35,0.666666666666667,0.378571428571429,0.103703703703704,0,0,0,0,0.205128205128205,0.125,0,0.0909090909090909,0,0,0.291666666666667,0,0.125,0.03125,0.39344262295082
"Treponema_lecithinolyticum",0.591836734693878,0.179487179487179,0.342857142857143,0.555555555555556,0.737373737373737,0.130434782608696,0.582568807339449,0.0160427807486631,0.027027027027027,0.169117647058824,0.488372093023256,0.85,0.395348837209302,0.368821292775665,0.151515151515152,0.889763779527559,0.714285714285714,0.65,0.133333333333333,0.602272727272727,0.611111111111111,0.760869565217391,0.501618122977346,0.447368421052632,0.230769230769231,0.25,0.6,0.101010101010101,0.421052631578947,0.350649350649351,0.641025641025641,0.825,0.6,0.676470588235294,0.636363636363636,0.3,0.481481481481481,0.6,0.730769230769231,0.513513513513513,0.714285714285714,0.493333333333333,0.222222222222222,0.777777777777778,0.333333333333333,0.95,0.272727272727273,0.254237288135593,0.904761904761905,0.928571428571429,0.725,0.485714285714286,0,0.367041198501873,0.428571428571429,0.05,0.0333333333333333,0.416666666666667,0.39344262295082,0.338603425559947,0.979020979020979,0.148936170212766,0.303130148270181,0.466666666666667,0.733333333333333,0.644393241167435,0.62795089707271,0.176470588235294,0.583333333333333,0.476780185758514,0.335664335664336,0.348027842227378,0.155172413793103,0.383928571428571,0.637037037037037,0.333333333333333,0.147058823529412,0.241379310344828,0.247109826589595,0.267857142857143,0.175,0.518518518518518,0.0928571428571429,0.266666666666667,0,0,0,0,0.0897435897435897,0.484375,0.05,0.0909090909090909,0.0144092219020173,0.0495049504950495,0.583333333333333,0.0185185185185185,0.0865384615384615,0.08125,0.441132637853949
"Neisseria_macacae",0.26530612244898,0.0256410256410256,0.0428571428571429,0.703703703703704,0.0101010101010101,0,0.160550458715596,0.0267379679144385,0.0162162162162162,0.0220588235294118,0.0232558139534884,0.4,0.0697674418604651,0,0,0,0.285714285714286,0.2,0.266666666666667,0,0,0.195652173913043,0,0.342105263157895,0.0274725274725275,0,0,0.0606060606060606,0,0,0.230769230769231,0.1625,0.3,0.0588235294117647,0,0,0.296296296296296,0,0.0769230769230769,0.027027027027027,0.0476190476190476,0,0,0.111111111111111,0.142857142857143,0.3,0,0,0.142857142857143,0.142857142857143,0.025,0,0,0,0,0.0166666666666667,0.0166666666666667,0.0833333333333333,0.087431693989071,0.102766798418972,0,0,0.0123558484349259,0.0666666666666667,0,0.271121351766513,0.182247403210576,0.627450980392157,0,0,0.15034965034965,0.139211136890951,0.0334685598377282,0.0892857142857143,0.0962962962962963,0,0,0,0.0765895953757225,0,0,0,0,0.533333333333333,0.05,0.129032258064516,0.6,0.0434782608695652,0.247863247863248,0.234375,0.15,0.136363636363636,0.227665706051873,0.326732673267327,0.583333333333333,0.157407407407407,0.0961538461538462,0.275,0.432190760059613
"Moraxella_osloensis",0.102040816326531,0.128205128205128,0,0.185185185185185,0.373737373737374,0,0.0344036697247706,0.0106951871657754,0.0162162162162162,0.00735294117647059,0.232558139534884,0,0,0,0,0.015748031496063,0.0714285714285714,0.05,0,0,0,0.0217391304347826,0,0.0789473684210526,0.010989010989011,0,0,0,0,0.00865800865800866,0,0.0125,0.2,0.0441176470588235,0.0227272727272727,0,0.0123456790123457,0,0,0,0,0.04,0.0277777777777778,0.311111111111111,0.0476190476190476,0.2,0,0,0,0,0,0,0.1,0.0149812734082397,0.80952380952381,0.333333333333333,0.15,0,0.0382513661202186,0.0197628458498024,0,0.0638297872340425,0.0164744645799012,0.4,0.0666666666666667,0.213517665130568,0.0084985835694051,0.0196078431372549,0,0.00619195046439629,0.020979020979021,0.0116009280742459,0,0.0982142857142857,0.00740740740740741,0.0606060606060606,0,0,0.0505780346820809,0,0.025,0,0,0.0296296296296296,0,0,0,0,0,0,0,0,0,0,0,0,0,0,0.00447093889716841
"Streptococcus_intermedius",0.612244897959184,0.102564102564103,0.685714285714286,0.592592592592593,0.434343434343434,0.478260869565217,0.256880733944954,0.128342245989305,0.151351351351351,0.0147058823529412,0.837209302325581,0.25,0.0930232558139535,0.376425855513308,0.333333333333333,0.590551181102362,0.571428571428571,0.95,0.533333333333333,0.113636363636364,0.0555555555555556,0.782608695652174,0.0258899676375405,0.210526315789474,0.0769230769230769,0,0.5,0.212121212121212,0.192982456140351,0.484848484848485,0.538461538461538,0.3875,0.7,0.529411764705882,0.295454545454545,0.7,0.407407407407407,0.5,0.134615384615385,0.243243243243243,0.142857142857143,0.133333333333333,0.138888888888889,0.111111111111111,0.285714285714286,0.25,0.636363636363636,0.5,0.261904761904762,0.214285714285714,0.45,0.485714285714286,0.1,0.415730337078652,0.952380952380952,0.183333333333333,0.316666666666667,0,0.475409836065574,0.494071146245059,0.0559440559440559,0.127659574468085,0.116144975288303,0.466666666666667,0.133333333333333,0.649769585253456,0.485363550519358,0.823529411764706,0.666666666666667,0.0557275541795666,0.265734265734266,0.255220417633411,0.0557809330628803,0.294642857142857,0.392592592592593,0.727272727272727,0.352941176470588,0.448275862068966,0.544797687861272,0.357142857142857,0.325,0.0740740740740741,0.528571428571429,0,0,0,0,0,0,0,0,0,0,0,0,0,0,0,0
"Treponema_socranskii",1,0.461538461538462,0.757142857142857,0.925925925925926,0.808080808080808,0.434782608695652,0.947247706422018,0,0.0108108108108108,0.389705882352941,0.790697674418605,0.95,0.906976744186046,0.627376425855513,0.424242424242424,1,1,0.9,0.466666666666667,0.806818181818182,0.944444444444444,0.956521739130435,0.776699029126214,0.973684210526316,0.60989010989011,0.375,0.7,0.131313131313131,0.807017543859649,0.848484848484849,0.948717948717949,0.975,1,0.882352941176471,0.863636363636364,0.9,0.888888888888889,0.7,0.961538461538462,0.756756756756757,0.761904761904762,0.893333333333333,0.416666666666667,0.977777777777778,0.857142857142857,0.95,0.727272727272727,0.644067796610169,1,0.928571428571429,0.85,0.942857142857143,0.9,0.535580524344569,0.80952380952381,0.15,0.258333333333333,1,0.579234972677596,0.602108036890646,0.996503496503496,0.446808510638298,0.742174629324547,0.733333333333333,0.866666666666667,0.943164362519201,0.961284230406043,0.725490196078431,0.916666666666667,0.8328173374613,0.555944055944056,0.547563805104408,0.281947261663286,0.75,0.933333333333333,0.606060606060606,0.647058823529412,0.655172413793103,0.86271676300578,0.767857142857143,0.45,0.888888888888889,0.45,0.281481481481481,0,0.0161290322580645,0,0.00543478260869565,0.162393162393162,0.40625,0.05,0.0909090909090909,0,0.0198019801980198,0.791666666666667,0,0.115384615384615,0.1375,0.499254843517139
"Pyramidobacter_piscolens",0.612244897959184,0.282051282051282,0,0.407407407407407,0.0101010101010101,0,0.479357798165138,0.0053475935828877,0.0108108108108108,0.0808823529411765,0,0.45,0.418604651162791,0,0.121212121212121,0.68503937007874,0.142857142857143,0,0,0.181818181818182,0.166666666666667,0.0217391304347826,0.029126213592233,0,0,0,0.4,0.0101010101010101,0.0350877192982456,0,0.0769230769230769,0.2375,0.7,0.0294117647058824,0.0227272727272727,0,0.345679012345679,0,0.423076923076923,0.216216216216216,0.0476190476190476,0.68,0.0277777777777778,0.511111111111111,0.571428571428571,0.05,0.181818181818182,0.0169491525423729,0.119047619047619,0.428571428571429,0.175,0,0.4,0,0,0,0.00833333333333333,0,0.0655737704918033,0.0447957839262187,0.0174825174825175,0.212765957446809,0.0057660626029654,0.266666666666667,0.0333333333333333,0.00921658986175115,0.0415486307837583,0,0,0.0247678018575851,0.0909090909090909,0.0440835266821346,0,0.0267857142857143,0.103703703703704,0.0303030303030303,0.0294117647058824,0,0.238439306358382,0.0178571428571429,0.025,0.0740740740740741,0,0.0148148148148148,0,0,0,0,0.00427350427350427,0,0,0,0,0,0.166666666666667,0,0,0,0.0387481371087928
"Dialister_pneumosintes",0.938775510204082,0.435897435897436,0.7,0.888888888888889,0.747474747474748,0.291925465838509,0.894495412844037,0.363636363636364,0.367567567567568,0.610294117647059,0.651162790697674,0.95,0.720930232558139,0.44106463878327,0.545454545454545,0.992125984251969,1,0.75,0.733333333333333,0.818181818181818,0.944444444444444,0.956521739130435,0.56957928802589,0.894736842105263,0.346153846153846,0.125,0.6,0.181818181818182,0.578947368421053,0.666666666666667,0.82051282051282,0.925,1,0.882352941176471,0.863636363636364,0.8,0.91358024691358,0.65,0.903846153846154,0.972972972972973,0.857142857142857,0.886666666666667,0.388888888888889,0.866666666666667,1,0.8,1,0.601694915254237,0.976190476190476,0.964285714285714,0.775,0.828571428571429,0.9,0.539325842696629,0.476190476190476,0.133333333333333,0.191666666666667,0.833333333333333,0.415300546448087,0.466403162055336,0.839160839160839,0.319148936170213,0.582372322899506,0.866666666666667,0.866666666666667,0.692012288786482,0.749763928234183,0.0980392156862745,0.75,0.702786377708978,0.48951048951049,0.496519721577726,0.321501014198783,0.5625,0.940740740740741,0.424242424242424,0.588235294117647,0.517241379310345,0.732658959537572,0.660714285714286,0.45,0.814814814814815,0.342857142857143,0.266666666666667,0,0.0161290322580645,0,0.00543478260869565,0.213675213675214,0.5625,0.05,0.0909090909090909,0.00576368876080692,0.0693069306930693,1,0.0277777777777778,0.182692307692308,0.175,0.694485842026826
"Selenomonas_flueggei",0.857142857142857,0.307692307692308,0.614285714285714,0.851851851851852,0.838383838383838,0.0434782608695652,0.724770642201835,0.288770053475936,0.243243243243243,0.323529411764706,0.720930232558139,0.7,0.767441860465116,0.315589353612167,0.545454545454545,0.811023622047244,0.642857142857143,0.55,0.466666666666667,0.522727272727273,0.388888888888889,0.869565217391304,0.281553398058252,0.868421052631579,0.159340659340659,0,0.6,0.0707070707070707,0.421052631578947,0.471861471861472,0.717948717948718,0.8,0.8,0.779411764705882,0.5,0.4,0.740740740740741,0.5,0.615384615384615,1,1,0.453333333333333,0.194444444444444,0.6,0.714285714285714,0.05,0.818181818181818,0.38135593220339,0.714285714285714,0.857142857142857,0.7,0.485714285714286,0.1,0.340823970037453,0,0.0166666666666667,0.141666666666667,0.666666666666667,0.087431693989071,0.1133069828722,0.604895104895105,0.212765957446809,0.378088962108731,0.266666666666667,0.533333333333333,0.675115207373272,0.67233238904627,0.607843137254902,0.75,0.219814241486068,0.15034965034965,0.176334106728538,0.120689655172414,0.464285714285714,0.807407407407407,0.363636363636364,0.323529411764706,0.344827586206897,0.725433526011561,0.607142857142857,0.425,0.37037037037037,0,0.185185185185185,0.025,0.032258064516129,0,0,0.175213675213675,0.625,0.1,0.318181818181818,0.236311239193084,0.178217821782178,0.75,0.0185185185185185,0.173076923076923,0.15625,0.469448584202683
"Peptostreptococcus_stomatis",0.979591836734694,0.846153846153846,0.985714285714286,1,1,0.875776397515528,0.990825688073395,0.786096256684492,0.767567567567568,0.992647058823529,0.883720930232558,1,0.953488372093023,0.863117870722434,0.636363636363636,0.992125984251969,1,1,1,0.965909090909091,1,0.978260869565217,0.87378640776699,1,1,0.75,0.9,0.585858585858586,0.736842105263158,0.883116883116883,0.974358974358974,0.975,1,0.955882352941177,1,1,1,0.75,1,1,0.952380952380952,0.933333333333333,0.5,1,1,1,1,0.906779661016949,1,0.964285714285714,0.9,0.8,1,0.921348314606742,0.619047619047619,1,0.991666666666667,1,0.60655737704918,0.592885375494071,0.996503496503496,0.404255319148936,0.680395387149918,1,0.933333333333333,0.990015360983103,0.999055712936733,0.980392156862745,1,0.829721362229102,0.629370629370629,0.649651972157773,0.710953346855984,0.973214285714286,1,0.939393939393939,0.823529411764706,0.931034482758621,0.997109826589595,0.875,0.75,0.962962962962963,0.964285714285714,0.859259259259259,0,0.032258064516129,0.1,0.00543478260869565,0.341880341880342,0.453125,0.05,0.272727272727273,0,0.0099009900990099,0.958333333333333,0.138888888888889,0.355769230769231,0.375,0.97317436661699
"Lactobacillus_reuteri",0.122448979591837,0.512820512820513,0.328571428571429,0.0740740740740741,0.151515151515152,0,0.0963302752293578,0.160427807486631,0.162162162162162,0.110294117647059,0,0.15,0.0697674418604651,0.11787072243346,0.0909090909090909,0.480314960629921,0.0714285714285714,0,0.266666666666667,0.0568181818181818,0.0555555555555556,0.239130434782609,0.0355987055016181,0.131578947368421,0.010989010989011,0,0.4,0.414141414141414,0.12280701754386,0.0606060606060606,0.307692307692308,0.6125,0.3,0.455882352941176,0.318181818181818,0.6,0.419753086419753,0.1,0.115384615384615,0.189189189189189,0.380952380952381,0.0666666666666667,0.0277777777777778,0.0444444444444444,0.333333333333333,0.4,0.181818181818182,0.0254237288135593,0.30952380952381,0.464285714285714,0.425,0.514285714285714,0,0.048689138576779,0,0.0333333333333333,0.0833333333333333,0.25,0,0,0.0034965034965035,0.106382978723404,0.0840197693574959,0.133333333333333,0,0.238863287250384,0.248347497639282,0,0.25,0.0464396284829721,0.0454545454545455,0.0626450116009281,0.0111561866125761,0.125,0.6,0.0606060606060606,0.441176470588235,0.0689655172413793,0.235549132947977,0.357142857142857,0.275,0.185185185185185,0.00714285714285714,0,0,0,0,0,0.00427350427350427,0,0,0,0,0,0,0,0,0,0
"Butyrivibrio_fibrisolvens",0.510204081632653,0.153846153846154,0.4,0.518518518518518,0.767676767676768,0.372670807453416,0.286697247706422,0.0053475935828877,0.00540540540540541,0.0882352941176471,0.627906976744186,0.3,0.232558139534884,0.14828897338403,0.181818181818182,0.181102362204724,0.428571428571429,0.95,0.266666666666667,0.238636363636364,0.388888888888889,0.391304347826087,0.00647249190938511,0.5,0.032967032967033,0,0.1,0.0505050505050505,0.0526315789473684,0.151515151515152,0.179487179487179,0.2375,0.6,0.544117647058823,0.295454545454545,0.2,0.37037037037037,0.05,0.153846153846154,0.378378378378378,0.333333333333333,0.193333333333333,0.0277777777777778,0.266666666666667,0.0476190476190476,0.45,0.181818181818182,0.330508474576271,0.285714285714286,0.25,0.025,0.0285714285714286,0,0.0374531835205993,0.380952380952381,0.0833333333333333,0.0583333333333333,0.0833333333333333,0.14207650273224,0.126482213438735,0.20979020979021,0.0212765957446809,0.338550247116969,0.2,0.0666666666666667,0.238095238095238,0.290840415486308,0.0588235294117647,0.416666666666667,0.00309597523219814,0.118881118881119,0.148491879350348,0.00608519269776876,0.232142857142857,0.377777777777778,0.181818181818182,0.0294117647058824,0.172413793103448,0.294797687861272,0.142857142857143,0.175,0.111111111111111,0.228571428571429,0,0,0,0,0,0,0,0,0,0,0,0,0,0,0,0
"Mycoplasma_salivarium",0.755102040816326,0.205128205128205,0.228571428571429,0.888888888888889,0.545454545454545,0.105590062111801,0.364678899082569,0.128342245989305,0.151351351351351,0.0441176470588235,0.441860465116279,0.4,0.186046511627907,0.273764258555133,0.333333333333333,0.68503937007874,0.5,0.65,0.133333333333333,0.284090909090909,0.5,0.543478260869565,0,0.789473684210526,0.159340659340659,0.25,0.5,0.0707070707070707,0.526315789473684,0.515151515151515,0.692307692307692,0.775,0.8,0.529411764705882,0.363636363636364,0.1,0.530864197530864,0.3,0.538461538461538,0.432432432432432,0.428571428571429,0,0.138888888888889,0.355555555555556,0.0476190476190476,0.5,0.727272727272727,0.389830508474576,0.642857142857143,0.821428571428571,0.425,0.571428571428571,0,0.172284644194757,0.19047619047619,0,0,0.583333333333333,0.284153005464481,0.259552042160738,0,0.361702127659574,0.20840197693575,0.466666666666667,0.333333333333333,0.701996927803379,0.664778092540132,0.235294117647059,0.0833333333333333,0.489164086687306,0.300699300699301,0.283062645011601,0.0628803245436105,0.232142857142857,0.503703703703704,0.272727272727273,0.352941176470588,0.310344827586207,0.0447976878612717,0.357142857142857,0.175,0.555555555555556,0.0785714285714286,0,0,0,0,0,0,0,0,0,0,0,0,0,0,0,0
"Mobiluncus_curtisii",0.0408163265306122,0.0256410256410256,0.328571428571429,0.0740740740740741,0.838383838383838,0.118012422360248,0.465596330275229,0.0588235294117647,0.0648648648648649,0.352941176470588,0.0697674418604651,0.2,0.0930232558139535,0.0380228136882129,0,0.0708661417322835,0.5,0.45,0.333333333333333,0.0454545454545455,0,0.41304347826087,0.00323624595469256,0.368421052631579,0.153846153846154,0,0,0.141414141414141,0.0175438596491228,0.0173160173160173,0.41025641025641,0.45,0.7,0.397058823529412,0.113636363636364,0,0.185185185185185,0.1,0.307692307692308,0.027027027027027,0.0952380952380952,0.00666666666666667,0,0.622222222222222,0.333333333333333,0.45,0.0909090909090909,0.0169491525423729,0,0.0357142857142857,0.175,0.142857142857143,0,0.00374531835205993,0,0.25,0.316666666666667,0.666666666666667,0.0437158469945355,0.0355731225296443,0.041958041958042,0,0.00411861614497529,0,0.0333333333333333,0.390168970814132,0.444759206798867,0,0.333333333333333,0.00619195046439629,0.0524475524475524,0.0696055684454756,0.0578093306288032,0.151785714285714,0.437037037037037,0.181818181818182,0,0,0.171965317919075,0.0178571428571429,0,0.037037037037037,0.0642857142857143,0,0,0,0,0,0,0,0,0,0,0,0,0,0,0,0
"Simonsiella_muelleri",0.306122448979592,0.205128205128205,0.285714285714286,0.925925925925926,0.262626262626263,0.236024844720497,0.527522935779816,0.0481283422459893,0.0594594594594595,0.220588235294118,0.162790697674419,0.6,0.0465116279069767,0.23574144486692,0.0606060606060606,0.15748031496063,0.5,0.65,0.533333333333333,0.431818181818182,0.444444444444444,0.369565217391304,0.216828478964401,0.236842105263158,0.186813186813187,0.375,0.1,0.111111111111111,0.140350877192982,0.458874458874459,0.461538461538462,0.4,0.8,0.470588235294118,0.613636363636364,0.2,0.0617283950617284,0.25,0.365384615384615,0.513513513513513,0.380952380952381,0.14,0.111111111111111,0.488888888888889,0.285714285714286,0.35,0.181818181818182,0.211864406779661,0.476190476190476,0.392857142857143,0.075,0.171428571428571,0,0.176029962546816,0.238095238095238,0.116666666666667,0.141666666666667,0.166666666666667,0.109289617486339,0.072463768115942,0.0034965034965035,0.106382978723404,0.184514003294893,0.2,0.466666666666667,0.718125960061444,0.662889518413598,0.431372549019608,0.5,0.142414860681115,0.108391608391608,0.14385150812065,0.22920892494929,0.196428571428571,0.651851851851852,0.121212121212121,0.0294117647058824,0.137931034482759,0.134393063583815,0.0357142857142857,0,0.037037037037037,0.0214285714285714,0.214814814814815,0.05,0.0161290322580645,0.1,0.0108695652173913,0.00427350427350427,0.25,0,0.0454545454545455,0.0605187319884726,0.128712871287129,0.291666666666667,0,0.0576923076923077,0,0.360655737704918
"Actinomyces_oricola",0.306122448979592,0.0512820512820513,0.0714285714285714,0.111111111111111,0,0.0062111801242236,0.0504587155963303,0,0.0108108108108108,0,0.0232558139534884,0.1,0.0232558139534884,0.0114068441064639,0.0303030303030303,0.0236220472440945,0,0,0,0,0,0.0217391304347826,0.00970873786407767,0,0,0,0,0,0,0.012987012987013,0.0512820512820513,0.0375,0.2,0,0,0,0.148148148148148,0,0.173076923076923,0.108108108108108,0.0952380952380952,0.32,0,0.0444444444444444,0.19047619047619,0.05,0.0909090909090909,0.00847457627118644,0.0238095238095238,0,0.025,0.0571428571428571,0,0.00749063670411985,0,0.0166666666666667,0,0,0.00546448087431694,0,0.00699300699300699,0.0212765957446809,0.00164744645799012,0.0666666666666667,0,0.0253456221198157,0.0509915014164306,0,0,0.00309597523219814,0.0629370629370629,0.0719257540603248,0,0.0535714285714286,0.185185185185185,0.0909090909090909,0,0,0.0809248554913295,0.0178571428571429,0.025,0.0740740740740741,0.0285714285714286,0,0,0,0,0,0,0,0,0,0,0,0,0,0,0,0
"Barnesiella_viscericola",0.0612244897959184,0,0,0.111111111111111,0.0202020202020202,0,0.0298165137614679,0,0.00540540540540541,0,0,0.05,0.0930232558139535,0,0,0,0.142857142857143,0,0,0,0,0.0869565217391304,0,0.157894736842105,0,0,0,0.0101010101010101,0,0,0,0.0625,0.3,0.0441176470588235,0,0,0.111111111111111,0,0,0.0540540540540541,0.142857142857143,0,0,0.0444444444444444,0.0476190476190476,0.15,0,0,0.0476190476190476,0.0357142857142857,0.025,0,0,0,0,0.0166666666666667,0,0.0833333333333333,0,0,0,0,0.00411861614497529,0.133333333333333,0,0.0552995391705069,0.0604343720491029,0.0392156862745098,0,0,0.0314685314685315,0.0348027842227378,0,0,0.0444444444444444,0,0,0,0.0303468208092486,0,0,0,0,0,0,0,0,0,0,0,0,0,0,0,0,0,0,0,0
"Prevotella_aurantiaca",0.612244897959184,0.358974358974359,0.514285714285714,1,0.888888888888889,0.37888198757764,0.827981651376147,0.0855614973262032,0.178378378378378,0.941176470588235,0.255813953488372,0.9,0.488372093023256,0.456273764258555,0.242424242424242,0.968503937007874,0.928571428571429,0.9,0.533333333333333,0.897727272727273,0.944444444444444,0.630434782608696,0.605177993527508,0.947368421052632,0.78021978021978,0.25,0.2,0.414141414141414,0.491228070175439,0.597402597402597,0.435897435897436,0.35,0.9,0.676470588235294,0.704545454545455,0.5,0.753086419753086,0.25,0.865384615384615,0.540540540540541,0.476190476190476,0.393333333333333,0.333333333333333,0.755555555555556,0.714285714285714,0.8,0.454545454545455,0.627118644067797,0.833333333333333,0.535714285714286,0.225,0.371428571428571,0.1,0.456928838951311,0.666666666666667,0.75,0.641666666666667,0.25,0.382513661202186,0.453227931488801,0.0244755244755245,0.212765957446809,0.462108731466227,0.8,0.633333333333333,0.91321044546851,0.87724268177526,0.529411764705882,0.5,0.526315789473684,0.423076923076923,0.422273781902552,0.4026369168357,0.714285714285714,0.785185185185185,0.484848484848485,0.411764705882353,0.551724137931034,0.580924855491329,0.303571428571429,0.3,0.37037037037037,0.378571428571429,0,0,0,0,0,0,0,0,0,0,0,0,0,0,0,0
"Leptotrichia_amnionii",0.0204081632653061,0.0256410256410256,0,0.333333333333333,0.0101010101010101,0,0.0321100917431193,0.0053475935828877,0,0.00735294117647059,0.0465116279069767,0,0.0232558139534884,0.00380228136882129,0,0.047244094488189,0.214285714285714,0,0,0.0113636363636364,0.0555555555555556,0.0869565217391304,0,0.131578947368421,0,0,0.1,0,0.0175438596491228,0.00432900432900433,0.102564102564103,0.2,0.2,0,0.0454545454545455,0,0.0987654320987654,0.05,0.0192307692307692,0.0540540540540541,0,0,0,0,0,0.1,0,0.00847457627118644,0.238095238095238,0.285714285714286,0.05,0.142857142857143,0,0.00749063670411985,0,0,0,0,0.0163934426229508,0.0303030303030303,0,0,0.0263591433278418,0,0,0.0990783410138249,0.0472143531633617,0,0,0.00309597523219814,0.0174825174825175,0.0510440835266821,0.0152129817444219,0.0446428571428571,0.0296296296296296,0,0,0,0.00289017341040462,0.0178571428571429,0,0.037037037037037,0.00714285714285714,0,0,0,0,0,0.00427350427350427,0,0,0,0,0,0.0416666666666667,0,0,0,0.0014903129657228
"Leptotrichia_shahii",0.959183673469388,0.512820512820513,0.928571428571429,1,0.96969696969697,0.521739130434783,0.988532110091743,0.588235294117647,0.643243243243243,0.985294117647059,0.604651162790698,1,1,0.832699619771863,0.454545454545455,0.992125984251969,1,0.65,0.666666666666667,0.761363636363636,0.777777777777778,1,0.514563106796116,1,0.774725274725275,0.375,1,0.767676767676768,0.701754385964912,0.861471861471861,1,0.9875,1,0.985294117647059,0.704545454545455,0.8,0.987654320987654,0.9,0.923076923076923,0.675675675675676,0.857142857142857,0.68,0.305555555555556,0.977777777777778,1,1,0.818181818181818,0.584745762711864,1,1,0.925,1,0.5,0.696629213483146,0.19047619047619,1,0.991666666666667,1,0.562841530054645,0.529644268774704,0.972027972027972,0.382978723404255,0.742998352553542,0.8,0.866666666666667,0.992319508448541,0.998111425873466,1,1,0.743034055727554,0.646853146853147,0.649651972157773,0.596348884381339,0.973214285714286,1,0.606060606060606,0.588235294117647,0.620689655172414,0.992774566473988,0.75,0.75,0.777777777777778,0.171428571428571,0,0,0,0,0,0,0,0,0,0,0,0,0,0,0,0
"Capnocytophaga_ochracea",1,0.58974358974359,0.885714285714286,1,0.96969696969697,0.540372670807453,0.995412844036697,0.786096256684492,0.772972972972973,0.919117647058823,0.953488372093023,1,1,0.85171102661597,0.424242424242424,1,1,1,0.933333333333333,0.840909090909091,0.944444444444444,1,0.83495145631068,1,0.857142857142857,0.625,0.9,0.323232323232323,0.824561403508772,0.922077922077922,1,0.9875,1,0.926470588235294,1,0.9,0.962962962962963,0.8,1,0.972972972972973,0.952380952380952,0.92,0.5,1,0.952380952380952,1,0.727272727272727,0.627118644067797,1,0.964285714285714,0.975,0.971428571428571,0.6,0.925093632958802,0.952380952380952,0.7,0.725,1,0.688524590163934,0.685111989459816,0.996503496503496,0.446808510638298,0.924217462932455,0.866666666666667,1,0.993087557603687,0.994334277620397,1,1,0.851393188854489,0.632867132867133,0.638051044083527,0.707910750507099,0.964285714285714,0.992592592592593,0.727272727272727,0.764705882352941,0.96551724137931,0.984104046242775,0.928571428571429,0.775,0.851851851851852,0.792857142857143,0.422222222222222,0,0.032258064516129,0,0.0108695652173913,0.414529914529915,0.671875,0.15,0.454545454545455,0.0201729106628242,0.158415841584158,0.958333333333333,0,0.288461538461538,0.0875,0.713859910581222
"Prevotella_ruminicola",0.408163265306122,0.256410256410256,0.157142857142857,0.925925925925926,0.111111111111111,0.031055900621118,0.330275229357798,0.0213903743315508,0.0162162162162162,0.139705882352941,0.0697674418604651,0.05,0.162790697674419,0.0114068441064639,0.0303030303030303,0.173228346456693,0.428571428571429,0.6,0.333333333333333,0.284090909090909,0.222222222222222,0.239130434782609,0.00323624595469256,0.5,0.021978021978022,0,0.2,0.101010101010101,0.0175438596491228,0.00432900432900433,0.128205128205128,0.175,0.1,0.0882352941176471,0.5,0,0.246913580246914,0,0.115384615384615,0.405405405405405,0.571428571428571,0.393333333333333,0.0555555555555556,0.177777777777778,0.0952380952380952,0.25,0,0.00847457627118644,0.452380952380952,0.535714285714286,0.075,0.0285714285714286,0.8,0.0149812734082397,0.19047619047619,0.0166666666666667,0.0333333333333333,0.166666666666667,0.136612021857924,0.0988142292490119,0.013986013986014,0.0212765957446809,0.00906095551894563,0.333333333333333,0.0333333333333333,0.484639016897081,0.282341831916903,0.235294117647059,0,0,0.0524475524475524,0.0603248259860789,0.0273833671399594,0.517857142857143,0.311111111111111,0.0303030303030303,0.0882352941176471,0.0689655172413793,0.0549132947976879,0.0178571428571429,0,0,0.0714285714285714,0,0,0,0,0,0,0,0,0,0,0,0,0,0,0,0
"Gemella_sanguinis",1,0.0512820512820513,1,1,0.97979797979798,0.993788819875776,0.990825688073395,0.973262032085562,0.978378378378378,0.977941176470588,0.953488372093023,1,0.837209302325581,0.0304182509505703,0.0606060606060606,0.015748031496063,1,1,1,0,0.111111111111111,1,0,1,0.510989010989011,0,0,0.767676767676768,0.0175438596491228,0.038961038961039,1,1,1,0.985294117647059,0.772727272727273,0,0.975308641975309,0.95,1,1,1,0.00666666666666667,0,0.933333333333333,0.952380952380952,1,0.0909090909090909,0.11864406779661,0.976190476190476,1,0.975,0.942857142857143,0,0,1,1,0.983333333333333,1,0.683060109289617,0.679841897233202,0,0,0.0494233937397035,0.933333333333333,0,1,1,0.980392156862745,1,0,0.65034965034965,0.647331786542923,0.873225152129817,1,1,0.96969696969697,0,0.0344827586206897,0.992774566473988,0,0.025,0.037037037037037,1,0.992592592592593,0.625,0.82258064516129,0.5,0.701086956521739,0.991452991452991,0.984375,0.9,1,0.285302593659942,0.801980198019802,0.916666666666667,0.851851851851852,0.701923076923077,0.8375,0.904619970193741
"Conchiformibius_steedae",0.0204081632653061,0.153846153846154,0.0428571428571429,0.814814814814815,0.0303030303030303,0,0.00458715596330275,0,0,0.0147058823529412,0.0232558139534884,0.05,0,0.0342205323193916,0.0303030303030303,0.047244094488189,0.142857142857143,0,0,0,0.0555555555555556,0.0652173913043478,0.0226537216828479,0.0526315789473684,0,0,0.1,0.0202020202020202,0.0175438596491228,0.0346320346320346,0,0.0125,0.3,0.0735294117647059,0.0454545454545455,0.2,0.0617283950617284,0,0,0,0,0.126666666666667,0.0277777777777778,0.0222222222222222,0.0952380952380952,0.05,0.0909090909090909,0.110169491525424,0,0.0357142857142857,0.075,0,0,0.0224719101123595,0,0,0.0166666666666667,0,0,0.00131752305665349,0.104895104895105,0.0425531914893617,0.0411861614497529,0,0,0.0560675883256528,0.040604343720491,0.254901960784314,0,0.00619195046439629,0.0384615384615385,0.0394431554524362,0,0.00892857142857143,0.0444444444444444,0,0,0,0.0505780346820809,0,0.025,0,0,0,0,0,0,0,0,0,0,0,0,0,0,0,0,0,0
"Prevotella_intermedia",0.897959183673469,0.512820512820513,0.657142857142857,1,0.434343434343434,0.515527950310559,0.970183486238532,0.181818181818182,0.275675675675676,0.698529411764706,0.395348837209302,0.95,0.906976744186046,0.380228136882129,0.333333333333333,1,1,0.8,0.733333333333333,0.931818181818182,1,0.717391304347826,0.763754045307443,0.473684210526316,0.494505494505495,0.25,0.6,0.414141414141414,0.543859649122807,0.675324675324675,0.692307692307692,0.9,1,0.455882352941176,0.931818181818182,0.6,0.901234567901235,0.5,0.980769230769231,0.594594594594595,0.523809523809524,0.946666666666667,0.388888888888889,0.933333333333333,0.904761904761905,0.85,0.545454545454545,0.398305084745763,0.976190476190476,0.964285714285714,0.675,0.657142857142857,0.5,0.393258426966292,0.714285714285714,0.166666666666667,0.175,0.25,0.551912568306011,0.60737812911726,0.0769230769230769,0.340425531914894,0.442339373970346,1,0.833333333333333,0.80184331797235,0.804532577903683,0.490196078431373,0.5,0.65015479876161,0.458041958041958,0.512761020881671,0.359026369168357,0.696428571428571,0.859259259259259,0.303030303030303,0.470588235294118,0.586206896551724,0.632947976878613,0.232142857142857,0.075,0.592592592592593,0.664285714285714,0.962962962962963,0.175,0.145161290322581,0.7,0.173913043478261,0.35042735042735,0.25,0.2,0,0.167146974063401,0.257425742574257,1,0.472222222222222,0.182692307692308,0.33125,0.96274217585693
"Porphyromonas_uenonis",0.0408163265306122,0,0.157142857142857,0.0740740740740741,0.191919191919192,0,0.121559633027523,0.0374331550802139,0.0486486486486487,0.235294117647059,0.13953488372093,0.05,0.0465116279069767,0.152091254752852,0,0.236220472440945,0.142857142857143,0.1,0.0666666666666667,0.0909090909090909,0.166666666666667,0.369565217391304,0.0323624595469256,0.0526315789473684,0.0164835164835165,0.125,0.2,0.0202020202020202,0.105263157894737,0.0735930735930736,0.0512820512820513,0.1375,0.7,0.205882352941176,0.204545454545455,0.3,0.185185185185185,0.05,0.269230769230769,0.243243243243243,0.285714285714286,0.06,0.0277777777777778,0.0888888888888889,0,0.3,0,0.076271186440678,0.380952380952381,0.428571428571429,0.325,0.2,0,0.157303370786517,0,0,0,0.416666666666667,0.0655737704918033,0.0263504611330698,0.0874125874125874,0.0212765957446809,0.0963756177924217,0.0666666666666667,0.1,0.175883256528418,0.278564683663834,0,0.25,0.157894736842105,0.0559440559440559,0.0533642691415313,0.00101419878296146,0.0357142857142857,0.17037037037037,0.0303030303030303,0.176470588235294,0.103448275862069,0.0130057803468208,0.178571428571429,0.075,0.185185185185185,0.00714285714285714,0,0,0,0,0,0,0.03125,0,0,0,0,0,0,0,0,0.0283159463487332
"Prevotella_fusca",0.469387755102041,0.461538461538462,0.257142857142857,0.703703703703704,0.161616161616162,0,0.424311926605505,0.0106951871657754,0.0378378378378378,0.286764705882353,0.13953488372093,0.35,0.325581395348837,0.593155893536122,0.303030303030303,0.47244094488189,0.785714285714286,0.25,0.2,0.727272727272727,0.777777777777778,0.521739130434783,0.307443365695793,0.578947368421053,0.0659340659340659,0,0.5,0.242424242424242,0.175438596491228,0.264069264069264,0.512820512820513,0.4125,0.5,0.632352941176471,0.659090909090909,0.7,0.641975308641975,0.3,0.346153846153846,0.189189189189189,0.238095238095238,0.633333333333333,0.0833333333333333,0.6,0.142857142857143,0.65,0.818181818181818,0.271186440677966,0.595238095238095,0.75,0.4,0.514285714285714,0.2,0.50187265917603,0.19047619047619,0.0166666666666667,0.0166666666666667,0.25,0.120218579234973,0.069828722002635,0.653846153846154,0.297872340425532,0.313014827018122,0.266666666666667,0.6,0.453917050691244,0.482530689329556,0.274509803921569,0.416666666666667,0.287925696594427,0.223776223776224,0.245939675174014,0.0486815415821501,0.294642857142857,0.659259259259259,0.0909090909090909,0.294117647058824,0.379310344827586,0.108381502890173,0.428571428571429,0.15,0.222222222222222,0.107142857142857,0.437037037037037,0.025,0,0,0,0.0213675213675214,0.3125,0,0,0.0115273775216138,0.0099009900990099,0.708333333333333,0,0.0288461538461538,0.01875,0.581222056631893
"Selenomonas_sputigena",1,0.487179487179487,0.971428571428571,0.962962962962963,0.98989898989899,0.645962732919255,0.986238532110092,0.780748663101604,0.702702702702703,0.816176470588235,0.953488372093023,1,1,0.836501901140684,0.666666666666667,1,1,1,0.8,0.909090909090909,0.944444444444444,1,0.841423948220065,1,0.857142857142857,0.875,1,0.313131313131313,0.87719298245614,0.852813852813853,1,1,1,0.955882352941177,1,0.9,0.975308641975309,0.8,1,1,1,0.926666666666667,0.388888888888889,1,1,0.2,1,0.728813559322034,1,0.964285714285714,0.975,0.971428571428571,1,0.928838951310861,0.80952380952381,0.65,0.783333333333333,1,0.551912568306011,0.530961791831357,0.996503496503496,0.468085106382979,0.897858319604613,0.733333333333333,0.933333333333333,0.970814132104455,0.978281397544854,0.941176470588235,1,0.835913312693498,0.555944055944056,0.566125290023202,0.592292089249493,0.946428571428571,1,0.909090909090909,0.852941176470588,0.96551724137931,0.989884393063584,0.928571428571429,0.725,0.851851851851852,0.464285714285714,0.325925925925926,0.05,0.032258064516129,0.1,0.00543478260869565,0.320512820512821,0.671875,0.3,0.363636363636364,0.152737752161383,0.158415841584158,0.833333333333333,0,0.326923076923077,0.45,0.758569299552906
"Veillonella_rodentium",0.122448979591837,0.333333333333333,0.228571428571429,0.518518518518518,0.0404040404040404,0,0.0848623853211009,0.0053475935828877,0.0216216216216216,0.0588235294117647,0.116279069767442,0.15,0.0930232558139535,0.0380228136882129,0.212121212121212,0.188976377952756,0,0.05,0.0666666666666667,0,0.111111111111111,0.543478260869565,0,0.578947368421053,0.043956043956044,0,0.3,0.101010101010101,0.0701754385964912,0.103896103896104,0.153846153846154,0.4,0.4,0.235294117647059,0.340909090909091,0.3,0.345679012345679,0,0.0192307692307692,0.162162162162162,0.238095238095238,0,0,0.155555555555556,0.571428571428571,0,0.272727272727273,0.220338983050847,0.30952380952381,0.357142857142857,0.325,0.171428571428571,0,0.101123595505618,0,0.0666666666666667,0.141666666666667,0.5,0.0273224043715847,0.0237154150197628,0,0.0425531914893617,0.754530477759473,0,0.0333333333333333,0.299539170506912,0.16052880075543,0.0784313725490196,0.0833333333333333,0.0185758513931889,0.034965034965035,0.0301624129930394,0.0111561866125761,0.223214285714286,0.444444444444444,0.0303030303030303,0.176470588235294,0.103448275862069,0.322254335260116,0.142857142857143,0.075,0.111111111111111,0,0.0814814814814815,0,0,0,0,0.0256410256410256,0.078125,0,0,0.00576368876080692,0,0.25,0,0.0384615384615385,0.025,0.0849478390461997
"Klebsiella_pneumoniae",0.0612244897959184,0.512820512820513,0,0,0.0909090909090909,0,0.146788990825688,0.0160427807486631,0.0108108108108108,0.0514705882352941,0.0465116279069767,0,0,0,0,0.078740157480315,0.142857142857143,0,0.133333333333333,0.613636363636364,0.888888888888889,0.0434782608695652,0,0,0,0,0,0.121212121212121,0.0175438596491228,0.00865800865800866,0.0256410256410256,0.0125,0,0.102941176470588,0,0,0.135802469135802,0,0.0576923076923077,0,0,0.0266666666666667,0,0.222222222222222,0.0476190476190476,0.2,0,0.127118644067797,0.0476190476190476,0.0357142857142857,0,0,0.1,0,0.0476190476190476,0.0166666666666667,0.0583333333333333,0,0.0273224043715847,0.0368906455862978,0,0.0638297872340425,0.00906095551894563,0.666666666666667,0,0.000768049155145929,0.0113314447592068,0.0196078431372549,0.0833333333333333,0,0.00699300699300699,0.0116009280742459,0.00101419878296146,0.455357142857143,0.0592592592592593,0.0606060606060606,0.0588235294117647,0.0689655172413793,0.111271676300578,0,0,0,0,0.0296296296296296,0,0,0,0,0.00427350427350427,0,0,0,0,0,0.0833333333333333,0,0,0,0.0417287630402385
"Bulleidia_extructa",0.510204081632653,0.230769230769231,0.342857142857143,0.777777777777778,0.767676767676768,0.15527950310559,0.711009174311927,0.0213903743315508,0.0108108108108108,0.220588235294118,0.325581395348837,0.8,0.27906976744186,0.296577946768061,0.242424242424242,0.763779527559055,0.928571428571429,0.4,0.133333333333333,0.727272727272727,0.888888888888889,0.608695652173913,0.207119741100324,0.394736842105263,0.0274725274725275,0.125,0.3,0.0505050505050505,0.263157894736842,0.385281385281385,0.358974358974359,0.6625,0.9,0.705882352941177,0.522727272727273,0.3,0.45679012345679,0.25,0.653846153846154,0.864864864864865,0.666666666666667,0.713333333333333,0.194444444444444,0.511111111111111,0.571428571428571,0.3,0.636363636363636,0.296610169491525,0.880952380952381,0.928571428571429,0.55,0.371428571428571,0,0.205992509363296,0.19047619047619,0.366666666666667,0.441666666666667,0.666666666666667,0.0546448087431694,0.0461133069828722,0,0.234042553191489,0.00658978583196046,0.8,0.566666666666667,0.310291858678955,0.456090651558074,0.0588235294117647,0.333333333333333,0.359133126934985,0.20979020979021,0.278422273781903,0.00811359026369168,0.133928571428571,0.762962962962963,0.424242424242424,0.352941176470588,0.206896551724138,0.679190751445087,0.357142857142857,0.125,0.407407407407407,0.164285714285714,0,0,0,0.1,0,0.397435897435897,0.28125,0.05,0.0909090909090909,0.00864553314121038,0,0.166666666666667,0,0.0961538461538462,0.1,0.491803278688525
"Haemophilus_parahaemolyticus",0.897959183673469,0.282051282051282,0.4,1,0.848484848484849,0.130434782608696,0.821100917431193,0.390374331550802,0.443243243243243,0.411764705882353,0.720930232558139,0.7,0.534883720930233,0.494296577946768,0.393939393939394,0.84251968503937,0.5,0.65,0.8,0.454545454545455,0.444444444444444,0.934782608695652,0.543689320388349,0.973684210526316,0.576923076923077,0.4375,0.1,0.272727272727273,0.421052631578947,0.774891774891775,0.769230769230769,0.675,0.8,0.735294117647059,0.909090909090909,0.8,0.604938271604938,0.6,0.711538461538462,0.810810810810811,0.476190476190476,0.66,0.333333333333333,0.688888888888889,0.523809523809524,0.6,0.727272727272727,0.466101694915254,0.833333333333333,0.535714285714286,0.25,0.371428571428571,0.8,0.790262172284644,0.619047619047619,0.4,0.483333333333333,0.75,0.639344262295082,0.599472990777339,0.835664335664336,0.297872340425532,0.488467874794069,1,0.466666666666667,0.99615975422427,0.977337110481586,0.843137254901961,0.833333333333333,0.461300309597523,0.538461538461538,0.563805104408353,0.300202839756592,0.901785714285714,0.562962962962963,0.393939393939394,0.323529411764706,0.344827586206897,0.651734104046243,0.160714285714286,0.175,0.37037037037037,0.142857142857143,0.481481481481481,0.1,0.0645161290322581,0,0.0489130434782609,0.196581196581197,0.390625,0.25,0.227272727272727,0.175792507204611,0.188118811881188,0.791666666666667,0.203703703703704,0.336538461538462,0.0875,0.682563338301043
"Alloprevotella_tannerae",1,0.487179487179487,0.928571428571429,1,0.97979797979798,0.795031055900621,0.988532110091743,0.636363636363636,0.654054054054054,0.919117647058823,0.86046511627907,1,0.930232558139535,0.79467680608365,0.636363636363636,1,1,1,0.6,0.943181818181818,1,0.978260869565217,0.889967637540453,1,0.89010989010989,0.75,0.9,0.363636363636364,0.754385964912281,0.835497835497836,0.948717948717949,0.9875,1,0.911764705882353,1,0.8,0.975308641975309,0.7,1,1,0.904761904761905,0.933333333333333,0.5,1,0.857142857142857,0.95,1,0.88135593220339,1,0.964285714285714,0.95,0.885714285714286,0.7,0.861423220973783,0.952380952380952,0.25,0.216666666666667,0.916666666666667,0.688524590163934,0.685111989459816,0.863636363636364,0.468085106382979,0.779242174629325,1,0.966666666666667,0.990783410138249,0.999055712936733,0.745098039215686,0.833333333333333,0.922600619195046,0.622377622377622,0.617169373549884,0.689655172413793,0.883928571428571,0.992592592592593,0.666666666666667,0.882352941176471,0.896551724137931,0.697976878612717,0.857142857142857,0.525,0.925925925925926,0.864285714285714,0.918518518518519,0.55,0.306451612903226,0.2,0.277173913043478,0.692307692307692,0.921875,0.5,0.5,0.475504322766571,0.673267326732673,1,0.37037037037037,0.673076923076923,0.73125,0.995529061102832
"Alkaliphilus_crotonatoxidans",0.0408163265306122,0,0.185714285714286,0.148148148148148,0.282828282828283,0,0.0963302752293578,0,0,0.00735294117647059,0,0,0,0,0.121212121212121,0.0708661417322835,0,0,0,0.0681818181818182,0,0.217391304347826,0,0.131578947368421,0.00549450549450549,0,0,0,0.0350877192982456,0.112554112554113,0,0,0.2,0.0441176470588235,0.0227272727272727,0,0.0987654320987654,0,0,0,0,0,0,0,0,0.1,0.545454545454545,0.076271186440678,0.0476190476190476,0.142857142857143,0.025,0,0.1,0.0149812734082397,0,0,0,0.0833333333333333,0,0,0,0,0.239703459637562,0,0.0333333333333333,0.0184331797235023,0.0132200188857413,0.0588235294117647,0,0.00619195046439629,0.013986013986014,0.0139211136890951,0,0.00892857142857143,0.037037037037037,0.0303030303030303,0,0,0.0144508670520231,0,0,0.037037037037037,0,0,0,0,0,0,0,0,0,0,0,0,0,0,0,0,0
"Actinomyces_georgiae",0.918367346938776,0.179487179487179,0.785714285714286,0.703703703703704,0.595959595959596,0.130434782608696,0.706422018348624,0.379679144385027,0.362162162162162,0.220588235294118,0.930232558139535,0.85,0.627906976744186,0.433460076045627,0.272727272727273,0.94488188976378,0.571428571428571,0.85,0.333333333333333,0.534090909090909,0.388888888888889,0.804347826086957,0.40453074433657,0.605263157894737,0.21978021978022,0.625,0.7,0.151515151515152,0.491228070175439,0.424242424242424,0.897435897435897,0.925,0.9,0.661764705882353,0.227272727272727,0.4,0.839506172839506,0.65,0.826923076923077,0.918918918918919,0.80952380952381,0.593333333333333,0.194444444444444,0.4,0.523809523809524,0.55,0.545454545454545,0.491525423728814,0.738095238095238,0.821428571428571,0.65,0.685714285714286,0.8,0.524344569288389,0.619047619047619,0.783333333333333,0.825,0.916666666666667,0.202185792349727,0.176548089591568,0.979020979020979,0.148936170212766,0.478583196046128,0.666666666666667,0.633333333333333,0.866359447004608,0.919735599622285,0.823529411764706,0.833333333333333,0.21671826625387,0.48951048951049,0.45707656612529,0.0588235294117647,0.705357142857143,0.985185185185185,0.909090909090909,0.617647058823529,0.620689655172414,0.747109826589595,0.732142857142857,0.575,0.296296296296296,0.535714285714286,0.0814814814814815,0,0,0,0,0.217948717948718,0.125,0.1,0.181818181818182,0,0,0.208333333333333,0,0.221153846153846,0.225,0.0819672131147541
"Bilophila_wadsworthia",0.0204081632653061,0,0,0.037037037037037,0.161616161616162,0,0.0389908256880734,0.0053475935828877,0.00540540540540541,0.0367647058823529,0.0697674418604651,0,0,0,0.181818181818182,0.21259842519685,0,0.05,0,0.0340909090909091,0.0555555555555556,0,0.0129449838187702,0,0,0,0,0.0202020202020202,0.0350877192982456,0.112554112554113,0.0256410256410256,0.1,0.6,0.0147058823529412,0.227272727272727,0.2,0.160493827160494,0,0.0576923076923077,0,0,0.0666666666666667,0,0,0,0,0.0909090909090909,0.135593220338983,0,0.0714285714285714,0.025,0.0571428571428571,0,0.00374531835205993,0,0.0333333333333333,0.00833333333333333,0,0.0163934426229508,0.00658761528326746,0.0174825174825175,0,0.0436573311367381,0.2,0.166666666666667,0.00921658986175115,0.0226628895184136,0,0,0.00619195046439629,0.0034965034965035,0.00928074245939675,0,0.544642857142857,0.22962962962963,0,0.117647058823529,0.172413793103448,0.114161849710983,0,0.025,0.444444444444444,0,0,0,0,0,0,0,0,0,0,0,0,0,0,0,0,0.0014903129657228
"Streptococcus_oligofermentans",0.673469387755102,0,0.828571428571429,1,0.595959595959596,0.118012422360248,0.444954128440367,0.112299465240642,0.140540540540541,0.102941176470588,0.186046511627907,0.6,0.209302325581395,0.0760456273764259,0.0606060606060606,0.0393700787401575,1,0.2,0.466666666666667,0.125,0.222222222222222,0.956521739130435,0.0194174757281553,0.736842105263158,0.203296703296703,0,0.1,0.141414141414141,0.12280701754386,0.238095238095238,0.897435897435897,0.9125,0.9,0.823529411764706,0.386363636363636,0,0.604938271604938,0.4,0.365384615384615,0.648648648648649,0.333333333333333,0.153333333333333,0.0555555555555556,0.111111111111111,0.761904761904762,0.7,0.181818181818182,0.254237288135593,0.80952380952381,0.75,0.525,0.514285714285714,0,0.0636704119850187,0.142857142857143,0.6,0.641666666666667,0.5,0.273224043715847,0.27536231884058,0.0034965034965035,0.0638297872340425,0.0535420098846787,0.6,0.1,0.894009216589862,0.922568460812087,0.549019607843137,0.333333333333333,0.00619195046439629,0.454545454545455,0.436194895591647,0.0405679513184584,0.5,0.659259259259259,0.727272727272727,0.0588235294117647,0.0344827586206897,0.823699421965318,0.0535714285714286,0,0,0.185714285714286,0,0,0,0,0,0,0,0,0,0,0,0,0,0,0,0
"Actinomyces_lingnae",0.918367346938776,0.948717948717949,1,1,1,0.937888198757764,0.988532110091743,0.946524064171123,0.967567567567568,0.992647058823529,0.953488372093023,1,0.511627906976744,0.942965779467681,0.606060606060606,1,1,1,0.466666666666667,0.931818181818182,1,1,0.909385113268608,1,0.994505494505495,0.875,1,0.606060606060606,0.947368421052632,0.930735930735931,0.974358974358974,1,1,0.941176470588235,0.977272727272727,1,1,1,0.980769230769231,1,1,0.893333333333333,0.5,1,1,1,1,0.830508474576271,1,1,1,1,0.9,0.99625468164794,0.904761904761905,1,0.991666666666667,1,0.562841530054645,0.545454545454545,0.996503496503496,0.446808510638298,0.85831960461285,0.933333333333333,0.933333333333333,0.993087557603687,0.996222851746931,0.843137254901961,1,0.969040247678019,0.643356643356643,0.617169373549884,0.782961460446247,0.973214285714286,1,0.96969696969697,1,1,0.997109826589595,0.946428571428571,0.975,1,0.992857142857143,0,0,0,0,0,0,0,0,0,0,0,0,0,0,0,0
"Streptococcus_equinus",0.0204081632653061,0.487179487179487,0.0571428571428571,0.592592592592593,0.0101010101010101,0,0.00688073394495413,0,0,0.0147058823529412,0.0232558139534884,0,0,0.00380228136882129,0,0.047244094488189,0,0,0,0.125,0.111111111111111,0.130434782608696,0,0,0,0,0,0,0,0.00865800865800866,0,0.025,0,0,0.181818181818182,0,0.0493827160493827,0,0,0.486486486486487,0.619047619047619,0.0333333333333333,0,0.0222222222222222,0,0.1,0.0909090909090909,0.00847457627118644,0.0476190476190476,0.0357142857142857,0.025,0.0285714285714286,0,0.0112359550561798,0.380952380952381,0.0166666666666667,0.025,0,0,0,0.0104895104895105,0.0425531914893617,0.193574958813839,0.266666666666667,0,0.0514592933947773,0.180358829084042,0,0.0833333333333333,0,0.0104895104895105,0.0116009280742459,0.00101419878296146,0.0625,0.0740740740740741,0.0909090909090909,0,0,0.0433526011560694,0,0.05,0,0,0,0,0,0,0,0,0,0,0,0,0,0,0,0,0,0
"Lactobacillus_salivarius",0.285714285714286,0.102564102564103,0.0857142857142857,0.0740740740740741,0.0101010101010101,0.0248447204968944,0.23394495412844,0.133689839572193,0.232432432432432,0.0735294117647059,0.162790697674419,0.15,0.232558139534884,0.0532319391634981,0.0909090909090909,0.897637795275591,0.285714285714286,0,0.4,0.0681818181818182,0.0555555555555556,0.152173913043478,0.0388349514563107,0.0789473684210526,0.00549450549450549,0,0.2,0,0.105263157894737,0,0.230769230769231,0.4625,0.1,0.323529411764706,0,0,0.54320987654321,0,0.0576923076923077,0.0810810810810811,0.0952380952380952,0.453333333333333,0.0277777777777778,0.0666666666666667,0.285714285714286,0.2,0.0909090909090909,0.0677966101694915,0.30952380952381,0.357142857142857,0.475,0.428571428571429,0,0.0224719101123595,0.0476190476190476,0,0,0.0833333333333333,0.0546448087431694,0.0342555994729908,0,0.276595744680851,0.0395387149917628,0.666666666666667,0,0.0268817204301075,0.0604343720491029,0,0.25,0.0154798761609907,0.0559440559440559,0.0719257540603248,0.013184584178499,0.258928571428571,0.348148148148148,0.0303030303030303,0.264705882352941,0.0689655172413793,0.203757225433526,0.125,0.1,0.185185185185185,0.0928571428571429,0.0222222222222222,0,0.032258064516129,0,0.00543478260869565,0.115384615384615,0.03125,0,0.0454545454545455,0,0.0099009900990099,0.125,0,0,0,0.0163934426229508
"Lactobacillus_crispatus",0.0204081632653061,0.461538461538462,0.0142857142857143,0,0,0.0372670807453416,0.00458715596330275,0.0695187165775401,0.0864864864864865,0.102941176470588,0.13953488372093,0.05,0,0.0152091254752852,0,0.015748031496063,0,0.05,0,0,0,0.0434782608695652,0,0,0.00549450549450549,0,0,0.0101010101010101,0.0175438596491228,0,0,0.0375,0.1,0.0735294117647059,0.295454545454545,0.1,0.0493827160493827,0,0,0,0.19047619047619,0.0133333333333333,0,0.0222222222222222,0,0,0,0.00847457627118644,0,0,0.15,0.142857142857143,0,0.00374531835205993,0.0476190476190476,0,0,0,0.0163934426229508,0.0105401844532279,0,0.0425531914893617,0.0057660626029654,0.0666666666666667,0,0.00460829493087558,0.0056657223796034,0,0,0,0.0034965034965035,0.0139211136890951,0,0,0.0888888888888889,0,0.0588235294117647,0,0.0303468208092486,0,0,0,0.0142857142857143,0,0,0,0,0,0.0555555555555556,0,0,0,0,0,0,0,0,0,0.0029806259314456
"Prevotella_maculosa",1,0.641025641025641,0.614285714285714,0.962962962962963,0.939393939393939,0.354037267080745,0.974770642201835,0.449197860962567,0.367567567567568,0.808823529411765,0.837209302325581,1,0.953488372093023,0.726235741444867,0.454545454545455,0.929133858267717,1,0.9,0.466666666666667,0.863636363636364,0.944444444444444,1,0.822006472491909,1,0.813186813186813,0.25,0.6,0.363636363636364,0.666666666666667,0.766233766233766,0.948717948717949,1,1,0.897058823529412,0.977272727272727,0.8,0.950617283950617,0.65,0.980769230769231,0.972972972972973,1,0.92,0.277777777777778,0.977777777777778,0.904761904761905,1,1,0.584745762711864,0.928571428571429,0.964285714285714,0.925,0.8,0.2,0.831460674157303,0.80952380952381,0.133333333333333,0.166666666666667,1,0.562841530054645,0.561264822134387,0.944055944055944,0.404255319148936,0.754530477759473,0.866666666666667,1,0.973118279569892,0.977337110481586,0.980392156862745,0.75,0.708978328173375,0.566433566433566,0.5707656612529,0.484787018255578,0.803571428571429,0.977777777777778,0.696969696969697,0.617647058823529,0.827586206896552,0.777456647398844,0.857142857142857,0.425,0.703703703703704,0.464285714285714,0.140740740740741,0,0,0.1,0,0.136752136752137,0.40625,0.1,0.227272727272727,0.0115273775216138,0.0495049504950495,0.833333333333333,0,0.153846153846154,0.10625,0.640834575260805
"Haemophilus_influenzae",0.897959183673469,0.384615384615385,0.685714285714286,1,0.878787878787879,0.0869565217391304,0.905963302752294,0.545454545454545,0.578378378378378,0.529411764705882,0.744186046511628,1,0.604651162790698,0.67680608365019,0.393939393939394,0.881889763779528,0.857142857142857,0.7,0.333333333333333,0.852272727272727,0.833333333333333,0.934782608695652,0.521035598705502,1,0.450549450549451,0.0625,0.6,0.363636363636364,0.526315789473684,0.865800865800866,0.82051282051282,0.85,0.8,0.882352941176471,0.931818181818182,1,0.839506172839506,0.65,0.865384615384615,0.648648648648649,0.666666666666667,0.686666666666667,0.416666666666667,0.888888888888889,1,0.9,1,0.694915254237288,0.976190476190476,1,0.65,0.485714285714286,0.1,0.921348314606742,0.142857142857143,0.783333333333333,0.725,1,0.677595628415301,0.69433465085639,0.982517482517482,0.297872340425532,0.64168039538715,0.933333333333333,0.933333333333333,0.996927803379416,0.992445703493862,1,0.75,0.619195046439629,0.601398601398601,0.596287703016241,0.302231237322515,0.875,0.948148148148148,0.424242424242424,0.529411764705882,0.655172413793103,0.800578034682081,0.357142857142857,0.35,0.777777777777778,0.342857142857143,0.125925925925926,0,0.0161290322580645,0.1,0,0.00427350427350427,0.1875,0,0,0.00288184438040346,0.0396039603960396,0.708333333333333,0,0.211538461538462,0.00625,0.287630402384501
"Moraxella_bovoculi",0.183673469387755,0.102564102564103,0.0142857142857143,0.740740740740741,0,0,0.142201834862385,0,0,0.0955882352941176,0,0.1,0.0232558139534884,0.0190114068441065,0.0303030303030303,0.031496062992126,0.285714285714286,0,0.133333333333333,0.318181818181818,0.388888888888889,0.0217391304347826,0,0.0263157894736842,0.043956043956044,0,0,0,0,0.0432900432900433,0,0,0,0.0294117647058824,0.0227272727272727,0.1,0,0,0,0,0,0.0266666666666667,0.0277777777777778,0.288888888888889,0.142857142857143,0.05,0,0.0169491525423729,0.0238095238095238,0.0357142857142857,0,0,0,0.0149812734082397,0,0,0.00833333333333333,0,0.00546448087431694,0,0,0.0212765957446809,0.00247116968698517,0.133333333333333,0,0.15668202764977,0.164305949008499,0.0392156862745098,0,0.00309597523219814,0.0454545454545455,0.0603248259860789,0,0.0178571428571429,0.0814814814814815,0,0,0,0.00433526011560694,0,0,0,0,0,0,0,0,0,0,0,0,0,0,0,0,0,0,0,0
"Atopobium_minutum",0.0204081632653061,0,0.0571428571428571,0.037037037037037,0.0101010101010101,0,0.00458715596330275,0,0.00540540540540541,0,0,0,0,0.0228136882129278,0,0,0.142857142857143,0,0,0.0113636363636364,0.111111111111111,0.0869565217391304,0,0.0526315789473684,0,0,0,0,0.0350877192982456,0.0303030303030303,0,0.0375,0.3,0.0147058823529412,0,0,0.0617283950617284,0,0.0192307692307692,0.108108108108108,0,0,0,0,0,0.1,0,0.0593220338983051,0.0238095238095238,0,0,0.0571428571428571,0,0.0224719101123595,0,0.0166666666666667,0.00833333333333333,0,0.00546448087431694,0.00131752305665349,0.0174825174825175,0,0.00658978583196046,0,0,0.0499231950844854,0.0387157695939566,0.0196078431372549,0,0,0.0034965034965035,0.00464037122969838,0,0.0446428571428571,0.0592592592592593,0.0606060606060606,0.0294117647058824,0.0689655172413793,0.0838150289017341,0.107142857142857,0.075,0,0.00714285714285714,0.00740740740740741,0,0,0,0,0,0,0,0,0,0,0,0,0,0,0
"Capnocytophaga_haemolytica",0.346938775510204,0.0512820512820513,0.185714285714286,0.925925925925926,0.505050505050505,0.105590062111801,0.364678899082569,0.0053475935828877,0.0486486486486487,0.125,0.186046511627907,0.55,0.209302325581395,0.0304182509505703,0.121212121212121,0.362204724409449,0.5,0.4,0.266666666666667,0.0340909090909091,0.111111111111111,0.41304347826087,0.129449838187702,0.684210526315789,0.252747252747253,0,0,0.0404040404040404,0.0526315789473684,0.203463203463203,0.230769230769231,0.225,0.9,0.382352941176471,0.613636363636364,0.1,0.358024691358025,0.2,0.0576923076923077,0.27027027027027,0.142857142857143,0.1,0.0833333333333333,0.266666666666667,0.380952380952381,0.4,0.181818181818182,0.211864406779661,0.857142857142857,0.678571428571429,0.075,0.142857142857143,0.1,0.220973782771536,0.142857142857143,0.2,0.291666666666667,0.5,0.229508196721311,0.230566534914361,0.993006993006993,0.0425531914893617,0.121087314662273,0.2,0.133333333333333,0.538402457757296,0.546742209631728,0.647058823529412,0.166666666666667,0.151702786377709,0.237762237762238,0.245939675174014,0.139959432048682,0.267857142857143,0.57037037037037,0.303030303030303,0.0294117647058824,0.0689655172413793,0.508670520231214,0.142857142857143,0.075,0.0740740740740741,0.1,0.0148148148148148,0,0,0,0,0.00854700854700855,0,0,0,0,0.0099009900990099,0.208333333333333,0,0,0.03125,0.0104321907600596
"Clostridium_aminobutyricum",0.448979591836735,0.0256410256410256,0.0142857142857143,0.518518518518518,0.666666666666667,0,0.584862385321101,0.0267379679144385,0.027027027027027,0.5,0,0.45,0.255813953488372,0.00380228136882129,0.0606060606060606,0,0.785714285714286,0.05,0.6,0.0113636363636364,0,0.304347826086957,0,0.736842105263158,0.252747252747253,0,0,0.0202020202020202,0.0701754385964912,0.0173160173160173,0.41025641025641,0.1625,0.6,0.235294117647059,0.0681818181818182,0,0.172839506172839,0.05,0.615384615384615,0.243243243243243,0.333333333333333,0,0,0.577777777777778,0.523809523809524,0.5,0,0.0847457627118644,0.261904761904762,0.25,0.05,0.0571428571428571,0.5,0.00749063670411985,0,0.733333333333333,0.85,0.25,0.0109289617486339,0.00922266139657444,0,0,0.0189456342668863,0.2,0.1,0.179723502304147,0.200188857412653,0.176470588235294,0.416666666666667,0.00619195046439629,0.164335664335664,0.155452436194896,0.0334685598377282,0.267857142857143,0.177777777777778,0.212121212121212,0,0.0689655172413793,0.26878612716763,0.0178571428571429,0,0.037037037037037,0,0,0,0,0,0,0,0,0,0,0,0,0,0,0,0,0
"Porphyromonas_gulae",0.693877551020408,0.128205128205128,0.214285714285714,0.962962962962963,0.303030303030303,0.031055900621118,0.486238532110092,0.0213903743315508,0.0162162162162162,0.455882352941176,0.116279069767442,0.4,0.209302325581395,0.0608365019011407,0.121212121212121,0.346456692913386,0.714285714285714,0.2,0.333333333333333,0.352272727272727,0.388888888888889,0.608695652173913,0.0388349514563107,0.552631578947368,0.104395604395604,0,0.3,0.0404040404040404,0.0701754385964912,0.121212121212121,0.564102564102564,0.425,0.7,0.514705882352941,0.409090909090909,0,0.62962962962963,0,0.423076923076923,0.513513513513513,0.333333333333333,0.42,0.0555555555555556,0.444444444444444,0.142857142857143,0.8,0.363636363636364,0.0338983050847458,0.666666666666667,0.678571428571429,0.15,0.171428571428571,0,0.00374531835205993,0.0952380952380952,0.283333333333333,0.308333333333333,0.75,0.103825136612022,0.0922266139657444,0,0.127659574468085,0.0799011532125206,0.4,0.266666666666667,0.751152073732719,0.643059490084986,0.156862745098039,0,0.0619195046439628,0.36013986013986,0.345707656612529,0.0344827586206897,0.151785714285714,0.82962962962963,0.121212121212121,0.176470588235294,0.0344827586206897,0.463872832369942,0.0714285714285714,0.05,0.037037037037037,0.0214285714285714,0,0,0,0,0,0,0,0,0,0,0,0,0,0,0,0
"Saccharofermentans_acetigenes",0.326530612244898,0,0,0.222222222222222,0.0606060606060606,0,0.176605504587156,0,0,0.00735294117647059,0,0.05,0.0465116279069767,0,0,0.0078740157480315,0.0714285714285714,0,0,0,0,0.0217391304347826,0,0,0,0,0,0.0101010101010101,0,0.00432900432900433,0,0.0125,0.1,0.102941176470588,0,0,0.0740740740740741,0,0.0576923076923077,0,0,0,0.0555555555555556,0.0222222222222222,0.0952380952380952,0.05,0,0,0.0476190476190476,0.0357142857142857,0,0.0571428571428571,0.2,0.00749063670411985,0,0.0333333333333333,0.025,0,0,0,0,0,0.00494233937397035,0,0,0.00153609831029186,0.00661000944287063,0,0,0,0.00699300699300699,0.00464037122969838,0,0.0267857142857143,0.0296296296296296,0,0,0,0.0549132947976879,0,0,0.037037037037037,0,0,0,0,0,0,0,0,0,0,0,0,0,0,0,0,0
"Veillonella_parvula",1,1,1,1,1,0.987577639751553,1,0.962566844919786,0.962162162162162,1,1,1,1,0.920152091254753,0.666666666666667,1,1,1,0.8,0.806818181818182,0.888888888888889,1,0.779935275080906,1,0.989010989010989,0.25,1,0.848484848484849,0.894736842105263,0.935064935064935,1,1,1,0.985294117647059,1,1,1,1,1,1,1,0.786666666666667,0.5,1,1,0.85,1,0.88135593220339,1,0.964285714285714,1,1,0.8,0.99625468164794,1,0.95,0.991666666666667,1,0.699453551912568,0.706192358366271,0.755244755244755,0.425531914893617,0.984349258649094,1,0.9,0.996927803379416,0.999055712936733,1,1,0.8328173374613,0.646853146853147,0.649651972157773,0.919878296146045,1,1,1,0.911764705882353,1,1,0.946428571428571,0.925,0.888888888888889,1,0.940740740740741,0.675,0.435483870967742,0.7,0.456521739130435,0.987179487179487,1,1,0.954545454545455,0.671469740634006,0.930693069306931,1,0.564814814814815,0.826923076923077,0.725,0.982116244411326
"Actinomyces_cardiffensis",0.755102040816326,0.0512820512820513,0.0857142857142857,0.444444444444444,0.222222222222222,0.211180124223602,0.694954128440367,0.0481283422459893,0.0648648648648649,0.191176470588235,0.0232558139534884,0.6,0.325581395348837,0.0456273764258555,0.212121212121212,0.653543307086614,0.714285714285714,0.1,0.133333333333333,0.193181818181818,0.111111111111111,0.326086956521739,0.0420711974110032,0.184210526315789,0.032967032967033,0,0.3,0.121212121212121,0.105263157894737,0.0692640692640693,0.333333333333333,0.475,0.9,0.308823529411765,0,0,0.395061728395062,0.05,0.442307692307692,0.486486486486487,0.523809523809524,0.433333333333333,0.0555555555555556,0.644444444444444,0.714285714285714,0.35,0.363636363636364,0.0254237288135593,0.785714285714286,0.821428571428571,0.25,0.257142857142857,0,0.0449438202247191,0.142857142857143,0.333333333333333,0.308333333333333,0.416666666666667,0.0710382513661202,0.072463768115942,0.0034965034965035,0,0.0337726523887974,0.466666666666667,0.233333333333333,0.175883256528418,0.225684608120869,0,0,0.0185758513931889,0.307692307692308,0.31322505800464,0.0365111561866126,0.178571428571429,0.637037037037037,0.272727272727273,0.117647058823529,0.0689655172413793,0.539017341040462,0.107142857142857,0.075,0.185185185185185,0.385714285714286,0.303703703703704,0,0,0,0,0.094017094017094,0.046875,0,0.0454545454545455,0,0,0.333333333333333,0,0,0.19375,0.336810730253353
"Rhodococcus_erythropolis",0.0408163265306122,0.282051282051282,0.385714285714286,0,0.444444444444444,0,0.00458715596330275,0.0053475935828877,0.00540540540540541,0.176470588235294,0.0930232558139535,0.85,0.534883720930233,0.0570342205323194,0.0606060606060606,0,0.0714285714285714,0,0,0,0,0.0652173913043478,0.00323624595469256,0,0,0,0,0,0,0.0173160173160173,0,0.0125,0.1,0,0,0,0.0246913580246914,0,0.0961538461538462,0,0,0,0.0555555555555556,0.711111111111111,0,0,0.181818181818182,0,0,0,0.05,0,0.1,0.00374531835205993,0.0476190476190476,0.0166666666666667,0.05,0.0833333333333333,0,0,0.00699300699300699,0.276595744680851,0.00494233937397035,0,0,0.262672811059908,0.016052880075543,0,0.0833333333333333,0.00309597523219814,0,0.00464037122969838,0,0,0,0,0,0.0344827586206897,0.00722543352601156,0.0178571428571429,0,0,0,0,0,0,0,0,0.0128205128205128,0,0,0,0,0,0,0,0,0,0
"Capnocytophaga_sputigena",0.979591836734694,0.538461538461538,0.857142857142857,1,0.98989898989899,0.795031055900621,0.986238532110092,0.727272727272727,0.702702702702703,0.970588235294118,0.953488372093023,1,0.930232558139535,0.897338403041825,0.515151515151515,1,1,1,0.866666666666667,0.852272727272727,0.944444444444444,0.978260869565217,0.825242718446602,1,0.978021978021978,0.75,0.9,0.363636363636364,0.842105263157895,0.887445887445887,0.974358974358974,0.9625,1,0.911764705882353,0.954545454545455,0.9,0.962962962962963,0.75,0.980769230769231,0.972972972972973,0.904761904761905,0.906666666666667,0.5,1,1,1,1,0.838983050847458,1,0.928571428571429,0.8,0.885714285714286,0.8,0.958801498127341,1,0.966666666666667,0.958333333333333,1,0.693989071038251,0.702239789196311,0.996503496503496,0.468085106382979,0.890444810543657,0.866666666666667,1,0.999231950844854,0.994334277620397,1,0.916666666666667,0.86687306501548,0.632867132867133,0.619489559164733,0.795131845841785,0.946428571428571,1,0.818181818181818,0.823529411764706,0.827586206896552,0.959537572254335,0.642857142857143,0.7,0.703703703703704,0.928571428571429,0.577777777777778,0.1,0.193548387096774,0.2,0.108695652173913,0.487179487179487,0.875,0.2,0.409090909090909,0.121037463976945,0.554455445544555,0.958333333333333,0.185185185185185,0.442307692307692,0.33125,0.937406855439642
"Propionibacterium_acnes",0.142857142857143,0.615384615384615,0.214285714285714,0.518518518518518,0.828282828282828,0.0372670807453416,0.0871559633027523,0.0053475935828877,0.0108108108108108,0.0367647058823529,0.930232558139535,0.35,0.0232558139534884,0.193916349809886,0.0303030303030303,0.181102362204724,0,0.55,0,0.0113636363636364,0,0.739130434782609,0,0.0789473684210526,0.0494505494505494,0.125,0.1,0.343434343434343,0,0.00865800865800866,0.230769230769231,0.2125,0.9,0.485294117647059,0.590909090909091,0,0.123456790123457,0,0.346153846153846,0.540540540540541,0.571428571428571,0.0266666666666667,0,0.244444444444444,0.0476190476190476,0,0.0909090909090909,0.0169491525423729,0.19047619047619,0.25,0.025,0,0,0.0561797752808989,0.619047619047619,0.683333333333333,0.6,0.166666666666667,0.0819672131147541,0.0487483530961792,0.041958041958042,0,0.492586490939044,0.0666666666666667,0.233333333333333,0.170506912442396,0.402266288951841,0,0.833333333333333,0.00928792569659443,0,0,0.0578093306288032,0.348214285714286,0.325925925925926,0.515151515151515,0,0.0344827586206897,0.44364161849711,0.0357142857142857,0.125,0,0.0428571428571429,0.0814814814814815,0,0,0,0,0.00427350427350427,0.0625,0,0,0,0,0.0833333333333333,0,0,0,0.00894187779433681
"Mobiluncus_mulieris",0.0408163265306122,0.230769230769231,0.257142857142857,0.148148148148148,0.707070707070707,0,0.43348623853211,0,0.0108108108108108,0.338235294117647,0.0697674418604651,0.05,0.0930232558139535,0.300380228136882,0.272727272727273,0.440944881889764,0.428571428571429,0.6,0.333333333333333,0,0,0.369565217391304,0,0.368421052631579,0.0659340659340659,0,0.6,0.121212121212121,0.228070175438596,0.428571428571429,0,0.025,0.6,0.397058823529412,0.295454545454545,0.6,0.160493827160494,0.05,0.0961538461538462,0.297297297297297,0.285714285714286,0,0.138888888888889,0.577777777777778,0.19047619047619,0.3,0.545454545454545,0.347457627118644,0,0.0357142857142857,0.15,0.142857142857143,0.8,0.400749063670412,0.0952380952380952,0.233333333333333,0.258333333333333,0.583333333333333,0.0327868852459016,0.0289855072463768,0,0.0212765957446809,0.200988467874794,0,0.333333333333333,0.294930875576037,0.362606232294618,0,0.333333333333333,0.136222910216718,0.0454545454545455,0.0487238979118329,0.013184584178499,0.125,0.362962962962963,0.181818181818182,0.0882352941176471,0.206896551724138,0.15606936416185,0.0714285714285714,0.125,0.296296296296296,0,0,0,0,0,0,0,0,0,0,0,0,0,0,0,0,0
"Escherichia_coli",0.938775510204082,0.564102564102564,0,0.222222222222222,0.818181818181818,0,0.114678899082569,0.197860962566845,0.145945945945946,0.198529411764706,0.651162790697674,0.05,0.0465116279069767,0,0.272727272727273,0.283464566929134,0.0714285714285714,0.05,0,0.136363636363636,0.166666666666667,0.0434782608695652,0.00323624595469256,0,0,0,0.4,0.444444444444444,0.280701754385965,0.012987012987013,0,0,0.9,0.75,0.636363636363636,0.3,0.901234567901235,0.05,0.153846153846154,0.027027027027027,0,0.64,0.0555555555555556,0.4,0.333333333333333,0.65,0.636363636363636,0.11864406779661,0.0238095238095238,0.0357142857142857,0.025,0.0571428571428571,1,0.0112359550561798,0.523809523809524,0.283333333333333,0.266666666666667,0,0.00546448087431694,0.0131752305665349,0.0034965034965035,0.170212765957447,0.0667215815485997,1,0.4,0.211981566820276,0.256846081208687,0.0392156862745098,0.75,0.00928792569659443,0.0104895104895105,0.00696055684454756,0,0.892857142857143,0.6,0.0909090909090909,0.352941176470588,0.275862068965517,0.0982658959537572,0,0,0.185185185185185,0,0,0,0,0,0,0.00427350427350427,0,0,0,0,0,0,0,0,0.01875,0.0536512667660209
"Lactobacillus_vaginalis",0.122448979591837,0.0512820512820513,0.142857142857143,0.037037037037037,0.0202020202020202,0.111801242236025,0.0527522935779817,0.101604278074866,0.118918918918919,0,0.209302325581395,0.1,0.0930232558139535,0.0608365019011407,0.121212121212121,0.21259842519685,0,0.1,0.0666666666666667,0.0340909090909091,0.0555555555555556,0.108695652173913,0.0323624595469256,0.0789473684210526,0,0,0.2,0.0202020202020202,0.087719298245614,0.00865800865800866,0.102564102564103,0.45,0,0.352941176470588,0,0,0.209876543209877,0.05,0.0192307692307692,0.216216216216216,0.238095238095238,0.0733333333333333,0,0,0.0476190476190476,0.05,0.272727272727273,0.076271186440678,0.119047619047619,0.321428571428571,0.325,0.228571428571429,0.1,0.0187265917602996,0,0.0333333333333333,0.0416666666666667,0.0833333333333333,0.0327868852459016,0.0171277997364954,0,0.0638297872340425,0.0403624382207578,0.0666666666666667,0.0666666666666667,0.0821812596006144,0.118035882908404,0,0.333333333333333,0.0154798761609907,0.013986013986014,0.0278422273781903,0.00202839756592292,0.00892857142857143,0.274074074074074,0.0303030303030303,0.205882352941176,0.0689655172413793,0.0968208092485549,0.142857142857143,0.225,0.185185185185185,0.0928571428571429,0,0,0,0,0,0.0555555555555556,0.015625,0,0,0,0,0.0416666666666667,0,0,0.00625,0.0178837555886736
"Mycoplasma_orale",0.0408163265306122,0.179487179487179,0.171428571428571,0.444444444444444,0.252525252525253,0.0993788819875776,0.431192660550459,0.0160427807486631,0,0.176470588235294,0.302325581395349,0.2,0.0930232558139535,0.00760456273764259,0,0.015748031496063,0.357142857142857,0.7,0.2,0,0,0.347826086956522,0,0.210526315789474,0.131868131868132,0,0,0.0101010101010101,0.0526315789473684,0.012987012987013,0.384615384615385,0.1,0.7,0.25,0.113636363636364,0.1,0.283950617283951,0.2,0.423076923076923,0.189189189189189,0.142857142857143,0,0,0.377777777777778,0,0.8,0,0.0254237288135593,0.0238095238095238,0.0714285714285714,0.025,0.0571428571428571,0,0,0.0476190476190476,0,0,0.0833333333333333,0.355191256830601,0.372859025032938,0,0,0.0354200988467875,0,0,0.304147465437788,0.270066100094429,0.0784313725490196,0.416666666666667,0.00309597523219814,0.108391608391608,0.0928074245939675,0.00912778904665314,0.125,0.0222222222222222,0.0909090909090909,0,0,0.0101156069364162,0,0,0,0.321428571428571,0,0,0,0,0,0,0,0,0,0,0,0,0,0,0,0
"Treponema_medium",0.877551020408163,0.487179487179487,0.742857142857143,0.888888888888889,0.858585858585859,0.291925465838509,0.990825688073395,0.0053475935828877,0.00540540540540541,0.367647058823529,0.720930232558139,1,0.767441860465116,0.52851711026616,0.242424242424242,0.984251968503937,1,0.95,0.6,0.863636363636364,0.944444444444444,0.978260869565217,0.715210355987055,1,0.445054945054945,0.375,0.7,0.191919191919192,0.666666666666667,0.774891774891775,0.948717948717949,0.975,1,0.882352941176471,0.954545454545455,0.8,0.802469135802469,0.7,0.980769230769231,0.810810810810811,0.952380952380952,0.86,0.388888888888889,0.911111111111111,0.238095238095238,0.95,0.636363636363636,0.508474576271186,1,0.964285714285714,0.85,0.828571428571429,0.8,0.685393258426966,0.904761904761905,0.0166666666666667,0.05,0.916666666666667,0.601092896174863,0.63768115942029,0.993006993006993,0.361702127659574,0.536243822075783,0.933333333333333,0.866666666666667,0.963901689708141,0.953729933899906,0.725490196078431,0.666666666666667,0.712074303405573,0.5,0.561484918793503,0.440162271805274,0.589285714285714,0.933333333333333,0.606060606060606,0.441176470588235,0.482758620689655,0.421965317919075,0.482142857142857,0.25,0.814814814814815,0.364285714285714,0.348148148148148,0,0,0,0.00543478260869565,0.0982905982905983,0.125,0.05,0.0454545454545455,0,0.0099009900990099,0.958333333333333,0,0.0769230769230769,0.0125,0.618479880774963
"Selenomonas_infelix",1,0.487179487179487,0.871428571428571,0.962962962962963,0.98989898989899,0.565217391304348,0.988532110091743,0.401069518716578,0.394594594594595,0.691176470588235,0.930232558139535,1,1,0.615969581749049,0.666666666666667,0.960629921259842,1,0.95,0.733333333333333,0.863636363636364,0.833333333333333,1,0.579288025889968,0.947368421052632,0.653846153846154,0.1875,0.8,0.202020202020202,0.596491228070175,0.774891774891775,0.923076923076923,0.9625,1,0.955882352941177,0.909090909090909,0.8,0.876543209876543,0.6,0.980769230769231,0.891891891891892,0.761904761904762,0.906666666666667,0.472222222222222,1,1,0.3,1,0.550847457627119,0.976190476190476,0.964285714285714,0.9,0.857142857142857,0.5,0.670411985018727,0.857142857142857,0.5,0.625,0.916666666666667,0.398907103825137,0.449275362318841,0.902097902097902,0.446808510638298,0.637561779242175,0.8,0.9,0.955453149001536,0.969782813975449,1,0.833333333333333,0.613003095975232,0.444055944055944,0.487238979118329,0.341784989858012,0.857142857142857,0.962962962962963,0.696969696969697,0.5,0.827586206896552,0.960982658959538,0.732142857142857,0.45,0.555555555555556,0.428571428571429,0.0666666666666667,0,0,0,0,0.0128205128205128,0.1875,0,0,0.00288184438040346,0.0099009900990099,0.625,0,0.0673076923076923,0.01875,0.305514157973174
"Prevotella_corporis",0.306122448979592,0.128205128205128,0.0285714285714286,0.37037037037037,0.232323232323232,0.0124223602484472,0.371559633027523,0,0.00540540540540541,0.0882352941176471,0,0.65,0.27906976744186,0,0,0.015748031496063,0.357142857142857,0.15,0.0666666666666667,0,0.0555555555555556,0.239130434782609,0,0,0,0,0,0.0202020202020202,0,0,0.0512820512820513,0.275,0.1,0.161764705882353,0.181818181818182,0,0.345679012345679,0,0,0.324324324324324,0.238095238095238,0.0466666666666667,0,0.266666666666667,0,0.55,0,0,0,0.0714285714285714,0.225,0.0571428571428571,0,0,0,0,0,0.166666666666667,0,0,0.0384615384615385,0,0.00494233937397035,0.0666666666666667,0,0.0506912442396313,0.0774315391879131,0.274509803921569,0.666666666666667,0,0.0839160839160839,0.0997679814385151,0.00811359026369168,0.142857142857143,0.0666666666666667,0,0,0,0.109826589595376,0,0,0,0.0214285714285714,0,0,0,0,0,0,0,0,0,0,0,0,0,0,0,0
"Leptotrichia_goodfellowii",0.979591836734694,0.512820512820513,0.9,1,0.97979797979798,0.838509316770186,0.905963302752294,0.770053475935829,0.713513513513514,0.926470588235294,0.953488372093023,0.95,0.976744186046512,0.821292775665399,0.575757575757576,1,1,1,0.466666666666667,0.909090909090909,0.944444444444444,0.934782608695652,0.809061488673139,1,0.82967032967033,0.75,1,0.838383838383838,0.859649122807018,0.917748917748918,0.974358974358974,0.9625,1,0.955882352941177,1,0.9,0.925925925925926,0.85,0.961538461538462,1,0.952380952380952,0.92,0.5,0.977777777777778,1,1,1,0.923728813559322,1,0.928571428571429,0.65,0.742857142857143,0.7,0.99625468164794,0.857142857142857,0.866666666666667,0.883333333333333,1,0.699453551912568,0.699604743083004,0.996503496503496,0.425531914893617,0.842668863261944,0.733333333333333,1,0.985407066052227,0.990557129367328,1,0.916666666666667,0.925696594427245,0.636363636363636,0.640371229698376,0.701825557809331,0.848214285714286,0.977777777777778,0.666666666666667,0.529411764705882,0.896551724137931,0.986994219653179,0.642857142857143,0.6,0.703703703703704,0.892857142857143,0.00740740740740741,0,0,0,0,0.0128205128205128,0.15625,0,0.136363636363636,0,0,0.208333333333333,0,0.0288461538461538,0,0.0476900149031297
"Selenomonas_bovis",0.346938775510204,0.384615384615385,0.385714285714286,0.222222222222222,0.121212121212121,0.0372670807453416,0.357798165137615,0.128342245989305,0.108108108108108,0.0441176470588235,0.27906976744186,0.3,0.186046511627907,0.0798479087452472,0.151515151515152,0.267716535433071,0,0.1,0.0666666666666667,0.0113636363636364,0,0.434782608695652,0.00323624595469256,0.210526315789474,0.010989010989011,0,0.4,0.0202020202020202,0.087719298245614,0.199134199134199,0.153846153846154,0.1875,0.4,0.367647058823529,0.0681818181818182,0.2,0.320987654320988,0.1,0.269230769230769,0.027027027027027,0,0.16,0,0.0888888888888889,0.0952380952380952,0,0.0909090909090909,0.23728813559322,0.119047619047619,0.178571428571429,0.2,0.114285714285714,0,0.430711610486891,0,0,0.0166666666666667,0.0833333333333333,0.00546448087431694,0.00658761528326746,0,0.0212765957446809,0.277594728171334,0.6,0.4,0.145929339477727,0.224740321057601,0.0784313725490196,0.25,0.0340557275541796,0.0559440559440559,0.0510440835266821,0.0953346855983773,0.151785714285714,0.2,0.0303030303030303,0.0882352941176471,0.103448275862069,0.0447976878612717,0.160714285714286,0.1,0.0740740740740741,0,0,0,0,0,0,0,0,0,0,0,0,0,0,0,0,0
"Chryseobacterium_kwangjuense",0.0816326530612245,0.102564102564103,0,0.62962962962963,0,0,0.135321100917431,0,0,0.00735294117647059,0,0.05,0,0,0,0.015748031496063,0,0,0.0666666666666667,0.102272727272727,0.0555555555555556,0,0,0.0263157894736842,0.010989010989011,0,0.1,0.0101010101010101,0,0.038961038961039,0,0,0,0.0588235294117647,0,0,0.0493827160493827,0,0,0,0,0.00666666666666667,0.0555555555555556,0.0222222222222222,0.0476190476190476,0.1,0.0909090909090909,0,0.119047619047619,0.0357142857142857,0,0,0,0.00749063670411985,0,0,0,0,0,0,0,0.0851063829787234,0.00164744645799012,0,0.233333333333333,0.0291858678955453,0.0103871576959396,0,0.0833333333333333,0.00309597523219814,0.0034965034965035,0.00696055684454756,0,0,0.00740740740740741,0,0,0,0.102601156069364,0,0,0,0,0,0,0,0,0,0,0,0,0,0,0,0,0,0,0,0
"Lactobacillus_delbrueckii",0.0816326530612245,0.487179487179487,0.0285714285714286,0.0740740740740741,0.0404040404040404,0.0186335403726708,0.107798165137615,0.101604278074866,0.162162162162162,0.0147058823529412,0.0232558139534884,0,0.209302325581395,0.0228136882129278,0.181818181818182,0.21259842519685,0,0,0.133333333333333,0.0113636363636364,0,0.0434782608695652,0.00323624595469256,0,0.00549450549450549,0,0.4,0.0505050505050505,0,0.103896103896104,0.0512820512820513,0.0625,0.3,0.117647058823529,0.0454545454545455,0,0.197530864197531,0,0,0.135135135135135,0,0.0466666666666667,0,0.0666666666666667,0.0952380952380952,0.1,0.454545454545455,0,0.0714285714285714,0.107142857142857,0,0.0285714285714286,0,0.0149812734082397,0,0,0.0166666666666667,0,0.0218579234972678,0.0316205533596838,0,0.0638297872340425,0.0321252059308072,0,0.1,0.0245775729646697,0.0273843248347498,0,0,0.0340557275541796,0.0559440559440559,0.0394431554524362,0.013184584178499,0.00892857142857143,0.533333333333333,0,0,0.0344827586206897,0.0303468208092486,0.0535714285714286,0.025,0,0,0,0,0,0,0,0.0170940170940171,0,0,0,0,0.0099009900990099,0,0,0,0.04375,0.0104321907600596
"Lactobacillus_fermentum",0.204081632653061,0.461538461538462,0.214285714285714,0.222222222222222,0.343434343434343,0.0559006211180124,0.178899082568807,0.299465240641711,0.345945945945946,0.00735294117647059,0.27906976744186,0.2,0.13953488372093,0.125475285171103,0.0909090909090909,0.716535433070866,0,0,0.0666666666666667,0.0568181818181818,0.111111111111111,0.108695652173913,0.0355987055016181,0.131578947368421,0.021978021978022,0,0.3,0.111111111111111,0.192982456140351,0.103896103896104,0.307692307692308,0.4875,0.3,0.264705882352941,0.0454545454545455,0,0.481481481481481,0,0,0.189189189189189,0.19047619047619,0.273333333333333,0.0277777777777778,0.155555555555556,0.0952380952380952,0.05,0.181818181818182,0.152542372881356,0.214285714285714,0.642857142857143,0.55,0.485714285714286,0,0.052434456928839,0,0.0166666666666667,0.0416666666666667,0,0.0710382513661202,0.0619235836627141,0,0.212765957446809,0.0634266886326194,0.2,0.0666666666666667,0.162058371735791,0.198300283286119,0,0.25,0.043343653250774,0.136363636363636,0.122969837587007,0.013184584178499,0.1875,0.548148148148148,0.0909090909090909,0.617647058823529,0.551724137931034,0.30635838150289,0.321428571428571,0.425,0.148148148148148,0.0285714285714286,0.0444444444444444,0,0.0161290322580645,0,0,0.158119658119658,0.0625,0,0.0909090909090909,0,0,0.0416666666666667,0,0,0.05625,0.0104321907600596
"Neisseria_elongata",1,0.512820512820513,0.885714285714286,1,0.95959595959596,0.559006211180124,0.993119266055046,0.668449197860963,0.67027027027027,0.948529411764706,0.744186046511628,1,1,0.0342205323193916,0.424242424242424,0.968503937007874,0.928571428571429,0.95,0.933333333333333,0.0227272727272727,0,0.978260869565217,0.00647249190938511,0.973684210526316,0.906593406593407,0,0.4,0.666666666666667,0.0350877192982456,0.112554112554113,0.974358974358974,0.9,0.9,0.838235294117647,0.886363636363636,0.1,0.962962962962963,0.75,0.980769230769231,0.810810810810811,0.761904761904762,0.0666666666666667,0.472222222222222,1,1,1,0.909090909090909,0.127118644067797,1,0.928571428571429,0.7,0.657142857142857,1,0.164794007490637,1,0.966666666666667,0.958333333333333,1,0.688524590163934,0.69433465085639,0,0.340425531914894,0.843492586490939,0.866666666666667,0.1,0.990783410138249,0.966949952785647,1,0.916666666666667,0.021671826625387,0.63986013986014,0.638051044083527,0.683569979716024,0.973214285714286,0.925925925925926,0.757575757575758,0.0294117647058824,0.103448275862069,0.979768786127168,0.0178571428571429,0.025,0.0740740740740741,0.95,0.62962962962963,0.375,0.209677419354839,0.7,0.173913043478261,0.615384615384615,0.875,0.15,0.5,0.219020172910663,0.594059405940594,0.916666666666667,0.351851851851852,0.384615384615385,0.7625,0.971684053651267
"Oribacterium_sinus",0.959183673469388,0.538461538461538,1,1,1,0.925465838509317,1,0.967914438502674,0.945945945945946,0.992647058823529,1,1,1,0.942965779467681,0.666666666666667,1,1,1,1,0.965909090909091,1,1,0.935275080906149,1,1,0.875,1,0.656565656565657,0.947368421052632,0.939393939393939,1,1,1,1,1,1,1,1,1,1,1,0.953333333333333,0.5,1,1,1,1,0.932203389830508,1,1,0.975,1,1,1,1,1,1,1,0.699453551912568,0.679841897233202,0.996503496503496,0.48936170212766,0.985996705107084,1,1,0.997695852534562,0.999055712936733,1,1,0.993808049535604,0.653846153846154,0.654292343387471,0.947261663286004,0.991071428571429,1,1,1,0.96551724137931,1,1,0.95,1,1,0.888888888888889,0.525,0.193548387096774,0,0.304347826086957,0.94017094017094,0.984375,0.95,0.954545454545455,0.680115273775216,0.574257425742574,1,0.444444444444444,0.605769230769231,0.625,0.977645305514158
"Solobacterium_moorei",1,0.538461538461538,0.971428571428571,1,0.98989898989899,0.944099378881988,1,0.18716577540107,0.145945945945946,1,0.953488372093023,1,0.953488372093023,0.923954372623574,0.575757575757576,0.992125984251969,1,1,1,0.954545454545455,1,1,0.86084142394822,1,0.994505494505495,0.875,0.9,0.626262626262626,0.894736842105263,0.930735930735931,1,1,1,0.970588235294118,0.954545454545455,1,0.987654320987654,1,1,1,1,0.926666666666667,0.5,1,1,1,1,0.966101694915254,1,1,0.875,0.971428571428571,0.9,0.99625468164794,1,0.983333333333333,0.991666666666667,1,0.387978142076503,0.353096179183136,0.996503496503496,0.425531914893617,0.154859967051071,1,0.966666666666667,0.995391705069124,0.998111425873466,1,1,0.962848297213622,0.636363636363636,0.638051044083527,0.272819472616633,0.883928571428571,1,1,0.970588235294118,0.96551724137931,0.998554913294798,0.964285714285714,0.9,0.962962962962963,0.985714285714286,0.62962962962963,0.05,0.0161290322580645,0.1,0,0.829059829059829,0.859375,0.65,0.590909090909091,0.207492795389049,0.396039603960396,0.916666666666667,0.194444444444444,0.471153846153846,0.45,0.980625931445604
"Eggerthia_catenaformis",0.489795918367347,0.205128205128205,0.0714285714285714,0.296296296296296,0.131313131313131,0.130434782608696,0.263761467889908,0,0.0108108108108108,0.117647058823529,0.302325581395349,0.6,0.325581395348837,0.152091254752852,0.121212121212121,0.448818897637795,0.714285714285714,0,0.0666666666666667,0.488636363636364,0.888888888888889,0,0.13915857605178,0.157894736842105,0.0164835164835165,0,0.3,0.0505050505050505,0.0526315789473684,0.0952380952380952,0.256410256410256,0.4,0.6,0.308823529411765,0.318181818181818,0.2,0.333333333333333,0.05,0.384615384615385,0.756756756756757,0.476190476190476,0.673333333333333,0.222222222222222,0.466666666666667,0.523809523809524,0.25,0.363636363636364,0.076271186440678,0.547619047619048,0.392857142857143,0.375,0.114285714285714,0,0.0861423220973783,0.238095238095238,0.1,0.133333333333333,0.25,0.0983606557377049,0.0843214756258235,0,0.148936170212766,0.0650741350906096,0.333333333333333,0.3,0.0913978494623656,0.148253068932956,0,0.166666666666667,0.151702786377709,0.0839160839160839,0.0997679814385151,0.0152129817444219,0.0357142857142857,0.37037037037037,0.0606060606060606,0.0882352941176471,0.172413793103448,0.263005780346821,0.125,0.15,0.37037037037037,0.128571428571429,0.177777777777778,0,0,0,0,0.11965811965812,0.125,0,0.0454545454545455,0,0,0.75,0,0,0,0.429210134128167
"Clostridium_ultunense",0.326530612244898,0.0512820512820513,0,0.111111111111111,0,0,0.387614678899083,0,0,0.0294117647058824,0,0.3,0.186046511627907,0.00760456273764259,0.0909090909090909,0.291338582677165,0.142857142857143,0,0,0.0227272727272727,0,0.0652173913043478,0,0,0,0,0,0,0.0350877192982456,0,0,0,0.2,0.0441176470588235,0,0,0.234567901234568,0,0.211538461538462,0.0540540540540541,0,0.04,0.0277777777777778,0.111111111111111,0.285714285714286,0,0.272727272727273,0,0.166666666666667,0.142857142857143,0.05,0,0.3,0,0,0,0,0,0,0,0,0,0.00247116968698517,0.0666666666666667,0.1,0.00384024577572965,0.0132200188857413,0,0,0.0154798761609907,0.0629370629370629,0.0580046403712297,0,0.0267857142857143,0.111111111111111,0.0303030303030303,0.0294117647058824,0,0.271676300578035,0,0.025,0.037037037037037,0,0,0,0,0,0,0,0,0,0,0,0,0,0,0,0,0
"Granulicatella_elegans",0.979591836734694,0.487179487179487,0.742857142857143,1,0.97979797979798,0.68944099378882,0.970183486238532,0.614973262032086,0.681081081081081,0.536764705882353,0.930232558139535,0.8,0.488372093023256,0.798479087452472,0.606060606060606,0.984251968503937,1,1,1,0.954545454545455,0.944444444444444,0.891304347826087,0.728155339805825,0.973684210526316,0.681318681318681,0.875,1,0.565656565656566,0.842105263157895,0.922077922077922,1,0.925,0.9,0.941176470588235,0.818181818181818,0.9,0.814814814814815,0.65,0.942307692307692,0.972972972972973,0.904761904761905,0.866666666666667,0.444444444444444,0.822222222222222,1,0.85,1,0.822033898305085,0.857142857142857,0.964285714285714,0.75,0.485714285714286,1,0.887640449438202,1,0.766666666666667,0.816666666666667,1,0.590163934426229,0.616600790513834,0.996503496503496,0.382978723404255,0.581548599670511,1,0.933333333333333,1,0.996222851746931,1,0.833333333333333,0.46749226006192,0.559440559440559,0.563805104408353,0.78498985801217,0.410714285714286,0.985185185185185,0.303030303030303,0.529411764705882,0.551724137931034,0.410404624277457,0.535714285714286,0.5,0.592592592592593,0.607142857142857,0,0.225,0.0806451612903226,1,0.0652173913043478,0.713675213675214,0.421875,0.35,0.272727272727273,0.15850144092219,0.742574257425743,0.916666666666667,0.324074074074074,0.432692307692308,0.28125,0.825633383010432
"Neisseria_subflava",0.775510204081633,0,0.6,1,0.757575757575758,0.0248447204968944,0.986238532110092,0.133689839572193,0.151351351351351,0.992647058823529,0.209302325581395,0.95,0.837209302325581,0.00760456273764259,0.0606060606060606,0.0708661417322835,1,0.65,1,0.0113636363636364,0,0.760869565217391,0,0.921052631578947,0.587912087912088,0,0,0.444444444444444,0,0.0216450216450216,0.871794871794872,0.65,0.9,0.661764705882353,0.340909090909091,0,0.888888888888889,0.5,0.980769230769231,0.405405405405405,0.285714285714286,0,0,0.911111111111111,0.904761904761905,1,0.0909090909090909,0.0254237288135593,0.761904761904762,0.857142857142857,0.075,0.314285714285714,0,0.0262172284644195,0.0952380952380952,0.95,0.958333333333333,0.333333333333333,0.551912568306011,0.488801054018445,0,0.0851063829787234,0.0741350906095552,0.933333333333333,0.0333333333333333,0.959293394777266,0.865911237016053,0.941176470588235,1,0.00309597523219814,0.629370629370629,0.624129930394432,0.57606490872211,0.991071428571429,0.822222222222222,0.696969696969697,0,0,0.946531791907514,0,0,0.037037037037037,0.00714285714285714,0.681481481481481,0.525,0.193548387096774,0.2,0.320652173913043,0.47008547008547,0.75,0.45,0.5,0.414985590778098,0.386138613861386,0.916666666666667,0.324074074074074,0.403846153846154,0.55625,0.798807749627422
"Campylobacter_concisus",1,0.615384615384615,1,1,1,0.863354037267081,0.993119266055046,0.973262032085562,0.978378378378378,0.955882352941177,0.976744186046512,1,1,0.935361216730038,0.636363636363636,1,1,1,1,0.920454545454545,0.944444444444444,1,0.938511326860841,1,0.994505494505495,1,1,0.808080808080808,0.964912280701754,0.935064935064935,1,1,1,0.985294117647059,1,1,1,0.95,1,1,1,0.92,0.5,1,1,1,1,0.991525423728814,1,1,0.95,0.914285714285714,0.9,1,0.952380952380952,0.983333333333333,0.975,1,0.699453551912568,0.704874835309618,0.996503496503496,0.51063829787234,0.943163097199341,1,1,0.995391705069124,1,1,1,0.996904024767802,0.65034965034965,0.654292343387471,0.867139959432049,1,1,0.939393939393939,1,1,0.995664739884393,0.982142857142857,0.925,0.962962962962963,0.978571428571429,0.792592592592593,0.7,0.483870967741935,0.1,0.489130434782609,0.931623931623932,1,0.95,1,0.847262247838617,0.910891089108911,1,0.509259259259259,0.653846153846154,0.675,0.941877794336811
"Prevotella_melaninogenica",1,0.82051282051282,1,1,1,1,1,0.978609625668449,0.972972972972973,1,1,1,1,0.984790874524715,0.666666666666667,1,1,1,0.933333333333333,0.954545454545455,1,1,0.964401294498382,1,1,1,1,0.888888888888889,0.982456140350877,0.943722943722944,1,1,1,1,1,1,1,1,1,1,1,0.946666666666667,0.5,1,1,1,1,1,1,1,1,1,1,1,1,0.966666666666667,0.941666666666667,1,0.699453551912568,0.706192358366271,1,0.51063829787234,1,1,1,1,1,1,1,1,0.657342657342657,0.654292343387471,0.982758620689655,1,1,0.909090909090909,1,1,1,1,1,1,1,0.992592592592593,0.925,0.870967741935484,0.5,0.793478260869565,0.974358974358974,1,1,0.909090909090909,0.922190201729107,1,1,0.87962962962963,1,0.9375,0.998509687034277
"Megasphaera_micronuciformis",0.979591836734694,0.58974358974359,1,1,0.94949494949495,0.720496894409938,0.967889908256881,0.893048128342246,0.881081081081081,0.897058823529412,1,0.9,0.953488372093023,0.920152091254753,0.666666666666667,1,0.928571428571429,1,0.866666666666667,0.931818181818182,1,1,0.870550161812298,1,0.835164835164835,1,1,0.616161616161616,0.982456140350877,0.922077922077922,1,1,1,0.985294117647059,1,0.9,1,0.95,0.923076923076923,1,1,0.893333333333333,0.416666666666667,0.888888888888889,1,0.3,1,0.966101694915254,0.976190476190476,1,0.975,0.942857142857143,0.8,1,0.857142857142857,0.7,0.733333333333333,1,0.557377049180328,0.55467720685112,0.996503496503496,0.446808510638298,0.990939044481054,0.933333333333333,0.933333333333333,0.99615975422427,0.98961284230406,0.92156862745098,1,0.938080495356037,0.559440559440559,0.533642691415313,0.876267748478702,0.973214285714286,1,0.939393939393939,1,0.96551724137931,0.972543352601156,0.946428571428571,0.95,0.962962962962963,0.9,0.637037037037037,0.575,0.32258064516129,0,0.146739130434783,0.893162393162393,0.9375,0.85,0.909090909090909,0.804034582132565,0.900990099009901,0.958333333333333,0.472222222222222,0.615384615384615,0.825,0.785394932935917
"Cryptobacterium_curtum",0.408163265306122,0.230769230769231,0.514285714285714,0.555555555555556,0.474747474747475,0.124223602484472,0.477064220183486,0.181818181818182,0.210810810810811,0.102941176470588,0.465116279069767,0.6,0.465116279069767,0.224334600760456,0.272727272727273,0.889763779527559,0.357142857142857,0.5,0,0.329545454545455,0.444444444444444,0.478260869565217,0.106796116504854,0.447368421052632,0.0824175824175824,0.125,0.6,0.0101010101010101,0.192982456140351,0.255411255411255,0.538461538461538,0.7625,0.7,0.705882352941177,0.204545454545455,0.1,0.54320987654321,0.35,0.403846153846154,0.594594594594595,0.476190476190476,0.533333333333333,0.0833333333333333,0.177777777777778,0.714285714285714,0.35,0.454545454545455,0.355932203389831,0.714285714285714,0.857142857142857,0.675,0.6,0.4,0.254681647940075,0.0952380952380952,0.0833333333333333,0.1,0.5,0.114754098360656,0.110671936758893,0.986013986013986,0.212765957446809,0.132619439868204,0.8,0.2,0.30952380952381,0.474976392823418,0.117647058823529,0.5,0.0990712074303406,0.244755244755245,0.252900232018561,0.0517241379310345,0.196428571428571,0.733333333333333,0.393939393939394,0.411764705882353,0.379310344827586,0.660404624277457,0.517857142857143,0.375,0.518518518518518,0.307142857142857,0,0,0,0,0,0,0.125,0,0.136363636363636,0,0,0.375,0,0.0865384615384615,0.1,0.105812220566319
"Prevotella_timonensis",0.163265306122449,0.230769230769231,0.0571428571428571,0.185185185185185,0.191919191919192,0.0062111801242236,0.135321100917431,0.0106951871657754,0.0216216216216216,0.102941176470588,0.0697674418604651,0.05,0.0232558139534884,0.0152091254752852,0,0.118110236220472,0.0714285714285714,0.1,0.0666666666666667,0,0,0.217391304347826,0.0129449838187702,0.105263157894737,0,0,0,0.0101010101010101,0.0526315789473684,0.00432900432900433,0.128205128205128,0.25,0.4,0.0735294117647059,0.136363636363636,0,0.234567901234568,0,0.0192307692307692,0,0,0.02,0,0.0444444444444444,0,0.05,0,0.00847457627118644,0.0238095238095238,0.0357142857142857,0.15,0.114285714285714,0,0.0299625468164794,0,0,0,0.0833333333333333,0,0.00395256916996047,0.0629370629370629,0.0212765957446809,0.0189456342668863,0,0,0.0952380952380952,0.103871576959396,0.0196078431372549,0.25,0.0247678018575851,0.013986013986014,0.0116009280742459,0.00709939148073022,0.151785714285714,0.0518518518518519,0,0.0588235294117647,0,0.00867052023121387,0.0357142857142857,0,0.037037037037037,0,0,0,0,0,0,0,0,0,0.0454545454545455,0,0,0,0,0,0,0.0014903129657228
"Atopobium_vaginae",0.142857142857143,0.102564102564103,0.0285714285714286,0,0.0606060606060606,0.0124223602484472,0.190366972477064,0.0053475935828877,0.0378378378378378,0.00735294117647059,0.0930232558139535,0.05,0,0.0190114068441065,0.0303030303030303,0.173228346456693,0.0714285714285714,0,0,0.136363636363636,0.222222222222222,0,0.0161812297734628,0.157894736842105,0,0,0.3,0,0.0175438596491228,0.00432900432900433,0.128205128205128,0.3125,0.1,0.0588235294117647,0.204545454545455,0,0.222222222222222,0.05,0.25,0.135135135135135,0,0.32,0,0.0444444444444444,0.380952380952381,0,0.0909090909090909,0,0.19047619047619,0.464285714285714,0.175,0.0857142857142857,0.2,0.00374531835205993,0,0,0.0166666666666667,0,0.00546448087431694,0.00263504611330698,0.0314685314685315,0.0212765957446809,0.0123558484349259,0.133333333333333,0.0333333333333333,0.0506912442396313,0.0547686496694995,0,0,0.0278637770897833,0.0174825174825175,0.037122969837587,0.00405679513184584,0.0535714285714286,0.22962962962963,0.0303030303030303,0.0294117647058824,0.0344827586206897,0.069364161849711,0.0178571428571429,0.05,0,0.00714285714285714,0.00740740740740741,0,0,0,0,0,0.015625,0,0,0,0,0,0,0,0,0.0029806259314456
"Sediminibacterium_salmoneum",0.0816326530612245,0.102564102564103,0,0.037037037037037,0.232323232323232,0.0062111801242236,0.00688073394495413,0,0,0.0147058823529412,0.0465116279069767,0,0,0,0.121212121212121,0.0393700787401575,0,0,0,0,0.0555555555555556,0.239130434782609,0,0,0,0,0,0.0404040404040404,0.0526315789473684,0,0,0,0,0.0441176470588235,0.0454545454545455,0,0,0,0,0,0.0476190476190476,0.146666666666667,0.194444444444444,0,0,0.05,0.363636363636364,0.0677966101694915,0,0,0,0.0571428571428571,0.7,0.00374531835205993,0,0.15,0.158333333333333,0,0,0.00263504611330698,0.0034965034965035,0.170212765957447,0.0304777594728171,0.133333333333333,0.0333333333333333,0.0261136712749616,0.00661000944287063,0,0,0,0,0,0.00202839756592292,0,0,0,0,0,0.00144508670520231,0.0357142857142857,0,0,0,0,0,0,0,0,0,0,0,0,0,0,0,0,0,0,0
"Abiotrophia_defectiva",0.877551020408163,0.82051282051282,0.871428571428571,1,0.747474747474748,0.546583850931677,0.924311926605505,0.79144385026738,0.783783783783784,0.5,0.953488372093023,0.9,0.441860465116279,0.885931558935361,0.636363636363636,0.984251968503937,0.928571428571429,0.85,1,0.897727272727273,0.944444444444444,0.826086956521739,0.644012944983819,1,0.659340659340659,0.75,0.7,0.434343434343434,0.807017543859649,0.83982683982684,0.948717948717949,0.9625,1,0.897058823529412,0.613636363636364,0.8,0.876543209876543,0.7,0.942307692307692,0.945945945945946,0.666666666666667,0.7,0.361111111111111,0.8,0.952380952380952,0.75,1,0.694915254237288,0.857142857142857,0.928571428571429,0.775,0.628571428571429,1,0.868913857677903,0.571428571428571,0.716666666666667,0.691666666666667,0.916666666666667,0.546448087431694,0.552042160737813,0.996503496503496,0.468085106382979,0.664744645799011,1,0.766666666666667,0.994623655913978,0.968838526912181,1,0.75,0.560371517027864,0.506993006993007,0.547563805104408,0.627789046653144,0.508928571428571,0.962962962962963,0.606060606060606,0.676470588235294,0.655172413793103,0.648843930635838,0.607142857142857,0.75,0.814814814814815,0.621428571428571,0.562962962962963,0,0.0483870967741935,0.3,0,0.435897435897436,0.296875,0.25,0.454545454545455,0.0201729106628242,0.217821782178218,0.708333333333333,0.166666666666667,0.355769230769231,0.46875,0.247391952309985
"Gemella_morbillorum",1,0.102564102564103,0.942857142857143,1,0.94949494949495,0.875776397515528,0.98394495412844,0.74331550802139,0.767567567567568,0.794117647058823,1,1,0.953488372093023,0.247148288973384,0.363636363636364,0.31496062992126,1,1,1,0,0,0.978260869565217,0.00970873786407767,1,0.489010989010989,0,0.3,0.414141414141414,0.105263157894737,0.238095238095238,1,0.975,1,0.955882352941177,0.659090909090909,0.1,0.901234567901235,1,1,1,0.952380952380952,0.04,0.194444444444444,0.911111111111111,1,0.95,0.636363636363636,0.466101694915254,1,1,0.875,0.828571428571429,0.1,0.052434456928839,1,0.983333333333333,0.975,1,0.655737704918033,0.666666666666667,0.00699300699300699,0.0212765957446809,0.252883031301483,0.866666666666667,0.166666666666667,0.99615975422427,0.995278564683664,1,0.833333333333333,0.00928792569659443,0.629370629370629,0.638051044083527,0.607505070993915,0.821428571428571,1,0.96969696969697,0.117647058823529,0.103448275862069,0.932080924855491,0.178571428571429,0.2,0.185185185185185,0.864285714285714,0.948148148148148,0.25,0.209677419354839,0.7,0.157608695652174,0.799145299145299,0.625,0.5,0.636363636363636,0.0115273775216138,0.267326732673267,0.958333333333333,0.0833333333333333,0.384615384615385,0.40625,0.894187779433681
"Lactococcus_lactis",0.102040816326531,0.435897435897436,0.0571428571428571,0.222222222222222,0.707070707070707,0.0062111801242236,0.0412844036697248,0.0695187165775401,0.118918918918919,0.0220588235294118,0.0930232558139535,0.05,0.0930232558139535,0.140684410646388,0.151515151515152,0.0551181102362205,0.0714285714285714,0.05,0.133333333333333,0.0568181818181818,0.0555555555555556,0.478260869565217,0.0388349514563107,0.0263157894736842,0.0164835164835165,0,0.2,0.0101010101010101,0.12280701754386,0.0909090909090909,0.0769230769230769,0.1875,0.1,0.0147058823529412,0.0454545454545455,0.2,0.0864197530864197,0.05,0,0.0540540540540541,0.0476190476190476,0.02,0.0277777777777778,0.466666666666667,0.0952380952380952,0.4,0.363636363636364,0.0423728813559322,0,0.0357142857142857,0,0,0.6,0.0636704119850187,1,0.05,0.0916666666666667,0.0833333333333333,0.0765027322404372,0.0237154150197628,0.0244755244755245,0.127659574468085,0.145799011532125,0.4,0.0666666666666667,0.0745007680491551,0.0840415486307838,0.0784313725490196,0.333333333333333,0.170278637770898,0.041958041958042,0.0440835266821346,0.0283975659229209,0.151785714285714,0.155555555555556,0.0606060606060606,0.0882352941176471,0.103448275862069,0.167630057803468,0.303571428571429,0.425,0.296296296296296,0,0.00740740740740741,0,0,0,0,0.00427350427350427,0,0,0,0.00576368876080692,0.0297029702970297,0,0,0,0,0.0014903129657228
"Haemophilus_sputorum",0.795918367346939,0.538461538461538,0.657142857142857,1,0.98989898989899,0.608695652173913,0.802752293577982,0.336898395721925,0.416216216216216,0.742647058823529,0.581395348837209,0.8,0.27906976744186,0.00380228136882129,0.0303030303030303,0,1,0.9,0.466666666666667,0.0454545454545455,0,0.869565217391304,0.00647249190938511,1,0.467032967032967,0,0,0.606060606060606,0,0.0476190476190476,0.82051282051282,0.875,0.9,0.735294117647059,0.954545454545455,0,0.691358024691358,0.85,0.865384615384615,0.864864864864865,0.761904761904762,0,0,0.844444444444444,0.761904761904762,0.9,0.0909090909090909,0.00847457627118644,1,0.928571428571429,0.45,0.457142857142857,0,0,0.952380952380952,0.983333333333333,0.991666666666667,1,0.595628415300546,0.612648221343874,0,0,0.808072487644152,0.733333333333333,0,0.999231950844854,0.984891406987724,0.862745098039216,1,0.00309597523219814,0.56993006993007,0.568445475638051,0.611561866125761,0.9375,0.985185185185185,0.636363636363636,0,0,0.926300578034682,0,0,0,0.642857142857143,0.696296296296296,0.575,0.209677419354839,0.1,0.282608695652174,0.175213675213675,0.5625,0.5,0.363636363636364,0.521613832853026,0.633663366336634,0.583333333333333,0.361111111111111,0.576923076923077,0.1,0.889716840536513
"Veillonella_atypica",0.979591836734694,0.358974358974359,1,1,0.818181818181818,0.726708074534162,0.961009174311927,0.967914438502674,0.983783783783784,0.941176470588235,1,0.85,0.930232558139535,0.178707224334601,0.151515151515152,0.228346456692913,0.928571428571429,0.95,0.933333333333333,0.0454545454545455,0,1,0.00970873786407767,1,0.445054945054945,0,0.7,0.919191919191919,0.0526315789473684,0.246753246753247,1,1,1,1,0.818181818181818,0.1,1,1,0.961538461538462,1,1,0.0533333333333333,0.0555555555555556,0.844444444444444,1,0.55,0.0909090909090909,0.245762711864407,0.976190476190476,1,1,1,0,0.123595505617978,0.904761904761905,0.6,0.7,1,0.420765027322404,0.372859025032938,0.0384615384615385,0.0851063829787234,0.915156507413509,0.666666666666667,0.133333333333333,0.998463901689708,0.996222851746931,1,1,0.0402476780185759,0.517482517482518,0.540603248259861,0.930020283975659,1,1,0.909090909090909,0.117647058823529,0.172413793103448,0.979768786127168,0.178571428571429,0.3,0.037037037037037,0.15,0.844444444444444,0.875,0.709677419354839,0.2,0.521739130434783,0.982905982905983,0.984375,0.95,0.954545454545455,0.951008645533141,1,1,0.574074074074074,0.865384615384615,0.8125,0.934426229508197
"Intestinimonas_butyriciproducens",0.0204081632653061,0,0,0.185185185185185,0.292929292929293,0,0.0619266055045872,0,0,0.0588235294117647,0,0.05,0,0,0.212121212121212,0.118110236220472,0.0714285714285714,0,0,0.147727272727273,0.388888888888889,0,0.00323624595469256,0,0,0,0.1,0.0101010101010101,0.0350877192982456,0,0,0,0.6,0.0147058823529412,0.0454545454545455,0.3,0.0246913580246914,0,0.0769230769230769,0,0,0.466666666666667,0,0.155555555555556,0.0952380952380952,0.45,0,0.110169491525424,0.0238095238095238,0,0.075,0,0,0.00374531835205993,0,0,0.0333333333333333,0,0,0,0.0244755244755245,0,0.0370675453047776,0.6,0.1,0,0.0056657223796034,0,0.416666666666667,0,0,0,0,0.276785714285714,0.17037037037037,0,0.0588235294117647,0.0344827586206897,0.023121387283237,0,0,0.185185185185185,0,0,0,0,0,0,0,0,0,0,0,0,0,0,0,0,0
"Actinomyces_timonensis",0.346938775510204,0.102564102564103,0.271428571428571,0.0740740740740741,0.0909090909090909,0.0062111801242236,0.376146788990826,0.0427807486631016,0.0972972972972973,0.0294117647058824,0.0697674418604651,0.4,0.325581395348837,0.0836501901140684,0,0.393700787401575,0.142857142857143,0.15,0,0.306818181818182,0.388888888888889,0.217391304347826,0.106796116504854,0.289473684210526,0.0824175824175824,0,0.5,0.0606060606060606,0.087719298245614,0.0779220779220779,0.128205128205128,0.2875,0.4,0.132352941176471,0.0227272727272727,0.1,0.283950617283951,0.15,0.403846153846154,0.432432432432432,0.142857142857143,0.513333333333333,0,0.155555555555556,0.0952380952380952,0.15,0,0.0677966101694915,0.0238095238095238,0.0357142857142857,0.275,0.285714285714286,0,0.0299625468164794,0.0952380952380952,0.116666666666667,0.225,0.166666666666667,0.0218579234972678,0.0131752305665349,0.307692307692308,0.0425531914893617,0.0387149917627677,0.133333333333333,0.1,0.185867895545315,0.24929178470255,0.0980392156862745,0.0833333333333333,0.0371517027863777,0.115384615384615,0.122969837587007,0.00304259634888438,0.0803571428571429,0.311111111111111,0.151515151515152,0.117647058823529,0.0344827586206897,0.101156069364162,0.178571428571429,0,0.111111111111111,0.0785714285714286,0,0,0,0,0,0,0,0,0,0,0,0,0,0,0,0
"Campylobacter_gracilis",1,0.435897435897436,0.871428571428571,0.962962962962963,0.95959595959596,0.391304347826087,0.977064220183486,0.802139037433155,0.816216216216216,0.691176470588235,0.976744186046512,0.95,1,0.798479087452472,0.515151515151515,1,1,1,1,0.806818181818182,0.944444444444444,1,0.56957928802589,0.973684210526316,0.703296703296703,0.5,0.7,0.373737373737374,0.736842105263158,0.909090909090909,0.974358974358974,1,1,0.882352941176471,1,1,0.987654320987654,0.95,0.942307692307692,0.972972972972973,0.952380952380952,0.793333333333333,0.444444444444444,1,1,1,1,0.73728813559322,1,0.964285714285714,1,0.971428571428571,0.7,0.734082397003745,0.571428571428571,0.7,0.841666666666667,1,0.628415300546448,0.63768115942029,0.814685314685315,0.468085106382979,0.548599670510708,0.933333333333333,1,0.987711213517665,0.991501416430595,1,1,0.869969040247678,0.632867132867133,0.631090487238979,0.545638945233266,0.866071428571429,0.97037037037037,0.666666666666667,0.911764705882353,0.793103448275862,0.982658959537572,0.928571428571429,0.8,0.925925925925926,0.521428571428571,0.222222222222222,0,0,0,0,0.264957264957265,0.75,0.1,0.363636363636364,0.0115273775216138,0.0396039603960396,0.958333333333333,0,0.173076923076923,0.125,0.497764530551416
"Streptococcus_australis",0.469387755102041,0.0256410256410256,0.657142857142857,0.407407407407407,0.323232323232323,0.701863354037267,0.224770642201835,0.556149732620321,0.502702702702703,0.264705882352941,0.953488372093023,0.45,0.116279069767442,0.228136882129278,0.606060606060606,0.0866141732283465,0.785714285714286,1,0.333333333333333,0.0454545454545455,0.0555555555555556,0.673913043478261,0.177993527508091,0.421052631578947,0.0604395604395604,0,0.7,0.141414141414141,0.578947368421053,0.458874458874459,0.615384615384615,0.65,0.8,0.941176470588235,0.522727272727273,0.5,0.555555555555556,0.45,0.211538461538462,1,1,0.513333333333333,0.361111111111111,0.0666666666666667,0.952380952380952,0.45,0.909090909090909,0.593220338983051,0.380952380952381,0.357142857142857,0.55,0.628571428571429,0.3,0.052434456928839,0.571428571428571,0.166666666666667,0.175,0.416666666666667,0.573770491803279,0.546772068511199,0.167832167832168,0.382978723404255,0.449752883031302,0.533333333333333,0,0.535330261136713,0.631728045325779,0.274509803921569,0.166666666666667,0.130030959752322,0.423076923076923,0.419953596287703,0.12474645030426,0.6875,0.711111111111111,0.757575757575758,0.0882352941176471,0.103448275862069,0.713872832369942,0.339285714285714,0.25,0.555555555555556,0.771428571428571,0.837037037037037,0.15,0.17741935483871,0,0.244565217391304,0.726495726495726,0.890625,0.75,0.863636363636364,0.279538904899135,0.623762376237624,0.75,0.675925925925926,0.557692307692308,0.5625,0.912071535022355
"Phocaeicola_abscessus",0.979591836734694,0.461538461538462,0.0428571428571429,0.740740740740741,0.636363636363636,0.0993788819875776,0.729357798165138,0.0695187165775401,0.0540540540540541,0.102941176470588,0.209302325581395,0.7,0.604651162790698,0.0798479087452472,0.272727272727273,0.771653543307087,0.5,0.15,0.133333333333333,0.590909090909091,0.777777777777778,0.369565217391304,0.26537216828479,0.447368421052632,0.043956043956044,0,0.3,0.0303030303030303,0.140350877192982,0.0692640692640693,0.435897435897436,0.775,0.8,0.529411764705882,0.25,0.3,0.703703703703704,0,0.673076923076923,0.405405405405405,0.476190476190476,0.88,0.222222222222222,0.622222222222222,0.857142857142857,0.55,0.636363636363636,0.11864406779661,0.785714285714286,0.892857142857143,0.45,0.342857142857143,0,0.00374531835205993,0.238095238095238,0,0.0166666666666667,0.333333333333333,0.174863387978142,0.183135704874835,0,0.425531914893617,0.106260296540362,0.266666666666667,0.533333333333333,0.14900153609831,0.215297450424929,0.0392156862745098,0.0833333333333333,0.272445820433437,0.230769230769231,0.255220417633411,0.0446247464503043,0.142857142857143,0.42962962962963,0.121212121212121,0.205882352941176,0.103448275862069,0.622832369942196,0.25,0.05,0.518518518518518,0.0857142857142857,0,0,0,0,0,0,0,0,0,0,0,0,0,0,0,0
"Acinetobacter_calcoaceticus",0.0612244897959184,0.0512820512820513,0,0.296296296296296,0.151515151515152,0,0.0481651376146789,0,0,0.0294117647058824,0.0697674418604651,0,0,0.00380228136882129,0.0606060606060606,0.141732283464567,0,0,0,0.0568181818181818,0,0.0652173913043478,0.00323624595469256,0,0.010989010989011,0,0,0.0808080808080808,0.157894736842105,0.00432900432900433,0,0.025,0,0,0,0,0.037037037037037,0,0.0192307692307692,0,0,0.0266666666666667,0.0555555555555556,0,0,0,0.0909090909090909,0.00847457627118644,0,0.0714285714285714,0,0,0,0.00749063670411985,0.142857142857143,0.05,0.05,0,0.0437158469945355,0.0303030303030303,0,0.404255319148936,0.00411861614497529,0.266666666666667,0,0.00230414746543779,0.0056657223796034,0.0392156862745098,0.0833333333333333,0.00928792569659443,0.013986013986014,0.0232018561484919,0,0.0267857142857143,0.0148148148148148,0.0303030303030303,0,0,0.0115606936416185,0,0,0,0,0,0,0,0,0,0,0,0,0,0,0,0,0,0,0,0
"Campylobacter_rectus",0.795918367346939,0.307692307692308,0.328571428571429,0.925925925925926,0.646464646464647,0.217391304347826,0.419724770642202,0.0267379679144385,0.0378378378378378,0.125,0.651162790697674,0.5,0.534883720930233,0.144486692015209,0.181818181818182,0.251968503937008,0.571428571428571,0.65,0.266666666666667,0.602272727272727,0.666666666666667,0.739130434782609,0.00323624595469256,0.736842105263158,0.0494505494505494,0,0.2,0.191919191919192,0.12280701754386,0.445887445887446,0.307692307692308,0.4,1,0.294117647058824,0.568181818181818,0.4,0.691358024691358,0.25,0.288461538461538,0.702702702702703,0.857142857142857,0.0666666666666667,0.111111111111111,0.533333333333333,0.714285714285714,0.75,0.181818181818182,0.372881355932203,0.476190476190476,0.607142857142857,0.1,0.171428571428571,0.1,0.0861423220973783,0.285714285714286,0.05,0.108333333333333,0.166666666666667,0.469945355191257,0.487483530961792,0,0.127659574468085,0.181219110378913,0.133333333333333,0.366666666666667,0.741167434715822,0.554296506137866,0.666666666666667,0.416666666666667,0.148606811145511,0.318181818181818,0.368909512761021,0.0212981744421907,0.3125,0.288888888888889,0.181818181818182,0.0588235294117647,0.172413793103448,0.455202312138728,0.0535714285714286,0.075,0.111111111111111,0.207142857142857,0.948148148148148,0,0.0161290322580645,0.1,0.0217391304347826,0.286324786324786,0.515625,0,0.0909090909090909,0.0172910662824208,0.0099009900990099,1,0.0185185185185185,0.182692307692308,0.09375,0.853949329359165
"Corynebacterium_kroppenstedtii",0.0408163265306122,0.0769230769230769,0.0428571428571429,0.037037037037037,0.0909090909090909,0.0062111801242236,0.00917431192660551,0.0320855614973262,0.0810810810810811,0,0.255813953488372,0.05,0.0465116279069767,0.0190114068441065,0.121212121212121,0.0236220472440945,0,0.1,0,0,0.0555555555555556,0.0652173913043478,0,0.0263157894736842,0,0,0,0,0.0175438596491228,0.012987012987013,0.0256410256410256,0.1125,0.1,0.117647058823529,0.0227272727272727,0.1,0.037037037037037,0,0.0384615384615385,0.027027027027027,0,0.08,0,0,0,0,0.272727272727273,0.0932203389830508,0,0.0357142857142857,0.025,0.0285714285714286,0,0.0149812734082397,0,0,0,0,0.00546448087431694,0.00395256916996047,0,0.0212765957446809,0.042833607907743,0,0.0333333333333333,0.0199692780337942,0.028328611898017,0,0,0.0309597523219814,0.0244755244755245,0.0116009280742459,0,0.0178571428571429,0.037037037037037,0.0606060606060606,0.0882352941176471,0,0.0447976878612717,0.142857142857143,0.175,0.148148148148148,0,0,0,0,0,0,0.00854700854700855,0,0,0,0,0,0,0,0,0,0
"Streptococcus_constellatus",0.959183673469388,0.282051282051282,0.542857142857143,0.851851851851852,0.353535353535354,0.360248447204969,0.621559633027523,0.192513368983957,0.189189189189189,0.102941176470588,0.720930232558139,0.8,0.302325581395349,0.285171102661597,0.333333333333333,0.779527559055118,0.785714285714286,0.35,0.533333333333333,0.352272727272727,0.333333333333333,0.543478260869565,0.0485436893203883,0.0526315789473684,0.104395604395604,0,0.6,0.363636363636364,0.175438596491228,0.354978354978355,0.256410256410256,0.6125,0.8,0.705882352941177,0.295454545454545,0.3,0.580246913580247,0.35,0.576923076923077,0.648648648648649,0.714285714285714,0.386666666666667,0.222222222222222,0.355555555555556,0.857142857142857,0.6,0.636363636363636,0.355932203389831,0.666666666666667,0.714285714285714,0.5,0.628571428571429,0.2,0.310861423220974,0.571428571428571,0.316666666666667,0.266666666666667,0.583333333333333,0.300546448087432,0.281949934123847,0.0699300699300699,0.340425531914894,0.131795716639209,0.6,0.333333333333333,0.580645161290323,0.538243626062323,0.294117647058824,0.333333333333333,0.0928792569659443,0.258741258741259,0.308584686774942,0.0943204868154158,0.375,0.681481481481481,0.696969696969697,0.529411764705882,0.448275862068966,0.676300578034682,0.392857142857143,0.25,0.777777777777778,0.464285714285714,0,0,0,0,0,0,0,0,0,0,0,0,0,0,0,0
"Prevotella_nigrescens",1,0.487179487179487,0.9,1,0.898989898989899,0.739130434782609,0.988532110091743,0.754010695187166,0.735135135135135,0.639705882352941,0.883720930232558,0.9,0.953488372093023,0.920152091254753,0.575757575757576,0.992125984251969,1,0.8,0.6,0.943181818181818,0.944444444444444,1,0.928802588996764,1,0.840659340659341,0.875,0.7,0.585858585858586,0.859649122807018,0.896103896103896,1,1,1,0.882352941176471,1,1,0.987654320987654,0.85,0.923076923076923,1,1,0.926666666666667,0.472222222222222,0.977777777777778,0.857142857142857,0.95,0.909090909090909,0.838983050847458,0.904761904761905,0.892857142857143,0.975,0.971428571428571,0.4,0.947565543071161,0.571428571428571,0.1,0.108333333333333,0.916666666666667,0.628415300546448,0.624505928853755,0.996503496503496,0.48936170212766,0.815485996705107,1,0.933333333333333,0.988479262672811,0.994334277620397,0.941176470588235,1,0.962848297213622,0.608391608391608,0.612529002320186,0.676470588235294,0.991071428571429,1,0.727272727272727,0.882352941176471,0.896551724137931,0.839595375722543,0.910714285714286,0.6,0.962962962962963,0.821428571428571,0.851851851851852,0.525,0.17741935483871,0,0.217391304347826,0.683760683760684,0.984375,0.55,0.681818181818182,0.319884726224784,0.425742574257426,1,0.527777777777778,0.769230769230769,0.5875,0.983606557377049
"Corynebacterium_matruchotii",1,0.58974358974359,1,0.962962962962963,0.919191919191919,0.726708074534162,0.988532110091743,0.828877005347594,0.805405405405405,0.654411764705882,0.976744186046512,1,0.976744186046512,0.942965779467681,0.515151515151515,1,1,0.95,0.333333333333333,0.840909090909091,0.944444444444444,1,0.889967637540453,1,0.917582417582418,0.875,1,0.505050505050505,0.859649122807018,0.935064935064935,1,0.9875,1,0.897058823529412,0.909090909090909,1,0.938271604938272,0.6,0.980769230769231,1,1,0.933333333333333,0.5,1,0.714285714285714,0.95,0.909090909090909,0.720338983050847,1,0.928571428571429,0.95,0.942857142857143,1,0.928838951310861,1,0.633333333333333,0.641666666666667,1,0.672131147540984,0.682476943346509,0.996503496503496,0.425531914893617,0.899505766062603,1,1,0.987711213517665,0.999055712936733,1,1,0.910216718266254,0.63986013986014,0.642691415313225,0.401622718052738,0.991071428571429,0.992592592592593,0.848484848484849,0.911764705882353,0.96551724137931,0.765895953757225,0.982142857142857,0.925,0.962962962962963,0.907142857142857,0.866666666666667,0.15,0.290322580645161,0.2,0.146739130434783,0.799145299145299,0.96875,0.4,0.863636363636364,0.328530259365994,0.495049504950495,0.958333333333333,0.148148148148148,0.288461538461538,0.7,0.955290611028316
"Eikenella_corrodens",0.959183673469388,0.41025641025641,0.785714285714286,1,0.919191919191919,0.62111801242236,0.979357798165138,0.609625668449198,0.583783783783784,0.742647058823529,0.813953488372093,1,0.953488372093023,0.722433460076046,0.515151515151515,0.866141732283465,1,0.9,0.933333333333333,0.784090909090909,0.944444444444444,0.978260869565217,0.744336569579288,1,0.769230769230769,0.625,0.9,0.535353535353535,0.789473684210526,0.891774891774892,1,0.975,1,0.911764705882353,0.863636363636364,0.7,0.938271604938272,0.65,0.923076923076923,0.918918918918919,0.904761904761905,0.72,0.472222222222222,0.977777777777778,1,1,1,0.847457627118644,1,0.964285714285714,0.85,0.771428571428571,0.8,0.737827715355805,0.952380952380952,0.816666666666667,0.841666666666667,0.916666666666667,0.650273224043716,0.69038208168643,0.881118881118881,0.361702127659574,0.757001647446458,0.933333333333333,0.7,0.989247311827957,0.985835694050991,1,0.833333333333333,0.804953560371517,0.643356643356643,0.642691415313225,0.520283975659229,0.9375,0.985185185185185,0.575757575757576,0.676470588235294,0.655172413793103,0.978323699421965,0.678571428571429,0.625,0.814814814814815,0.757142857142857,0.251851851851852,0.025,0.032258064516129,0.1,0.0326086956521739,0.290598290598291,0.859375,0.05,0.227272727272727,0.0172910662824208,0.0396039603960396,0.625,0,0.163461538461538,0.51875,0.68107302533532
"Parvimonas_micra",1,0.641025641025641,0.957142857142857,1,0.95959595959596,0.869565217391304,0.990825688073395,0.925133689839572,0.897297297297297,0.911764705882353,0.930232558139535,1,0.953488372093023,0.923954372623574,0.666666666666667,1,1,1,1,0.954545454545455,0.944444444444444,1,0.838187702265372,1,0.934065934065934,0.625,1,0.505050505050505,0.912280701754386,0.913419913419913,1,1,1,0.941176470588235,1,1,1,1,0.980769230769231,1,0.952380952380952,0.933333333333333,0.472222222222222,1,1,0.95,1,0.957627118644068,1,1,1,1,1,0.917602996254682,0.904761904761905,1,0.991666666666667,1,0.66120218579235,0.682476943346509,0.996503496503496,0.425531914893617,0.855848434925865,0.933333333333333,0.933333333333333,0.986175115207373,0.998111425873466,0.803921568627451,1,0.823529411764706,0.653846153846154,0.649651972157773,0.57606490872211,0.910714285714286,1,1,0.970588235294118,0.96551724137931,0.998554913294798,0.928571428571429,0.925,1,0.921428571428571,0.903703703703704,0,0.0483870967741935,0,0.0326086956521739,0.790598290598291,0.78125,0.45,0.5,0.00576368876080692,0.168316831683168,0.875,0.203703703703704,0.394230769230769,0.475,0.946348733233979
"Streptococcus_pyogenes",0.0408163265306122,0.0769230769230769,0.114285714285714,0.111111111111111,0.0404040404040404,0.0062111801242236,0.0298165137614679,0.0106951871657754,0.0216216216216216,0,0.255813953488372,0,0,0.0114068441064639,0.0606060606060606,0.015748031496063,0,0,0,0.0340909090909091,0.0555555555555556,0.0434782608695652,0.00323624595469256,0.105263157894737,0,0,0,0,0.0175438596491228,0.0303030303030303,0,0.05,0.2,0,0.0681818181818182,0,0.0617283950617284,0,0,0.972972972972973,0.857142857142857,0.0333333333333333,0.0277777777777778,0,0,0,0,0.0338983050847458,0.19047619047619,0.285714285714286,0,0,0,0.0299625468164794,0,0,0,0,0.0491803278688525,0.0303030303030303,0,0,0.0131795716639209,0.0666666666666667,0,0.0422427035330261,0.0424929178470255,0.0196078431372549,0.0833333333333333,0,0.0314685314685315,0.0185614849187935,0.00202839756592292,0.0357142857142857,0.0296296296296296,0,0,0,0.0202312138728324,0.0178571428571429,0,0,0,0,0,0,0,0,0,0,0,0,0,0,0,0,0,0,0.0029806259314456
"Scardovia_wiggsiae",0.795918367346939,0.487179487179487,0.642857142857143,0.851851851851852,0.595959595959596,0,0.435779816513761,0.363636363636364,0.286486486486487,0.213235294117647,0.558139534883721,0.75,0.348837209302326,0.547528517110266,0.303030303030303,0.834645669291339,0.928571428571429,0.05,0.2,0.522727272727273,0.5,0.58695652173913,0.365695792880259,0.736842105263158,0.28021978021978,0.75,0.8,0.0707070707070707,0.421052631578947,0.653679653679654,0.948717948717949,0.95,0.9,0.823529411764706,0.636363636363636,0.3,0.641975308641975,0.5,0.365384615384615,0.918918918918919,0.857142857142857,0.6,0.333333333333333,0.488888888888889,0.666666666666667,0.35,0.454545454545455,0.542372881355932,0.80952380952381,0.892857142857143,0.675,0.685714285714286,0.6,0.621722846441948,0,0.216666666666667,0.266666666666667,0.833333333333333,0.0601092896174863,0.075098814229249,0.996503496503496,0.319148936170213,0.201812191103789,0.733333333333333,0.833333333333333,0.851766513056836,0.885741265344665,0.352941176470588,0.416666666666667,0.21671826625387,0.335664335664336,0.327146171693735,0.143002028397566,0.357142857142857,0.874074074074074,0.484848484848485,0.647058823529412,0.689655172413793,0.729768786127168,0.660714285714286,0.55,0.851851851851852,0.0285714285714286,0.214814814814815,0.025,0.0161290322580645,0,0,0.367521367521368,0.15625,0.2,0.227272727272727,0.0115273775216138,0.0297029702970297,0.416666666666667,0.00925925925925926,0.182692307692308,0.18125,0.327868852459016
"Fusobacterium_nucleatum",1,0.743589743589744,1,1,1,0.975155279503106,1,0.978609625668449,0.951351351351351,0.992647058823529,1,1,1,0.950570342205323,0.636363636363636,1,1,1,1,0.931818181818182,0.944444444444444,1,0.941747572815534,1,1,1,1,0.919191919191919,0.964912280701754,0.935064935064935,1,1,1,0.985294117647059,1,1,1,1,1,1,1,0.946666666666667,0.5,1,1,1,1,0.974576271186441,1,1,1,1,1,1,1,0.983333333333333,0.983333333333333,1,0.699453551912568,0.706192358366271,0.996503496503496,0.51063829787234,0.983525535420099,0.933333333333333,1,1,1,1,1,0.993808049535604,0.699300699300699,0.730858468677494,0.950304259634888,1,1,0.939393939393939,1,1,0.997109826589595,0.982142857142857,0.975,0.962962962962963,0.992857142857143,0.962962962962963,0.025,0.112903225806452,0.2,0.201086956521739,0.769230769230769,1,0.5,0.636363636363636,0.103746397694524,0.712871287128713,1,0.138888888888889,0.394230769230769,0.375,0.98956780923994
"Prevotella_saccharolytica",0.918367346938776,0.461538461538462,0.357142857142857,0.962962962962963,0.747474747474748,0.267080745341615,0.876146788990826,0.245989304812834,0.216216216216216,0.360294117647059,0.767441860465116,0.8,0.883720930232558,0.513307984790874,0.272727272727273,0.732283464566929,1,0.8,0.4,0.715909090909091,0.833333333333333,0.826086956521739,0.491909385113269,1,0.598901098901099,0,0.7,0.232323232323232,0.315789473684211,0.722943722943723,0.846153846153846,0.7875,0.9,0.794117647058823,0.977272727272727,0.8,0.765432098765432,0.45,0.903846153846154,0.891891891891892,0.904761904761905,0.853333333333333,0.277777777777778,0.911111111111111,0.523809523809524,1,0.636363636363636,0.516949152542373,0.952380952380952,0.964285714285714,0.65,0.4,0.6,0.404494382022472,0.80952380952381,0.0166666666666667,0.0916666666666667,0.916666666666667,0.508196721311475,0.527009222661397,0.972027972027972,0.319148936170213,0.522240527182867,0.6,0.833333333333333,0.927035330261137,0.892351274787535,0.980392156862745,0.5,0.532507739938081,0.451048951048951,0.464037122969838,0.245436105476673,0.589285714285714,0.859259259259259,0.484848484848485,0.294117647058824,0.655172413793103,0.40028901734104,0.339285714285714,0.275,0.481481481481481,0.435714285714286,0.0740740740740741,0,0,0.1,0,0.0256410256410256,0.328125,0.05,0.0909090909090909,0,0.0099009900990099,0.583333333333333,0,0.0961538461538462,0,0.369597615499255
"Catonella_morbi",1,0.538461538461538,0.971428571428571,1,1,0.795031055900621,0.990825688073395,0.368983957219251,0.302702702702703,0.992647058823529,0.906976744186046,1,0.976744186046512,0.91254752851711,0.606060606060606,1,1,1,1,0.931818181818182,0.944444444444444,1,0.893203883495146,1,1,0.875,0.9,0.595959595959596,0.824561403508772,0.926406926406926,1,0.975,1,0.970588235294118,1,1,0.938271604938272,0.85,0.961538461538462,1,1,0.933333333333333,0.5,1,0.952380952380952,0.95,1,0.889830508474576,1,0.964285714285714,0.925,0.857142857142857,1,0.98501872659176,1,0.866666666666667,0.958333333333333,1,0.683060109289617,0.69433465085639,0.996503496503496,0.361702127659574,0.939044481054366,0.866666666666667,1,0.991551459293395,0.996222851746931,1,1,0.984520123839009,0.65034965034965,0.640371229698376,0.743407707910751,0.991071428571429,0.992592592592593,0.848484848484849,0.911764705882353,0.862068965517241,0.963872832369942,0.892857142857143,0.8,0.925925925925926,0.878571428571429,0.333333333333333,0,0,0.1,0,0.0726495726495727,0.6875,0,0.136363636363636,0,0.0099009900990099,0.708333333333333,0,0.230769230769231,0.03125,0.794336810730253
"Moraxella_boevrei",0.122448979591837,0.0512820512820513,0.0428571428571429,0.444444444444444,0.242424242424242,0.0124223602484472,0.135321100917431,0.0106951871657754,0.0324324324324324,0.0514705882352941,0.0232558139534884,0,0.0232558139534884,0.064638783269962,0,0.102362204724409,0.142857142857143,0.1,0.2,0.284090909090909,0.388888888888889,0.152173913043478,0.122977346278317,0,0.0494505494505494,0,0.1,0,0.087719298245614,0.233766233766234,0.153846153846154,0.1,0.3,0.308823529411765,0.0454545454545455,0.3,0.0123456790123457,0,0.115384615384615,0,0.142857142857143,0.166666666666667,0.0277777777777778,0.0666666666666667,0.0952380952380952,0.05,0,0.0677966101694915,0.0714285714285714,0.0714285714285714,0.15,0,0,0.0599250936329588,0,0,0.025,0.0833333333333333,0.092896174863388,0.0329380764163373,0,0.0212765957446809,0.0296540362438221,0.0666666666666667,0.133333333333333,0.228878648233487,0.271954674220963,0,0,0.0247678018575851,0.020979020979021,0.0185614849187935,0.00405679513184584,0.0357142857142857,0.0592592592592593,0,0.0294117647058824,0.0689655172413793,0.0115606936416185,0.0178571428571429,0,0,0,0,0,0,0,0,0,0,0,0,0,0,0,0,0,0,0
"Micrococcus_luteus",0.142857142857143,0.230769230769231,0.228571428571429,0.851851851851852,0.262626262626263,0,0.0229357798165138,0,0.0216216216216216,0.0294117647058824,0.162790697674419,0.05,0,0.0532319391634981,0.0909090909090909,0.133858267716535,0.214285714285714,0,0,0.772727272727273,0.888888888888889,0.130434782608696,0.00323624595469256,0,0.010989010989011,0.125,0.3,0.0303030303030303,0.0175438596491228,0.0606060606060606,0,0,0,0.0294117647058824,0.0227272727272727,0.1,0.0740740740740741,0,0.0192307692307692,0,0,0.0533333333333333,0.0277777777777778,0,0.0476190476190476,0.1,0.545454545454545,0.101694915254237,0.166666666666667,0.107142857142857,0.075,0.0571428571428571,0,0.0786516853932584,0,0.166666666666667,0.225,0.166666666666667,0.00546448087431694,0.00131752305665349,0.0034965034965035,0.234042553191489,0.0123558484349259,0.266666666666667,0.0666666666666667,0.302611367127496,0.10576015108593,0.0588235294117647,0,0.00928792569659443,0.0384615384615385,0.0255220417633411,0,0.169642857142857,0.155555555555556,0.272727272727273,0.0588235294117647,0.0344827586206897,0.210982658959538,0.0892857142857143,0.025,0,0,0.037037037037037,0,0,0,0,0,0,0,0,0,0,0,0,0,0,0
"Morococcus_cerebrosus",0.428571428571429,0,0.285714285714286,0.962962962962963,0.202020202020202,0,0.405963302752294,0.117647058823529,0.167567567567568,0.272058823529412,0.0697674418604651,0.85,0.325581395348837,0.00380228136882129,0.0303030303030303,0,0.571428571428571,0,0.6,0,0,0.347826086956522,0,0.447368421052632,0.120879120879121,0,0,0.181818181818182,0,0.012987012987013,0.615384615384615,0.4125,0.7,0.367647058823529,0.0227272727272727,0,0.802469135802469,0.45,0.788461538461538,0.0810810810810811,0.0476190476190476,0.00666666666666667,0,0.422222222222222,0.238095238095238,0.7,0.363636363636364,0.0254237288135593,0.547619047619048,0.5,0.125,0.171428571428571,0,0.00749063670411985,0,0.183333333333333,0.225,0.333333333333333,0,0,0,0,0.00741350906095552,0.866666666666667,0,0.523809523809524,0.449480642115203,0.92156862745098,0.0833333333333333,0.00309597523219814,0.388111888111888,0.368909512761021,0.152129817444219,0.303571428571429,0.325925925925926,0.0909090909090909,0,0,0.486994219653179,0,0,0,0,0.466666666666667,0.125,0.0645161290322581,0.3,0.0434782608695652,0.123931623931624,0.09375,0.25,0.409090909090909,0.109510086455331,0.198019801980198,0.0833333333333333,0.388888888888889,0.0384615384615385,0.19375,0.226527570789866
"Actinomyces_massiliensis",0.714285714285714,0.128205128205128,0.914285714285714,0.888888888888889,0.727272727272727,0.267080745341615,0.481651376146789,0.566844919786096,0.47027027027027,0.213235294117647,0.953488372093023,0.95,0.744186046511628,0.55893536121673,0.303030303030303,0.661417322834646,0.785714285714286,0.95,0.333333333333333,0.454545454545455,0.277777777777778,0.869565217391304,0.501618122977346,0.815789473684211,0.428571428571429,0.5,0.6,0.232323232323232,0.385964912280702,0.575757575757576,0.974358974358974,0.9125,0.9,0.705882352941177,0.590909090909091,0.8,0.728395061728395,0.8,0.807692307692308,0.972972972972973,0.952380952380952,0.526666666666667,0.388888888888889,0.644444444444444,0.285714285714286,0.75,0.545454545454545,0.627118644067797,0.666666666666667,0.607142857142857,0.525,0.628571428571429,0.8,0.625468164794007,0.666666666666667,0.95,0.95,1,0.14207650273224,0.189723320158103,0,0.191489361702128,0.367380560131796,0.666666666666667,0.8,0.973118279569892,0.974504249291785,1,0.666666666666667,0.325077399380805,0.604895104895105,0.587006960556845,0.111561866125761,0.928571428571429,0.977777777777778,0.96969696969697,0.5,0.827586206896552,0.88728323699422,0.642857142857143,0.6,0.777777777777778,0.807142857142857,0.207407407407407,0.025,0.0161290322580645,0,0.00543478260869565,0.632478632478632,0.6875,0.45,0.5,0,0.0297029702970297,0.291666666666667,0.00925925925925926,0.269230769230769,0.24375,0.290611028315946
"Streptococcus_salivarius",0.571428571428571,0.512820512820513,1,0.777777777777778,0.232323232323232,0.981366459627329,0.412844036697248,0.909090909090909,0.881081081081081,0.573529411764706,1,0.8,0.302325581395349,0.0950570342205323,0.151515151515152,0.047244094488189,0.785714285714286,1,0.933333333333333,0.0113636363636364,0,0.891304347826087,0.00323624595469256,0.710526315789474,0.401098901098901,0,0,0.666666666666667,0.0175438596491228,0.038961038961039,0.948717948717949,0.975,1,0.941176470588235,0.318181818181818,0,0.888888888888889,0.85,0.634615384615385,0.945945945945946,0.952380952380952,0.04,0,0.466666666666667,0.476190476190476,0.8,0.0909090909090909,0.0847457627118644,0.547619047619048,0.607142857142857,0.9,0.914285714285714,0,0.161048689138577,0.952380952380952,0.616666666666667,0.683333333333333,0.166666666666667,0.628415300546448,0.63768115942029,0.013986013986014,0.0212765957446809,0.116968698517298,0.333333333333333,0,0.953917050691244,0.913125590179415,0.529411764705882,0.833333333333333,0.00309597523219814,0.513986013986014,0.526682134570766,0.488843813387424,0.910714285714286,0.725925925925926,0.96969696969697,0.0294117647058824,0.0344827586206897,0.968208092485549,0.142857142857143,0.15,0,1,0.874074074074074,0.425,0.725806451612903,0,0.744565217391304,0.991452991452991,1,1,1,0.783861671469741,0.920792079207921,1,0.87037037037037,0.769230769230769,0.7875,0.740685543964232
"Elizabethkingia_meningoseptica",0.0204081632653061,0,0.0571428571428571,0.296296296296296,0.0303030303030303,0.254658385093168,0.0114678899082569,0,0.00540540540540541,0.0294117647058824,0.906976744186046,0,0,0.0152091254752852,0.121212121212121,0.015748031496063,0,0.95,0,0.0113636363636364,0,0.108695652173913,0,0.0789473684210526,0,0,0,0,0,0.0432900432900433,0.0512820512820513,0.0875,0,0.117647058823529,0.204545454545455,0,0.0864197530864197,0,0.0961538461538462,0,0,0.00666666666666667,0,0,0,0.05,0,0.0338983050847458,0,0,0,0,0,0.00374531835205993,0.285714285714286,0,0,0,0.46448087431694,0.440052700922266,0,0.0212765957446809,0.135090609555189,0.133333333333333,0,0.146697388632873,0.0632672332389046,0,0.166666666666667,0.00309597523219814,0.0104895104895105,0.00928074245939675,0.00202839756592292,0.0178571428571429,0.0444444444444444,0,0,0,0.0144508670520231,0,0,0,0.321428571428571,0,0,0,0,0,0,0,0,0,0,0,0,0,0,0,0
"Prevotella_buccae",1,0.564102564102564,0.371428571428571,0.925925925925926,0.181818181818182,0.0807453416149068,0.944954128440367,0.122994652406417,0.194594594594595,0.301470588235294,0.441860465116279,0.55,0.86046511627907,0.479087452471483,0.272727272727273,0.763779527559055,0.714285714285714,0.5,0.2,0.840909090909091,0.944444444444444,0.521739130434783,0.592233009708738,0.789473684210526,0.120879120879121,0,0.1,0.282828282828283,0.245614035087719,0.264069264069264,0.666666666666667,0.8375,1,0.132352941176471,0.772727272727273,0.5,0.802469135802469,0.45,0.653846153846154,0.837837837837838,0.857142857142857,0.926666666666667,0.222222222222222,0.8,0.142857142857143,0.3,0.636363636363636,0.322033898305085,0.595238095238095,0.75,0.525,0.6,0,0.239700374531835,0.285714285714286,0,0,0.666666666666667,0.33879781420765,0.341238471673254,0.461538461538462,0.340425531914894,0.28500823723229,0.8,0.566666666666667,0.389400921658986,0.551463644948064,0.235294117647059,0.166666666666667,0.554179566563467,0.20979020979021,0.234338747099768,0.0649087221095335,0.651785714285714,0.651851851851852,0.151515151515152,0.558823529411765,0.482758620689655,0.271676300578035,0.357142857142857,0.2,0.37037037037037,0.257142857142857,0.133333333333333,0,0,0.1,0,0.0982905982905983,0.671875,0.05,0.0909090909090909,0.00288184438040346,0,0.583333333333333,0,0.134615384615385,0.04375,0.752608047690015
"Fusobacterium_russii",0.448979591836735,0.0769230769230769,0.128571428571429,0.888888888888889,0.373737373737374,0.0124223602484472,0.302752293577982,0,0.00540540540540541,0.110294117647059,0,0.35,0,0.349809885931559,0.0606060606060606,0.204724409448819,0.285714285714286,0,0.0666666666666667,0.272727272727273,0.333333333333333,0.434782608695652,0.0485436893203883,0.315789473684211,0.032967032967033,0.125,0.1,0.0303030303030303,0.105263157894737,0.341991341991342,0.0256410256410256,0,0.6,0.323529411764706,0.227272727272727,0.5,0.345679012345679,0.05,0.0384615384615385,0.108108108108108,0.238095238095238,0.293333333333333,0,0.0666666666666667,0.19047619047619,0.2,0.181818181818182,0.177966101694915,0.523809523809524,0.464285714285714,0.125,0,0,0.295880149812734,0,0.0666666666666667,0.0583333333333333,0.25,0,0.00263504611330698,0.0034965034965035,0.0425531914893617,0.153212520593081,0.266666666666667,0.266666666666667,0.774193548387097,0.650613786591124,0.372549019607843,0.166666666666667,0.0897832817337461,0.0979020979020979,0.109048723897912,0.0294117647058824,0.142857142857143,0.333333333333333,0,0.0294117647058824,0.137931034482759,0.0794797687861272,0.178571428571429,0.1,0.037037037037037,0,0,0,0,0,0,0,0,0,0,0,0,0,0,0,0,0
"Neisseria_meningitidis",0.877551020408163,0.487179487179487,0.8,1,0.717171717171717,0.919254658385093,0.947247706422018,0.181818181818182,0.232432432432432,0.911764705882353,0.976744186046512,1,0.767441860465116,0.342205323193916,0.272727272727273,0.52755905511811,1,0.95,1,0.568181818181818,0.5,0.91304347826087,0.0323624595469256,0.947368421052632,0.417582417582418,0,0.2,0.656565656565657,0.228070175438596,0.692640692640693,0.948717948717949,0.8875,0.8,0.617647058823529,0.954545454545455,0.4,0.962962962962963,0.3,0.846153846153846,0.675675675675676,0.476190476190476,0.606666666666667,0.25,0.933333333333333,1,1,0.727272727272727,0.525423728813559,0.976190476190476,0.892857142857143,0.325,0.314285714285714,0.4,0.48689138576779,0.333333333333333,0.983333333333333,0.933333333333333,0.583333333333333,0.693989071038251,0.704874835309618,0.503496503496504,0.361702127659574,0.814662273476112,0.8,0.466666666666667,0.98310291858679,0.95561850802644,0.980392156862745,0.833333333333333,0.260061919504644,0.615384615384615,0.612529002320186,0.290060851926978,0.964285714285714,0.940740740740741,0.666666666666667,0.264705882352941,0.344827586206897,0.937861271676301,0.196428571428571,0.075,0.185185185185185,0.992857142857143,0.0740740740740741,0,0,0,0,0,0,0,0,0,0,0.208333333333333,0,0.0192307692307692,0,0.0789865871833085
"Alloscardovia_omnicolens",0.122448979591837,0.0512820512820513,0.328571428571429,0.222222222222222,0.0202020202020202,0,0.073394495412844,0.513368983957219,0.545945945945946,0.110294117647059,0.325581395348837,0.15,0.0697674418604651,0.307984790874525,0.272727272727273,0.748031496062992,0.0714285714285714,0.25,0.0666666666666667,0.0795454545454545,0.0555555555555556,0.565217391304348,0.0776699029126214,0.157894736842105,0.021978021978022,0,0.1,0.121212121212121,0.368421052631579,0.346320346320346,0.307692307692308,0.6875,0.8,0.588235294117647,0.272727272727273,0.2,0.518518518518518,0.5,0.134615384615385,0.486486486486487,0.571428571428571,0.166666666666667,0.0833333333333333,0.0222222222222222,0.428571428571429,0.1,0.454545454545455,0.305084745762712,0.19047619047619,0.178571428571429,0.65,0.542857142857143,0,0.325842696629214,0,0.1,0.133333333333333,0.0833333333333333,0.00546448087431694,0.00922266139657444,0,0.0638297872340425,0.121911037891269,0.0666666666666667,0.166666666666667,0.132872503840246,0.242681775259679,0,0.5,0.136222910216718,0.0314685314685315,0.0788863109048724,0.0304259634888438,0.0625,0.607407407407407,0.151515151515152,0.647058823529412,0.448275862068966,0.426300578034682,0.607142857142857,0.475,0.37037037037037,0.00714285714285714,0.0740740740740741,0,0,0,0,0.243589743589744,0.328125,0,0.363636363636364,0.0518731988472622,0.0297029702970297,0.125,0,0.0192307692307692,0.15,0.0625931445603577
"Staphylococcus_epidermidis",0.26530612244898,0.333333333333333,0.257142857142857,0.111111111111111,0.393939393939394,0.031055900621118,0.0344036697247706,0.0481283422459893,0.0972972972972973,0.00735294117647059,0.930232558139535,0.1,0,0.0228136882129278,0,0.0078740157480315,0.0714285714285714,0.1,0.0666666666666667,0.0113636363636364,0,0.239130434782609,0.00323624595469256,0.157894736842105,0.010989010989011,0,0,0.0808080808080808,0,0.0346320346320346,0.0769230769230769,0.1125,0.4,0.117647058823529,0.25,0,0.0864197530864197,0,0.0769230769230769,0.162162162162162,0.142857142857143,0,0.0277777777777778,0.0444444444444444,0.0476190476190476,0.25,0,0.0593220338983051,0.0238095238095238,0.0714285714285714,0.125,0.114285714285714,0,0.0411985018726592,0.19047619047619,0.383333333333333,0.291666666666667,0,0.0546448087431694,0.0408432147562582,0.0104895104895105,0.0851063829787234,0.014827018121911,0,0.0666666666666667,0.268049155145929,0.246458923512748,0.0196078431372549,0.75,0.0123839009287926,0.0314685314685315,0.0417633410672854,0.00912778904665314,0.303571428571429,0.133333333333333,0.363636363636364,0.0294117647058824,0,0.19364161849711,0.0357142857142857,0,0,0.00714285714285714,0.00740740740740741,0,0,0,0,0,0.03125,0,0,0,0,0,0,0,0,0.0014903129657228
"Neisseria_lactamica",0.163265306122449,0,0.0571428571428571,0.814814814814815,0,0.0062111801242236,0.0596330275229358,0,0,0.0147058823529412,0.0465116279069767,0.1,0,0.0152091254752852,0,0.0236220472440945,0.142857142857143,0.05,0.0666666666666667,0,0,0.0652173913043478,0,0.368421052631579,0.0164835164835165,0,0,0.0808080808080808,0,0.0173160173160173,0.179487179487179,0.0625,0.3,0.0147058823529412,0.0909090909090909,0,0.222222222222222,0,0,0.108108108108108,0.19047619047619,0,0,0.0666666666666667,0.0476190476190476,0.2,0.181818181818182,0,0.357142857142857,0.214285714285714,0,0,0,0,0,0.0333333333333333,0.00833333333333333,0.0833333333333333,0.0273224043715847,0.0250329380764163,0,0,0.0123558484349259,0.133333333333333,0,0.168970814132104,0.0991501416430595,0.568627450980392,0,0,0.101398601398601,0.0765661252900232,0.0334685598377282,0.0446428571428571,0.118518518518519,0,0,0,0.0606936416184971,0,0,0,0.00714285714285714,0.140740740740741,0,0,0.1,0,0,0,0,0,0,0.0396039603960396,0.375,0,0.0384615384615385,0,0.0834575260804769
"Mannheimia_haemolytica",0.102040816326531,0.0256410256410256,0.0285714285714286,0.777777777777778,0.0404040404040404,0,0.00229357798165138,0,0,0.0147058823529412,0,0.05,0,0.0114068441064639,0.0303030303030303,0.015748031496063,0,0,0,0.147727272727273,0.0555555555555556,0.0434782608695652,0,0.184210526315789,0,0,0.1,0.0202020202020202,0,0.0216450216450216,0,0,0,0.0441176470588235,0.0227272727272727,0,0.0617283950617284,0,0,0.027027027027027,0,0.0533333333333333,0.0277777777777778,0.0666666666666667,0,0.1,0.0909090909090909,0.0847457627118644,0.119047619047619,0.0357142857142857,0,0,0,0.00749063670411985,0,0.116666666666667,0.0416666666666667,0.0833333333333333,0,0,0.0174825174825175,0.106382978723404,0,0,0,0.115207373271889,0.11614730878187,0.0196078431372549,0.166666666666667,0,0.013986013986014,0.0162412993039443,0,0.0446428571428571,0.0518518518518519,0.0303030303030303,0,0,0.0867052023121387,0,0,0,0,0,0,0,0,0,0,0,0,0,0,0,0,0,0,0,0
"Pseudoramibacter_alactolyticus",0.448979591836735,0.153846153846154,0.0142857142857143,0.148148148148148,0.0303030303030303,0.0745341614906832,0.307339449541284,0.160427807486631,0.167567567567568,0.0367647058823529,0.186046511627907,0.55,0.441860465116279,0.0532319391634981,0.0606060606060606,0.677165354330709,0.142857142857143,0.05,0.466666666666667,0.147727272727273,0.166666666666667,0.260869565217391,0.0711974110032362,0.263157894736842,0.021978021978022,0,0.4,0.0404040404040404,0.105263157894737,0.0216450216450216,0.256410256410256,0.6,0.7,0.455882352941176,0.0454545454545455,0,0.679012345679012,0.1,0.461538461538462,0.459459459459459,0.333333333333333,0.733333333333333,0.111111111111111,0.422222222222222,0.428571428571429,0.3,0,0.0423728813559322,0.5,0.428571428571429,0.325,0.371428571428571,0.2,0,0.142857142857143,0.05,0.0416666666666667,0.25,0.120218579234973,0.16600790513834,0,0.127659574468085,0.0617792421746293,0.333333333333333,0.233333333333333,0.0514592933947773,0.147308781869688,0.0196078431372549,0.166666666666667,0.0835913312693498,0.20979020979021,0.187935034802784,0.0202839756592292,0.0446428571428571,0.444444444444444,0.151515151515152,0.235294117647059,0.137931034482759,0.25,0.232142857142857,0.075,0.185185185185185,0.0785714285714286,0.0518518518518519,0,0,0,0,0.158119658119658,0,0,0.0909090909090909,0,0,0,0,0,0,0.0134128166915052
"Mogibacterium_timidum",0.755102040816326,0.358974358974359,0.1,0.481481481481481,0.0606060606060606,0.434782608695652,0.0619266055045872,0.27807486631016,0.372972972972973,0.125,0.13953488372093,0.95,0.511627906976744,0.349809885931559,0.333333333333333,0.937007874015748,1,0.55,0.266666666666667,0.659090909090909,0.666666666666667,0.0869565217391304,0.3042071197411,0.447368421052632,0.120879120879121,0,0.5,0.0505050505050505,0.280701754385965,0.398268398268398,0.179487179487179,0.55,0.6,0.764705882352941,0.590909090909091,0.4,0.567901234567901,0.25,0.730769230769231,0.918918918918919,0.857142857142857,0.846666666666667,0.361111111111111,0.688888888888889,0.904761904761905,0.8,0.454545454545455,0.567796610169492,0.571428571428571,0.535714285714286,0.725,0.628571428571429,0.7,0.134831460674157,0,0.216666666666667,0.341666666666667,0.583333333333333,0.0819672131147541,0.121212121212121,0.0244755244755245,0.319148936170213,0.290774299835255,0.4,0.6,0.120583717357911,0.22851746931067,0.0196078431372549,0.0833333333333333,0.365325077399381,0.451048951048951,0.464037122969838,0.0862068965517241,0.0714285714285714,0.585185185185185,0.484848484848485,0.5,0.241379310344828,0.539017341040462,0.714285714285714,0.325,0.62962962962963,0.00714285714285714,0.118518518518519,0.025,0,0,0,0.397435897435897,0.328125,0.1,0.0454545454545455,0,0,0.333333333333333,0.0277777777777778,0.0480769230769231,0.18125,0.29806259314456
"Streptococcus_mutans",0.530612244897959,0.282051282051282,0.757142857142857,0.703703703703704,0.171717171717172,0.198757763975155,0.282110091743119,0.866310160427808,0.848648648648649,0.102941176470588,0.906976744186046,0.45,0.255813953488372,0.669201520912547,0.272727272727273,0.897637795275591,0.571428571428571,0.55,0.866666666666667,0.272727272727273,0.166666666666667,0.695652173913043,0.514563106796116,0.421052631578947,0.17032967032967,0.25,0.7,0.444444444444444,0.491228070175439,0.545454545454545,0.923076923076923,0.925,0.4,0.808823529411765,0.409090909090909,0.9,0.851851851851852,0.55,0.461538461538462,0.621621621621622,0.571428571428571,0.366666666666667,0.222222222222222,0.355555555555556,0.285714285714286,0.1,0.454545454545455,0.483050847457627,0.666666666666667,0.607142857142857,0.8,0.828571428571429,0.6,0.602996254681648,0.0952380952380952,0.216666666666667,0.3,0.5,0.0819672131147541,0.100131752305665,0.993006993006993,0.319148936170213,0.419275123558484,0.6,0.266666666666667,0.792626728110599,0.790368271954674,0.509803921568627,0.333333333333333,0.278637770897833,0.234265734265734,0.238979118329466,0.210953346855984,0.482142857142857,0.792592592592593,0.666666666666667,0.764705882352941,0.724137931034483,0.695086705202312,0.875,0.775,0.592592592592593,0.528571428571429,0.0592592592592593,0,0.0483870967741935,0,0.0108695652173913,0.555555555555556,0.203125,0.35,0.363636363636364,0,0.0099009900990099,0.25,0,0.0288461538461538,0.08125,0.0581222056631893
"Streptococcus_thermophilus",0.918367346938776,0.923076923076923,1,1,0.909090909090909,0.360248447204969,0.965596330275229,0.967914438502674,0.945945945945946,0.926470588235294,0.976744186046512,0.95,0.837209302325581,0.965779467680608,0.666666666666667,1,1,1,1,0.75,0.833333333333333,1,0.893203883495146,1,0.82967032967033,1,1,0.919191919191919,1,0.943722943722944,1,1,1,1,0.863636363636364,1,1,0.95,0.769230769230769,0.972972972972973,1,0.866666666666667,0.5,1,1,1,1,0.949152542372881,1,1,1,1,1,1,0.80952380952381,0.983333333333333,0.991666666666667,1,0.300546448087432,0.300395256916996,0.996503496503496,0.51063829787234,0.99505766062603,0.866666666666667,0.966666666666667,1,0.999055712936733,1,1,0.922600619195046,0.653846153846154,0.654292343387471,0.707910750507099,1,1,1,1,1,0.998554913294798,1,1,1,0.585714285714286,0,0,0.0161290322580645,0,0.00543478260869565,0.0384615384615385,0.0625,0,0.136363636363636,0.0345821325648415,0.0594059405940594,0.291666666666667,0.0185185185185185,0,0,0.00894187779433681
"Propionibacterium_propionicum",0.26530612244898,0.538461538461538,0.357142857142857,1,0.727272727272727,0.298136645962733,0.908256880733945,0.0427807486631016,0.0216216216216216,0.25,0.837209302325581,1,0.209302325581395,0.64638783269962,0.0909090909090909,0.968503937007874,0,0.95,0.2,0.420454545454545,0.111111111111111,0.804347826086957,0,0.842105263157895,0.516483516483517,0.1875,0.4,0.636363636363636,0.0526315789473684,0.0216450216450216,0.846153846153846,0.5625,0.9,0.544117647058823,0.704545454545455,0.1,0.641975308641975,0.05,0.942307692307692,0.945945945945946,0.80952380952381,0.513333333333333,0,0.955555555555556,0.428571428571429,0.05,0.272727272727273,0.177966101694915,0.833333333333333,0.464285714285714,0,0,0,0.224719101123595,0.857142857142857,0.85,0.883333333333333,0.916666666666667,0.437158469945355,0.437417654808959,0.244755244755245,0,0.585667215815486,0.666666666666667,0.766666666666667,0.914746543778802,0.963172804532578,0.666666666666667,0.5,0.00309597523219814,0.0314685314685315,0.0278422273781903,0.216024340770791,0.321428571428571,0.859259259259259,0.939393939393939,0.176470588235294,0.310344827586207,0.845375722543353,0.714285714285714,0.675,0,0.75,0.577777777777778,0,0,0,0,0.465811965811966,0.6875,0.2,0.227272727272727,0.00864553314121038,0.0396039603960396,0.541666666666667,0.037037037037037,0.269230769230769,0.5375,0.704918032786885
"Porphyromonas_asaccharolytica",0.0204081632653061,0,0.0428571428571429,0,0.0101010101010101,0,0,0,0.00540540540540541,0,0.0697674418604651,0,0,0.0114068441064639,0,0.0078740157480315,0,0.1,0,0,0,0.108695652173913,0,0.0526315789473684,0,0,0,0,0.0175438596491228,0.00432900432900433,0,0.15,0.2,0.0588235294117647,0,0.1,0.0740740740740741,0.05,0,0,0,0.0133333333333333,0,0,0,0,0,0.0338983050847458,0,0,0.05,0,0,0.0149812734082397,0,0,0,0.0833333333333333,0.0491803278688525,0.0118577075098814,0.0034965034965035,0,0.0263591433278418,0,0,0.0337941628264209,0.0623229461756374,0,0.0833333333333333,0.00928792569659443,0.00699300699300699,0.0116009280742459,0,0,0.0222222222222222,0,0.0588235294117647,0,0,0.0535714285714286,0.025,0,0,0,0,0,0,0,0,0.015625,0,0,0,0,0,0,0,0,0.0029806259314456
"Treponema_pectinovorum",0.387755102040816,0.102564102564103,0,0.37037037037037,0.181818181818182,0,0.149082568807339,0,0,0.0441176470588235,0.0930232558139535,0.15,0.0930232558139535,0.0456273764258555,0,0.251968503937008,0.285714285714286,0.05,0,0.352272727272727,0.444444444444444,0.217391304347826,0.0938511326860841,0.131578947368421,0.010989010989011,0,0,0.0101010101010101,0.12280701754386,0.12987012987013,0.0512820512820513,0.2625,0.3,0.132352941176471,0.0227272727272727,0.3,0.197530864197531,0,0.269230769230769,0.0540540540540541,0.19047619047619,0.466666666666667,0,0.133333333333333,0.0476190476190476,0.4,0,0.0677966101694915,0.30952380952381,0.428571428571429,0.05,0.114285714285714,0,0.0224719101123595,0,0,0,0.333333333333333,0.0273224043715847,0.0184453227931489,0,0.0425531914893617,0.0304777594728171,0.0666666666666667,0.166666666666667,0.153609831029186,0.189801699716714,0,0,0.0495356037151703,0.00699300699300699,0.0464037122969838,0.00405679513184584,0.0357142857142857,0.125925925925926,0,0.0294117647058824,0.0344827586206897,0.00867052023121387,0,0,0,0.0142857142857143,0,0,0,0,0,0,0,0,0,0,0,0,0,0,0,0
"Neisseria_flavescens",0.979591836734694,0.487179487179487,0.985714285714286,1,0.98989898989899,0.956521739130435,0.997706422018349,0.631016042780749,0.589189189189189,0.977941176470588,0.953488372093023,1,0.930232558139535,0.82509505703422,0.606060606060606,0.968503937007874,1,1,1,0.795454545454545,0.888888888888889,1,0.889967637540453,1,0.972527472527473,0.4375,0.5,0.868686868686869,0.614035087719298,0.917748917748918,0.974358974358974,0.9375,1,0.955882352941177,1,0.9,1,0.95,0.980769230769231,0.891891891891892,0.857142857142857,0.853333333333333,0.5,1,1,1,1,0.864406779661017,1,0.928571428571429,0.55,0.8,1,0.936329588014981,0.952380952380952,1,1,1,0.699453551912568,0.706192358366271,0.409090909090909,0.468085106382979,0.896210873146623,0.933333333333333,1,1,0.999055712936733,1,1,0.839009287925697,0.646853146853147,0.647331786542923,0.831643002028398,1,1,0.787878787878788,0.823529411764706,0.862068965517241,0.989884393063584,0.660714285714286,0.725,0.62962962962963,1,1,1,0.951612903225806,0.5,0.782608695652174,0.927350427350427,0.984375,0.7,0.863636363636364,0.904899135446686,0.98019801980198,0.958333333333333,0.981481481481482,0.923076923076923,0.94375,0.998509687034277
"Streptococcus_anginosus",0.979591836734694,0.384615384615385,0.942857142857143,1,0.717171717171717,0.565217391304348,0.844036697247706,0.764705882352941,0.745945945945946,0.308823529411765,0.883720930232558,0.9,0.720930232558139,0.555133079847909,0.424242424242424,0.976377952755906,1,0.75,0.866666666666667,0.443181818181818,0.388888888888889,0.91304347826087,0.110032362459547,0.763157894736842,0.296703296703297,0.125,0.7,0.747474747474748,0.491228070175439,0.584415584415584,0.794871794871795,0.9375,1,0.911764705882353,0.818181818181818,0.8,0.851851851851852,0.5,0.615384615384615,0.891891891891892,0.952380952380952,0.726666666666667,0.416666666666667,0.644444444444444,1,0.7,0.818181818181818,0.533898305084746,0.904761904761905,0.964285714285714,0.925,0.771428571428571,0.9,0.453183520599251,0.714285714285714,0.45,0.658333333333333,0.583333333333333,0.453551912568306,0.41501976284585,0.993006993006993,0.425531914893617,0.378912685337727,1,0.533333333333333,0.897081413210445,0.89423984891407,0.823529411764706,0.5,0.176470588235294,0.538461538461538,0.535962877030162,0.239350912778905,0.642857142857143,0.962962962962963,0.939393939393939,0.558823529411765,0.689655172413793,0.949421965317919,0.642857142857143,0.575,0.777777777777778,0.671428571428571,0,0,0,0,0,0,0,0,0,0,0,0,0,0,0,0
"Leptotrichia_trevisanii",0.979591836734694,0.333333333333333,0.757142857142857,1,0.95959595959596,0.782608695652174,0.967889908256881,0.310160427807487,0.275675675675676,0.897058823529412,0.813953488372093,1,0.767441860465116,0.76425855513308,0.606060606060606,0.976377952755906,1,0.75,0.333333333333333,0.863636363636364,0.888888888888889,0.978260869565217,0.553398058252427,1,0.620879120879121,0.5,0.9,0.545454545454545,0.684210526315789,0.826839826839827,0.948717948717949,0.9,1,0.911764705882353,0.931818181818182,0.9,0.950617283950617,0.65,0.961538461538462,0.945945945945946,0.904761904761905,0.866666666666667,0.472222222222222,0.955555555555556,1,1,1,0.745762711864407,1,1,0.825,0.742857142857143,0.1,0.838951310861423,0.666666666666667,0.883333333333333,0.916666666666667,1,0.404371584699454,0.413702239789196,0.954545454545455,0.404255319148936,0.597199341021417,0.866666666666667,1,0.98310291858679,0.98300283286119,1,0.916666666666667,0.619195046439629,0.618881118881119,0.626450116009281,0.33367139959432,0.901785714285714,0.985185185185185,0.515151515151515,0.588235294117647,0.689655172413793,0.94364161849711,0.660714285714286,0.6,0.592592592592593,0.478571428571429,0,0,0,0,0,0,0,0,0,0,0,0,0,0,0,0
"Treponema_putidum",0.163265306122449,0.128205128205128,0.0142857142857143,0.259259259259259,0.0505050505050505,0,0.337155963302752,0,0,0.0220588235294118,0,0.25,0.232558139534884,0.0342205323193916,0.0303030303030303,0.259842519685039,0.142857142857143,0.05,0,0.193181818181818,0.333333333333333,0.130434782608696,0.0355987055016181,0.210526315789474,0.00549450549450549,0,0.1,0.0101010101010101,0.0350877192982456,0.012987012987013,0,0.1375,0.2,0.0441176470588235,0.113636363636364,0,0.209876543209877,0.05,0.346153846153846,0.27027027027027,0.333333333333333,0.406666666666667,0,0.133333333333333,0.142857142857143,0.25,0,0.0338983050847458,0.19047619047619,0.25,0.1,0.0285714285714286,0.1,0.0112359550561798,0,0,0,0,0.0218579234972678,0.0171277997364954,0,0.0212765957446809,0.0189456342668863,0.0666666666666667,0.166666666666667,0.0921658986175115,0.117091595845137,0,0,0.0371517027863777,0.0384615384615385,0.0788863109048724,0.0223123732251521,0.0357142857142857,0.0814814814814815,0,0,0,0.0404624277456647,0,0,0,0.00714285714285714,0.00740740740740741,0,0,0,0,0,0,0,0,0,0,0.458333333333333,0,0,0,0.0327868852459016
"Leptotrichia_wadei",1,0.564102564102564,1,1,0.939393939393939,0.981366459627329,0.993119266055046,0.925133689839572,0.908108108108108,0.992647058823529,1,1,1,0.961977186311787,0.666666666666667,1,1,1,0.6,0.920454545454545,1,1,0.796116504854369,1,0.93956043956044,1,1,0.828282828282828,1,0.939393939393939,1,1,1,0.985294117647059,1,1,1,0.95,1,1,1,0.926666666666667,0.5,0.977777777777778,1,1,1,0.949152542372881,1,1,0.925,0.942857142857143,1,1,0.952380952380952,0.916666666666667,0.983333333333333,0.916666666666667,0.693989071038251,0.699604743083004,0.996503496503496,0.48936170212766,0.973640856672158,0.933333333333333,1,0.996927803379416,0.999055712936733,1,1,0.993808049535604,0.657342657342657,0.651972157772622,0.878296146044625,0.991071428571429,1,0.727272727272727,1,1,0.997109826589595,0.982142857142857,0.975,1,0.971428571428571,0.866666666666667,0.175,0.241935483870968,0.1,0.0923913043478261,0.82051282051282,0.90625,0.45,0.772727272727273,0.213256484149856,0.554455445544555,1,0,0.307692307692308,0.075,0.815201192250373
"Streptococcus_mitis",1,0.923076923076923,0.971428571428571,1,0.98989898989899,0.993788819875776,0.993119266055046,0.684491978609626,0.762162162162162,0.845588235294118,1,1,0.767441860465116,0.901140684410646,0.575757575757576,0.992125984251969,1,1,1,0.693181818181818,0.666666666666667,1,0.174757281553398,0.973684210526316,0.802197802197802,0.1875,0.7,0.696969696969697,0.684210526315789,0.930735930735931,1,1,1,0.985294117647059,0.977272727272727,0.9,1,0.9,0.942307692307692,1,1,0.593333333333333,0.472222222222222,0.977777777777778,1,1,1,0.754237288135593,0.976190476190476,1,0.9,0.828571428571429,0.5,0.98501872659176,1,1,0.975,1,0.699453551912568,0.706192358366271,0.671328671328671,0.382978723404255,0.874794069192751,0.866666666666667,0.9,0.99615975422427,1,1,1,0.241486068111455,0.657342657342657,0.654292343387471,0.425963488843813,0.946428571428571,0.985185185185185,1,0.823529411764706,0.793103448275862,0.998554913294798,0.839285714285714,0.825,0.814814814814815,1,1,1,0.67741935483871,1,0.668478260869565,0.991452991452991,1,1,0.909090909090909,0.873198847262248,0.99009900990099,1,1,0.971153846153846,0.9875,0.998509687034277
"Dialister_micraerophilus",0.0204081632653061,0.153846153846154,0.185714285714286,0.37037037037037,0.0909090909090909,0.0248447204968944,0.0298165137614679,0.0160427807486631,0.0486486486486487,0.0367647058823529,0.209302325581395,0.05,0.0232558139534884,0.216730038022814,0.0909090909090909,0.165354330708661,0.0714285714285714,0.25,0,0.181818181818182,0.333333333333333,0.521739130434783,0.106796116504854,0.0789473684210526,0,0,0.5,0.0505050505050505,0.175438596491228,0.264069264069264,0.256410256410256,0.6625,0.6,0.588235294117647,0.5,0.2,0.320987654320988,0.25,0.0192307692307692,0.324324324324324,0.0476190476190476,0.00666666666666667,0,0.0222222222222222,0.0476190476190476,0.05,0.181818181818182,0.177966101694915,0.261904761904762,0.642857142857143,0.3,0.371428571428571,0,0.292134831460674,0,0.0333333333333333,0.0166666666666667,0.25,0.0163934426229508,0.0105401844532279,0.629370629370629,0.0638297872340425,0.13673805601318,0.133333333333333,0,0.246543778801843,0.217186024551464,0,0.5,0.0588235294117647,0.0244755244755245,0.0417633410672854,0.0537525354969574,0.0357142857142857,0.333333333333333,0.0303030303030303,0.205882352941176,0.172413793103448,0.125722543352601,0.125,0.325,0.185185185185185,0.0214285714285714,0.0148148148148148,0,0,0,0,0.0170940170940171,0.046875,0,0.136363636363636,0.00576368876080692,0,0.25,0,0,0.04375,0.00596125186289121
"Prevotella_oris",1,0.794871794871795,0.928571428571429,1,1,0.832298136645963,0.997706422018349,0.839572192513369,0.816216216216216,0.845588235294118,0.953488372093023,1,0.976744186046512,0.927756653992395,0.606060606060606,1,1,1,0.866666666666667,0.931818181818182,1,1,0.925566343042071,1,0.956043956043956,0.875,0.9,0.424242424242424,0.929824561403509,0.930735930735931,1,1,1,0.941176470588235,1,1,1,0.95,0.980769230769231,1,1,0.926666666666667,0.5,1,0.80952380952381,1,1,0.805084745762712,1,1,1,0.971428571428571,0.9,0.99625468164794,1,0.0333333333333333,0.141666666666667,1,0.672131147540984,0.69038208168643,0.996503496503496,0.51063829787234,0.966227347611203,1,1,0.994623655913978,0.999055712936733,1,1,0.96594427244582,0.632867132867133,0.617169373549884,0.906693711967546,0.955357142857143,1,0.818181818181818,0.970588235294118,1,0.894508670520231,0.946428571428571,0.875,0.962962962962963,0.885714285714286,0.674074074074074,0.125,0.0645161290322581,0.1,0.0978260869565217,0.632478632478632,0.984375,0.45,0.454545454545455,0.161383285302594,0.623762376237624,1,0.0277777777777778,0.576923076923077,0.4125,0.946348733233979
"Chryseobacterium_piscicola",0.0816326530612245,0,0,0.481481481481481,0.0909090909090909,0,0.0963302752293578,0,0.00540540540540541,0.00735294117647059,0,0.1,0.0232558139534884,0,0,0,0.0714285714285714,0,0.133333333333333,0,0,0.173913043478261,0,0.736842105263158,0.00549450549450549,0,0,0,0,0,0.102564102564103,0.075,0,0.0441176470588235,0.204545454545455,0,0.246913580246914,0,0,0.0810810810810811,0.19047619047619,0,0,0.0666666666666667,0,0,0,0,0.357142857142857,0.178571428571429,0,0.0571428571428571,0,0,0,0,0,0.0833333333333333,0,0,0,0,0,0.0666666666666667,0,0.470046082949309,0.313503305004721,0.0588235294117647,0,0,0.0664335664335664,0.0440835266821346,0.00405679513184584,0.0357142857142857,0.0814814814814815,0.0303030303030303,0,0,0.00433526011560694,0,0,0,0,0,0,0,0,0,0,0,0,0,0,0,0,0,0,0,0
"Porphyromonas_catoniae",1,0.538461538461538,0.985714285714286,1,1,0.987577639751553,1,0.914438502673797,0.913513513513514,1,1,1,1,0.973384030418251,0.666666666666667,1,1,1,1,0.943181818181818,1,1,0.954692556634304,1,0.994505494505495,1,1,0.636363636363636,0.929824561403509,0.956709956709957,1,1,1,1,1,1,1,0.9,1,1,0.952380952380952,0.926666666666667,0.5,1,1,1,1,1,1,1,0.975,1,1,0.99250936329588,1,1,1,1,0.699453551912568,0.704874835309618,0.996503496503496,0.51063829787234,0.99835255354201,1,1,1,1,1,1,0.993808049535604,0.657342657342657,0.654292343387471,0.963488843813387,0.946428571428571,1,0.818181818181818,0.970588235294118,0.96551724137931,0.994219653179191,0.964285714285714,0.95,0.925925925925926,0.978571428571429,0.207407407407407,0.2,0.0967741935483871,0,0.0489130434782609,0.162393162393162,0.71875,0.05,0.318181818181818,0.031700288184438,0.287128712871287,0.541666666666667,0.0185185185185185,0.346153846153846,0.2375,0.795827123695976
"Fusobacterium_canifelinum",0.224489795918367,0,0.0142857142857143,0.259259259259259,0.0101010101010101,0.0745341614906832,0.0114678899082569,0.0106951871657754,0.0162162162162162,0,0.465116279069767,0.15,0.116279069767442,0,0,0,0.214285714285714,0.55,0,0,0,0.0869565217391304,0,0.210526315789474,0,0,0,0.0202020202020202,0,0,0.128205128205128,0.075,0.3,0.117647058823529,0.0681818181818182,0,0.0864197530864197,0,0,0.189189189189189,0.19047619047619,0,0,0.0222222222222222,0.142857142857143,0.25,0,0,0,0,0.075,0,0,0,0.476190476190476,0,0,0,0.191256830601093,0.216073781291173,0,0,0.000823723228995058,0,0,0.033026113671275,0.0519357884796978,0.411764705882353,0,0,0.0769230769230769,0.0603248259860789,0.00811359026369168,0.0625,0.0296296296296296,0.0303030303030303,0,0,0.0187861271676301,0,0,0,0.171428571428571,0,0,0,0,0,0,0,0,0,0,0,0,0,0,0,0
"Aggregatibacter_aphrophilus",1,0.205128205128205,0.885714285714286,1,0.96969696969697,0.341614906832298,0.990825688073395,0.695187165775401,0.659459459459459,0.838235294117647,0.697674418604651,1,0.930232558139535,0.612167300380228,0.333333333333333,0.84251968503937,1,0.9,0.733333333333333,0.704545454545455,0.833333333333333,1,0.656957928802589,1,0.714285714285714,0.25,0.6,0.747474747474748,0.473684210526316,0.792207792207792,1,0.9375,1,0.941176470588235,0.795454545454545,0.8,0.777777777777778,0.85,0.942307692307692,0.891891891891892,0.761904761904762,0.453333333333333,0.277777777777778,1,1,0.9,0.545454545454545,0.483050847457627,1,0.964285714285714,0.725,0.857142857142857,0.5,0.895131086142322,0.476190476190476,0.95,0.891666666666667,1,0.579234972677596,0.615283267457181,0.034965034965035,0.106382978723404,0.612026359143328,0.933333333333333,0.666666666666667,0.998463901689708,0.995278564683664,1,0.833333333333333,0.526315789473684,0.625874125874126,0.640371229698376,0.562880324543611,0.919642857142857,0.985185185185185,0.606060606060606,0.235294117647059,0.655172413793103,0.913294797687861,0.392857142857143,0.275,0.296296296296296,0.385714285714286,0.496296296296296,0.15,0,0.2,0.016304347826087,0.0555555555555556,0.390625,0.1,0.181818181818182,0.069164265129683,0.158415841584158,0.416666666666667,0,0.326923076923077,0.13125,0.447093889716841
"Lachnoanaerobaculum_umeaense",0.979591836734694,0.487179487179487,0.957142857142857,1,0.97979797979798,0.304347826086957,0.988532110091743,0.866310160427808,0.864864864864865,0.992647058823529,0.883720930232558,1,0.976744186046512,0.908745247148289,0.606060606060606,1,1,0.75,1,0.977272727272727,0.944444444444444,1,0.883495145631068,1,0.994505494505495,0.875,0.9,0.545454545454545,0.754385964912281,0.922077922077922,1,0.975,1,0.926470588235294,0.795454545454545,1,0.975308641975309,0.8,0.980769230769231,0.972972972972973,0.952380952380952,0.92,0.5,1,1,0.95,1,0.864406779661017,0.952380952380952,0.964285714285714,0.775,0.771428571428571,0.9,0.970037453183521,0.904761904761905,1,0.983333333333333,1,0.103825136612022,0.080368906455863,0.996503496503496,0.404255319148936,0.827841845140033,0.933333333333333,1,0.990015360983103,0.999055712936733,1,0.916666666666667,0.941176470588235,0.646853146853147,0.642691415313225,0.751521298174442,0.982142857142857,0.992592592592593,1,0.823529411764706,0.96551724137931,0.982658959537572,0.946428571428571,0.85,0.925925925925926,0.1,0.0962962962962963,0,0.032258064516129,0,0.0108695652173913,0.0854700854700855,0.15625,0.1,0.181818181818182,0.0115273775216138,0.0099009900990099,0.166666666666667,0.00925925925925926,0.153846153846154,0.0625,0.615499254843517
"Eubacterium_infirmum",0.938775510204082,0.384615384615385,0.9,1,0.888888888888889,0.204968944099379,0.93348623853211,0.288770053475936,0.308108108108108,0.919117647058823,0.604651162790698,0.95,0.767441860465116,0.562737642585551,0.515151515151515,0.992125984251969,1,1,0.933333333333333,0.920454545454545,0.944444444444444,0.891304347826087,0.213592233009709,1,0.461538461538462,0.0625,0.8,0.121212121212121,0.350877192982456,0.562770562770563,0.717948717948718,0.8125,0.9,0.897058823529412,0.772727272727273,0.5,0.950617283950617,0.5,0.846153846153846,0.972972972972973,0.80952380952381,0.846666666666667,0.416666666666667,0.733333333333333,1,0.95,1,0.73728813559322,0.928571428571429,0.892857142857143,0.675,0.571428571428571,0.8,0.535580524344569,0.523809523809524,0.766666666666667,0.825,0.833333333333333,0.437158469945355,0.459815546772068,0.989510489510489,0.25531914893617,0.616968698517298,0.8,0.7,0.901689708141321,0.858356940509915,0.607843137254902,0.75,0.148606811145511,0.41958041958042,0.440835266821346,0.0649087221095335,0.508928571428571,0.940740740740741,0.939393939393939,0.647058823529412,0.689655172413793,0.98121387283237,0.696428571428571,0.55,0.592592592592593,0.628571428571429,0.540740740740741,0,0.0483870967741935,0.1,0,0.538461538461538,0.515625,0.25,0.363636363636364,0.037463976945245,0.0495049504950495,0.875,0.0833333333333333,0.471153846153846,0.23125,0.971684053651267
"Neisseria_mucosa",0.979591836734694,0.435897435897436,0.971428571428571,1,0.919191919191919,0.695652173913043,0.990825688073395,0.363636363636364,0.4,0.985294117647059,0.930232558139535,1,0.674418604651163,0.775665399239544,0.575757575757576,0.850393700787402,1,1,1,0.715909090909091,0.833333333333333,0.847826086956522,0.381877022653722,1,0.725274725274725,0.1875,0.4,0.848484848484849,0.578947368421053,0.861471861471861,1,1,1,0.882352941176471,0.772727272727273,0.9,0.975308641975309,0.65,0.942307692307692,0.891891891891892,0.714285714285714,0.766666666666667,0.472222222222222,0.955555555555556,1,1,1,0.754237288135593,1,1,0.6,0.4,0.1,0.790262172284644,0,0.9,0.941666666666667,0.833333333333333,0.699453551912568,0.706192358366271,0,0.361702127659574,0.792421746293245,0.8,0.933333333333333,0.998463901689708,0.981114258734655,1,0.916666666666667,0.625386996904025,0.646853146853147,0.647331786542923,0.537525354969574,0.973214285714286,0.992592592592593,0.575757575757576,0.5,0.689655172413793,0.98121387283237,0.678571428571429,0.725,0.444444444444444,0.857142857142857,0.822222222222222,0.225,0.145161290322581,0.8,0.0978260869565217,0.247863247863248,0.28125,0.05,0.318181818181818,0.135446685878963,0.178217821782178,0.583333333333333,0.222222222222222,0.00961538461538462,0.2125,0.512667660208644
"Neisseria_dentiae",0.0612244897959184,0.153846153846154,0.1,0.259259259259259,0.0505050505050505,0,0.217889908256881,0,0.00540540540540541,0.0147058823529412,0,0.3,0.27906976744186,0.209125475285171,0.242424242424242,0.267716535433071,0.142857142857143,0,0.333333333333333,0.125,0.0555555555555556,0.130434782608696,0.0906148867313916,0.763157894736842,0.032967032967033,0.125,0,0.0707070707070707,0.12280701754386,0.199134199134199,0.0769230769230769,0.0625,0.2,0.132352941176471,0.0681818181818182,0.4,0.172839506172839,0.1,0,0.0540540540540541,0.0952380952380952,0.14,0.111111111111111,0.111111111111111,0.142857142857143,0.4,0.454545454545455,0.220338983050847,0.285714285714286,0.142857142857143,0,0.114285714285714,0.2,0.250936329588015,0,0.0333333333333333,0.0666666666666667,0.333333333333333,0,0,0.423076923076923,0.106382978723404,0.135914332784185,0.2,0.4,0.327188940092166,0.215297450424929,0.823529411764706,0.0833333333333333,0.108359133126935,0.101398601398601,0.111368909512761,0.00202839756592292,0.223214285714286,0.281481481481481,0.121212121212121,0.0588235294117647,0.0689655172413793,0.184971098265896,0.0892857142857143,0.075,0,0,0,0,0,0,0,0,0,0,0,0,0,0,0,0,0,0
"Haemophilus_pittmaniae",0.755102040816326,0.179487179487179,0.757142857142857,1,0.858585858585859,0.173913043478261,0.795871559633027,0.502673796791444,0.481081081081081,0.860294117647059,0.186046511627907,1,0.27906976744186,0.00380228136882129,0.0606060606060606,0.015748031496063,1,0.6,0.466666666666667,0,0,0.934782608695652,0.00323624595469256,0.947368421052632,0.423076923076923,0,0,0.696969696969697,0,0.012987012987013,0.923076923076923,0.875,0.9,0.573529411764706,0.659090909090909,0,0.790123456790123,0.7,0.769230769230769,0.648648648648649,0.761904761904762,0.0466666666666667,0,0.8,0.952380952380952,1,0,0.0338983050847458,0.880952380952381,0.892857142857143,0.45,0.371428571428571,0,0.0149812734082397,0.0952380952380952,0.916666666666667,0.958333333333333,0.916666666666667,0.0819672131147541,0.0553359683794466,0,0.0212765957446809,0.13673805601318,0.666666666666667,0,0.973118279569892,0.931067044381492,0.823529411764706,0.916666666666667,0.00619195046439629,0.590909090909091,0.577726218097448,0.493914807302231,0.946428571428571,0.888888888888889,0.545454545454545,0,0.0344827586206897,0.895953757225434,0,0,0,0.05,0.0518518518518519,0.075,0,0,0.0326086956521739,0.00427350427350427,0.109375,0.1,0.0909090909090909,0.0893371757925072,0.0594059405940594,0.25,0,0.134615384615385,0.125,0.0685543964232489
"Prevotella_micans",0.918367346938776,0.179487179487179,0.371428571428571,0.777777777777778,0.696969696969697,0.291925465838509,0.73394495412844,0.106951871657754,0.108108108108108,0.323529411764706,0.441860465116279,0.8,0.604651162790698,0.288973384030418,0.181818181818182,0.78740157480315,0.857142857142857,0.45,0.333333333333333,0.693181818181818,0.722222222222222,0.58695652173913,0.414239482200647,0.763157894736842,0.434065934065934,0.375,0.5,0.0909090909090909,0.421052631578947,0.393939393939394,0.615384615384615,0.7,0.8,0.779411764705882,0.681818181818182,0.5,0.62962962962963,0.2,0.75,0.594594594594595,0.666666666666667,0.793333333333333,0.25,0.822222222222222,0.428571428571429,0.85,0.363636363636364,0.296610169491525,0.904761904761905,0.821428571428571,0.3,0.314285714285714,0.4,0.344569288389513,0.619047619047619,0.05,0.116666666666667,0.833333333333333,0.273224043715847,0.322793148880105,0.898601398601399,0.25531914893617,0.186985172981878,0.733333333333333,0.833333333333333,0.818740399385561,0.767705382436261,0.745098039215686,0.666666666666667,0.38390092879257,0.36013986013986,0.410672853828306,0.1947261663286,0.3125,0.859259259259259,0.242424242424242,0.147058823529412,0.172413793103448,0.450867052023121,0.357142857142857,0.125,0.407407407407407,0.214285714285714,0.118518518518519,0,0,0.1,0,0.0512820512820513,0.265625,0.1,0.0454545454545455,0.00576368876080692,0.0198019801980198,0.708333333333333,0,0.115384615384615,0.025,0.60655737704918
"Treponema_succinifaciens",0.224489795918367,0.128205128205128,0.0571428571428571,0.296296296296296,0.333333333333333,0,0.598623853211009,0,0,0.102941176470588,0,0.6,0.186046511627907,0.091254752851711,0.0303030303030303,0.826771653543307,0.428571428571429,0,0.2,0.579545454545455,0.722222222222222,0.173913043478261,0,0,0,0,0.2,0.0202020202020202,0.403508771929825,0,0.0769230769230769,0.1875,0.1,0.191176470588235,0.0681818181818182,0.2,0.172839506172839,0.05,0.557692307692308,0.108108108108108,0.333333333333333,0.453333333333333,0.25,0.422222222222222,0,0.5,0.0909090909090909,0.0847457627118644,0.928571428571429,0.857142857142857,0.25,0.0571428571428571,0.1,0.00374531835205993,0,0,0.00833333333333333,0.0833333333333333,0,0,0,0,0.0313014827018122,0.266666666666667,0.633333333333333,0.0745007680491551,0.114258734655335,0,0.25,0.0990712074303406,0.041958041958042,0.0788863109048724,0.0233265720081136,0.0892857142857143,0.4,0,0.0882352941176471,0.206896551724138,0.0390173410404624,0.0357142857142857,0,0.0740740740740741,0,0,0,0,0,0,0,0,0,0,0,0,0,0,0,0,0
"Kingella_denitrificans",0.591836734693878,0.41025641025641,0.571428571428571,0.962962962962963,0.343434343434343,0.267080745341615,0.896788990825688,0.449197860962567,0.47027027027027,0.691176470588235,0.465116279069767,0.9,0.674418604651163,0.0114068441064639,0,0.0078740157480315,0.857142857142857,0.7,0.866666666666667,0,0,0.478260869565217,0,1,0.285714285714286,0,0.1,0.292929292929293,0,0.0432900432900433,0.82051282051282,0.575,0.9,0.588235294117647,0.545454545454545,0,0.641975308641975,0.45,0.865384615384615,0.567567567567568,0.619047619047619,0,0,0.777777777777778,0.857142857142857,0.95,0,0.0169491525423729,0.785714285714286,0.357142857142857,0.275,0.285714285714286,0,0.052434456928839,0.761904761904762,0.666666666666667,0.6,0.583333333333333,0.530054644808743,0.525691699604743,0.020979020979021,0,0.609555189456343,0.4,0.0666666666666667,0.930875576036866,0.823418319169027,1,0.5,0.0123839009287926,0.472027972027972,0.470997679814385,0.480730223123732,0.642857142857143,0.77037037037037,0.363636363636364,0.0294117647058824,0,0.771676300578035,0,0.025,0,0.364285714285714,0.392592592592593,0,0.0161290322580645,0.2,0.0271739130434783,0.235042735042735,0.40625,0,0.0454545454545455,0.0547550432276657,0.188118811881188,0.791666666666667,0,0.326923076923077,0.34375,0.706408345752608
"Veillonella_denticariosi",0.346938775510204,0.282051282051282,0.5,0.777777777777778,0.191919191919192,0.0062111801242236,0.272935779816514,0.171122994652406,0.151351351351351,0.264705882352941,0.883720930232558,0.45,0.348837209302326,0,0,0,0.642857142857143,1,0.466666666666667,0,0,0.739130434782609,0,0.789473684210526,0.0549450549450549,0,0.1,0.535353535353535,0,0,0.82051282051282,0.8625,0.6,0.544117647058823,0.159090909090909,0,0.740740740740741,0.1,0.211538461538462,0.648648648648649,0.476190476190476,0,0,0.2,0.761904761904762,0.25,0,0,0.666666666666667,0.678571428571429,0.4,0.2,0,0,0.142857142857143,0.183333333333333,0.175,0.416666666666667,0.158469945355191,0.137022397891963,0,0,0.00247116968698517,0.133333333333333,0,0.710445468509985,0.492917847025496,0.313725490196078,0.416666666666667,0,0.118881118881119,0.153132250580046,0.0547667342799189,0.696428571428571,0.637037037037037,0.303030303030303,0,0,0.557803468208092,0.0178571428571429,0,0,0,0.0444444444444444,0,0,0.1,0,0.047008547008547,0,0,0,0,0,0.166666666666667,0,0,0,0.0566318926974665
"Corynebacterium_durum",0.938775510204082,0.461538461538462,0.942857142857143,1,1,0.757763975155279,0.990825688073395,0.839572192513369,0.864864864864865,0.676470588235294,0.953488372093023,1,1,0.920152091254753,0.545454545454545,0.968503937007874,1,0.95,0.333333333333333,0.920454545454545,0.944444444444444,0.978260869565217,0.802588996763754,1,0.879120879120879,0.875,1,0.414141414141414,0.649122807017544,0.922077922077922,0.948717948717949,0.975,0.9,0.911764705882353,0.886363636363636,0.9,0.901234567901235,0.85,0.961538461538462,0.972972972972973,0.761904761904762,0.92,0.5,1,0.952380952380952,0.95,0.909090909090909,0.754237288135593,0.976190476190476,0.928571428571429,0.775,0.771428571428571,0.9,0.940074906367041,0.952380952380952,0.966666666666667,0.975,1,0.584699453551913,0.577075098814229,0.996503496503496,0.425531914893617,0.730642504118616,1,0.933333333333333,0.985407066052227,0.999055712936733,1,0.916666666666667,0.897832817337461,0.625874125874126,0.624129930394432,0.506085192697769,0.991071428571429,0.992592592592593,1,0.852941176470588,0.96551724137931,0.965317919075145,0.857142857142857,0.75,0.962962962962963,0.957142857142857,0.651851851851852,0.075,0.0483870967741935,0,0.00543478260869565,0.735042735042735,0.796875,0.45,0.636363636363636,0.0172910662824208,0.534653465346535,0.708333333333333,0.444444444444444,0.442307692307692,0.39375,0.661698956780924
"Neisseria_bacilliformis",0.795918367346939,0.256410256410256,0.3,0.888888888888889,0.393939393939394,0.136645962732919,0.387614678899083,0.25668449197861,0.2,0.0955882352941176,0.581395348837209,0.25,0.372093023255814,0.178707224334601,0.151515151515152,0.921259842519685,0.357142857142857,0.9,0.266666666666667,0.113636363636364,0.277777777777778,0.717391304347826,0.343042071197411,0.289473684210526,0.153846153846154,0.125,0.3,0.323232323232323,0.368421052631579,0.588744588744589,0.743589743589744,0.7625,1,0.529411764705882,0.636363636363636,0.1,0.530864197530864,0.2,0.211538461538462,0.621621621621622,0.714285714285714,0.146666666666667,0.166666666666667,0.111111111111111,0.0476190476190476,0.25,0.272727272727273,0.372881355932203,0.738095238095238,0.928571428571429,0.45,0.4,0,0.569288389513109,0.142857142857143,0.116666666666667,0.125,0.416666666666667,0.234972677595628,0.328063241106719,0.0909090909090909,0.382978723404255,0.336079077429984,0.133333333333333,0.233333333333333,0.374807987711214,0.377714825306893,0.333333333333333,0.333333333333333,0.340557275541796,0.15034965034965,0.185614849187935,0.111561866125761,0.607142857142857,0.614814814814815,0.242424242424242,0.294117647058824,0.310344827586207,0.73121387283237,0.375,0.4,0.296296296296296,0.264285714285714,0.0814814814814815,0.025,0,0,0.00543478260869565,0.192307692307692,0.359375,0,0.181818181818182,0.0230547550432277,0.0198019801980198,0.333333333333333,0.00925925925925926,0.153846153846154,0.2875,0.0447093889716841
"Kingella_oralis",0.877551020408163,0.41025641025641,0.914285714285714,0.962962962962963,0.868686868686869,0.385093167701863,0.754587155963303,0.79144385026738,0.778378378378378,0.455882352941176,0.930232558139535,0.85,0.767441860465116,0.85171102661597,0.575757575757576,0.992125984251969,1,1,0.733333333333333,0.772727272727273,0.944444444444444,1,0.838187702265372,1,0.538461538461538,0.875,0.8,0.636363636363636,0.859649122807018,0.922077922077922,1,1,1,0.897058823529412,1,1,0.802469135802469,0.9,0.807692307692308,0.945945945945946,0.952380952380952,0.486666666666667,0.472222222222222,0.933333333333333,0.666666666666667,0.9,1,0.745762711864407,0.976190476190476,0.821428571428571,0.825,0.857142857142857,0.4,0.940074906367041,0.952380952380952,0.866666666666667,0.85,0.916666666666667,0.519125683060109,0.579710144927536,0.979020979020979,0.319148936170213,0.893739703459638,0.8,1,0.972350230414747,0.977337110481586,1,1,0.907120743034056,0.531468531468531,0.545243619489559,0.63894523326572,0.910714285714286,0.911111111111111,0.606060606060606,0.794117647058823,0.896551724137931,0.96242774566474,0.839285714285714,0.775,0.851851851851852,0.607142857142857,0.125925925925926,0,0,0,0.016304347826087,0.311965811965812,0.90625,0.05,0.409090909090909,0.0345821325648415,0.178217821782178,0.291666666666667,0,0.182692307692308,0.25,0.272727272727273
"Cardiobacterium_hominis",0.979591836734694,0.512820512820513,0.842857142857143,0.925925925925926,0.95959595959596,0.0993788819875776,0.958715596330275,0.700534759358289,0.691891891891892,0.786764705882353,0.813953488372093,1,0.976744186046512,0.874524714828897,0.575757575757576,1,1,0.95,1,0.795454545454545,0.777777777777778,0.978260869565217,0.754045307443366,1,0.818681318681319,0.75,1,0.585858585858586,0.87719298245614,0.891774891774892,0.974358974358974,0.925,1,0.867647058823529,0.886363636363636,1,0.839506172839506,0.9,0.961538461538462,0.891891891891892,0.80952380952381,0.56,0.5,0.977777777777778,1,0.95,1,0.703389830508475,0.952380952380952,0.785714285714286,0.725,0.8,1,0.846441947565543,0.904761904761905,0.95,0.991666666666667,1,0.612021857923497,0.638998682476943,0.996503496503496,0.446808510638298,0.79159802306425,0.8,1,0.977726574500768,0.985835694050991,1,1,0.854489164086687,0.611888111888112,0.624129930394432,0.234279918864097,0.973214285714286,0.97037037037037,0.727272727272727,0.558823529411765,0.862068965517241,0.985549132947977,0.714285714285714,0.7,0.740740740740741,0.242857142857143,0.325925925925926,0.05,0.032258064516129,0.1,0.0217391304347826,0.452991452991453,0.875,0.1,0.409090909090909,0.0806916426512968,0.287128712871287,0.375,0.00925925925925926,0.346153846153846,0.35625,0.834575260804769
"Fretibacterium_fastidiosum",1,0.41025641025641,0.771428571428571,0.925925925925926,0.929292929292929,0.341614906832298,0.951834862385321,0.315508021390374,0.356756756756757,0.492647058823529,0.627906976744186,0.95,0.86046511627907,0.47148288973384,0.545454545454545,0.992125984251969,0.928571428571429,0.6,0.4,0.863636363636364,0.944444444444444,1,0.754045307443366,0.736842105263158,0.208791208791209,0.125,0.9,0.252525252525253,0.56140350877193,0.463203463203463,0.871794871794872,0.925,1,0.867647058823529,0.704545454545455,0.6,0.91358024691358,0.65,1,0.945945945945946,0.904761904761905,0.873333333333333,0.361111111111111,0.911111111111111,1,0.3,0.727272727272727,0.415254237288136,1,0.964285714285714,0.9,0.885714285714286,0.9,0.404494382022472,0.666666666666667,0.616666666666667,0.633333333333333,0.833333333333333,0.459016393442623,0.495388669301713,0.615384615384615,0.425531914893617,0.489291598023064,0.733333333333333,0.866666666666667,0.651305683563748,0.835694050991501,0.274509803921569,0.666666666666667,0.613003095975232,0.475524475524476,0.496519721577726,0.211967545638945,0.794642857142857,0.977777777777778,0.606060606060606,0.470588235294118,0.689655172413793,0.916184971098266,0.589285714285714,0.425,0.666666666666667,0.3,0.703703703703704,0,0.0161290322580645,0,0.0217391304347826,0.264957264957265,0.328125,0,0.0909090909090909,0,0,0.416666666666667,0,0,0.29375,0.56929955290611
"Streptococcus_peroris",0.693877551020408,0.512820512820513,0.842857142857143,1,0.858585858585859,0.0248447204968944,0.759174311926605,0.641711229946524,0.643243243243243,0.375,0.883720930232558,0.8,0.0930232558139535,0.600760456273764,0.545454545454545,0.165354330708661,0.928571428571429,0.95,0.8,0.284090909090909,0.222222222222222,0.956521739130435,0.12621359223301,0.447368421052632,0.318681318681319,0,0.5,0.181818181818182,0.543859649122807,0.662337662337662,0.794871794871795,0.75,0.8,0.926470588235294,0.227272727272727,0.5,0.876543209876543,1,0.653846153846154,0.891891891891892,0.80952380952381,0.38,0.0277777777777778,0.4,0.380952380952381,0.6,0.909090909090909,0.73728813559322,0.428571428571429,0.357142857142857,0.525,0.257142857142857,0.1,0.711610486891386,0.0476190476190476,0.85,0.925,0.0833333333333333,0.60655737704918,0.599472990777339,0.993006993006993,0.191489361702128,0.145799011532125,0.6,0.4,0.950076804915515,0.967894239848914,0.666666666666667,0.833333333333333,0.086687306501548,0.604895104895105,0.566125290023202,0.51419878296146,0.580357142857143,0.451851851851852,0.909090909090909,0.470588235294118,0.275862068965517,0.914739884393064,0.410714285714286,0.35,0.555555555555556,0.00714285714285714,0.207407407407407,0,0,0,0.016304347826087,0.0982905982905983,0.15625,0.05,0.0909090909090909,0.100864553314121,0.198019801980198,0.541666666666667,0.185185185185185,0.125,0.10625,0.157973174366617
"Olsenella_profusa",0.979591836734694,0.538461538461538,0.9,0.740740740740741,0.353535353535354,0.0248447204968944,0.876146788990826,0.411764705882353,0.454054054054054,0.220588235294118,0.302325581395349,0.75,0.837209302325581,0.26615969581749,0.242424242424242,0.834645669291339,0.785714285714286,0,0.133333333333333,0.590909090909091,0.777777777777778,0.630434782608696,0.0906148867313916,0.5,0.043956043956044,0.25,0.5,0.121212121212121,0.298245614035088,0.0995670995670996,0.717948717948718,0.8625,1,0.411764705882353,0.136363636363636,0.4,0.839506172839506,0.4,0.730769230769231,0.810810810810811,0.761904761904762,0.533333333333333,0.305555555555556,0.466666666666667,0.714285714285714,0.45,0.454545454545455,0.296610169491525,0.785714285714286,0.821428571428571,0.85,0.857142857142857,0.6,0.101123595505618,0,0.55,0.691666666666667,0.833333333333333,0.0109289617486339,0.0105401844532279,0.545454545454545,0.170212765957447,0.177100494233937,0.866666666666667,0.166666666666667,0.821044546850998,0.933899905571294,0.666666666666667,0.666666666666667,0.0557275541795666,0.423076923076923,0.447795823665893,0.0141987829614604,0.642857142857143,1,0.848484848484849,0.558823529411765,0.310344827586207,0.845375722543353,0.714285714285714,0.5,0.444444444444444,0.0857142857142857,0,0,0,0,0,0.260683760683761,0.015625,0.05,0.0454545454545455,0,0,0,0,0.00961538461538462,0.1,0.0163934426229508
"Agrobacterium_tumefaciens",0.122448979591837,0.153846153846154,0,0.259259259259259,0.262626262626263,0.0062111801242236,0.114678899082569,0,0.00540540540540541,0.0147058823529412,0.953488372093023,0,0,0.00760456273764259,0,0.015748031496063,0.0714285714285714,0,0,0,0,0.456521739130435,0,0,0,0,0,0.0303030303030303,0,0.00865800865800866,0,0,0.1,0.205882352941176,0.0227272727272727,0,0,0,0.0384615384615385,0.027027027027027,0.0952380952380952,0.0133333333333333,0.194444444444444,0.0222222222222222,0,0.05,0,0.00847457627118644,0.0952380952380952,0.0357142857142857,0.025,0,0.1,0.00749063670411985,0,0.5,0.416666666666667,0,0.0655737704918033,0.1133069828722,0,0.148936170212766,0.014827018121911,0.133333333333333,0,0.134408602150538,0.755429650613787,0.0980392156862745,0,0,0.00699300699300699,0.00696055684454756,0,0,0.0666666666666667,0,0,0,0.228323699421965,0,0,0,0.00714285714285714,0,0,0,0,0,0,0,0,0,0,0,0.0416666666666667,0,0,0,0
"Lactobacillus_gasseri",0.122448979591837,0.0256410256410256,0.128571428571429,0.111111111111111,0.131313131313131,0.130434782608696,0.0504587155963303,0.245989304812834,0.372972972972973,0.0294117647058824,0.372093023255814,0,0.0232558139534884,0.0304182509505703,0.0909090909090909,0.118110236220472,0,0.2,0,0,0,0.130434782608696,0,0.184210526315789,0,0,0.1,0.0101010101010101,0.0350877192982456,0.0173160173160173,0.205128205128205,0.4125,0.2,0.338235294117647,0.113636363636364,0,0.395061728395062,0,0,0.0810810810810811,0.0476190476190476,0,0,0,0.0952380952380952,0.1,0.0909090909090909,0.0254237288135593,0.119047619047619,0.178571428571429,0.3,0.314285714285714,0,0.00749063670411985,0,0,0.00833333333333333,0.25,0.0655737704918033,0.0250329380764163,0,0.0212765957446809,0.0057660626029654,0.2,0,0.113671274961598,0.200188857412653,0.0196078431372549,0.166666666666667,0.00928792569659443,0.0314685314685315,0.0464037122969838,0.0314401622718053,0.0178571428571429,0.303703703703704,0.0303030303030303,0.0588235294117647,0.0344827586206897,0.117052023121387,0.0357142857142857,0.025,0.148148148148148,0.0642857142857143,0,0,0,0,0,0.0299145299145299,0,0,0.0909090909090909,0,0,0.0416666666666667,0,0,0.03125,0.00745156482861401
"Prevotella_albensis",0.122448979591837,0.0769230769230769,0.0428571428571429,0.518518518518518,0.0909090909090909,0,0.0252293577981651,0,0.0108108108108108,0.00735294117647059,0,0,0.0232558139534884,0.0608365019011407,0,0.0236220472440945,0.214285714285714,0,0,0.590909090909091,0.777777777777778,0.130434782608696,0,0.157894736842105,0,0,0.1,0.0101010101010101,0,0.012987012987013,0,0.0125,0.3,0.0147058823529412,0.0909090909090909,0,0.296296296296296,0,0.0769230769230769,0,0,0.113333333333333,0,0.0222222222222222,0,0.2,0,0.076271186440678,0.0714285714285714,0.107142857142857,0.025,0,0,0.00374531835205993,0,0,0,0,0.00546448087431694,0.00658761528326746,0,0,0.14497528830313,0,0,0.106758832565284,0.0254957507082153,0,0,0.00309597523219814,0.013986013986014,0.0116009280742459,0.0050709939148073,0.0982142857142857,0.0666666666666667,0,0.0294117647058824,0,0.0130057803468208,0.0357142857142857,0.025,0,0,0,0,0,0,0,0,0,0,0,0,0,0,0,0,0,0
"Selenomonas_artemidis",0.877551020408163,0.307692307692308,0.657142857142857,1,1,0.192546583850932,0.509174311926605,0.406417112299465,0.416216216216216,0.191176470588235,0.790697674418605,0.75,0.651162790697674,0.536121673003802,0.636363636363636,0.968503937007874,0.428571428571429,0.75,0.4,0.590909090909091,0.388888888888889,0.934782608695652,0.576051779935275,0.973684210526316,0.56043956043956,0.75,1,0.131313131313131,0.614035087719298,0.727272727272727,0.871794871794872,0.9625,1,0.867647058823529,0.75,0.7,0.839506172839506,0.45,0.461538461538462,0.864864864864865,0.904761904761905,0.506666666666667,0.25,0.622222222222222,0.571428571428571,0,1,0.576271186440678,0.928571428571429,0.964285714285714,0.725,0.828571428571429,0.4,0.561797752808989,0.476190476190476,0.516666666666667,0.566666666666667,0.666666666666667,0.202185792349727,0.230566534914361,0.986013986013986,0.25531914893617,0.714168039538715,0.6,0.766666666666667,0.862519201228879,0.864966949952786,0.941176470588235,0.916666666666667,0.60061919504644,0.314685314685315,0.252900232018561,0.32657200811359,0.714285714285714,0.888888888888889,0.606060606060606,0.676470588235294,0.827586206896552,0.871387283236994,0.642857142857143,0.575,0.62962962962963,0.171428571428571,0.0296296296296296,0,0,0,0,0.0299145299145299,0.390625,0.05,0.0454545454545455,0,0.0099009900990099,0.291666666666667,0,0.0480769230769231,0.0125,0.0715350223546945
"Streptococcus_infantis",0.489795918367347,0.82051282051282,0.314285714285714,0.777777777777778,0.383838383838384,0.993788819875776,0.151376146788991,0.0213903743315508,0.0324324324324324,0.0147058823529412,1,0.15,0.0697674418604651,0.133079847908745,0.181818181818182,0.251968503937008,0.714285714285714,1,0.266666666666667,0.363636363636364,0.277777777777778,0.456521739130435,0.0323624595469256,0.394736842105263,0.032967032967033,0,0.4,0.0606060606060606,0.368421052631579,0.606060606060606,0.358974358974359,0.3625,0.3,0.426470588235294,0.568181818181818,0.2,0.160493827160494,0.2,0.211538461538462,1,1,0.2,0.111111111111111,0.111111111111111,0.619047619047619,0.15,0.636363636363636,0.364406779661017,0.19047619047619,0.25,0.25,0.114285714285714,0.1,0.134831460674157,1,0.116666666666667,0.15,0.416666666666667,0.693989071038251,0.704874835309618,0.0034965034965035,0.212765957446809,0.603789126853377,0.4,0.3,0.378648233486943,0.377714825306893,0.450980392156863,0.0833333333333333,0.0247678018575851,0.213286713286713,0.211136890951276,0.128803245436105,0.330357142857143,0.162962962962963,0.121212121212121,0.0588235294117647,0,0.242774566473988,0.25,0.275,0.0740740740740741,0.992857142857143,0.985185185185185,0.875,0.725806451612903,0,0.625,0.978632478632479,1,1,0.909090909090909,0.68299711815562,0.95049504950495,1,0.916666666666667,0.798076923076923,0.925,1
"Prevotella_histicola",0.959183673469388,0.897435897435897,1,1,0.868686868686869,0.782608695652174,0.919724770642202,0.882352941176471,0.924324324324324,0.977941176470588,1,0.9,0.883720930232558,0.965779467680608,0.636363636363636,1,1,1,0.733333333333333,0.943181818181818,1,1,0.902912621359223,1,0.873626373626374,0.875,1,0.767676767676768,0.982456140350877,0.917748917748918,1,1,1,1,1,1,1,1,0.826923076923077,0.972972972972973,1,0.88,0.416666666666667,0.933333333333333,0.904761904761905,1,1,0.991525423728814,1,1,0.975,0.942857142857143,0.2,1,0.714285714285714,0.4,0.508333333333333,1,0.601092896174863,0.58102766798419,0.996503496503496,0.51063829787234,0.99505766062603,0.933333333333333,1,0.999231950844854,0.995278564683664,1,1,0.972136222910217,0.583916083916084,0.584686774941995,0.858012170385396,0.955357142857143,1,0.727272727272727,1,1,0.934971098265896,0.964285714285714,0.975,0.962962962962963,0.814285714285714,0.82962962962963,0.6,0.629032258064516,0,0.429347826086957,0.867521367521368,0.890625,0.95,0.818181818181818,0.858789625360231,0.831683168316832,0.833333333333333,0.564814814814815,0.778846153846154,0.53125,0.73919523099851
"Aggregatibacter_segnis",1,0.461538461538462,0.9,1,0.96969696969697,0.590062111801242,0.993119266055046,0.582887700534759,0.583783783783784,0.919117647058823,0.906976744186046,1,0.953488372093023,0.866920152091255,0.424242424242424,1,1,0.8,0.8,0.920454545454545,0.944444444444444,0.978260869565217,0.909385113268608,1,0.884615384615385,1,0.7,0.828282828282828,0.842105263157895,0.922077922077922,0.923076923076923,0.8,1,0.882352941176471,0.954545454545455,0.9,0.827160493827161,0.75,0.923076923076923,0.891891891891892,0.857142857142857,0.893333333333333,0.5,1,1,1,0.727272727272727,0.822033898305085,1,1,0.825,0.828571428571429,1,0.98501872659176,0.952380952380952,0.966666666666667,0.966666666666667,1,0.693989071038251,0.704874835309618,0.996503496503496,0.404255319148936,0.85831960461285,1,1,0.997695852534562,0.996222851746931,1,0.833333333333333,0.956656346749226,0.632867132867133,0.640371229698376,0.562880324543611,0.892857142857143,0.985185185185185,0.575757575757576,0.794117647058823,0.793103448275862,0.867052023121387,0.767857142857143,0.625,0.814814814814815,0.928571428571429,0.82962962962963,0.125,0.129032258064516,0.6,0.152173913043478,0.239316239316239,0.53125,0.15,0.136363636363636,0.0576368876080692,0.267326732673267,0.916666666666667,0.0925925925925926,0.307692307692308,0.19375,0.900149031296572
"Rothia_terrae",0.0204081632653061,0,0.0428571428571429,0.111111111111111,0.0202020202020202,0,0.0114678899082569,0,0,0.00735294117647059,0,0.1,0.0232558139534884,0.0684410646387833,0.0909090909090909,0.0236220472440945,0,0,0,0.0113636363636364,0,0.0434782608695652,0,0,0,0,0.2,0,0.0175438596491228,0.0909090909090909,0,0,0.1,0.0147058823529412,0,0,0.0246913580246914,0.05,0,0,0,0.02,0.0277777777777778,0,0,0.05,0.181818181818182,0.0169491525423729,0,0,0,0,0.8,0.0374531835205993,0,0.0166666666666667,0.0333333333333333,0,0,0.00263504611330698,0,0.0638297872340425,0.000823723228995058,0.0666666666666667,0.0333333333333333,0.0199692780337942,0.0132200188857413,0.117647058823529,0,0,0.0244755244755245,0.0278422273781903,0.00202839756592292,0.0178571428571429,0.0148148148148148,0.0303030303030303,0.0294117647058824,0.0689655172413793,0.0491329479768786,0.0357142857142857,0.025,0.037037037037037,0,0,0,0,0,0,0,0,0,0,0,0,0,0,0,0,0
"Streptococcus_suis",0.0408163265306122,0.256410256410256,0.914285714285714,0.666666666666667,0.232323232323232,0,0.107798165137615,0,0.0108108108108108,0.0367647058823529,0.0697674418604651,0.05,0.0232558139534884,0.806083650190114,0.484848484848485,0.094488188976378,0.785714285714286,0,0.133333333333333,0.0909090909090909,0.0555555555555556,0.934782608695652,0.00323624595469256,0.289473684210526,0.0494505494505494,0,0.5,0.323232323232323,0.157894736842105,0.571428571428571,0.0256410256410256,0.125,1,0.529411764705882,0.295454545454545,0.6,0.851851851851852,0,0,0.783783783783784,0.857142857142857,0.133333333333333,0.0277777777777778,0.111111111111111,0.238095238095238,0.35,1,0.61864406779661,0.69047619047619,0.785714285714286,0.075,0.0857142857142857,0,0.528089887640449,0.0476190476190476,0.183333333333333,0.25,0,0,0.00131752305665349,0.122377622377622,0.382978723404255,0.556836902800659,0.4,0.0666666666666667,0.970814132104455,0.586402266288952,0.117647058823529,0.0833333333333333,0.00928792569659443,0.230769230769231,0.250580046403712,0.00101419878296146,0.616071428571429,0.681481481481481,0.909090909090909,0.705882352941177,0.620689655172414,0.776011560693642,0.803571428571429,0.675,0.259259259259259,0,0,0,0,0,0,0,0,0,0,0,0,0,0,0,0,0
"Achromobacter_xylosoxidans",0.0408163265306122,0.128205128205128,0.0428571428571429,0.666666666666667,0.161616161616162,0,0.00917431192660551,0,0,0,0.0465116279069767,0,0,0.00760456273764259,0,0.015748031496063,0,0,0,0.227272727272727,0.111111111111111,0.217391304347826,0,0.0263157894736842,0,0,0,0,0,0.00865800865800866,0,0,0,0.0147058823529412,0,0,0.0246913580246914,0,0,0,0,0,0,0.0444444444444444,0,0.05,0,0.00847457627118644,0,0,0,0,0,0,0,0.166666666666667,0.191666666666667,0,0.0765027322404372,0.105401844532279,0,0.170212765957447,0.0626029654036244,0.0666666666666667,0.0666666666666667,0.112135176651306,0.0679886685552408,0.0784313725490196,0,0,0.013986013986014,0.00696055684454756,0,0,0.037037037037037,0.303030303030303,0,0.0344827586206897,0.0202312138728324,0,0,0,0,0,0,0,0,0,0,0,0,0,0,0,0,0,0,0,0
"Ruminofilibacter_xylanolyticum",0.244897959183673,0.153846153846154,0.0428571428571429,0.148148148148148,0.303030303030303,0,0.149082568807339,0,0,0.0441176470588235,0,0.1,0.0930232558139535,0.026615969581749,0,0.094488188976378,0.285714285714286,0,0,0.193181818181818,0.166666666666667,0.478260869565217,0.0420711974110032,0,0.00549450549450549,0,0.2,0,0.210526315789474,0.341991341991342,0,0,0.5,0.264705882352941,0.0454545454545455,0.1,0.222222222222222,0,0,0.162162162162162,0.0476190476190476,0.586666666666667,0.0555555555555556,0.0888888888888889,0,0.35,0,0.169491525423729,0,0,0.125,0.171428571428571,0,0.0449438202247191,0,0.0333333333333333,0.0166666666666667,0,0,0,0.0034965034965035,0.0212765957446809,0.0939044481054366,0.0666666666666667,0.0666666666666667,0.144393241167435,0.236071765816808,0.0588235294117647,0.166666666666667,0.0990712074303406,0.125874125874126,0.104408352668213,0,0.0803571428571429,0,0.0303030303030303,0.0882352941176471,0.103448275862069,0.173410404624277,0.0892857142857143,0.025,0.0740740740740741,0,0,0,0,0,0,0,0,0,0,0,0,0,0,0,0,0
"Finegoldia_magna",0.0408163265306122,0.205128205128205,0.0142857142857143,0,0.151515151515152,0.0062111801242236,0.00688073394495413,0.0160427807486631,0.0162162162162162,0.00735294117647059,0.0697674418604651,0,0.0232558139534884,0.0152091254752852,0,0.047244094488189,0.0714285714285714,0,0,0.0340909090909091,0,0.0217391304347826,0.00970873786407767,0.0263157894736842,0.00549450549450549,0,0,0,0.0350877192982456,0.0476190476190476,0,0.0125,0.3,0,0.0909090909090909,0.1,0.0617283950617284,0,0.0192307692307692,0.0540540540540541,0,0.0333333333333333,0,0,0.0476190476190476,0,0,0.0254237288135593,0,0.0357142857142857,0.025,0,0,0.0149812734082397,0,0.133333333333333,0.0666666666666667,0,0,0,0.0804195804195804,0,0.00906095551894563,0,0,0.0253456221198157,0.0349386213408876,0,0.166666666666667,0.0185758513931889,0.0034965034965035,0,0.0050709939148073,0.223214285714286,0.037037037037037,0,0.0588235294117647,0,0.0245664739884393,0,0.05,0.037037037037037,0,0,0,0,0,0,0,0,0,0,0,0,0,0,0,0,0
"Prevotella_multiformis",0.489795918367347,0.205128205128205,0.285714285714286,0.703703703703704,0.121212121212121,0.192546583850932,0.681192660550459,0.0427807486631016,0.0702702702702703,0.25,0.534883720930233,0.6,0.674418604651163,0.209125475285171,0.212121212121212,0.905511811023622,0.714285714285714,0.1,0.333333333333333,0.568181818181818,0.722222222222222,0.326086956521739,0.236245954692557,0.289473684210526,0.021978021978022,0,0.2,0.121212121212121,0.315789473684211,0.0952380952380952,0.333333333333333,0.6375,0.6,0.411764705882353,0.386363636363636,0,0.567901234567901,0.05,0.711538461538462,0.351351351351351,0.19047619047619,0.553333333333333,0.138888888888889,0.555555555555556,0.428571428571429,0.45,0.363636363636364,0.110169491525424,0.69047619047619,0.892857142857143,0.4,0.314285714285714,0.4,0.0861423220973783,0.285714285714286,0,0.00833333333333333,0.416666666666667,0.251366120218579,0.242424242424242,0.0524475524475524,0.297872340425532,0.14003294892916,0.2,0.666666666666667,0.357142857142857,0.326723323890463,0.117647058823529,0.0833333333333333,0.210526315789474,0.195804195804196,0.225058004640371,0.0730223123732252,0.258928571428571,0.651851851851852,0.0303030303030303,0.235294117647059,0.413793103448276,0.229768786127168,0.214285714285714,0.025,0.37037037037037,0.214285714285714,0.496296296296296,0,0.0161290322580645,0,0.0217391304347826,0.115384615384615,0.25,0.05,0,0,0.0297029702970297,0.708333333333333,0.0740740740740741,0.0769230769230769,0.175,0.469448584202683
"Neisseria_canis",0.795918367346939,0.230769230769231,0.371428571428571,1,0.393939393939394,0,0.738532110091743,0.0213903743315508,0.0216216216216216,0.338235294117647,0.0232558139534884,0.75,0.813953488372093,0.281368821292776,0.303030303030303,0.84251968503937,0.714285714285714,0,0.8,0.625,0.555555555555556,0.304347826086957,0.339805825242718,0.736842105263158,0.17032967032967,0.5625,0.6,0.222222222222222,0.333333333333333,0.476190476190476,0,0,0.8,0.338235294117647,0.136363636363636,0.8,0.679012345679012,0,0.134615384615385,0.324324324324324,0.285714285714286,0.566666666666667,0.277777777777778,0.6,0.619047619047619,0.8,0.636363636363636,0.38135593220339,0.80952380952381,0.642857142857143,0.175,0.2,0.6,0.404494382022472,0,0.483333333333333,0.475,0.5,0,0,0.0104895104895105,0.234042553191489,0.320428336079077,0.533333333333333,0.833333333333333,0.612903225806452,0.444759206798867,0.96078431372549,0.5,0.291021671826625,0.339160839160839,0.338747099767981,0.00101419878296146,0.339285714285714,0.548148148148148,0.121212121212121,0.205882352941176,0.137931034482759,0.614161849710983,0.214285714285714,0.125,0.259259259259259,0,0,0,0,0,0,0,0,0,0,0,0,0.0416666666666667,0,0,0,0.0253353204172876
"Centipeda_periodontii",0.938775510204082,0.358974358974359,0.885714285714286,0.925925925925926,0.98989898989899,0.173913043478261,0.931192660550459,0.310160427807487,0.302702702702703,0.647058823529412,0.906976744186046,0.85,0.906976744186046,0.110266159695817,0.454545454545455,0.763779527559055,0.857142857142857,1,0.666666666666667,0.363636363636364,0.333333333333333,0.978260869565217,0.262135922330097,1,0.401098901098901,0.0625,0.3,0.232323232323232,0.245614035087719,0.25974025974026,0.974358974358974,0.9375,1,0.926470588235294,0.5,0.5,0.91358024691358,0.5,0.75,0.864864864864865,0.857142857142857,0.586666666666667,0.0833333333333333,0.844444444444444,1,0.15,0.727272727272727,0.194915254237288,0.976190476190476,0.892857142857143,0.725,0.685714285714286,0.4,0.172284644194757,0.761904761904762,0.45,0.525,1,0.426229508196721,0.387351778656126,0,0.234042553191489,0.21499176276771,0.4,0.466666666666667,0.857910906298003,0.878186968838527,0.803921568627451,1,0.108359133126935,0.286713286713287,0.273781902552204,0.255578093306288,0.794642857142857,0.955555555555556,0.666666666666667,0.147058823529412,0.413793103448276,0.947976878612717,0.142857142857143,0.125,0.0740740740740741,0.0642857142857143,0.0444444444444444,0,0,0,0,0.0213675213675214,0.15625,0,0,0.00864553314121038,0,0.541666666666667,0,0.0192307692307692,0.03125,0.199701937406855
"Actinomyces_israelii",0.897959183673469,0.205128205128205,0.485714285714286,0.518518518518518,0.0808080808080808,0.0248447204968944,0.204128440366972,0.0855614973262032,0.0432432432432432,0.0735294117647059,0.558139534883721,0.8,0.697674418604651,0.20532319391635,0.151515151515152,0.362204724409449,0.714285714285714,0,0,0.0227272727272727,0,0.217391304347826,0.0776699029126214,0.263157894736842,0.0604395604395604,0.0625,0.3,0.0505050505050505,0.350877192982456,0.0909090909090909,0.384615384615385,0.5625,0.5,0.294117647058824,0.204545454545455,0.1,0.740740740740741,0.25,0.480769230769231,0.702702702702703,0.619047619047619,0.286666666666667,0.111111111111111,0.177777777777778,0.333333333333333,0.25,0.363636363636364,0.23728813559322,0.333333333333333,0.464285714285714,0.825,0.771428571428571,0.1,0.0262172284644195,0.0952380952380952,0.416666666666667,0.508333333333333,0.5,0.0273224043715847,0.0342555994729908,0,0.170212765957447,0.247116968698517,0.266666666666667,0.2,0.578341013824885,0.686496694995279,0.372549019607843,0.333333333333333,0.0557275541795666,0.423076923076923,0.436194895591647,0.0223123732251521,0.428571428571429,0.807407407407407,0.636363636363636,0.411764705882353,0.379310344827586,0.446531791907514,0.464285714285714,0.225,0.296296296296296,0.05,0,0,0,0,0,0,0,0,0,0,0,0,0,0,0,0
"Actinomyces_naeslundii",0.959183673469388,0.128205128205128,0.971428571428571,1,0.777777777777778,0.372670807453416,0.809633027522936,0.93048128342246,0.891891891891892,0.294117647058824,1,1,0.976744186046512,0.174904942965779,0.151515151515152,0.118110236220472,1,1,0.333333333333333,0.0681818181818182,0,1,0.0517799352750809,1,0.428571428571429,0,0.2,0.252525252525253,0.087719298245614,0.41991341991342,1,0.975,0.9,0.955882352941177,0.659090909090909,0.3,0.938271604938272,0.85,0.961538461538462,1,0.904761904761905,0.353333333333333,0.0277777777777778,0.911111111111111,0.619047619047619,0.9,0.272727272727273,0.508474576271186,0.857142857142857,0.857142857142857,0.9,0.942857142857143,0,0.191011235955056,0.857142857142857,0.866666666666667,0.941666666666667,0.916666666666667,0.382513661202186,0.359683794466403,0.842657342657343,0.0851063829787234,0.257825370675453,0.866666666666667,0.1,0.989247311827957,0.997167138810198,1,0.916666666666667,0.00928792569659443,0.601398601398601,0.617169373549884,0.290060851926978,0.946428571428571,0.992592592592593,1,0.264705882352941,0.379310344827586,0.96242774566474,0.410714285714286,0.35,0,0.728571428571429,0.585185185185185,0.1,0.0967741935483871,0,0.0380434782608696,0.807692307692308,0.765625,0.4,0.590909090909091,0.00864553314121038,0.207920792079208,0.5,0.268518518518519,0.519230769230769,0.575,0.540983606557377
"Actinomyces_turicensis",0.142857142857143,0.102564102564103,0.314285714285714,0.259259259259259,0.121212121212121,0.0124223602484472,0.0756880733944954,0,0.0162162162162162,0.0514705882352941,0,0.05,0.0232558139534884,0.0760456273764259,0.121212121212121,0.133858267716535,0.0714285714285714,0,0,0.0681818181818182,0.166666666666667,0.217391304347826,0.0129449838187702,0.0526315789473684,0.00549450549450549,0,0.3,0.0101010101010101,0.105263157894737,0.0562770562770563,0.0769230769230769,0.25,0.5,0.132352941176471,0.0227272727272727,0.3,0.197530864197531,0,0,0.0540540540540541,0,0.206666666666667,0,0,0.0952380952380952,0.1,0.181818181818182,0.203389830508475,0.119047619047619,0.0357142857142857,0.05,0.0285714285714286,0,0.0636704119850187,0,0.0833333333333333,0.108333333333333,0.25,0,0.00131752305665349,0.905594405594406,0.0851063829787234,0.100494233937397,0.2,0,0.274193548387097,0.2219074598678,0.0392156862745098,0.0833333333333333,0.00928792569659443,0.027972027972028,0.0185614849187935,0.0050709939148073,0.107142857142857,0.303703703703704,0.151515151515152,0.117647058823529,0.0689655172413793,0.101156069364162,0.125,0,0.0740740740740741,0.0142857142857143,0,0,0,0,0,0,0,0,0,0,0,0,0,0,0,0
"Lactobacillus_oris",0.0816326530612245,0.461538461538462,0.0285714285714286,0,0,0.031055900621118,0.0389908256880734,0.0855614973262032,0.102702702702703,0.0441176470588235,0.0697674418604651,0.05,0.0465116279069767,0,0,0,0,0,0.133333333333333,0,0,0.130434782608696,0,0,0,0,0,0,0,0,0.0769230769230769,0.225,0,0.264705882352941,0,0,0.209876543209877,0,0.0192307692307692,0.135135135135135,0.333333333333333,0,0,0,0.19047619047619,0.05,0,0,0.0238095238095238,0.0357142857142857,0.15,0.342857142857143,0,0,0,0,0.00833333333333333,0,0.00546448087431694,0.00263504611330698,0,0,0,0.0666666666666667,0,0.0499231950844854,0.0509915014164306,0,0,0,0.00699300699300699,0.0162412993039443,0.00202839756592292,0.0267857142857143,0.311111111111111,0,0,0,0.108381502890173,0,0,0,0.0214285714285714,0.00740740740740741,0,0,0,0.00543478260869565,0.0341880341880342,0.015625,0,0,0,0,0,0,0,0,0.0014903129657228
"Streptococcus_lactarius",0.938775510204082,0.0769230769230769,0.9,1,0.777777777777778,0.0124223602484472,0.956422018348624,0.614973262032086,0.562162162162162,0.867647058823529,0.13953488372093,0.95,0.627906976744186,0.026615969581749,0.333333333333333,0.094488188976378,1,0.05,1,0.0227272727272727,0,0.847826086956522,0,0.526315789473684,0.461538461538462,0,0.6,0.373737373737374,0,0.038961038961039,0.82051282051282,0.8,0.9,0.808823529411765,0.272727272727273,0,0.765432098765432,0.95,0.942307692307692,0.243243243243243,0.333333333333333,0.00666666666666667,0.0833333333333333,0.822222222222222,0.952380952380952,0.95,0.818181818181818,0.0338983050847458,0.714285714285714,0.785714285714286,0.425,0.342857142857143,0,0.00374531835205993,0.0476190476190476,0.966666666666667,0.975,0.333333333333333,0.0163934426229508,0.0184453227931489,0.00699300699300699,0.0638297872340425,0.0387149917627677,0.8,0,0.637480798771121,0.729933899905571,0.843137254901961,0.583333333333333,0.00309597523219814,0.611888111888112,0.617169373549884,0.461460446247465,1,0.748148148148148,1,0.0294117647058824,0,0.966763005780347,0,0,0.185185185185185,0,0,0,0,0,0,0,0,0,0,0,0,0,0,0,0,0
"Capnocytophaga_gingivalis",1,0.564102564102564,0.928571428571429,1,0.98989898989899,0.850931677018634,0.995412844036697,0.786096256684492,0.827027027027027,0.977941176470588,0.930232558139535,1,0.976744186046512,0.893536121673004,0.606060606060606,1,1,1,1,0.863636363636364,0.944444444444444,1,0.275080906148867,1,0.994505494505495,0.875,1,0.262626262626263,0.929824561403509,0.930735930735931,1,0.9875,1,0.911764705882353,1,1,0.987654320987654,0.95,0.980769230769231,0.972972972972973,0.952380952380952,0.46,0.472222222222222,1,1,1,0.909090909090909,0.788135593220339,0.976190476190476,1,0.95,0.914285714285714,1,0.943820224719101,0.952380952380952,0.933333333333333,0.966666666666667,1,0.699453551912568,0.699604743083004,0.384615384615385,0.446808510638298,0.93163097199341,1,1,0.99615975422427,0.996222851746931,1,1,0.928792569659443,0.653846153846154,0.647331786542923,0.800202839756592,0.991071428571429,0.985185185185185,0.787878787878788,0.882352941176471,0.931034482758621,0.998554913294798,0.839285714285714,0.75,0.851851851851852,0.978571428571429,0.488888888888889,0.2,0.258064516129032,0.3,0.141304347826087,0.760683760683761,0.921875,0.15,0.454545454545455,0.115273775216138,0.693069306930693,0.875,0.148148148148148,0.365384615384615,0.59375,0.928464977645306
"Prevotella_loescheii",1,0.538461538461538,0.857142857142857,1,0.919191919191919,0.583850931677019,0.997706422018349,0.668449197860963,0.589189189189189,0.705882352941177,0.930232558139535,1,1,0.893536121673004,0.545454545454545,0.992125984251969,1,1,0.6,0.897727272727273,1,0.956521739130435,0.867313915857605,1,0.868131868131868,0.875,1,0.606060606060606,0.859649122807018,0.9004329004329,0.974358974358974,0.9875,1,0.941176470588235,1,0.9,0.962962962962963,0.8,0.980769230769231,1,0.952380952380952,0.926666666666667,0.472222222222222,1,0.619047619047619,0.95,1,0.754237288135593,1,1,0.975,0.914285714285714,1,0.940074906367041,1,0.133333333333333,0.0583333333333333,0.916666666666667,0.683060109289617,0.685111989459816,0.996503496503496,0.446808510638298,0.896210873146623,0.933333333333333,1,0.995391705069124,0.998111425873466,1,1,0.891640866873065,0.632867132867133,0.638051044083527,0.728194726166329,0.919642857142857,0.992592592592593,0.575757575757576,0.764705882352941,0.96551724137931,0.560693641618497,0.803571428571429,0.675,0.962962962962963,0.871428571428571,0.303703703703704,0,0,0,0,0.0811965811965812,0.59375,0.1,0.0909090909090909,0.0115273775216138,0.118811881188119,0.875,0,0.288461538461538,0.0875,0.673621460506706
"Bergeriella_denitrificans",0.0612244897959184,0.102564102564103,0.0142857142857143,0.407407407407407,0.0202020202020202,0.031055900621118,0.16743119266055,0,0,0.0441176470588235,0.255813953488372,0.2,0.13953488372093,0.0190114068441065,0.0303030303030303,0.251968503937008,0.428571428571429,0.3,0.133333333333333,0.0568181818181818,0.0555555555555556,0.0217391304347826,0.0161812297734628,0.263157894736842,0.0604395604395604,0,0,0.0101010101010101,0.0175438596491228,0.0649350649350649,0.0256410256410256,0.0125,0.2,0.0294117647058824,0.0227272727272727,0,0.135802469135802,0,0.0769230769230769,0.027027027027027,0,0.0733333333333333,0.0555555555555556,0.111111111111111,0.19047619047619,0.4,0.0909090909090909,0.110169491525424,0.452380952380952,0.107142857142857,0,0,0,0.0224719101123595,0.333333333333333,0.0666666666666667,0.0333333333333333,0,0.360655737704918,0.375494071146245,0.0314685314685315,0.0212765957446809,0.0172981878088962,0.0666666666666667,0.233333333333333,0.0783410138248848,0.0670443814919736,0.411764705882353,0.0833333333333333,0.021671826625387,0.192307692307692,0.132250580046404,0,0.125,0.0518518518518519,0.0606060606060606,0,0,0.278901734104046,0,0,0,0.25,0,0,0,0,0,0,0,0,0,0,0,0,0,0,0,0
"Paludibacter_propionicigenes",0.102040816326531,0.153846153846154,0.0285714285714286,0.740740740740741,0.0505050505050505,0,0.0229357798165138,0.0320855614973262,0.0432432432432432,0,0,0.05,0.0465116279069767,0.026615969581749,0.121212121212121,0.094488188976378,0.0714285714285714,0,0,0.25,0.333333333333333,0.239130434782609,0,0.263157894736842,0,0,0.1,0.0101010101010101,0.0175438596491228,0.108225108225108,0,0,0.2,0.132352941176471,0.431818181818182,0,0.209876543209877,0.1,0.25,0.027027027027027,0.0476190476190476,0,0.305555555555556,0.0666666666666667,0.0952380952380952,0.25,0.181818181818182,0.0593220338983051,0.238095238095238,0.464285714285714,0.025,0.0285714285714286,0.1,0.00749063670411985,0.0476190476190476,0,0,0.0833333333333333,0,0.00131752305665349,0,0.0425531914893617,0.445634266886326,0,0,0.168202764976959,0.084985835694051,0.117647058823529,0,0.0123839009287926,0.0664335664335664,0.0510440835266821,0.0050709939148073,0,0.17037037037037,0,0.0294117647058824,0,0.0534682080924856,0.0357142857142857,0,0,0,0,0,0,0,0,0,0,0,0,0,0,0,0,0,0,0
"Veillonella_tobetsuensis",0.714285714285714,0.102564102564103,0.614285714285714,0.851851851851852,0.848484848484849,0.782608695652174,0.857798165137615,0.417112299465241,0.421621621621622,0.75,0.86046511627907,0.75,0.627906976744186,0.091254752851711,0.121212121212121,0.0393700787401575,0.642857142857143,1,0.0666666666666667,0.0113636363636364,0,0.978260869565217,0.00323624595469256,0.289473684210526,0.324175824175824,0,0.2,0.444444444444444,0,0.155844155844156,0.948717948717949,0.8375,1,0.852941176470588,0.659090909090909,0,0.876543209876543,0.95,0.903846153846154,0.783783783783784,0.80952380952381,0,0,0.844444444444444,0.142857142857143,0.1,0.181818181818182,0.0932203389830508,0.119047619047619,0.142857142857143,0.55,0.428571428571429,0,0.0299625468164794,1,0.4,0.508333333333333,0.25,0.655737704918033,0.660079051383399,0,0.0638297872340425,0.230642504118616,0.733333333333333,0,0.865591397849462,0.840415486307838,0.313725490196078,0.75,0,0.237762237762238,0.283062645011601,0.683569979716024,0.910714285714286,0.37037037037037,0.606060606060606,0.0588235294117647,0.0689655172413793,0.848265895953757,0.0892857142857143,0.1,0,0.657142857142857,0.451851851851852,0.325,0.274193548387097,0,0.0978260869565217,0.41025641025641,0.453125,0.6,0.363636363636364,0.331412103746398,0.445544554455446,0.666666666666667,0.333333333333333,0.326923076923077,0.31875,0.816691505216095
"Prevotella_oulorum",0.979591836734694,0.512820512820513,0.8,1,0.97979797979798,0.701863354037267,0.961009174311927,0.828877005347594,0.740540540540541,0.757352941176471,0.953488372093023,1,0.930232558139535,0.91254752851711,0.545454545454545,1,1,1,0.466666666666667,0.897727272727273,0.944444444444444,1,0.877022653721683,1,0.906593406593407,0.875,1,0.515151515151515,0.894736842105263,0.917748917748918,1,1,1,0.970588235294118,1,1,0.987654320987654,0.8,0.980769230769231,1,1,0.92,0.333333333333333,0.977777777777778,0.761904761904762,1,1,0.830508474576271,0.976190476190476,0.964285714285714,0.9,0.914285714285714,1,0.973782771535581,0.857142857142857,0.1,0.183333333333333,1,0.584699453551913,0.604743083003953,0.996503496503496,0.425531914893617,0.918451400329489,0.933333333333333,1,0.990783410138249,0.990557129367328,1,1,0.91640866873065,0.583916083916084,0.577726218097448,0.78498985801217,0.910714285714286,0.992592592592593,0.666666666666667,0.882352941176471,0.896551724137931,0.732658959537572,0.928571428571429,0.75,0.925925925925926,0.75,0.481481481481481,0.2,0.129032258064516,0.1,0.0597826086956522,0.636752136752137,0.84375,0.35,0.454545454545455,0.423631123919308,0.603960396039604,0.958333333333333,0.037037037037037,0.509615384615385,0.49375,0.800298062593145
"Sneathia_sanguinegens",0.142857142857143,0.0769230769230769,0.257142857142857,0.703703703703704,0.0303030303030303,0.149068322981366,0.0275229357798165,0.0053475935828877,0.00540540540540541,0.0955882352941176,0.0465116279069767,0.05,0,0.136882129277567,0,0.173228346456693,0.571428571428571,0.05,0,0.625,0.888888888888889,0.152173913043478,0.00970873786407767,0.236842105263158,0.010989010989011,0.0625,0.1,0,0.0350877192982456,0.281385281385281,0,0.1875,0.3,0.161764705882353,0.0909090909090909,0.2,0.333333333333333,0,0.0192307692307692,0.297297297297297,0.19047619047619,0.08,0.0277777777777778,0.0222222222222222,0.0952380952380952,0.35,0.181818181818182,0.338983050847458,0.476190476190476,0.285714285714286,0.05,0.114285714285714,0,0.0823970037453183,0.333333333333333,0,0.00833333333333333,0.25,0.245901639344262,0.271409749670619,0,0,0.0650741350906096,0,0.0666666666666667,0.304915514592934,0.374881964117092,0.176470588235294,0,0.0123839009287926,0.157342657342657,0.169373549883991,0.00202839756592292,0.0535714285714286,0.251851851851852,0,0.0882352941176471,0.0344827586206897,0.273121387283237,0.0535714285714286,0.1,0,0.0785714285714286,0,0,0,0,0,0,0,0,0,0,0,0,0,0,0,0
"Atopobium_rimae",0.979591836734694,0.871794871794872,0.828571428571429,0.962962962962963,0.909090909090909,0.341614906832298,0.912844036697248,0.759358288770054,0.740540540540541,0.382352941176471,0.906976744186046,0.75,0.837209302325581,0.684410646387833,0.515151515151515,0.984251968503937,1,0.7,0.2,0.875,0.888888888888889,0.891304347826087,0.491909385113269,0.842105263157895,0.554945054945055,0.5,0.7,0.151515151515152,0.701754385964912,0.844155844155844,0.974358974358974,1,1,0.941176470588235,0.954545454545455,0.7,0.888888888888889,0.8,0.884615384615385,1,0.952380952380952,0.906666666666667,0.444444444444444,0.822222222222222,1,0.85,1,0.711864406779661,0.928571428571429,1,0.925,0.942857142857143,0.9,0.707865168539326,0.761904761904762,0.333333333333333,0.583333333333333,1,0.33879781420765,0.429512516469038,0.996503496503496,0.425531914893617,0.327018121911038,1,0.833333333333333,0.915514592933948,0.971671388101983,0.549019607843137,0.916666666666667,0.417956656346749,0.520979020979021,0.545243619489559,0.412778904665314,0.660714285714286,1,1,0.823529411764706,0.793103448275862,0.965317919075145,0.857142857142857,0.675,0.925925925925926,0.642857142857143,0.637037037037037,0.025,0.032258064516129,0.1,0,0.739316239316239,0.4375,0.25,0.454545454545455,0,0.0693069306930693,0.791666666666667,0.0555555555555556,0.461538461538462,0.3875,0.864381520119225
"Bryobacter_aggregatus",0.163265306122449,0.102564102564103,0,0,0.0202020202020202,0,0,0,0,0,0,0,0,0,0,0,0,0,0,0,0.0555555555555556,0,0,0,0,0,0,0.0505050505050505,0,0,0,0,0.1,0.5,0.386363636363636,0,0,0,0.269230769230769,0,0,0.00666666666666667,0.75,0.0666666666666667,0,0.25,0,0.0169491525423729,0,0,0,0,0.9,0.00749063670411985,0.0476190476190476,0.333333333333333,0.266666666666667,0,0,0,0,0,0.127677100494234,0,0,0.00614439324116743,0,0.0196078431372549,0,0,0,0,0,0,0.0296296296296296,0,0,0,0.00578034682080925,0,0,0,0,0,0,0,0,0,0,0,0,0,0,0,0,0,0,0,0
"Scardovia_inopinata",0.0408163265306122,0.0512820512820513,0.157142857142857,0.037037037037037,0,0,0.0779816513761468,0.0641711229946524,0.0432432432432432,0.0147058823529412,0.0465116279069767,0.1,0,0.0456273764258555,0.0909090909090909,0.094488188976378,0,0,0,0.0909090909090909,0.0555555555555556,0.0434782608695652,0.00970873786407767,0.0263157894736842,0.010989010989011,0,0.3,0,0.0350877192982456,0,0.0512820512820513,0.2125,0.2,0.0882352941176471,0,0,0.296296296296296,0.05,0.0384615384615385,0.0810810810810811,0.0476190476190476,0.28,0,0.0222222222222222,0.19047619047619,0.05,0.0909090909090909,0,0.119047619047619,0.25,0.275,0.257142857142857,0,0,0,0,0,0,0,0.00131752305665349,0,0.0638297872340425,0.00411861614497529,0.133333333333333,0.0666666666666667,0.0560675883256528,0.0519357884796978,0,0.0833333333333333,0.00619195046439629,0.034965034965035,0.037122969837587,0.00101419878296146,0.0267857142857143,0.140740740740741,0.0606060606060606,0.0882352941176471,0,0.122832369942197,0.25,0.225,0,0,0.0666666666666667,0,0,0,0,0.0128205128205128,0,0,0.0909090909090909,0,0,0,0,0,0,0.0104321907600596
"Selenomonas_dianae",0.979591836734694,0.384615384615385,0.8,0.925925925925926,0.939393939393939,0.490683229813665,0.889908256880734,0.101604278074866,0.162162162162162,0.463235294117647,0.86046511627907,0.9,0.837209302325581,0.247148288973384,0.515151515151515,0.866141732283465,0.857142857142857,1,0.466666666666667,0.829545454545455,0.833333333333333,0.978260869565217,0.27831715210356,0.710526315789474,0.302197802197802,0.125,0.6,0.141414141414141,0.403508771929825,0.380952380952381,0.871794871794872,0.8875,1,0.808823529411765,0.840909090909091,0.4,0.790123456790123,0.2,0.903846153846154,0.810810810810811,0.857142857142857,0.753333333333333,0.166666666666667,0.866666666666667,1,0.1,0.727272727272727,0.228813559322034,0.928571428571429,0.928571428571429,0.775,0.542857142857143,0.1,0.284644194756554,0.904761904761905,0.233333333333333,0.416666666666667,0.833333333333333,0.344262295081967,0.364953886693017,0.0769230769230769,0.319148936170213,0.420098846787479,0.533333333333333,0.633333333333333,0.862519201228879,0.879131255901794,0.725490196078431,0.833333333333333,0.210526315789474,0.283216783216783,0.303944315545244,0.100405679513185,0.633928571428571,0.962962962962963,0.484848484848485,0.235294117647059,0.344827586206897,0.875722543352601,0.339285714285714,0.25,0.185185185185185,0.207142857142857,0,0,0,0,0,0,0,0,0,0,0,0,0,0,0,0
"Streptococcus_pseudopneumoniae",0.102040816326531,0,0.128571428571429,0.0740740740740741,0.141414141414141,0,0.0642201834862385,0.0053475935828877,0.00540540540540541,0,0.651162790697674,0.05,0,0,0,0.0236220472440945,0,0,0.2,0.0113636363636364,0,0.152173913043478,0,0,0.0164835164835165,0,0,0.0101010101010101,0.0175438596491228,0.025974025974026,0,0,0.7,0.0441176470588235,0.136363636363636,0,0.0987654320987654,0,0,0.0540540540540541,0.0952380952380952,0,0.0277777777777778,0,0.0952380952380952,0,0,0.00847457627118644,0,0,0,0,0,0.00374531835205993,0,0.1,0.0916666666666667,0,0,0.00131752305665349,0,0,0.163920922570016,0,0,0.249615975422427,0.186024551463645,0.0588235294117647,0,0.00309597523219814,0.020979020979021,0.0139211136890951,0.026369168356998,0.0535714285714286,0,0,0,0,0.0563583815028902,0,0,0,0,0.777777777777778,0,0,0.1,0.00543478260869565,0.264957264957265,0.65625,0.2,0.227272727272727,0.031700288184438,0.633663366336634,0.916666666666667,0.194444444444444,0.5,0.26875,0.779433681073025
"Treponema_maltophilum",0.857142857142857,0.41025641025641,0.442857142857143,0.888888888888889,0.595959595959596,0.136645962732919,0.711009174311927,0.0160427807486631,0.00540540540540541,0.205882352941176,0.511627906976744,0.9,0.837209302325581,0.326996197718631,0.212121212121212,0.976377952755906,0.928571428571429,0.55,0.333333333333333,0.806818181818182,0.944444444444444,0.630434782608696,0.504854368932039,0.815789473684211,0.203296703296703,0.125,0.6,0.0909090909090909,0.403508771929825,0.458874458874459,0.58974358974359,0.8125,0.7,0.661764705882353,0.659090909090909,0.7,0.827160493827161,0.35,0.807692307692308,0.486486486486487,0.80952380952381,0.82,0.361111111111111,0.911111111111111,0.380952380952381,1,0.454545454545455,0.338983050847458,0.952380952380952,0.928571428571429,0.675,0.428571428571429,0.7,0.228464419475655,0.285714285714286,0.0333333333333333,0.075,0.5,0.409836065573771,0.461133069828722,0.618881118881119,0.212765957446809,0.376441515650741,0.6,0.866666666666667,0.69047619047619,0.745042492917847,0.431372549019608,0.333333333333333,0.470588235294118,0.388111888111888,0.450116009280742,0.115618661257606,0.419642857142857,0.740740740740741,0.393939393939394,0.470588235294118,0.344827586206897,0.570809248554913,0.517857142857143,0.325,0.703703703703704,0.171428571428571,0.0740740740740741,0,0.0161290322580645,0,0,0.0769230769230769,0.15625,0,0.0454545454545455,0,0.0198019801980198,0.583333333333333,0,0.0288461538461538,0.0125,0.257824143070045
"Treponema_vincentii",0.877551020408163,0.564102564102564,0.7,0.851851851851852,0.656565656565657,0.385093167701863,0.938073394495413,0,0,0.485294117647059,0.627906976744186,0.95,0.813953488372093,0.368821292775665,0.121212121212121,0.834645669291339,0.928571428571429,0.95,0.466666666666667,0.875,0.944444444444444,0.869565217391304,0.504854368932039,0.921052631578947,0.576923076923077,0.25,0.7,0.121212121212121,0.508771929824561,0.627705627705628,0.846153846153846,0.7625,1,0.676470588235294,0.886363636363636,0.8,0.740740740740741,0.4,0.923076923076923,0.783783783783784,0.857142857142857,0.826666666666667,0.388888888888889,0.955555555555556,0.238095238095238,1,0.181818181818182,0.533898305084746,0.976190476190476,0.928571428571429,0.575,0.514285714285714,0.3,0.48689138576779,0.714285714285714,0,0.0166666666666667,0.666666666666667,0.513661202185792,0.533596837944664,0.0034965034965035,0.319148936170213,0.534596375617792,0.733333333333333,0.766666666666667,0.926267281105991,0.898016997167139,0.666666666666667,0.833333333333333,0.405572755417957,0.437062937062937,0.503480278422274,0.227180527383367,0.5625,0.851851851851852,0.515151515151515,0.205882352941176,0.275862068965517,0.209537572254335,0.267857142857143,0.2,0.333333333333333,0.514285714285714,0.17037037037037,0,0.0161290322580645,0,0.00543478260869565,0.0598290598290598,0.0625,0,0,0,0,0.916666666666667,0,0.0576923076923077,0.0875,0.39344262295082
"Butyrivibrio_proteoclasticus",0.306122448979592,0.0512820512820513,0.285714285714286,0.481481481481481,0.545454545454545,0,0.18348623853211,0.0160427807486631,0.00540540540540541,0.125,0,0.15,0.302325581395349,0.00760456273764259,0.0303030303030303,0.031496062992126,0.357142857142857,0,0.533333333333333,0.0681818181818182,0.111111111111111,0.434782608695652,0.0129449838187702,0.631578947368421,0.192307692307692,0,0.1,0.0505050505050505,0,0.038961038961039,0.256410256410256,0.2125,0.6,0.529411764705882,0.0227272727272727,0,0.259259259259259,0,0.0192307692307692,0.351351351351351,0.19047619047619,0.393333333333333,0.0277777777777778,0.266666666666667,0.0476190476190476,0.15,0,0.0254237288135593,0.166666666666667,0.178571428571429,0.1,0.0857142857142857,0,0,0,0.0833333333333333,0.1,0.25,0,0,0,0,0.00164744645799012,0,0.0333333333333333,0.219662058371736,0.295561850802644,0.137254901960784,0.25,0.00309597523219814,0.041958041958042,0.0649651972157773,0.00912778904665314,0.0714285714285714,0.325925925925926,0.121212121212121,0,0,0.229768786127168,0.0178571428571429,0,0,0,0,0,0,0,0,0,0,0,0,0,0,0,0,0,0,0
"Haemophilus_haemolyticus",0.877551020408163,0.435897435897436,0.5,1,0.95959595959596,0.459627329192547,0.894495412844037,0.705882352941177,0.675675675675676,0.426470588235294,0.906976744186046,0.85,0.348837209302326,0.475285171102662,0.272727272727273,0.362204724409449,1,1,0.666666666666667,0.579545454545455,0.444444444444444,0.934782608695652,0.310679611650485,1,0.39010989010989,0.125,0.3,0.505050505050505,0.350877192982456,0.67965367965368,0.974358974358974,0.8375,0.9,0.808823529411765,0.977272727272727,0.5,0.839506172839506,0.75,0.730769230769231,0.864864864864865,0.761904761904762,0.4,0.277777777777778,0.888888888888889,0.80952380952381,0.9,0.636363636363636,0.584745762711864,0.952380952380952,0.964285714285714,0.6,0.6,0,0.685393258426966,0.714285714285714,0.7,0.566666666666667,1,0.699453551912568,0.706192358366271,0.695804195804196,0.234042553191489,0.742998352553542,0.933333333333333,0.7,0.998463901689708,0.992445703493862,0.980392156862745,0.75,0.306501547987616,0.594405594405594,0.593967517401392,0.710953346855984,0.919642857142857,0.814814814814815,0.454545454545455,0.205882352941176,0.413793103448276,0.786127167630058,0.303571428571429,0.15,0.407407407407407,0.735714285714286,0.837037037037037,0.525,0.129032258064516,0.8,0.233695652173913,0.41025641025641,0.65625,0.2,0.363636363636364,0.288184438040346,0.732673267326733,0.833333333333333,0.546296296296296,0.538461538461538,0.225,0.862891207153502
"Lactobacillus_iners",0.0204081632653061,0.0769230769230769,0.0857142857142857,0.0740740740740741,0.171717171717172,0.0062111801242236,0.00688073394495413,0.0855614973262032,0.172972972972973,0.397058823529412,0.0697674418604651,0.15,0,0.0532319391634981,0.0909090909090909,0.133858267716535,0,0.05,0,0.0113636363636364,0.0555555555555556,0.0652173913043478,0.0258899676375405,0.131578947368421,0,0,0.1,0.0404040404040404,0.0526315789473684,0.0173160173160173,0.0256410256410256,0.075,0.1,0.147058823529412,0.909090909090909,0,0.0246913580246914,0.1,0.0192307692307692,0.108108108108108,0.0952380952380952,0.0333333333333333,0,0.0666666666666667,0,0,0.181818181818182,0.0254237288135593,0.0476190476190476,0.0357142857142857,0.15,0.2,0.3,0.0299625468164794,0,0,0.00833333333333333,0.0833333333333333,0.0109289617486339,0.00395256916996047,0,0,0.0296540362438221,0,0.0333333333333333,0.00230414746543779,0.0311614730878187,0.0196078431372549,0,0.086687306501548,0.0034965034965035,0.0116009280742459,0.0294117647058824,0.133928571428571,0.0222222222222222,0.0303030303030303,0.0294117647058824,0,0.00722543352601156,0.0357142857142857,0.025,0,0,0,0.025,0,0,0,0,0,0,0,0,0,0,0,0,0,0.0014903129657228
"Johnsonella_ignava",0.836734693877551,0.307692307692308,0.557142857142857,0.62962962962963,0.676767676767677,0.0745341614906832,0.772935779816514,0.197860962566845,0.118918918918919,0.198529411764706,0.488372093023256,0.8,0.651162790697674,0.224334600760456,0.181818181818182,0.779527559055118,1,0.45,0.733333333333333,0.681818181818182,0.722222222222222,0.760869565217391,0.155339805825243,0.473684210526316,0.192307692307692,0.125,0.4,0.0606060606060606,0.140350877192982,0.385281385281385,0.358974358974359,0.3875,0.8,0.573529411764706,0.613636363636364,0.5,0.481481481481481,0.15,0.653846153846154,0.594594594594595,0.619047619047619,0.653333333333333,0.277777777777778,0.711111111111111,0.619047619047619,0.75,0.363636363636364,0.254237288135593,0.880952380952381,0.821428571428571,0.45,0.228571428571429,0.3,0.194756554307116,0.333333333333333,0.383333333333333,0.441666666666667,0.5,0.26775956284153,0.268774703557312,0.874125874125874,0.127659574468085,0.264415156507413,0.333333333333333,0.8,0.666666666666667,0.774315391879131,0.705882352941177,0.166666666666667,0.213622291021672,0.353146853146853,0.382830626450116,0.0598377281947262,0.428571428571429,0.748148148148148,0.636363636363636,0.0882352941176471,0.206896551724138,0.589595375722543,0.25,0.075,0.444444444444444,0.0857142857142857,0.0592592592592593,0,0,0,0,0.00427350427350427,0.03125,0,0,0,0,0.208333333333333,0,0,0,0.341281669150522
"Lactobacillus_helveticus",0.0612244897959184,0.461538461538462,0.0714285714285714,0,0.0101010101010101,0.0124223602484472,0.0344036697247706,0.0481283422459893,0.0594594594594595,0.463235294117647,0.0232558139534884,0.15,0.0232558139534884,0.0342205323193916,0,0.196850393700787,0,0,0.0666666666666667,0.0227272727272727,0,0.0652173913043478,0.00647249190938511,0.0263157894736842,0.00549450549450549,0,0.3,0.0101010101010101,0,0.0432900432900433,0.128205128205128,0.3125,0.5,0.220588235294118,0,0.1,0.160493827160494,0,0.0769230769230769,0.108108108108108,0.19047619047619,0.0933333333333333,0,0.155555555555556,0,0.05,0,0.00847457627118644,0.0476190476190476,0.214285714285714,0.125,0.2,0.4,0.0149812734082397,0.523809523809524,0.0166666666666667,0.0416666666666667,0,0.00546448087431694,0.00527009222661397,0.020979020979021,0.0851063829787234,0.0304777594728171,0.133333333333333,0,0.0345622119815668,0.0396600566572238,0,0,0.0278637770897833,0.013986013986014,0.0301624129930394,0.00202839756592292,0.0446428571428571,0.525925925925926,0,0.0588235294117647,0,0.138728323699422,0.0535714285714286,0,0.037037037037037,0,0,0,0,0,0,0,0,0,0,0,0,0,0,0,0,0.0014903129657228
"Moryella_indoligenes",0.244897959183673,0.102564102564103,0.6,0.222222222222222,0.272727272727273,0,0.584862385321101,0.13903743315508,0.156756756756757,0.485294117647059,0,0.5,0.372093023255814,0.520912547528517,0.333333333333333,0.661417322834646,0.785714285714286,0,0.333333333333333,0.318181818181818,0.222222222222222,0.5,0.233009708737864,0.236842105263158,0.0934065934065934,0.625,0.5,0.161616161616162,0.421052631578947,0.614718614718615,0,0.1125,0.8,0.544117647058823,0.181818181818182,0.8,0.580246913580247,0.1,0.173076923076923,0.459459459459459,0.380952380952381,0.273333333333333,0.166666666666667,0.311111111111111,0.19047619047619,0.7,0.727272727272727,0.533898305084746,0.119047619047619,0,0.225,0.285714285714286,0.5,0.50187265917603,0,0.3,0.541666666666667,0.5,0,0,0,0.0851063829787234,0.605436573311367,0,0.333333333333333,0.626728110599078,0.802644003777148,0.254901960784314,0.5,0.337461300309598,0.342657342657343,0.359628770301624,0.108519269776876,0.392857142857143,0.592592592592593,0.575757575757576,0.235294117647059,0.344827586206897,0.59971098265896,0.375,0.375,0.518518518518518,0,0,0,0,0,0,0,0,0,0,0,0,0,0,0,0,0
"Pseudomonas_putida",0.0408163265306122,0.0512820512820513,0,0.148148148148148,0.272727272727273,0,0.00688073394495413,0.0374331550802139,0.027027027027027,0.00735294117647059,0.162790697674419,0,0.0232558139534884,0.00380228136882129,0.121212121212121,0.0551181102362205,0.357142857142857,0,0,0,0,0.326086956521739,0,0,0,0,0,0,0,0.00432900432900433,0,0.0125,0,0.0294117647058824,0.0909090909090909,0,0.0123456790123457,0,0.0769230769230769,0,0,0.00666666666666667,0.138888888888889,0.0444444444444444,0.0952380952380952,0.05,0.363636363636364,0.00847457627118644,0.0476190476190476,0.0357142857142857,0.05,0.0285714285714286,0.7,0,0.714285714285714,0.0833333333333333,0.0583333333333333,0,0.0273224043715847,0.0382081686429512,0.0104895104895105,0.51063829787234,0.256177924217463,0.266666666666667,0.0333333333333333,0.426267281105991,0.853635505193579,0.0588235294117647,0.0833333333333333,0.00619195046439629,0,0.00928074245939675,0.00405679513184584,0,0.0148148148148148,0,0.0294117647058824,0.0344827586206897,0.00289017341040462,0,0,0,0,0,0,0,0,0,0,0,0,0,0,0,0,0,0,0,0
"Stomatobaculum_longum",0.979591836734694,0.461538461538462,1,0.962962962962963,0.94949494949495,0.15527950310559,0.98394495412844,0.978609625668449,0.962162162162162,0.977941176470588,0.906976744186046,1,1,0.923954372623574,0.606060606060606,1,1,1,1,0.943181818181818,0.944444444444444,1,0.912621359223301,1,0.956043956043956,0.875,1,0.555555555555556,0.964912280701754,0.930735930735931,1,1,1,0.985294117647059,1,1,0.975308641975309,1,1,1,1,0.906666666666667,0.5,0.977777777777778,1,1,1,0.88135593220339,1,0.964285714285714,0.975,0.971428571428571,1,0.98501872659176,0.714285714285714,0.95,0.983333333333333,1,0.491803278688525,0.49802371541502,1,0.446808510638298,0.945634266886326,1,0.933333333333333,0.990783410138249,1,0.882352941176471,1,0.978328173374613,0.643356643356643,0.640371229698376,0.86105476673428,0.982142857142857,1,1,0.970588235294118,0.96551724137931,0.997109826589595,0.982142857142857,0.9,1,0.185714285714286,0.525925925925926,0.275,0.0967741935483871,0,0.0543478260869565,0.888888888888889,0.921875,0.75,1,0.296829971181556,0.455445544554455,0.75,0.314814814814815,0.519230769230769,0.6875,0.777943368107303
"Murdochiella_asaccharolytica",0.163265306122449,0.0512820512820513,0,0.0740740740740741,0.0505050505050505,0.0062111801242236,0.144495412844037,0,0.0108108108108108,0.00735294117647059,0,0.1,0.0697674418604651,0,0.0303030303030303,0.015748031496063,0.0714285714285714,0,0.133333333333333,0.0113636363636364,0.0555555555555556,0,0.00647249190938511,0,0,0,0,0,0,0,0.0256410256410256,0.0625,0,0.0147058823529412,0.0227272727272727,0,0,0,0.25,0.0810810810810811,0,0,0,0.0666666666666667,0.285714285714286,0,0.0909090909090909,0,0.0952380952380952,0.178571428571429,0.025,0.0285714285714286,0,0,0,0,0,0,0,0,0.020979020979021,0,0.000823723228995058,0,0,0.00691244239631336,0.0113314447592068,0,0,0.00309597523219814,0.0034965034965035,0.0116009280742459,0,0.0178571428571429,0.0148148148148148,0,0,0,0.0130057803468208,0,0.025,0,0,0,0,0,0,0,0,0,0,0,0,0,0,0,0,0,0
"Veillonella_caviae",0.122448979591837,0.0256410256410256,0.414285714285714,0.888888888888889,0.494949494949495,0,0.194954128440367,0,0,0.191176470588235,0.325581395348837,0.35,0.0697674418604651,0.262357414448669,0.393939393939394,0.141732283464567,0.5,0.55,0,0.488636363636364,0.722222222222222,1,0.0258899676375405,0.789473684210526,0.0274725274725275,0,0.6,0.0909090909090909,0.175438596491228,0.541125541125541,0.230769230769231,0.2375,0.7,0.367647058823529,0.363636363636364,0.5,0.975308641975309,0,0,0.27027027027027,0.285714285714286,0.0733333333333333,0,0.266666666666667,0.285714285714286,0,0.636363636363636,0.593220338983051,0.714285714285714,0.75,0.025,0,0.1,0.269662921348315,0,0.25,0.191666666666667,0.25,0.0382513661202186,0.0843214756258235,0.0769230769230769,0.234042553191489,0.767710049423394,0.0666666666666667,0.2,0.947004608294931,0.650613786591124,0.156862745098039,0.666666666666667,0.0278637770897833,0.0804195804195804,0.0974477958236659,0.00304259634888438,0.428571428571429,0.8,0.333333333333333,0.470588235294118,0.448275862068966,0.695086705202312,0.321428571428571,0.375,0,0,0,0,0,0,0,0,0,0,0,0,0,0,0,0,0,0
"Actinobaculum_schaalii",0,0,0.0571428571428571,0.037037037037037,0,0.0062111801242236,0.00229357798165138,0,0,0.00735294117647059,0.0232558139534884,0,0.0232558139534884,0,0,0,0,0,0,0,0,0.0434782608695652,0,0.105263157894737,0,0,0,0,0,0,0.0512820512820513,0.05,0,0,0.0909090909090909,0,0.0740740740740741,0,0,0.756756756756757,0.714285714285714,0,0,0,0,0.05,0,0,0,0,0.05,0,0,0,0,0,0.00833333333333333,0.0833333333333333,0,0,0,0,0,0,0,0.065284178187404,0.0604343720491029,0.0784313725490196,0,0.00619195046439629,0.0174825174825175,0.0185614849187935,0,0.0535714285714286,0.155555555555556,0.151515151515152,0,0,0.0447976878612717,0,0,0,0,0,0,0,0,0,0,0,0,0,0,0,0,0,0,0,0
"Gemmiger_formicilis",0,0.0256410256410256,0,0,0.585858585858586,0,0,0,0,0.147058823529412,0,0,0,0.00380228136882129,0.272727272727273,0.031496062992126,0,0,0,0.102272727272727,0.166666666666667,0,0,0,0,0,0,0.121212121212121,0.333333333333333,0.12987012987013,0,0,0.9,0.161764705882353,0,0.1,0.54320987654321,0,0.0961538461538462,0,0,0.306666666666667,0,0.0222222222222222,0,0.6,0,0,0.0476190476190476,0.0357142857142857,0,0,0,0.00374531835205993,0,0.116666666666667,0.0666666666666667,0,0,0,0.108391608391608,0.0851063829787234,0.0271828665568369,0.733333333333333,0.433333333333333,0.00230414746543779,0.00188857412653447,0.0196078431372549,0.166666666666667,0.00928792569659443,0.0034965034965035,0.00232018561484919,0,0.928571428571429,0.903703703703704,0,0.117647058823529,0.0689655172413793,0.117052023121387,0,0,0.37037037037037,0,0.00740740740740741,0,0,0,0,0,0,0,0,0,0,0,0,0,0,0
"Roseburia_hominis",0,0.0256410256410256,0,0,0.141414141414141,0,0,0,0,0.00735294117647059,0,0,0,0,0.0909090909090909,0.0551181102362205,0,0,0,0.125,0.222222222222222,0,0,0,0,0,0,0,0.0350877192982456,0.0995670995670996,0,0,0.2,0.0441176470588235,0,0,0.148148148148148,0,0.0384615384615385,0,0,0.12,0,0.0444444444444444,0,0,0,0.0254237288135593,0.0238095238095238,0,0,0,0,0,0,0.0166666666666667,0,0,0,0,0.00699300699300699,0,0.0107084019769358,0.266666666666667,0.133333333333333,0,0,0,0.0833333333333333,0.00309597523219814,0,0.00232018561484919,0.00101419878296146,0.330357142857143,0.177777777777778,0,0.0294117647058824,0,0.023121387283237,0,0,0.0740740740740741,0,0.0222222222222222,0,0,0,0,0,0,0,0,0,0,0,0,0,0,0
"Eubacterium_coprostanoligenes",0,0.0256410256410256,0,0.222222222222222,0.373737373737374,0,0,0,0.00540540540540541,0.139705882352941,0.0232558139534884,0.1,0,0,0.212121212121212,0.094488188976378,0,0.05,0,0.238636363636364,0.277777777777778,0,0,0,0,0,0,0.0909090909090909,0.245614035087719,0.038961038961039,0,0,0.8,0.0441176470588235,0.204545454545455,0.3,0.135802469135802,0,0.0576923076923077,0,0,0.446666666666667,0,0.0666666666666667,0,0.3,0,0.101694915254237,0.0238095238095238,0.0357142857142857,0,0,0,0,0,0.0166666666666667,0.0416666666666667,0,0,0,0.00699300699300699,0.0425531914893617,0.0354200988467875,0.8,0.2,0.00307219662058372,0.00472143531633617,0.0196078431372549,0.166666666666667,0.00619195046439629,0,0.00232018561484919,0.00202839756592292,0.553571428571429,0.474074074074074,0,0.117647058823529,0.0689655172413793,0.0895953757225433,0,0,0.222222222222222,0,0,0,0,0,0,0,0,0,0,0,0,0,0,0,0,0
"Bacteroides_plebeius",0,0.153846153846154,0,0.259259259259259,0.313131313131313,0,0,0,0,0.566176470588235,0,0,0,0,0.0606060606060606,0.149606299212598,0,0.5,0,0.125,0.222222222222222,0,0,0.0526315789473684,0,0,0,0.0505050505050505,0,0.220779220779221,0,0,1,0.0294117647058824,0.0227272727272727,0.1,0.62962962962963,0,0.0576923076923077,0,0,0.0533333333333333,0.0277777777777778,0.111111111111111,0,0.95,0,0,0,0,0,0,0,0,0.0476190476190476,0.15,0.125,0,0,0.00131752305665349,0.101398601398601,0.0212765957446809,0.0181219110378913,0.0666666666666667,0.266666666666667,0.00384024577572965,0.0028328611898017,0,0.0833333333333333,0.00928792569659443,0.0104895104895105,0.00696055684454756,0.00101419878296146,0.973214285714286,0.896296296296296,0,0.0882352941176471,0.103448275862069,0.228323699421965,0,0,0.444444444444444,0.00714285714285714,0,0,0,0,0,0,0,0,0,0,0,0,0,0,0,0.0014903129657228
"Bacteroides_vulgatus",0,0.58974358974359,0,0.333333333333333,0.707070707070707,0,0,0,0.00540540540540541,0.566176470588235,0.0697674418604651,0.1,0,0.0152091254752852,0.333333333333333,0.188976377952756,0,1,0,0.590909090909091,0.777777777777778,0.0434782608695652,0.00323624595469256,0.0526315789473684,0,0.125,0,0.515151515151515,0.315789473684211,0.229437229437229,0,0,1,0.235294117647059,0.772727272727273,0.9,0.827160493827161,0,0.153846153846154,0,0,0.433333333333333,0,0.288888888888889,0,1,0.0909090909090909,0.491525423728814,0.0714285714285714,0.107142857142857,0,0.0285714285714286,0.4,0.00374531835205993,0,0.25,0.183333333333333,0,0,0,0.0769230769230769,0.0212765957446809,0.110378912685338,0.8,0.766666666666667,0.135944700460829,0.313503305004721,0.0196078431372549,0.333333333333333,0.0185758513931889,0.00699300699300699,0.00232018561484919,0.00709939148073022,0.991071428571429,0.903703703703704,0.0606060606060606,0.5,0.413793103448276,0.315028901734104,0,0,0.851851851851852,0,0,0,0,0,0,0,0,0,0,0,0.0099009900990099,0,0,0.125,0,0
"Fusobacterium_necrophorum",0,0.0769230769230769,0.114285714285714,0.259259259259259,0.111111111111111,0.0372670807453416,0.00458715596330275,0.0213903743315508,0.0216216216216216,0.00735294117647059,0.0465116279069767,0,0,0.0342205323193916,0.0303030303030303,0.220472440944882,0,0.05,0.0666666666666667,0.0795454545454545,0.0555555555555556,0.108695652173913,0.0517799352750809,0.131578947368421,0,0,0.1,0,0.0350877192982456,0.207792207792208,0.205128205128205,0.2375,0.1,0.0588235294117647,0.227272727272727,0.1,0.148148148148148,0.3,0.0384615384615385,0.0540540540540541,0.142857142857143,0.00666666666666667,0,0,0.0476190476190476,0.05,0.0909090909090909,0.00847457627118644,0,0.0357142857142857,0.15,0.0857142857142857,0,0.161048689138577,0.142857142857143,0.0166666666666667,0.00833333333333333,0.166666666666667,0.0109289617486339,0.0144927536231884,0,0,0.0370675453047776,0,0,0.259600614439324,0.242681775259679,0,0.0833333333333333,0.0247678018575851,0.0034965034965035,0.0255220417633411,0.0162271805273834,0.0714285714285714,0.0888888888888889,0.0303030303030303,0.0294117647058824,0.0344827586206897,0.0346820809248555,0.0178571428571429,0.025,0,0.00714285714285714,0,0,0,0,0.00543478260869565,0,0.015625,0,0,0,0,0.0833333333333333,0,0.0576923076923077,0,0.00596125186289121
"Streptococcus_uberis",0,0.128205128205128,0.314285714285714,0.037037037037037,0,0,0.00229357798165138,0,0,0.00735294117647059,0,0,0,0.216730038022814,0.121212121212121,0,0.142857142857143,0,0,0,0,0.0217391304347826,0.00647249190938511,0,0.00549450549450549,0,0,0,0.0175438596491228,0.121212121212121,0,0,0,0.0588235294117647,0,0.1,0.0617283950617284,0,0,0,0,0.00666666666666667,0.0277777777777778,0,0,0,0.181818181818182,0.186440677966102,0,0,0.075,0.0285714285714286,0,0.161048689138577,0.142857142857143,0,0.05,0,0,0,0.034965034965035,0.148936170212766,0.00329489291598023,0,0,0.0399385560675883,0.04438149197356,0.0196078431372549,0,0,0.020979020979021,0.0139211136890951,0,0.0714285714285714,0.037037037037037,0.151515151515152,0.0882352941176471,0.137931034482759,0.0751445086705202,0.0892857142857143,0.125,0,0,0,0,0,0,0,0,0,0,0,0,0,0,0,0,0,0
"Turicibacter_sanguinis",0,0,0,0.0740740740740741,0.141414141414141,0,0,0,0,0.0955882352941176,0,0,0,0,0.242424242424242,0.015748031496063,0,0.05,0,0.0113636363636364,0,0,0.087378640776699,0,0,0,0,0.0202020202020202,0.0175438596491228,0.0173160173160173,0,0,0.3,0.264705882352941,0.568181818181818,0.1,0.0864197530864197,0,0.0769230769230769,0,0,0.426666666666667,0,0.0666666666666667,0,0.1,0,0,0,0,0,0,0.8,0,0.0952380952380952,0,0,0,0,0,0.027972027972028,0,0.0313014827018122,0.133333333333333,0.1,0,0.000944287063267233,0,0.166666666666667,0.00619195046439629,0,0,0.00101419878296146,0.258928571428571,0.192592592592593,0,0,0.0344827586206897,0.0433526011560694,0,0,0.777777777777778,0.00714285714285714,0,0,0,0,0,0,0,0,0,0,0,0,0,0,0,0
"Dialister_succinatiphilus",0,0.0769230769230769,0.0857142857142857,0.259259259259259,0.121212121212121,0,0.0756880733944954,0,0.00540540540540541,0.161764705882353,0.116279069767442,0,0.0697674418604651,0.0342205323193916,0.0909090909090909,0.133858267716535,0,0,0,0.125,0.277777777777778,0.0652173913043478,0.00323624595469256,0.0263157894736842,0,0,0.3,0.0101010101010101,0.192982456140351,0.0649350649350649,0,0.05,0.7,0.397058823529412,0,0.1,0.197530864197531,0,0.0769230769230769,0.0540540540540541,0,0.0133333333333333,0,0.0222222222222222,0,0,0.272727272727273,0.0423728813559322,0.428571428571429,0.571428571428571,0.1,0.257142857142857,0,0.0224719101123595,0,0.0333333333333333,0.0583333333333333,0,0.00546448087431694,0.00527009222661397,0,0.0638297872340425,0.0658978583196046,1,0.133333333333333,0.0576036866359447,0.0434372049102927,0,0.166666666666667,0.0588235294117647,0.0034965034965035,0.0162412993039443,0.00101419878296146,0.589285714285714,0.807407407407407,0,0.147058823529412,0.172413793103448,0.0939306358381503,0.160714285714286,0.05,0.185185185185185,0,0,0,0,0,0,0,0,0,0,0,0,0,0,0,0,0
"Bacteroides_uniformis",0,0.179487179487179,0,0.0740740740740741,0.575757575757576,0,0,0,0.0108108108108108,0.235294117647059,0.0465116279069767,0.05,0,0,0.272727272727273,0.125984251968504,0,0.75,0,0.227272727272727,0.333333333333333,0,0.00647249190938511,0.0526315789473684,0,0,0,0.212121212121212,0.175438596491228,0.238095238095238,0,0.0125,1,0.0294117647058824,0.0681818181818182,0.9,0.839506172839506,0,0.0961538461538462,0,0,0.06,0,0.2,0,0.5,0.0909090909090909,0.338983050847458,0,0,0,0.0285714285714286,0.4,0.0112359550561798,0,0.183333333333333,0.116666666666667,0,0,0,0.0804195804195804,0,0.0807248764415156,0.333333333333333,0.4,0.00537634408602151,0.0028328611898017,0,0.583333333333333,0.00928792569659443,0.00699300699300699,0.0116009280742459,0.00405679513184584,0.928571428571429,0.903703703703704,0.0909090909090909,0.176470588235294,0.137931034482759,0.261560693641618,0,0,0.703703703703704,0,0,0,0,0,0,0,0,0,0,0,0,0,0,0.0192307692307692,0,0.0014903129657228
"Flavonifractor_plautii",0,0.333333333333333,0,0.444444444444444,0.636363636363636,0,0.00688073394495413,0,0,0.117647058823529,0,0.05,0,0,0.151515151515152,0.149606299212598,0.0714285714285714,0.2,0,0.0454545454545455,0,0,0.00323624595469256,0.0263157894736842,0,0,0,0.0404040404040404,0.0350877192982456,0.00432900432900433,0,0.0375,1,0.102941176470588,0.568181818181818,0.6,0.185185185185185,0,0.0576923076923077,0,0,0.0466666666666667,0,0.266666666666667,0.19047619047619,0.65,0.0909090909090909,0.110169491525424,0.0238095238095238,0.0714285714285714,0.075,0,0.1,0,0,0.0833333333333333,0.0666666666666667,0,0,0,0.0314685314685315,0,0.0535420098846787,0.666666666666667,0.1,0.000768049155145929,0.0028328611898017,0.0196078431372549,0.666666666666667,0.00309597523219814,0,0,0.00101419878296146,0.821428571428571,0.837037037037037,0.0303030303030303,0.147058823529412,0.172413793103448,0.177745664739884,0,0,0.444444444444444,0,0,0,0,0,0,0,0,0,0,0,0,0,0,0,0,0
"Parabacteroides_merdae",0,0.205128205128205,0,0.148148148148148,0.383838383838384,0,0,0,0,0.0808823529411765,0.0232558139534884,0,0.0232558139534884,0,0.212121212121212,0.078740157480315,0,0.2,0,0.159090909090909,0.277777777777778,0,0,0.0263157894736842,0,0,0,0.0303030303030303,0.0526315789473684,0.19047619047619,0,0,1,0,0.0454545454545455,0.3,0.358024691358025,0,0.0384615384615385,0,0,0.14,0,0.0666666666666667,0,0.4,0,0.110169491525424,0,0.0357142857142857,0,0,0.3,0,0,0,0.0166666666666667,0,0.00546448087431694,0.00131752305665349,0.0314685314685315,0,0.0477759472817133,0.533333333333333,0.266666666666667,0.00537634408602151,0.0028328611898017,0,0.25,0.00928792569659443,0.00699300699300699,0,0.00101419878296146,0.723214285714286,0.637037037037037,0.0303030303030303,0.147058823529412,0.0689655172413793,0.226878612716763,0,0,0.740740740740741,0,0,0,0,0,0,0,0,0,0,0,0,0,0,0,0,0
"Ruminococcus_gnavus",0,0.538461538461538,0,0,0.313131313131313,0,0,0,0,0.125,0.0465116279069767,0,0,0,0.0606060606060606,0.062992125984252,0,0,0,0.318181818181818,0.555555555555556,0,0,0,0,0,0,0.0303030303030303,0.508771929824561,0.00865800865800866,0,0,0.7,0.220588235294118,0,0,0.555555555555556,0,0.0576923076923077,0,0,0.133333333333333,0,0.0888888888888889,0,0.6,0.181818181818182,0.0254237288135593,0,0,0,0.0285714285714286,0,0.0112359550561798,0,0.183333333333333,0.075,0,0,0.00131752305665349,0.0384615384615385,0,0.0197693574958814,0.6,0.166666666666667,0,0.0028328611898017,0,0.333333333333333,0.00309597523219814,0,0,0,0.946428571428571,0.37037037037037,0.0606060606060606,0.117647058823529,0.172413793103448,0.13728323699422,0,0,0.555555555555556,0,0,0,0,0,0,0,0,0,0,0,0,0,0,0,0,0
"Coprococcus_eutactus",0,0.102564102564103,0,0.148148148148148,0.444444444444444,0,0,0,0.00540540540540541,0.0882352941176471,0.0232558139534884,0.05,0,0,0.181818181818182,0.0551181102362205,0,0.1,0,0.522727272727273,0.444444444444444,0,0.00323624595469256,0,0,0,0,0.0505050505050505,0.140350877192982,0,0,0,0.9,0.0294117647058824,0.0227272727272727,0.4,0.185185185185185,0,0.0192307692307692,0,0,0.726666666666667,0,0,0,0.15,0,0,0.0238095238095238,0,0,0,0,0,0,0.0333333333333333,0.05,0,0,0,0.0314685314685315,0.0425531914893617,0.0107084019769358,0.533333333333333,0.333333333333333,0.00384024577572965,0.000944287063267233,0.0196078431372549,0.25,0.00928792569659443,0.0034965034965035,0,0,0.669642857142857,0.348148148148148,0,0.0882352941176471,0.0344827586206897,0.0635838150289017,0,0,0.111111111111111,0,0.0222222222222222,0,0,0,0,0,0,0,0,0,0,0,0,0,0,0.0014903129657228
"Pseudomonas_fluorescens",0,0.0512820512820513,0.0571428571428571,0.148148148148148,0.777777777777778,0,0,0.0053475935828877,0,0.00735294117647059,0.0232558139534884,0,0,0.0456273764258555,0.151515151515152,0.0078740157480315,0,0,0,0,0,0.0217391304347826,0.00323624595469256,0.0263157894736842,0,0,0,0,0.140350877192982,0.00865800865800866,0,0,0,0.264705882352941,0,0.1,0,0.15,0.115384615384615,0,0,0.00666666666666667,0.0555555555555556,0.244444444444444,0,0.05,0.181818181818182,0,0.0476190476190476,0.0357142857142857,0.125,0.0571428571428571,0,0,0.714285714285714,0,0,0,0.0109289617486339,0.0184453227931489,0,0.51063829787234,0.056836902800659,0,0.0333333333333333,0.00614439324116743,0.427762039660057,0,0,0,0.0034965034965035,0.00232018561484919,0.00101419878296146,0,0.0148148148148148,0,0,0,0.00722543352601156,0,0,0,0,0,0,0,0,0,0,0,0,0,0,0,0,0,0,0,0
"Ruminococcus_bromii",0,0,0,0.407407407407407,0.545454545454545,0,0,0,0,0.176470588235294,0.0232558139534884,0.1,0,0,0.333333333333333,0.102362204724409,0,0.4,0,0.375,0.444444444444444,0,0.00323624595469256,0,0,0,0,0.0707070707070707,0.789473684210526,0.173160173160173,0,0.0125,1,0.205882352941176,0.318181818181818,0.8,0.469135802469136,0,0.0192307692307692,0,0,0.706666666666667,0,0.0888888888888889,0,0.95,0.181818181818182,0.567796610169492,0,0,0,0,0,0.00749063670411985,0.0476190476190476,0.0666666666666667,0.1,0,0,0,0.0699300699300699,0.0638297872340425,0.0395387149917628,0.466666666666667,0.433333333333333,0.00230414746543779,0.0084985835694051,0,0.583333333333333,0.00619195046439629,0.0034965034965035,0.00232018561484919,0.00202839756592292,0.901785714285714,0.911111111111111,0,0.147058823529412,0.137931034482759,0.145953757225434,0,0,0.925925925925926,0,0,0,0,0,0,0,0,0,0,0,0,0,0,0,0,0.0014903129657228
"Lactobacillus_casei",0,0.512820512820513,0.128571428571429,0.037037037037037,0.616161616161616,0,0.0114678899082569,0.053475935828877,0.0594594594594595,0,0.186046511627907,0,0,0.00760456273764259,0.0606060606060606,0.0236220472440945,0.0714285714285714,0,0.0666666666666667,0,0,0.0652173913043478,0,0.0263157894736842,0,0,0.1,0.111111111111111,0,0.0346320346320346,0.0256410256410256,0.0375,0,0.0294117647058824,0.0454545454545455,0,0.222222222222222,0,0,0.027027027027027,0.0952380952380952,0,0,0.0666666666666667,0.0476190476190476,0.7,0.0909090909090909,0.0254237288135593,0,0,0.025,0.2,0,0.00374531835205993,0.0476190476190476,0.0166666666666667,0.0166666666666667,0,0.00546448087431694,0.00131752305665349,0,0.106382978723404,0.0057660626029654,0.0666666666666667,0.0333333333333333,0.0721966205837174,0.130311614730878,0,0,0.00619195046439629,0.0104895104895105,0.0116009280742459,0.00405679513184584,0.0803571428571429,0.133333333333333,0.0909090909090909,0.117647058823529,0.0344827586206897,0.0910404624277457,0.125,0.2,0.0740740740740741,0,0,0,0,0,0,0,0,0,0,0,0,0,0,0,0,0
"Anaerostipes_hadrus",0,0.128205128205128,0,0,0.434343434343434,0,0,0.0053475935828877,0,0.0441176470588235,0.255813953488372,0,0,0,0.242424242424242,0.0708661417322835,0,0.4,0,0.136363636363636,0.0555555555555556,0,0,0,0,0,0,0.0909090909090909,0.350877192982456,0.16017316017316,0,0,0.8,0.147058823529412,0,0.3,0.493827160493827,0,0.0769230769230769,0,0,0.273333333333333,0,0.0222222222222222,0,0.35,0,0,0.0238095238095238,0.0714285714285714,0,0,0,0.0112359550561798,0,0,0.0166666666666667,0,0,0,0.143356643356643,0.0212765957446809,0.0370675453047776,0.2,0.233333333333333,0.00153609831029186,0.00472143531633617,0,0.583333333333333,0.00309597523219814,0,0,0.00101419878296146,0.973214285714286,0.42962962962963,0.0606060606060606,0.147058823529412,0.0689655172413793,0.15028901734104,0,0,0.851851851851852,0,0,0,0,0,0,0,0,0,0,0,0,0,0,0,0,0
"Actinomyces_funkei",0,0,0.414285714285714,0.111111111111111,0.0505050505050505,0,0.0412844036697248,0.0160427807486631,0.0108108108108108,0.125,0.0232558139534884,0.25,0.0232558139534884,0,0,0,0.142857142857143,0,0,0,0,0.217391304347826,0,0,0.010989010989011,0,0,0.0303030303030303,0,0,0.256410256410256,0.2625,0.2,0.0441176470588235,0,0,0.148148148148148,0,0.0576923076923077,0,0.0476190476190476,0,0,0.0222222222222222,0.142857142857143,0.15,0,0.00847457627118644,0.0476190476190476,0.0357142857142857,0.05,0,0,0.00749063670411985,0,0.1,0.183333333333333,0.25,0,0,0,0,0.00741350906095552,0.0666666666666667,0,0.227342549923195,0.17752596789424,0.0784313725490196,0,0,0.048951048951049,0.0278422273781903,0,0.107142857142857,0.392592592592593,0.151515151515152,0.0294117647058824,0.0344827586206897,0.0664739884393064,0,0,0,0.00714285714285714,0,0,0,0,0,0,0,0,0,0,0,0,0,0,0,0
"Bacillus_subtilis",0,0.153846153846154,0.0571428571428571,0.0740740740740741,0.0101010101010101,0,0.0160550458715596,0,0,0.00735294117647059,0.0232558139534884,0,0,0,0,0.015748031496063,0,0,0,0,0,0.0217391304347826,0,0.0263157894736842,0.115384615384615,0,0,0.0101010101010101,0,0.00432900432900433,0,0,0,0.0588235294117647,0.0681818181818182,0,0.0987654320987654,0,0.0384615384615385,0,0,0,0.0555555555555556,0.288888888888889,0,0.6,0,0.0847457627118644,0,0,0,0,0.5,0,0.333333333333333,0,0,0,0,0,0.0034965034965035,0.276595744680851,0.0321252059308072,0,0,0.00614439324116743,0.0321057601510859,0.0196078431372549,0.0833333333333333,0.00619195046439629,0.013986013986014,0.00464037122969838,0,0.00892857142857143,0.0222222222222222,0.0606060606060606,0.0294117647058824,0.0344827586206897,0.0202312138728324,0,0,0,0.00714285714285714,0,0,0,0,0,0,0,0,0,0,0,0,0,0,0,0
"Peptostreptococcus_anaerobius",0,0.230769230769231,0.285714285714286,0.62962962962963,0.262626262626263,0,0.0298165137614679,0.0053475935828877,0.0162162162162162,0.272058823529412,0.0697674418604651,0.15,0,0.0114068441064639,0,0.0551181102362205,1,0.2,0,0.295454545454545,0.222222222222222,0.326086956521739,0.00323624595469256,0.184210526315789,0.0274725274725275,0,0,0.0202020202020202,0.0350877192982456,0.00865800865800866,0.205128205128205,0.175,0.6,0.0882352941176471,0,0,0.654320987654321,0,0,0.135135135135135,0.0476190476190476,0,0,0.0444444444444444,0.238095238095238,0.05,0.0909090909090909,0.0338983050847458,0.238095238095238,0.214285714285714,0,0.0285714285714286,0,0.0262172284644195,0,0.2,0.35,0.416666666666667,0.00546448087431694,0.0144927536231884,0,0,0.0395387149917628,0.133333333333333,0.0333333333333333,0.202764976958525,0.248347497639282,0.0392156862745098,0.0833333333333333,0.021671826625387,0.0839160839160839,0.0556844547563805,0.0050709939148073,0.205357142857143,0.6,0.484848484848485,0.0294117647058824,0,0.608381502890173,0.0178571428571429,0,0,0,0,0,0,0,0,0,0,0,0,0,0,0,0,0,0,0.0029806259314456
"Lactobacillus_amylovorus",0,0.0256410256410256,0,0,0,0,0.00229357798165138,0.0320855614973262,0.0486486486486487,0,0.0465116279069767,0,0,0.0456273764258555,0,0.118110236220472,0,0,0,0,0,0.108695652173913,0.0161812297734628,0,0,0,0.2,0,0.087719298245614,0,0.0256410256410256,0.1875,0.1,0.0441176470588235,0,0,0.0246913580246914,0.05,0,0,0.0952380952380952,0,0,0,0,0.05,0,0.00847457627118644,0.0238095238095238,0.178571428571429,0.225,0.2,0,0,0,0,0,0,0,0.00395256916996047,0,0,0.00741350906095552,0,0,0.0192012288786482,0.0207743153918791,0,0,0.021671826625387,0.0034965034965035,0.00464037122969838,0,0.0446428571428571,0.0518518518518519,0,0.117647058823529,0,0.0563583815028902,0.0714285714285714,0.075,0,0,0,0,0,0,0,0,0,0,0,0,0,0,0,0,0,0
"Lactobacillus_rhamnosus",0,0.307692307692308,0.0285714285714286,0,0.101010101010101,0,0.00229357798165138,0.0320855614973262,0.0324324324324324,0,0.0697674418604651,0,0,0,0.151515151515152,0.015748031496063,0,0,0,0,0,0.0217391304347826,0.00647249190938511,0,0,0,0,0.111111111111111,0,0.0173160173160173,0.0256410256410256,0.0625,0,0.0147058823529412,0,0,0,0,0,0,0.0952380952380952,0.00666666666666667,0,0,0.0952380952380952,0,0.363636363636364,0.0423728813559322,0,0,0.075,0.0857142857142857,0,0.00374531835205993,0,0,0,0,0.00546448087431694,0.00395256916996047,0,0.0638297872340425,0.00658978583196046,0,0,0.0307219662058372,0.0491029272898961,0,0,0.0123839009287926,0.0174825174825175,0.00696055684454756,0.00202839756592292,0.0446428571428571,0.0518518518518519,0.0303030303030303,0.264705882352941,0.206896551724138,0.0765895953757225,0.107142857142857,0.1,0.0740740740740741,0,0,0,0,0,0,0.0256410256410256,0,0,0.0909090909090909,0,0,0,0,0,0.00625,0
"Neisseria_perflava",0,0,0,0,0,0.304347826086957,0,0,0,0,0.0232558139534884,0,0,0,0,0.0078740157480315,0,0,0,0,0,0.0217391304347826,0,0,0,0,0,0,0,0,0.0256410256410256,0.0125,0,0.0294117647058824,0,0,0,0,0,0,0,0,0,0,0,0,0,0,0,0,0.025,0,0,0.00749063670411985,0,0,0,0,0,0.00131752305665349,0,0,0.0057660626029654,0,0,0.00691244239631336,0.00755429650613787,0.0196078431372549,0,0,0.00699300699300699,0.00232018561484919,0.00405679513184584,0,0,0,0,0,0.00578034682080925,0,0,0,0,0.333333333333333,0.075,0.145161290322581,0.2,0.0597826086956522,0.175213675213675,0.046875,0.3,0.272727272727273,0.0518731988472622,0.316831683168317,0.458333333333333,0.0740740740740741,0.153846153846154,0.11875,0.709388971684054
"Blautia_luti",0,0.512820512820513,0,0.037037037037037,0.363636363636364,0,0,0.0053475935828877,0,0.0882352941176471,0,0,0,0,0.212121212121212,0.0393700787401575,0,0.15,0,0.0909090909090909,0.0555555555555556,0,0,0,0,0,0,0.0909090909090909,0.456140350877193,0.125541125541126,0,0,0.7,0.0588235294117647,0,0.5,0.185185185185185,0,0.0384615384615385,0,0,0.626666666666667,0,0.0222222222222222,0,0.55,0,0.0254237288135593,0.0476190476190476,0.0357142857142857,0,0.0285714285714286,0,0.00749063670411985,0,0,0.0333333333333333,0,0,0,0.0629370629370629,0.0212765957446809,0.0313014827018122,0.6,0.366666666666667,0.00307219662058372,0.000944287063267233,0,0.416666666666667,0.00619195046439629,0,0,0.00202839756592292,0.973214285714286,0.288888888888889,0,0.117647058823529,0.103448275862069,0.13150289017341,0,0,0.851851851851852,0,0,0,0,0,0,0,0,0,0,0,0,0,0,0,0,0
"Eubacterium_hallii",0,0.435897435897436,0,0.037037037037037,0.303030303030303,0,0,0,0,0.0588235294117647,0.0697674418604651,0,0,0,0.181818181818182,0.0393700787401575,0,0.65,0,0.147727272727273,0.388888888888889,0,0,0,0,0,0,0.0707070707070707,0.368421052631579,0.164502164502165,0,0,0.6,0.0294117647058824,0,0.7,0.54320987654321,0,0.0769230769230769,0,0,0.373333333333333,0,0,0,0.25,0.0909090909090909,0.0847457627118644,0.0476190476190476,0.0714285714285714,0,0.0285714285714286,0.3,0,0,0,0.0333333333333333,0,0,0,0.0699300699300699,0.0212765957446809,0.0304777594728171,0.2,0.4,0.00460829493087558,0,0.0392156862745098,0.583333333333333,0.00619195046439629,0.0034965034965035,0.00464037122969838,0.00101419878296146,0.883928571428571,0.57037037037037,0,0.0294117647058824,0.0344827586206897,0.176300578034682,0,0,0.925925925925926,0,0,0,0,0,0,0,0,0,0,0,0,0,0,0,0,0
"Roseburia_faecis",0,0.0256410256410256,0,0.0740740740740741,0.414141414141414,0,0,0,0,0.0735294117647059,0.0697674418604651,0,0,0,0.0303030303030303,0.0551181102362205,0,0.2,0,0.0795454545454545,0.222222222222222,0,0,0,0,0,0,0.0202020202020202,0.105263157894737,0.0995670995670996,0,0,0.3,0.0441176470588235,0.0227272727272727,0.3,0.197530864197531,0,0.0576923076923077,0,0,0.506666666666667,0,0.0444444444444444,0,0.25,0,0.169491525423729,0.0476190476190476,0.0357142857142857,0,0,0,0,0,0.0333333333333333,0.0333333333333333,0,0,0.00131752305665349,0,0.0425531914893617,0.0107084019769358,0.4,0.133333333333333,0.00230414746543779,0,0,0.0833333333333333,0.00309597523219814,0,0.00232018561484919,0.00202839756592292,0.741071428571429,0.437037037037037,0,0.0588235294117647,0.0344827586206897,0.0679190751445087,0,0,0.333333333333333,0,0.0296296296296296,0,0,0,0,0,0,0,0,0,0,0,0,0,0,0
"Peptostreptococcus_russellii",0,0,0.0857142857142857,0.518518518518518,0.222222222222222,0,0.00917431192660551,0,0,0.0441176470588235,0,0.05,0,0.00760456273764259,0,0,0.0714285714285714,0,0,0,0,0.195652173913043,0.00647249190938511,0.0263157894736842,0.010989010989011,0,0,0,0,0,0.0769230769230769,0.05,0.1,0.0147058823529412,0,0,0.333333333333333,0,0,0,0,0,0,0.0222222222222222,0,0,0,0,0.0238095238095238,0.0357142857142857,0,0.0285714285714286,0,0,0,0,0.0333333333333333,0.25,0,0,0,0,0.00247116968698517,0,0,0.0937019969278034,0.114258734655335,0,0.0833333333333333,0,0.013986013986014,0.0116009280742459,0,0.0625,0.266666666666667,0.121212121212121,0,0,0.30635838150289,0,0,0,0,0,0,0,0,0,0,0,0,0,0,0,0,0,0,0,0
"Dorea_longicatena",0,0.461538461538462,0,0.0740740740740741,0.313131313131313,0,0,0,0,0.0808823529411765,0,0,0,0,0.0909090909090909,0.0551181102362205,0,0.05,0,0.363636363636364,0.444444444444444,0,0,0,0,0,0,0.121212121212121,0.403508771929825,0.0952380952380952,0,0,0.7,0.220588235294118,0,0.5,0.234567901234568,0,0.0961538461538462,0,0,0.713333333333333,0,0.0666666666666667,0,0.55,0,0,0,0.107142857142857,0,0,0,0.00749063670411985,0,0,0.05,0,0,0,0.0594405594405594,0.0425531914893617,0.0321252059308072,0.866666666666667,0.266666666666667,0.00307219662058372,0.000944287063267233,0.0196078431372549,0.5,0.0123839009287926,0,0,0,0.9375,0.6,0.0303030303030303,0.117647058823529,0.103448275862069,0.144508670520231,0,0,0.888888888888889,0,0.00740740740740741,0,0,0,0,0,0,0,0,0,0,0,0,0,0,0
"Bifidobacterium_breve",0,0.461538461538462,0.0142857142857143,0,0.0303030303030303,0,0.00458715596330275,0.0374331550802139,0.0594594594594595,0.0441176470588235,0,0,0,0.0152091254752852,0.0303030303030303,0,0,0,0,0,0,0,0,0,0,0,0,0.0707070707070707,0.0175438596491228,0,0,0.025,0,0.220588235294118,0.0227272727272727,0,0.0246913580246914,0,0,0.108108108108108,0.0952380952380952,0.02,0,0,0,0.05,0,0.110169491525424,0.0238095238095238,0.0357142857142857,0.225,0.2,0,0,0,0,0.0333333333333333,0,0,0,0,0,0.00329489291598023,0.0666666666666667,0,0.00537634408602151,0.0207743153918791,0.0196078431372549,0,0,0,0.00232018561484919,0.00101419878296146,0.294642857142857,0.103703703703704,0.0303030303030303,0.0588235294117647,0,0.0592485549132948,0.0178571428571429,0.05,0.037037037037037,0,0,0,0,0,0,0,0,0,0,0,0,0,0,0,0,0
"Alistipes_putredinis",0,0,0,0.259259259259259,0.282828282828283,0,0,0,0,0.0588235294117647,0.0930232558139535,0.1,0,0,0.333333333333333,0.0866141732283465,0,0.65,0,0.386363636363636,0.5,0,0.00647249190938511,0,0,0,0,0.111111111111111,0.0526315789473684,0.238095238095238,0,0,1,0.0735294117647059,0,0.7,0.395061728395062,0,0.0192307692307692,0,0,0.0333333333333333,0,0.0444444444444444,0.0476190476190476,0.35,0,0.00847457627118644,0,0,0,0,0,0,0.0476190476190476,0.0666666666666667,0.0416666666666667,0,0,0,0.0594405594405594,0,0.0197693574958814,0.266666666666667,0.2,0.00153609831029186,0.000944287063267233,0,0.25,0.00619195046439629,0.0034965034965035,0,0.00202839756592292,0.651785714285714,0.844444444444444,0,0.117647058823529,0.103448275862069,0.145953757225434,0,0,0.518518518518518,0,0,0,0,0,0,0,0,0,0,0,0.0099009900990099,0,0,0.0288461538461538,0,0
"Staphylococcus_aureus",0,0.0769230769230769,0.128571428571429,0.037037037037037,0.181818181818182,0.0186335403726708,0.0137614678899083,0.0160427807486631,0.027027027027027,0.0147058823529412,0.883720930232558,0.05,0,0.0114068441064639,0.0606060606060606,0.0078740157480315,0,0.1,0,0,0,0.0217391304347826,0,0.315789473684211,0.0164835164835165,0,0.1,0.141414141414141,0,0.025974025974026,0.153846153846154,0.0375,0.2,0.161764705882353,0.0681818181818182,0,0.0740740740740741,0,0.0384615384615385,0.108108108108108,0.0952380952380952,0,0.0555555555555556,0.0888888888888889,0,0,0.0909090909090909,0.00847457627118644,0.0476190476190476,0.0357142857142857,0.05,0.0285714285714286,0,0,0.238095238095238,0.15,0.2,0.166666666666667,0.0218579234972678,0.0171277997364954,0.0104895104895105,0.0212765957446809,0.00329489291598023,0,0,0.2357910906298,0.275731822474032,0,0.666666666666667,0.00928792569659443,0.0454545454545455,0.0440835266821346,0.0050709939148073,0.196428571428571,0.111111111111111,0.424242424242424,0,0,0.213872832369942,0,0,0,0,0,0,0,0,0,0,0.015625,0,0,0.00288184438040346,0,0,0,0,0,0.0029806259314456
"Veillonella_magna",0,0,0.0714285714285714,0.296296296296296,0.0404040404040404,0,0.00229357798165138,0.0053475935828877,0,0,0.372093023255814,0.1,0,0,0,0,0,0.55,0,0.0113636363636364,0,0.130434782608696,0,0.289473684210526,0.00549450549450549,0,0,0,0,0.00432900432900433,0.0769230769230769,0.1625,0,0,0.159090909090909,0,0.0123456790123457,0,0,0.324324324324324,0.238095238095238,0,0,0,0.285714285714286,0,0,0,0.214285714285714,0.321428571428571,0,0.0285714285714286,0,0.00749063670411985,0.0476190476190476,0,0,0.0833333333333333,0.136612021857924,0.110671936758893,0,0,0.042833607907743,0,0,0.33026113671275,0.0500472143531634,0.0392156862745098,0,0,0.00699300699300699,0.00232018561484919,0.0050709939148073,0.0892857142857143,0.4,0,0,0,0.0187861271676301,0,0,0,0,0,0,0,0,0,0,0,0,0,0,0,0,0,0,0,0
"Prevotella_jejuni",0,0.0512820512820513,0.0571428571428571,0.0740740740740741,0.0101010101010101,0.633540372670807,0.00917431192660551,0.0106951871657754,0,0,0.813953488372093,0,0,0.00760456273764259,0,0,0,1,0,0,0,0.0434782608695652,0,0.0263157894736842,0.00549450549450549,0,0,0.0202020202020202,0,0.00432900432900433,0.0512820512820513,0.0125,0.1,0.0441176470588235,0.386363636363636,0,0.0864197530864197,0,0.0384615384615385,0.945945945945946,0.857142857142857,0,0,0,0,0,0,0,0.0238095238095238,0,0,0,0,0,0.619047619047619,0,0,0,0.551912568306011,0.50197628458498,0,0,0.00658978583196046,0,0,0.0990783410138249,0.0396600566572238,0.0196078431372549,0,0,0,0.00464037122969838,0.00608519269776876,0.0357142857142857,0.0222222222222222,0,0,0,0.00289017341040462,0,0,0,0.535714285714286,0.837037037037037,0.75,0.451612903225806,0.1,0.304347826086957,0.696581196581197,0.859375,0.75,0.818181818181818,0.77521613832853,0.910891089108911,1,0.490740740740741,0.75,0.675,0.873323397913562
"Dolosigranulum_pigrum",0,0,0.0142857142857143,0.111111111111111,0,0.0062111801242236,0.0275229357798165,0.0160427807486631,0.027027027027027,0.00735294117647059,0,0.1,0,0.026615969581749,0,0,0,0,0,0.0681818181818182,0.111111111111111,0.0217391304347826,0.00970873786407767,0.105263157894737,0,0,0,0,0.0350877192982456,0.012987012987013,0,0.0125,0.2,0.102941176470588,0,0,0.0123456790123457,0,0,0.108108108108108,0.0476190476190476,0.04,0,0.0444444444444444,0.0476190476190476,0,0,0,0.0714285714285714,0.178571428571429,0.025,0.0571428571428571,0,0.0187265917602996,0,0.116666666666667,0.133333333333333,0,0,0.00131752305665349,0.0839160839160839,0.0212765957446809,0.000823723228995058,0,0.0333333333333333,0.0360983102918587,0.0462700661000944,0.0196078431372549,0,0.00619195046439629,0.0104895104895105,0.00696055684454756,0,0.00892857142857143,0.0814814814814815,0.0303030303030303,0.0882352941176471,0,0.0375722543352601,0.0535714285714286,0,0.037037037037037,0,0,0,0,0,0,0,0,0,0,0,0,0,0,0,0,0.0014903129657228
"Eubacterium_siraeum",0,0.0256410256410256,0,0.0740740740740741,0.373737373737374,0,0,0,0,0.0147058823529412,0.116279069767442,0.05,0.0232558139534884,0,0.151515151515152,0.047244094488189,0,0.45,0,0.318181818181818,0.388888888888889,0,0.00323624595469256,0,0,0,0,0.0707070707070707,0.087719298245614,0.212121212121212,0,0,0.9,0,0,0.7,0.0493827160493827,0,0.0192307692307692,0,0,0.253333333333333,0,0.266666666666667,0,0.1,0,0.0169491525423729,0,0,0,0,0.6,0,0,0.0333333333333333,0.025,0,0,0,0.0104895104895105,0,0.00494233937397035,0.0666666666666667,0.166666666666667,0.000768049155145929,0.000944287063267233,0,0.166666666666667,0.00619195046439629,0,0,0.00101419878296146,0.3125,0.111111111111111,0,0.117647058823529,0.0689655172413793,0.0274566473988439,0,0,0.333333333333333,0,0,0,0,0,0,0,0,0,0,0,0,0,0,0,0,0
"Akkermansia_muciniphila",0,0.128205128205128,0,0.185185185185185,0.717171717171717,0.0062111801242236,0,0,0,0.139705882352941,0,0,0,0,0.333333333333333,0.0078740157480315,0,0,0,0.0113636363636364,0.111111111111111,0,0.268608414239482,0,0,0,0,0.0808080808080808,0.543859649122807,0,0.0256410256410256,0.0125,0.9,0.367647058823529,0.0681818181818182,0.6,0.0123456790123457,0,0.153846153846154,0,0,0.373333333333333,0,0.0666666666666667,0,0.15,0,0.220338983050847,0,0,0,0,0,0.0224719101123595,0,0.05,0.075,0,0,0,0.0314685314685315,0.0212765957446809,0.0518945634266886,0.333333333333333,0.166666666666667,0.00153609831029186,0.169027384324835,0,0.666666666666667,0.0495356037151703,0,0,0,0.794642857142857,0.725925925925926,0,0.117647058823529,0.103448275862069,0.160404624277457,0,0,0.814814814814815,0,0,0,0,0,0,0,0,0,0,0,0,0,0,0,0,0
"Blautia_faecis",0,0.0512820512820513,0,0,0.434343434343434,0,0,0,0,0.176470588235294,0,0.05,0,0,0.181818181818182,0.0236220472440945,0,0,0,0.193181818181818,0.277777777777778,0,0.00323624595469256,0,0,0,0,0.0808080808080808,0.280701754385965,0.108225108225108,0,0,0.7,0.0147058823529412,0,0.6,0.185185185185185,0,0.0576923076923077,0,0,0.34,0,0,0,0.1,0,0.076271186440678,0.0238095238095238,0,0,0,0,0.00374531835205993,0,0.0333333333333333,0.00833333333333333,0,0,0,0.034965034965035,0.0212765957446809,0.0271828665568369,0.333333333333333,0.233333333333333,0.00230414746543779,0.000944287063267233,0,0.666666666666667,0.00619195046439629,0,0,0.00202839756592292,0.848214285714286,0.311111111111111,0,0.0882352941176471,0.0344827586206897,0.132947976878613,0,0,0.703703703703704,0,0,0,0,0,0,0,0,0,0,0,0,0,0,0,0,0
"Bacteroides_caccae",0,0.0769230769230769,0,0.111111111111111,0.313131313131313,0,0,0,0,0.102941176470588,0.0232558139534884,0,0,0.00380228136882129,0.272727272727273,0.078740157480315,0,0.15,0,0.147727272727273,0.222222222222222,0,0.00970873786407767,0.0526315789473684,0,0,0,0.0202020202020202,0.12280701754386,0.225108225108225,0,0,0.9,0.0588235294117647,0.136363636363636,0.3,0.197530864197531,0,0.0576923076923077,0,0,0.18,0,0,0,0.2,0,0.0593220338983051,0,0,0,0,0,0,0,0.05,0.0416666666666667,0,0,0,0.0174825174825175,0,0.0510708401976936,0.2,0.1,0.010752688172043,0.0132200188857413,0,0,0.00928792569659443,0,0,0.00101419878296146,0.625,0.4,0,0.0882352941176471,0.0344827586206897,0.144508670520231,0,0,0.222222222222222,0,0,0,0,0,0,0,0,0,0,0,0,0,0,0,0,0
"Campylobacter_lanienae",0,0.282051282051282,0.185714285714286,0.111111111111111,0.101010101010101,0.0807453416149068,0.00688073394495413,0,0,0.191176470588235,0.0232558139534884,0.05,0.0232558139534884,0,0,0,0.0714285714285714,0.3,0,0.0113636363636364,0,0.347826086956522,0,0,0.0714285714285714,0,0,0,0,0,0,0.0125,0.3,0.176470588235294,0.0454545454545455,0,0.283950617283951,0,0.0384615384615385,0,0,0,0,0.0444444444444444,0,0.2,0,0,0,0,0.1,0.0571428571428571,0,0,0,0,0.05,0,0,0.00395256916996047,0,0,0.000823723228995058,0,0,0.0115207373271889,0.0670443814919736,0.117647058823529,0,0,0.034965034965035,0.0301624129930394,0,0.0535714285714286,0,0.0909090909090909,0,0,0.205202312138728,0,0,0,0.0214285714285714,0,0,0,0,0,0,0,0,0,0,0,0,0,0,0,0
"Phascolarctobacterium_succinatutens",0,0.0256410256410256,0,0.111111111111111,0.0606060606060606,0,0,0,0,0.169117647058824,0.0232558139534884,0,0,0,0.0303030303030303,0.078740157480315,0,0.1,0,0.147727272727273,0.166666666666667,0,0,0,0,0,0,0.0202020202020202,0.140350877192982,0,0,0,0.4,0,0,0,0.197530864197531,0,0.0576923076923077,0.027027027027027,0,0.626666666666667,0,0.155555555555556,0,0,0,0.00847457627118644,0.119047619047619,0.142857142857143,0,0,0,0,0,0.0166666666666667,0.0166666666666667,0,0,0,0,0,0.00658978583196046,0.0666666666666667,0.0666666666666667,0.000768049155145929,0.00377714825306893,0,0,0.00309597523219814,0,0,0,0.696428571428571,0.133333333333333,0,0.0588235294117647,0.0689655172413793,0.0722543352601156,0,0,0.111111111111111,0,0.0296296296296296,0,0,0,0,0,0,0,0,0,0,0,0,0,0,0
"Ruminococcus_flavefaciens",0,0.0256410256410256,0,0.222222222222222,0.494949494949495,0,0,0,0,0.102941176470588,0.0232558139534884,0.05,0,0,0.0303030303030303,0.015748031496063,0.0714285714285714,0.05,0,0.238636363636364,0.388888888888889,0,0,0,0,0,0,0.0202020202020202,0.0701754385964912,0.0173160173160173,0,0,0.6,0.0147058823529412,0,0.4,0.160493827160494,0,0.0192307692307692,0,0,0.426666666666667,0,0.0444444444444444,0,0.1,0,0.0932203389830508,0.0476190476190476,0.0714285714285714,0,0.0285714285714286,0,0.00374531835205993,0,0,0,0,0,0,0.020979020979021,0,0.0172981878088962,0.6,0.233333333333333,0.000768049155145929,0.000944287063267233,0,0.333333333333333,0.00309597523219814,0,0.00232018561484919,0,0.491071428571429,0.111111111111111,0,0.0294117647058824,0,0.0679190751445087,0,0,0.148148148148148,0,0,0,0,0,0,0,0,0,0,0,0,0,0,0,0,0
"Faecalibacterium_prausnitzii",0,0.58974358974359,0,0.444444444444444,0.97979797979798,0.0062111801242236,0,0.0106951871657754,0,0.772058823529412,0.441860465116279,0.1,0.0232558139534884,0,0.454545454545455,0.165354330708661,0,1,0,0.625,0.722222222222222,0,0.00323624595469256,0.0263157894736842,0,0,0,0.646464646464647,0.754385964912281,0.25974025974026,0,0,1,0.529411764705882,0.25,1,0.864197530864197,0,0.288461538461538,0,0,0.966666666666667,0,0.177777777777778,0,1,0.272727272727273,0.177966101694915,0.452380952380952,0.357142857142857,0,0,0,0.00749063670411985,0.0476190476190476,0.683333333333333,0.483333333333333,0,0,0,0.307692307692308,0.191489361702128,0.13673805601318,1,0.833333333333333,0.0153609831029186,0.00377714825306893,0.0980392156862745,1,0.0154798761609907,0.0104895104895105,0.00696055684454756,0.013184584178499,1,0.911111111111111,0.212121212121212,0.147058823529412,0.103448275862069,0.346820809248555,0,0,0.962962962962963,0,0.0296296296296296,0,0,0,0,0,0,0,0,0,0,0,0,0.0480769230769231,0,0
"Vagococcus_lutrae",0,0,0.0428571428571429,0.148148148148148,0.0707070707070707,0,0.0160550458715596,0.0320855614973262,0.027027027027027,0.0220588235294118,0,0.15,0,0.0380228136882129,0.272727272727273,0.283464566929134,0.0714285714285714,0,0,0.465909090909091,0.277777777777778,0.0217391304347826,0.0226537216828479,0.0526315789473684,0.021978021978022,0,0.6,0.0303030303030303,0.105263157894737,0.497835497835498,0,0,0.3,0.0882352941176471,0,0.3,0.148148148148148,0,0.0576923076923077,0,0,0.186666666666667,0.0555555555555556,0.0444444444444444,0.0952380952380952,0,0.818181818181818,0.533898305084746,0.0238095238095238,0.0357142857142857,0.075,0,0,0.0936329588014981,0,0.0666666666666667,0.141666666666667,0.0833333333333333,0,0,0.895104895104895,0.148936170212766,0.0271828665568369,0,0.1,0.0468509984639017,0.0642115203021719,0.0588235294117647,0,0.0712074303405573,0.108391608391608,0.0928074245939675,0.0101419878296146,0.0446428571428571,0.0962962962962963,0,0.176470588235294,0.137931034482759,0.153179190751445,0,0.05,0.555555555555556,0,0,0,0,0,0,0,0,0,0,0,0,0,0,0,0,0
"Enterococcus_faecalis",0,0.461538461538462,0.0142857142857143,0.185185185185185,0.181818181818182,0,0.00229357798165138,0,0,0.00735294117647059,0,0,0,0,0,0,0,0,0,0.0113636363636364,0,0,0,0.0263157894736842,0,0,0.1,0.141414141414141,0.0175438596491228,0.012987012987013,0,0.0125,0,0.132352941176471,0.0909090909090909,0,0.0123456790123457,0,0,0,0.0476190476190476,0,0,0,0.0476190476190476,0.05,0,0.0423728813559322,0,0,0,0.0285714285714286,0,0,0.0476190476190476,0.0166666666666667,0.05,0.0833333333333333,0,0.00131752305665349,0,0.0638297872340425,0.0107084019769358,0.133333333333333,0,0.0522273425499232,0.0944287063267233,0.0196078431372549,0,0,0.027972027972028,0.0116009280742459,0,0.133928571428571,0.0444444444444444,0,0,0.0344827586206897,0.0274566473988439,0,0.025,0.037037037037037,0,0,0,0,0,0,0.00427350427350427,0,0,0,0,0,0,0,0,0,0
"Bacteroides_pyogenes",0,0.0769230769230769,0.0142857142857143,0.555555555555556,0.0303030303030303,0.0062111801242236,0.0321100917431193,0.0053475935828877,0.00540540540540541,0.110294117647059,0,0,0.0465116279069767,0,0.0303030303030303,0.0551181102362205,0.357142857142857,0,0,0,0,0.173913043478261,0,0.157894736842105,0.032967032967033,0,0,0.0101010101010101,0.0175438596491228,0,0.128205128205128,0.0875,0.2,0.544117647058823,0.0454545454545455,0,0.222222222222222,0,0,0.027027027027027,0.0952380952380952,0.00666666666666667,0,0.0666666666666667,0.0476190476190476,0,0,0.00847457627118644,0.238095238095238,0.25,0,0,0,0,0,0,0.00833333333333333,0.833333333333333,0.0109289617486339,0.0131752305665349,0,0,0.00658978583196046,0.0666666666666667,0,0.115975422427035,0.097261567516525,0.117647058823529,0,0.0185758513931889,0.0314685314685315,0.0348027842227378,0.00405679513184584,0.0982142857142857,0.607407407407407,0,0,0,0.0809248554913295,0,0,0,0,0,0,0,0,0,0,0,0,0,0,0,0,0,0,0,0
"Actinomyces_suimastitidis",0,0,0.157142857142857,0,0.0101010101010101,0,0.00229357798165138,0,0,0.0735294117647059,0,0.05,0,0.00380228136882129,0,0.0078740157480315,0.142857142857143,0,0,0,0,0.108695652173913,0.00323624595469256,0,0.00549450549450549,0,0.1,0,0,0,0.0512820512820513,0.05,0,0.0147058823529412,0,0,0.0740740740740741,0,0,0,0,0.00666666666666667,0,0,0,0,0,0.00847457627118644,0.0714285714285714,0.0357142857142857,0.025,0,0,0,0,0.05,0.075,0.166666666666667,0,0,0.793706293706294,0,0,0,0,0.0307219662058372,0.0217186024551464,0.0196078431372549,0,0,0.0104895104895105,0.0232018561484919,0,0.0357142857142857,0.192592592592593,0.0303030303030303,0.0294117647058824,0,0.0606936416184971,0,0,0,0,0,0,0,0,0,0,0,0,0,0,0,0,0,0,0,0
"Prevotella_bergensis",0,0.128205128205128,0,0.0740740740740741,0.0202020202020202,0.0124223602484472,0,0.0053475935828877,0.0108108108108108,0.00735294117647059,0.302325581395349,0,0.0232558139534884,0.0418250950570342,0.0303030303030303,0.102362204724409,0,0,0,0.534090909090909,0.5,0.0652173913043478,0.352750809061489,0,0.00549450549450549,0,0.1,0,0.0175438596491228,0.00865800865800866,0,0,0.1,0,0.159090909090909,0,0.0740740740740741,0,0.0961538461538462,0,0,0.606666666666667,0.0277777777777778,0,0,0,0.0909090909090909,0.0338983050847458,0.0238095238095238,0.0357142857142857,0.025,0.0285714285714286,0,0.0112359550561798,0,0,0,0,0.00546448087431694,0.00527009222661397,0.0314685314685315,0.0212765957446809,0.0181219110378913,0,0.0333333333333333,0.0238095238095238,0.0151085930122757,0,0,0.0340557275541796,0.0244755244755245,0.0162412993039443,0.0111561866125761,0.0178571428571429,0.0814814814814815,0,0.0882352941176471,0.0689655172413793,0.00578034682080925,0.0535714285714286,0,0.0740740740740741,0.0142857142857143,0,0,0,0,0,0,0,0,0,0,0,0,0,0,0,0
"Eubacterium_eligens",0,0.0769230769230769,0,0.148148148148148,0.565656565656566,0,0,0,0,0.132352941176471,0,0.05,0,0,0.333333333333333,0.118110236220472,0,0.15,0,0.261363636363636,0.388888888888889,0,0,0,0,0,0,0.0909090909090909,0.0175438596491228,0.199134199134199,0,0,0.7,0.0147058823529412,0,0.3,0.518518518518518,0,0.0384615384615385,0,0,0.593333333333333,0,0.0666666666666667,0.0476190476190476,0.4,0.0909090909090909,0.110169491525424,0,0.0357142857142857,0,0,0,0,0,0.0333333333333333,0.0416666666666667,0,0,0,0.041958041958042,0.0212765957446809,0.0205930807248764,0.666666666666667,0.3,0.00384024577572965,0,0.0196078431372549,0.5,0,0,0,0.00405679513184584,0.883928571428571,0.733333333333333,0,0.176470588235294,0.0689655172413793,0.109826589595376,0,0,0.222222222222222,0,0.0296296296296296,0,0,0,0,0,0,0,0,0,0,0,0,0,0,0
"Parabacteroides_distasonis",0,0.512820512820513,0,0.185185185185185,0.373737373737374,0,0,0,0.00540540540540541,0.169117647058824,0.0465116279069767,0,0,0,0.303030303030303,0.102362204724409,0,0.5,0,0.227272727272727,0.388888888888889,0,0.00323624595469256,0.0526315789473684,0,0,0,0.0505050505050505,0.0175438596491228,0.199134199134199,0,0,0.8,0.0735294117647059,0.0681818181818182,0.8,0.518518518518518,0,0.0576923076923077,0,0,0.24,0,0.177777777777778,0,1,0.0909090909090909,0.144067796610169,0,0,0,0,0,0,0,0.15,0.116666666666667,0,0,0,0.0559440559440559,0,0.0733113673805601,0.4,0.533333333333333,0.00998463901689708,0.00661000944287063,0.0196078431372549,0.166666666666667,0.0340557275541796,0.00699300699300699,0.00696055684454756,0,0.8125,0.77037037037037,0.0303030303030303,0.176470588235294,0.103448275862069,0.158959537572254,0,0,0.444444444444444,0,0,0,0,0,0,0,0,0,0,0,0,0,0,0,0,0
"Anaerococcus_octavius",0,0.0769230769230769,0.0142857142857143,0.111111111111111,0.191919191919192,0,0.0344036697247706,0.0160427807486631,0.0216216216216216,0.00735294117647059,0.0465116279069767,0.1,0.0232558139534884,0.0304182509505703,0.0303030303030303,0.0393700787401575,0,0,0,0.0681818181818182,0.111111111111111,0.0869565217391304,0.0420711974110032,0.131578947368421,0,0,0.1,0,0.175438596491228,0.0303030303030303,0.0512820512820513,0.15,0.4,0.0441176470588235,0,0,0.037037037037037,0,0.0192307692307692,0.162162162162162,0.0476190476190476,0.0266666666666667,0.0555555555555556,0,0,0,0.0909090909090909,0.076271186440678,0.0476190476190476,0.178571428571429,0.025,0.114285714285714,0,0.0224719101123595,0,0.283333333333333,0.166666666666667,0,0,0.00131752305665349,0.013986013986014,0.0212765957446809,0.0304777594728171,0,0,0.0245775729646697,0.056657223796034,0,0.333333333333333,0.0402476780185759,0,0.00464037122969838,0.00405679513184584,0.0625,0.0518518518518519,0,0.0882352941176471,0.0344827586206897,0.0216763005780347,0.125,0.125,0,0.0142857142857143,0,0,0,0,0,0,0,0,0,0,0,0,0,0,0,0
"Roseburia_inulinivorans",0,0.128205128205128,0,0.0740740740740741,0.353535353535354,0,0,0,0,0.0882352941176471,0.0232558139534884,0,0,0,0.0606060606060606,0.102362204724409,0,0.25,0,0.329545454545455,0.444444444444444,0.0217391304347826,0,0,0,0,0,0.0505050505050505,0.210526315789474,0.0432900432900433,0,0,0.5,0.102941176470588,0,0.4,0.45679012345679,0,0.115384615384615,0,0,0.8,0,0.0666666666666667,0,0.2,0,0.00847457627118644,0,0,0,0.0285714285714286,0,0,0,0.0666666666666667,0.0333333333333333,0,0,0,0.0559440559440559,0,0.00988467874794069,0.266666666666667,0.333333333333333,0.00153609831029186,0.000944287063267233,0,0.166666666666667,0,0,0.00232018561484919,0,0.732142857142857,0.533333333333333,0,0.0882352941176471,0.0689655172413793,0.0736994219653179,0,0,0.407407407407407,0,0.0296296296296296,0,0,0,0,0,0,0,0,0,0,0,0,0.0192307692307692,0,0
"Streptococcus_massiliensis",0,0,0.171428571428571,0,0.181818181818182,0.031055900621118,0,0.0053475935828877,0.0108108108108108,0,0.116279069767442,0,0,0.258555133079848,0.0303030303030303,0.0708661417322835,0,0.05,0.0666666666666667,0,0,0.108695652173913,0.029126213592233,0,0,0.125,0.1,0.111111111111111,0.140350877192982,0.0346320346320346,0.0256410256410256,0.2625,0.6,0.352941176470588,0.159090909090909,0,0.0246913580246914,0,0,0.027027027027027,0.142857142857143,0.0133333333333333,0,0,0,0,0.0909090909090909,0.0338983050847458,0.0476190476190476,0.0357142857142857,0.325,0.342857142857143,0,0.104868913857678,0,0,0.00833333333333333,0.166666666666667,0,0,0.108391608391608,0,0.00741350906095552,0,0,0.0913978494623656,0.072710103871577,0.0196078431372549,0.0833333333333333,0.0123839009287926,0.00699300699300699,0.00464037122969838,0.0162271805273834,0.0267857142857143,0.0518518518518519,0,0.147058823529412,0.0689655172413793,0.046242774566474,0.303571428571429,0.25,0.111111111111111,0.00714285714285714,0,0,0,0,0,0,0,0,0,0,0,0,0,0,0,0
"Lactobacillus_plantarum",0,0.0769230769230769,0.0428571428571429,0.037037037037037,0.525252525252525,0.0124223602484472,0.00688073394495413,0.0106951871657754,0.0108108108108108,0,0.0232558139534884,0,0.0465116279069767,0,0.0909090909090909,0.047244094488189,0,0,0,0.0113636363636364,0,0.0652173913043478,0.00323624595469256,0.0789473684210526,0,0,0,0,0.0350877192982456,0.0173160173160173,0,0.0375,0.1,0.0147058823529412,0.0227272727272727,0,0.0493827160493827,0,0.0192307692307692,0.0540540540540541,0,0.0133333333333333,0.0277777777777778,0.266666666666667,0,0.7,0.181818181818182,0,0,0,0,0,0.1,0.00749063670411985,0,0.0833333333333333,0.0583333333333333,0,0,0.00263504611330698,0.0034965034965035,0.0212765957446809,0.000823723228995058,0,0.0666666666666667,0.0506912442396313,0.0509915014164306,0,0,0.00309597523219814,0.0034965034965035,0.0116009280742459,0.00101419878296146,0.0803571428571429,0.0888888888888889,0.0606060606060606,0.0294117647058824,0.0344827586206897,0.0867052023121387,0.107142857142857,0.075,0,0,0,0,0,0,0,0.0170940170940171,0,0,0.0454545454545455,0,0,0,0,0,0,0
"Eubacterium_biforme",0,0.41025641025641,0,0.037037037037037,0.252525252525253,0,0,0,0,0.0441176470588235,0,0,0,0,0.0303030303030303,0,0,0,0,0.329545454545455,0.444444444444444,0,0,0,0,0,0,0.131313131313131,0.228070175438596,0,0,0,0.7,0.308823529411765,0,0.1,0.234567901234568,0,0.0384615384615385,0,0,0.873333333333333,0,0,0,0.2,0,0,0.119047619047619,0.178571428571429,0,0,0,0,0,0,0.00833333333333333,0,0,0,0,0.127659574468085,0.00823723228995058,0.8,0.133333333333333,0.00153609831029186,0.0056657223796034,0,0,0,0.0034965034965035,0,0.00202839756592292,0.526785714285714,0.155555555555556,0,0.0588235294117647,0,0.169075144508671,0,0,0.740740740740741,0,0.0222222222222222,0,0,0,0,0,0,0,0,0,0,0,0,0,0,0
"Prevotella_disiens",0,0.0769230769230769,0.0714285714285714,0.333333333333333,0.0303030303030303,0,0.0435779816513761,0.0053475935828877,0.0162162162162162,0.0220588235294118,0.0232558139534884,0.05,0,0.155893536121673,0.0303030303030303,0.149606299212598,0.214285714285714,0.4,0,0.352272727272727,0.555555555555556,0.391304347826087,0.0776699029126214,0.131578947368421,0.00549450549450549,0,0,0.0101010101010101,0.087719298245614,0.0649350649350649,0.102564102564103,0.1875,0.3,0.0882352941176471,0.227272727272727,0,0.407407407407407,0.1,0.0192307692307692,0.0810810810810811,0.142857142857143,0.146666666666667,0,0,0,0.05,0.0909090909090909,0.161016949152542,0.0476190476190476,0.107142857142857,0.025,0.0857142857142857,0,0.183520599250936,0.0952380952380952,0,0,0,0.0601092896174863,0.0685111989459816,0.0629370629370629,0,0.149093904448105,0,0.0666666666666667,0.195084485407066,0.0830972615675165,0,0.0833333333333333,0.0990712074303406,0.013986013986014,0.0208816705336427,0.00202839756592292,0.142857142857143,0.162962962962963,0.0303030303030303,0.382352941176471,0.413793103448276,0.0491329479768786,0.0892857142857143,0,0.111111111111111,0.0214285714285714,0,0,0,0,0,0.0128205128205128,0.015625,0,0,0,0,0,0,0,0,0.00596125186289121
"Coprococcus_comes",0,0.0256410256410256,0.0142857142857143,0.0740740740740741,0.191919191919192,0,0.00229357798165138,0,0,0.0294117647058824,0,0,0,0.00760456273764259,0.0606060606060606,0.094488188976378,0,0,0,0.125,0.166666666666667,0,0,0.0526315789473684,0,0,0,0.0707070707070707,0.175438596491228,0.0476190476190476,0,0,0.5,0.0882352941176471,0,0.5,0.123456790123457,0,0.0769230769230769,0,0,0.286666666666667,0,0.0444444444444444,0,0.05,0,0.11864406779661,0,0,0,0,0.1,0,0,0.0166666666666667,0.0333333333333333,0,0,0,0,0,0.0197693574958814,0.466666666666667,0.266666666666667,0.0184331797235023,0.012275731822474,0,0.583333333333333,0.00309597523219814,0,0.00232018561484919,0,0.723214285714286,0.303703703703704,0,0.0882352941176471,0,0.0390173410404624,0,0,0.407407407407407,0,0,0,0,0,0,0,0,0,0,0,0,0,0,0,0,0
"Bifidobacterium_longum",0,0.487179487179487,0.328571428571429,0.0740740740740741,0.373737373737374,0,0,0.310160427807487,0.421621621621622,0.220588235294118,0.209302325581395,0,0.0232558139534884,0.091254752851711,0.0606060606060606,0.102362204724409,0,0,0.2,0,0,0.326086956521739,0.00970873786407767,0.0789473684210526,0,0,0.1,0.131313131313131,0.087719298245614,0,0.333333333333333,0.625,0.9,0.573529411764706,0.0454545454545455,0.1,0.481481481481481,0.25,0.0576923076923077,0.378378378378378,0.333333333333333,0.0533333333333333,0,0,0,0.2,0,0.169491525423729,0.0952380952380952,0.321428571428571,0.675,0.685714285714286,0,0.0374531835205993,0,0.1,0.0583333333333333,0.166666666666667,0.00546448087431694,0,0.013986013986014,0.0425531914893617,0.0156507413509061,0.8,0,0.08678955453149,0.155807365439093,0.0392156862745098,0.666666666666667,0.021671826625387,0.0034965034965035,0.0139211136890951,0.0050709939148073,0.892857142857143,0.837037037037037,0.0303030303030303,0.205882352941176,0.0689655172413793,0.257225433526012,0.0714285714285714,0.075,0.111111111111111,0,0.0296296296296296,0.025,0.0161290322580645,0,0,0.0726495726495727,0.15625,0.05,0.318181818181818,0.0345821325648415,0.0099009900990099,0.125,0,0.0192307692307692,0.09375,0.0014903129657228
"Oscillibacter_valericigenes",0,0.0256410256410256,0,0.185185185185185,0.252525252525253,0,0,0,0,0.0735294117647059,0.116279069767442,0,0,0,0.181818181818182,0.118110236220472,0,0.25,0,0.0909090909090909,0.111111111111111,0,0,0,0,0,0,0.0202020202020202,0.0526315789473684,0.0476190476190476,0,0,0.7,0.0147058823529412,0.0454545454545455,0.1,0.0617283950617284,0,0.0384615384615385,0,0,0.206666666666667,0,0.0444444444444444,0,0.25,0,0.11864406779661,0,0,0,0,0,0,0.0952380952380952,0.0166666666666667,0.00833333333333333,0,0,0,0.020979020979021,0,0.0807248764415156,0.266666666666667,0.133333333333333,0,0.000944287063267233,0,0.166666666666667,0,0,0,0,0.544642857142857,0.340740740740741,0.0606060606060606,0.0588235294117647,0.103448275862069,0.0968208092485549,0,0,0.111111111111111,0,0,0,0,0,0,0,0,0,0,0,0,0,0,0,0,0
"Necropsobacter_rosorum",0,0,0.0142857142857143,0.222222222222222,0.0101010101010101,0,0.0229357798165138,0,0,0,0,0.15,0,0.0304182509505703,0.0303030303030303,0.0236220472440945,0.0714285714285714,0,0,0.159090909090909,0.111111111111111,0.0869565217391304,0.0323624595469256,0.236842105263158,0,0,0,0.0101010101010101,0.0350877192982456,0.186147186147186,0,0,0.2,0.0147058823529412,0.0454545454545455,0,0.037037037037037,0,0,0,0,0.12,0.0277777777777778,0.0444444444444444,0.0476190476190476,0.05,0.272727272727273,0.177966101694915,0.142857142857143,0.107142857142857,0,0,0,0.0561797752808989,0,0.05,0.0416666666666667,0,0,0,0.986013986013986,0,0.0387149917627677,0.0666666666666667,0.133333333333333,0.153609831029186,0.134088762983947,0.215686274509804,0.0833333333333333,0.021671826625387,0.034965034965035,0.0255220417633411,0,0.0982142857142857,0.037037037037037,0.0303030303030303,0.0588235294117647,0.0344827586206897,0.0491329479768786,0.0357142857142857,0,0,0,0,0,0,0,0,0,0,0,0,0,0,0,0,0,0,0
"Riemerella_anatipestifer",0,0.102564102564103,0.0571428571428571,0.555555555555556,0.141414141414141,0,0.0825688073394495,0,0,0.0367647058823529,0,0.05,0,0.00380228136882129,0,0,0,0,0,0.0227272727272727,0,0.391304347826087,0,0.0263157894736842,0,0,0,0,0,0.0865800865800866,0.538461538461538,0.35,0.5,0.0882352941176471,0.0909090909090909,0,0.469135802469136,0,0,0,0,0,0,0,0,0.25,0,0.0338983050847458,0,0.0357142857142857,0,0,0,0.00749063670411985,0,0,0,0,0,0.00527009222661397,0.0034965034965035,0.0212765957446809,0.0420098846787479,0.0666666666666667,0,0.497695852534562,0.277620396600567,0,0.25,0,0.027972027972028,0.0255220417633411,0,0.0625,0,0.0606060606060606,0,0,0.0664739884393064,0,0,0,0,0,0,0,0,0,0,0,0,0,0,0,0,0,0,0,0
"Bacteroides_coprocola",0,0.0512820512820513,0.1,0.259259259259259,0.262626262626263,0.0124223602484472,0.00229357798165138,0.0053475935828877,0,0.397058823529412,0,0,0.0232558139534884,0,0.151515151515152,0.110236220472441,0.142857142857143,0.25,0,0.0454545454545455,0,0.0652173913043478,0,0.0263157894736842,0,0,0,0.0303030303030303,0.0175438596491228,0.225108225108225,0.102564102564103,0.0625,0.9,0.0882352941176471,0.340909090909091,0,0.518518518518518,0,0.0192307692307692,0.351351351351351,0.428571428571429,0.0133333333333333,0,0.0222222222222222,0,0.9,0,0,0,0.0357142857142857,0,0,0,0.00374531835205993,0,0.0833333333333333,0.0833333333333333,0.416666666666667,0,0,0.013986013986014,0,0.014003294892916,0.0666666666666667,0.2,0.0568356374807988,0.0878186968838527,0.0784313725490196,0.166666666666667,0.00309597523219814,0.0314685314685315,0.0116009280742459,0.00101419878296146,0.928571428571429,0.866666666666667,0,0.0588235294117647,0.0344827586206897,0.215317919075144,0,0,0.148148148148148,0,0,0,0,0,0,0,0,0,0,0,0,0,0,0.0384615384615385,0,0
"Ottowia_pentelensis",0,0.0256410256410256,0,0.0740740740740741,0.0202020202020202,0.136645962732919,0.222477064220183,0,0,0,0.465116279069767,0,0,0,0,0,0,0.6,0,0,0,0,0,0,0,0,0,0,0,0,0.0256410256410256,0.0125,0.3,0,0,0,0.037037037037037,0,0,0.189189189189189,0.285714285714286,0,0,0,0,0,0,0,0.119047619047619,0.0714285714285714,0,0,0,0,0.80952380952381,0,0,0,0.442622950819672,0.440052700922266,0,0,0,0,0,0.010752688172043,0.00188857412653447,0,0,0,0,0,0,0,0,0,0,0,0.0592485549132948,0,0,0,0.2,0,0,0,0,0,0,0,0,0,0,0,0,0,0,0,0
"Alistipes_shahii",0,0,0,0.111111111111111,0.161616161616162,0,0,0,0,0.0441176470588235,0,0,0,0,0.303030303030303,0.047244094488189,0,0.2,0,0.0568181818181818,0.222222222222222,0,0,0,0,0,0,0.0404040404040404,0,0.012987012987013,0,0,0.9,0.0294117647058824,0,0.2,0.0740740740740741,0,0.0576923076923077,0,0,0.106666666666667,0,0.0444444444444444,0,0.35,0,0.101694915254237,0,0,0,0,0.2,0,0,0,0,0,0,0,0.0244755244755245,0,0.0115321252059308,0.133333333333333,0.1,0.000768049155145929,0.000944287063267233,0,0.0833333333333333,0.00309597523219814,0,0,0,0.196428571428571,0.422222222222222,0,0.0882352941176471,0,0.0809248554913295,0,0,0,0,0,0,0,0,0,0,0,0,0,0,0,0,0,0,0,0
"Enterococcus_faecium",0,0.538461538461538,0.0285714285714286,0.222222222222222,0.191919191919192,0.0062111801242236,0,0,0,0.00735294117647059,0.0232558139534884,0.05,0,0.00380228136882129,0.0303030303030303,0.0551181102362205,0.214285714285714,0,0,0.0454545454545455,0.0555555555555556,0.0434782608695652,0.00323624595469256,0,0,0,0.1,0.0505050505050505,0,0.051948051948052,0,0,0,0.0294117647058824,0,0,0.0123456790123457,0,0.0192307692307692,0,0,0,0,0.0222222222222222,0,0.25,0,0.152542372881356,0,0,0,0,0.1,0.0299625468164794,0.0952380952380952,0.0166666666666667,0.0416666666666667,0,0,0.00131752305665349,0.157342657342657,0.148936170212766,0.0164744645799012,0.266666666666667,0,0.0207373271889401,0.0349386213408876,0.0196078431372549,0,0.00928792569659443,0.0244755244755245,0.0162412993039443,0,0.232142857142857,0.0518518518518519,0,0,0.0689655172413793,0.111271676300578,0,0.025,0.0740740740740741,0,0,0,0,0,0,0,0,0,0,0,0,0,0,0,0,0
"Alistipes_finegoldii",0,0,0,0,0.141414141414141,0,0,0,0,0.00735294117647059,0.0232558139534884,0,0,0,0.121212121212121,0.0551181102362205,0,0.15,0,0.113636363636364,0.222222222222222,0,0,0,0,0,0,0.0101010101010101,0.0350877192982456,0.19047619047619,0,0,0.9,0.0882352941176471,0.0227272727272727,0.5,0.0246913580246914,0,0.0384615384615385,0,0,0.02,0,0.0666666666666667,0,0.8,0,0.152542372881356,0,0,0,0,0.4,0.0112359550561798,0,0.0166666666666667,0,0,0,0,0,0,0.0354200988467875,0.0666666666666667,0.0666666666666667,0.000768049155145929,0,0,0.416666666666667,0.0123839009287926,0,0,0,0.169642857142857,0.377777777777778,0,0.0882352941176471,0.0689655172413793,0.0390173410404624,0,0,0.111111111111111,0,0,0,0,0,0,0,0,0,0,0,0,0,0,0.0384615384615385,0,0
"Catenibacterium_mitsuokai",0,0,0,0,0.0404040404040404,0,0,0,0,0.0294117647058824,0,0,0,0,0,0,0,0.05,0,0.284090909090909,0.611111111111111,0,0,0,0,0,0,0.0606060606060606,0.385964912280702,0,0,0,0.7,0.235294117647059,0,0.1,0.123456790123457,0,0,0,0,0.873333333333333,0,0,0,0,0,0,0.142857142857143,0.214285714285714,0,0,0,0,0,0,0.00833333333333333,0,0,0,0.0034965034965035,0.170212765957447,0.0131795716639209,0.866666666666667,0.0333333333333333,0.00307219662058372,0.00377714825306893,0.0196078431372549,0,0,0.0034965034965035,0.00232018561484919,0,0.598214285714286,0.325925925925926,0,0.0882352941176471,0,0.0997109826589595,0,0,0.62962962962963,0,0,0,0,0,0,0,0,0,0,0,0,0,0,0,0,0
"Acidaminococcus_intestini",0,0,0,0.037037037037037,0.121212121212121,0,0.0206422018348624,0,0,0,0,0,0,0,0,0.0866141732283465,0,0.1,0,0.0113636363636364,0,0,0,0,0,0,0.1,0,0,0.0779220779220779,0.128205128205128,0.025,0.6,0.117647058823529,0.0227272727272727,0.1,0.0864197530864197,0,0,0,0.0952380952380952,0.0533333333333333,0,0,0.0476190476190476,0,0,0,0,0,0,0.0285714285714286,0,0,0,0,0,0,0,0.00131752305665349,0.0034965034965035,0,0.00164744645799012,0.333333333333333,0,0.000768049155145929,0.0028328611898017,0,0,0,0,0,0.00101419878296146,0.0625,0.585185185185185,0,0.117647058823529,0,0.0101156069364162,0.0178571428571429,0,0.407407407407407,0,0,0,0,0,0,0,0,0,0,0,0,0,0,0,0,0.0014903129657228
"Granulicatella_balaenopterae",0,0.0256410256410256,0.0857142857142857,0.111111111111111,0,0,0.00688073394495413,0,0,0.0147058823529412,0,0.35,0,0.0684410646387833,0.0909090909090909,0.275590551181102,0.428571428571429,0,0.0666666666666667,0,0,0,0,0.0263157894736842,0.0494505494505494,0,0.3,0.0404040404040404,0,0.0216450216450216,0,0,0.3,0.147058823529412,0,0.1,0.0246913580246914,0,0,0,0,0,0.0833333333333333,0,0,0,0.363636363636364,0.11864406779661,0,0.142857142857143,0.025,0.0571428571428571,0,0.048689138576779,0,0.2,0.258333333333333,0.333333333333333,0,0,0.0034965034965035,0.148936170212766,0.0181219110378913,0,0.0333333333333333,0.0184331797235023,0.0302171860245515,0.0196078431372549,0,0.00309597523219814,0.0944055944055944,0.0649651972157773,0,0.0535714285714286,0.266666666666667,0.151515151515152,0.176470588235294,0,0.104046242774566,0.0357142857142857,0.05,0,0,0,0,0,0,0,0,0,0,0,0,0,0,0,0,0,0
"Parasutterella_excrementihominis",0,0.0512820512820513,0,0,0.121212121212121,0,0,0,0,0.125,0.0232558139534884,0.05,0.0232558139534884,0,0.121212121212121,0.062992125984252,0,0.05,0,0,0,0,0.0711974110032362,0,0,0,0,0.0202020202020202,0.0175438596491228,0.0476190476190476,0,0,0.7,0.191176470588235,0.0454545454545455,0.2,0.160493827160494,0,0.0961538461538462,0,0,0.2,0,0.111111111111111,0,0.6,0,0.11864406779661,0,0,0,0,0,0,0,0.0166666666666667,0.025,0,0,0,0.0104895104895105,0.0425531914893617,0.0115321252059308,0.133333333333333,0.433333333333333,0,0,0,0,0,0,0,0,0.589285714285714,0.511111111111111,0,0.117647058823529,0.0689655172413793,0.0867052023121387,0,0,0.185185185185185,0,0,0,0,0,0,0,0,0,0,0,0,0,0,0,0,0
"Bacteroides_dorei",0,0.205128205128205,0,0,0.484848484848485,0,0,0,0.00540540540540541,0.0882352941176471,0.162790697674419,0.05,0.0232558139534884,0,0.0606060606060606,0.102362204724409,0,0.85,0,0.113636363636364,0.0555555555555556,0,0.0129449838187702,0,0.00549450549450549,0,0,0.151515151515152,0.0350877192982456,0.220779220779221,0,0,0.9,0.0588235294117647,0.136363636363636,0.5,0.567901234567901,0,0.0192307692307692,0,0,0.0266666666666667,0,0.0444444444444444,0,0.2,0.0909090909090909,0.101694915254237,0,0.0357142857142857,0,0,0,0,0,0.1,0.0833333333333333,0,0,0,0,0,0.0345963756177924,0.133333333333333,0.2,0.00384024577572965,0.00755429650613787,0.0196078431372549,0.416666666666667,0.00619195046439629,0.0034965034965035,0,0.00101419878296146,0.678571428571429,0.42962962962963,0.0909090909090909,0.0882352941176471,0.0689655172413793,0.088150289017341,0,0,0.037037037037037,0,0,0,0,0,0,0,0,0,0,0,0,0,0,0,0,0
"Clostridium_disporicum",0,0.0512820512820513,0,0.0740740740740741,0.121212121212121,0,0,0,0,0.00735294117647059,0.0232558139534884,0.05,0,0,0.0909090909090909,0.015748031496063,0,0.05,0,0.0454545454545455,0,0.0217391304347826,0.0129449838187702,0,0,0,0,0.0101010101010101,0.0701754385964912,0.012987012987013,0,0,0.3,0,0,0.4,0.0493827160493827,0,0.0576923076923077,0,0,0.293333333333333,0,0.0222222222222222,0,0.25,0,0,0.0238095238095238,0.107142857142857,0,0,0.2,0.0112359550561798,0.0952380952380952,0.0166666666666667,0.0166666666666667,0,0,0,0,0.0638297872340425,0.0197693574958814,0,0.166666666666667,0.000768049155145929,0.000944287063267233,0,0.0833333333333333,0,0,0,0,0.633928571428571,0.281481481481481,0,0,0.0344827586206897,0.0809248554913295,0,0,0.222222222222222,0,0,0,0,0,0,0,0,0,0,0,0,0,0,0,0,0
"Ruminococcus_torques",0,0.333333333333333,0,0.0740740740740741,0.404040404040404,0.0248447204968944,0.00229357798165138,0,0,0.117647058823529,0.162790697674419,0,0,0,0.0606060606060606,0.102362204724409,0,0.8,0,0.386363636363636,0.5,0,0,0,0,0,0,0.161616161616162,0.789473684210526,0.0735930735930736,0,0,0.8,0.176470588235294,0.0681818181818182,0.2,0.259259259259259,0,0.0769230769230769,0.027027027027027,0.0476190476190476,0.726666666666667,0,0.0222222222222222,0,0.55,0,0.161016949152542,0,0,0,0,0,0,0.0952380952380952,0.183333333333333,0.075,0,0.0327868852459016,0.0408432147562582,0.0839160839160839,0.0212765957446809,0.0304777594728171,0.6,0.3,0.000768049155145929,0.000944287063267233,0,0.25,0.00619195046439629,0,0,0,0.901785714285714,0.481481481481481,0,0.117647058823529,0.103448275862069,0.13728323699422,0,0,0.666666666666667,0.0642857142857143,0.0296296296296296,0,0,0,0,0,0,0,0,0,0,0,0,0,0,0
"Mycoplasma_spermatophilum",0,0.0512820512820513,0,0,0.0707070707070707,0.0124223602484472,0.00917431192660551,0,0,0.0220588235294118,0,0,0.0232558139534884,0.0228136882129278,0,0,0.0714285714285714,0.1,0.0666666666666667,0.0568181818181818,0.0555555555555556,0.0217391304347826,0.00970873786407767,0,0,0,0,0.0202020202020202,0.0350877192982456,0,0.0512820512820513,0.025,0.5,0.0588235294117647,0.0909090909090909,0,0.0246913580246914,0.05,0.134615384615385,0.0810810810810811,0,0,0,0.0222222222222222,0,0.25,0,0.00847457627118644,0,0,0,0,0,0,0,0,0,0.0833333333333333,0,0.00131752305665349,0,0,0.0057660626029654,0,0.0666666666666667,0.100614439324117,0.102927289896128,0,0.25,0.0371517027863777,0,0.00696055684454756,0.00405679513184584,0,0.0222222222222222,0,0,0,0,0,0,0.0740740740740741,0.00714285714285714,0,0,0,0,0,0,0,0,0,0,0,0,0,0,0,0
"Enterococcus_italicus",0,0.282051282051282,0.214285714285714,0.111111111111111,0.0505050505050505,0,0.00688073394495413,0,0,0,0,0.1,0.0232558139534884,0.125475285171103,0.212121212121212,0.15748031496063,0.357142857142857,0,0,0.0113636363636364,0.0555555555555556,0.0217391304347826,0.00970873786407767,0,0.0604395604395604,0,0.5,0.0101010101010101,0.0701754385964912,0.051948051948052,0,0,0.2,0.102941176470588,0,0,0.0740740740740741,0.05,0,0,0,0.00666666666666667,0.0833333333333333,0.0222222222222222,0,0.1,0.818181818181818,0.203389830508475,0,0.178571428571429,0.05,0,0,0.0674157303370786,0.428571428571429,0.166666666666667,0.141666666666667,0.25,0,0,0,0.106382978723404,0.014003294892916,0.0666666666666667,0.1,0.0529953917050691,0.0358829084041549,0.176470588235294,0,0.00619195046439629,0.0559440559440559,0.0649651972157773,0,0.107142857142857,0.288888888888889,0.181818181818182,0.0294117647058824,0,0.0997109826589595,0.0892857142857143,0.15,0.148148148148148,0,0,0,0,0,0,0,0,0,0,0,0,0,0,0,0,0
"Actinomyces_radicidentis",0,0,0.0285714285714286,0.0740740740740741,0.0202020202020202,0,0.0298165137614679,0.0748663101604278,0.0756756756756757,0.00735294117647059,0.0930232558139535,0.05,0.0232558139534884,0.0152091254752852,0.0909090909090909,0.0393700787401575,0,0,0,0,0,0.0869565217391304,0,0.0263157894736842,0.00549450549450549,0,0.1,0,0.0350877192982456,0.00432900432900433,0,0.0375,0.1,0.0294117647058824,0,0,0.209876543209877,0,0,0.027027027027027,0,0.0933333333333333,0,0,0.0952380952380952,0,0.181818181818182,0.0338983050847458,0,0,0,0.0571428571428571,0,0.0112359550561798,0,0,0,0,0,0.00131752305665349,0.0454545454545455,0.0851063829787234,0.00658978583196046,0,0.0333333333333333,0.12826420890937,0.0840415486307838,0.196078431372549,0,0,0.0104895104895105,0.0116009280742459,0.00101419878296146,0.0535714285714286,0.037037037037037,0.0909090909090909,0.0294117647058824,0.0344827586206897,0.0491329479768786,0.142857142857143,0.125,0,0,0,0,0,0,0,0.0128205128205128,0,0,0,0,0,0,0,0,0.00625,0.0014903129657228
"Actinomyces_johnsonii",0,0,0,0,0,0.161490683229814,0,0,0,0,0.744186046511628,0,0,0,0,0,0,0,0,0,0,0,0,0,0,0,0,0,0,0,0,0,0,0,0.0454545454545455,0,0,0,0,0.189189189189189,0,0,0,0,0,0,0,0,0,0,0,0,0,0,0.523809523809524,0,0,0,0.0601092896174863,0.08300395256917,0,0,0.00164744645799012,0,0,0.00153609831029186,0,0,0,0,0,0,0,0.00892857142857143,0,0,0,0,0,0,0,0,0.557142857142857,0.118518518518519,0,0,0,0,0.606837606837607,0.625,0.3,0.454545454545455,0,0.0198019801980198,0.333333333333333,0.00925925925925926,0.144230769230769,0.16875,0.101341281669151
"Clostridium_lactatifermentans",0,0.0769230769230769,0,0.037037037037037,0.222222222222222,0,0,0,0,0.0220588235294118,0.0232558139534884,0,0,0,0.0606060606060606,0.094488188976378,0,0,0,0.0454545454545455,0.111111111111111,0,0,0,0,0,0,0.0101010101010101,0.105263157894737,0.0346320346320346,0,0,0.3,0.0441176470588235,0.0909090909090909,0.2,0.0123456790123457,0,0.0576923076923077,0,0,0.16,0,0.133333333333333,0.0476190476190476,0.55,0,0.0932203389830508,0,0,0,0.0285714285714286,0.1,0,0.0476190476190476,0.0333333333333333,0.0166666666666667,0,0,0,0.0034965034965035,0,0.028006589785832,0.133333333333333,0.1,0,0.000944287063267233,0,0.25,0.00309597523219814,0,0.00232018561484919,0,0.482142857142857,0.103703703703704,0,0.0588235294117647,0.0344827586206897,0.0260115606936416,0,0,0.185185185185185,0,0,0,0,0,0,0,0,0,0,0,0,0,0,0,0,0
"Bacteroides_ovatus",0,0.333333333333333,0,0,0.454545454545455,0,0,0,0,0.0882352941176471,0,0,0,0,0.0909090909090909,0.0551181102362205,0,0.3,0,0.0454545454545455,0.0555555555555556,0,0,0,0,0,0,0.141414141414141,0.12280701754386,0.19047619047619,0,0,1,0.0294117647058824,0.0227272727272727,0.3,0.469135802469136,0,0.0576923076923077,0,0,0.0133333333333333,0,0,0,0.05,0,0.567796610169492,0,0,0,0,0,0.00374531835205993,0,0.116666666666667,0.0666666666666667,0,0,0,0,0,0.0453047775947282,0.533333333333333,0.0666666666666667,0.00307219662058372,0.00188857412653447,0,0.166666666666667,0.021671826625387,0,0,0.00304259634888438,0.883928571428571,0.488888888888889,0.0909090909090909,0.176470588235294,0.103448275862069,0.242774566473988,0,0,0.407407407407407,0,0,0,0,0,0,0,0,0,0,0,0,0,0,0,0,0
"Bacteroides_eggerthii",0,0.0769230769230769,0,0,0.191919191919192,0,0,0.0053475935828877,0,0.0588235294117647,0,0,0,0,0.0606060606060606,0.031496062992126,0,0.35,0,0.0340909090909091,0.0555555555555556,0,0,0,0,0,0,0.0101010101010101,0.0175438596491228,0.229437229437229,0,0,0.8,0,0.0454545454545455,0.4,0.135802469135802,0,0.0192307692307692,0,0,0.00666666666666667,0,0,0,0,0,0,0,0,0,0,0,0,0,0.0333333333333333,0.0166666666666667,0,0,0,0.0034965034965035,0.0212765957446809,0.00658978583196046,0.0666666666666667,0.0333333333333333,0,0.0028328611898017,0,0.0833333333333333,0,0,0.00232018561484919,0,0.4375,0.311111111111111,0,0.0882352941176471,0,0.0361271676300578,0,0,0.222222222222222,0,0,0,0,0,0,0,0,0,0,0,0,0,0,0,0,0
"Collinsella_aerofaciens",0,0.538461538461538,0,0.111111111111111,0.232323232323232,0,0,0,0,0.0808823529411765,0.0697674418604651,0.05,0,0,0.333333333333333,0.078740157480315,0,0.1,0,0.397727272727273,0.444444444444444,0,0,0,0,0,0,0.131313131313131,0.210526315789474,0.0303030303030303,0,0,0.9,0.191176470588235,0,0.3,0.135802469135802,0,0.0384615384615385,0,0,0.646666666666667,0,0.0444444444444444,0,0,0,0,0.0952380952380952,0.0357142857142857,0,0.0571428571428571,0,0.00749063670411985,0,0.0666666666666667,0.0416666666666667,0,0,0,0.0559440559440559,0.148936170212766,0.014003294892916,0.866666666666667,0.133333333333333,0.00307219662058372,0.00472143531633617,0.0196078431372549,0.75,0.00619195046439629,0.0034965034965035,0.00696055684454756,0,0.964285714285714,0.859259259259259,0,0.117647058823529,0.0689655172413793,0.141618497109827,0,0,0.666666666666667,0,0.0296296296296296,0,0,0,0,0,0,0,0,0,0,0,0,0,0,0
"Eubacterium_desmolans",0,0.487179487179487,0,0.148148148148148,0.454545454545455,0,0,0,0,0.0367647058823529,0,0,0,0,0.151515151515152,0.0551181102362205,0,0,0,0.102272727272727,0.277777777777778,0,0,0,0,0,0,0.0303030303030303,0.0526315789473684,0.0476190476190476,0,0,0.6,0.0735294117647059,0.0227272727272727,0.2,0.333333333333333,0,0.0384615384615385,0,0,0.266666666666667,0,0.0444444444444444,0,0.6,0,0.101694915254237,0,0,0,0,0,0,0,0.0333333333333333,0.025,0,0,0,0,0,0.0205930807248764,0.466666666666667,0.2,0.000768049155145929,0,0,0.166666666666667,0,0,0.00232018561484919,0,0.633928571428571,0.437037037037037,0,0,0,0.0664739884393064,0,0,0.222222222222222,0,0,0,0,0,0,0,0,0,0,0,0,0,0,0,0,0
"Clostridium_hylemonae",0,0.102564102564103,0.0285714285714286,0,0.161616161616162,0,0.00688073394495413,0,0,0.0661764705882353,0,0,0.0232558139534884,0.0114068441064639,0.0606060606060606,0.0551181102362205,0,0,0,0,0.222222222222222,0.0434782608695652,0.00323624595469256,0,0,0,0,0,0.0701754385964912,0.0173160173160173,0,0,0.4,0,0,0.2,0.0123456790123457,0,0.0576923076923077,0,0,0.0466666666666667,0.0555555555555556,0.0888888888888889,0,0.3,0.0909090909090909,0.110169491525424,0,0,0,0.0285714285714286,0,0.00749063670411985,0,0,0.0333333333333333,0,0,0,0.0104895104895105,0.0212765957446809,0.0271828665568369,0.133333333333333,0.133333333333333,0.00153609831029186,0.0141643059490085,0.0196078431372549,0.333333333333333,0.00619195046439629,0.00699300699300699,0.00464037122969838,0,0.705357142857143,0.0222222222222222,0,0.0294117647058824,0,0.0939306358381503,0,0,0.111111111111111,0,0,0,0,0,0,0,0,0,0,0,0,0,0,0,0,0
"Fusicatenibacter_saccharivorans",0,0.0256410256410256,0,0,0.343434343434343,0,0,0,0,0.0882352941176471,0.0465116279069767,0,0,0,0.0606060606060606,0.047244094488189,0,0.2,0,0.0568181818181818,0,0,0,0,0,0,0,0.0202020202020202,0.0701754385964912,0.0865800865800866,0,0.0125,0.5,0.0147058823529412,0,0.6,0.197530864197531,0,0.0384615384615385,0,0,0.02,0,0,0,0.35,0,0.0169491525423729,0,0,0,0,0,0.00374531835205993,0.0476190476190476,0.0333333333333333,0.025,0,0,0,0.0244755244755245,0,0.0304777594728171,0.266666666666667,0.1,0.00153609831029186,0,0,0.25,0.00309597523219814,0,0,0,0.928571428571429,0.237037037037037,0,0.0588235294117647,0.0344827586206897,0.0910404624277457,0,0,0.481481481481481,0,0,0,0,0,0,0,0,0,0,0,0,0,0,0,0,0
"Kingella_kingae",0,0.282051282051282,0.114285714285714,0.407407407407407,0.0202020202020202,0.0683229813664596,0.036697247706422,0,0,0.0147058823529412,0.0930232558139535,0,0,0,0,0.0078740157480315,0,0.1,0,0.159090909090909,0.222222222222222,0.0217391304347826,0.0517799352750809,0.0263157894736842,0,0,0,0,0.0175438596491228,0.012987012987013,0.0256410256410256,0,0.1,0,0.136363636363636,0,0.0493827160493827,0,0.0384615384615385,0.162162162162162,0.0952380952380952,0.0733333333333333,0,0.0222222222222222,0,0,0,0,0.0238095238095238,0,0,0,0,0.0112359550561798,0.285714285714286,0,0,0,0.229508196721311,0.217391304347826,0.0034965034965035,0.0212765957446809,0.189456342668863,0,0.0333333333333333,0.0691244239631336,0.0321057601510859,0.0196078431372549,0,0.0154798761609907,0.00699300699300699,0.00464037122969838,0.00811359026369168,0.0178571428571429,0.140740740740741,0.0303030303030303,0,0,0.0317919075144509,0.0178571428571429,0,0,0.0714285714285714,0,0,0,0.1,0,0.00427350427350427,0.015625,0,0,0.00288184438040346,0.0396039603960396,0.0416666666666667,0,0,0,0.213114754098361
"Phascolarctobacterium_faecium",0,0.487179487179487,0,0.037037037037037,0.333333333333333,0,0,0,0,0.139705882352941,0,0,0,0,0.242424242424242,0.283464566929134,0,0.25,0,0.159090909090909,0.277777777777778,0,0,0,0,0,0,0.181818181818182,0.210526315789474,0.151515151515152,0,0,0.7,0.0147058823529412,0,0.2,0.382716049382716,0,0.0576923076923077,0,0,0.126666666666667,0,0.0222222222222222,0,0,0,0.152542372881356,0,0,0,0,0,0,0,0.116666666666667,0.025,0,0,0,0.0629370629370629,0,0.0214168039538715,0.333333333333333,0.266666666666667,0.000768049155145929,0,0,0.416666666666667,0.00309597523219814,0,0,0.00101419878296146,0.875,0.807407407407407,0.0303030303030303,0.176470588235294,0.103448275862069,0.128612716763006,0,0,0.296296296296296,0,0,0,0,0,0,0,0,0,0,0,0,0,0,0,0,0
"Sutterella_wadsworthensis",0,0.461538461538462,0,0.0740740740740741,0.202020202020202,0,0,0,0,0.0367647058823529,0.0465116279069767,0,0,0,0.272727272727273,0.062992125984252,0,0.05,0,0.0909090909090909,0.166666666666667,0,0,0,0,0,0,0.0505050505050505,0,0,0,0,0.8,0.0441176470588235,0,0.1,0.358024691358025,0,0,0,0,0.306666666666667,0,0,0,0.05,0.0909090909090909,0.101694915254237,0.0476190476190476,0.0714285714285714,0,0.0285714285714286,0,0,0,0.0333333333333333,0.00833333333333333,0,0,0,0,0,0.00411861614497529,0.266666666666667,0.0333333333333333,0.000768049155145929,0,0,0.0833333333333333,0.00619195046439629,0.0034965034965035,0,0,0.8125,0.311111111111111,0.0909090909090909,0,0.0344827586206897,0.109826589595376,0,0,0.037037037037037,0,0,0,0,0,0,0,0,0,0,0,0,0,0,0,0,0
"Bacteroides_fragilis",0,0.487179487179487,0,0.0740740740740741,0.282828282828283,0,0.00229357798165138,0,0,0.0441176470588235,0.0465116279069767,0.05,0,0,0.0606060606060606,0.125984251968504,0,0.6,0,0.352272727272727,0.388888888888889,0,0,0,0,0,0,0.323232323232323,0.298245614035088,0,0,0.0125,0.7,0.0294117647058824,0,0.7,0.45679012345679,0,0.0192307692307692,0,0,0.24,0,0,0,0.45,0.0909090909090909,0.127118644067797,0,0,0,0,0,0.00749063670411985,0,0.0833333333333333,0.108333333333333,0,0,0,0.013986013986014,0.0851063829787234,0.0345963756177924,0.6,0.2,0.000768049155145929,0.00377714825306893,0,0.666666666666667,0.00309597523219814,0.0034965034965035,0.00464037122969838,0.00202839756592292,0.866071428571429,0.37037037037037,0.121212121212121,0.117647058823529,0.0689655172413793,0.189306358381503,0,0,0.111111111111111,0,0,0,0,0,0,0,0,0,0,0,0,0,0,0,0,0
"Ruminococcus_albus",0,0.0512820512820513,0,0.333333333333333,0.595959595959596,0.0124223602484472,0,0,0,0.0514705882352941,0.209302325581395,0,0,0,0.0606060606060606,0.015748031496063,0,0.15,0,0.0340909090909091,0,0.0217391304347826,0,0,0,0,0,0.0101010101010101,0.0350877192982456,0.00865800865800866,0,0,0.5,0,0,0.2,0.037037037037037,0,0.0576923076923077,0,0,0.00666666666666667,0,0.133333333333333,0,0.3,0,0.00847457627118644,0,0.0357142857142857,0,0,0,0,0.0952380952380952,0.0166666666666667,0,0,0.0218579234972678,0.0316205533596838,0,0,0.0181219110378913,0.133333333333333,0,0.000768049155145929,0,0,0.166666666666667,0,0,0,0,0.508928571428571,0.288888888888889,0,0,0,0.0289017341040462,0,0,0.037037037037037,0.0142857142857143,0,0,0,0,0,0,0,0,0,0,0,0,0,0,0,0
"Bacteroides_massiliensis",0,0.0256410256410256,0,0.037037037037037,0.313131313131313,0,0,0,0,0.125,0.0697674418604651,0,0,0,0.121212121212121,0.102362204724409,0,0.4,0,0.113636363636364,0.277777777777778,0,0,0.0789473684210526,0,0,0,0.151515151515152,0.0175438596491228,0.181818181818182,0,0,0.8,0,0,0.4,0.592592592592593,0,0,0,0,0.06,0,0.0444444444444444,0,0.05,0,0.110169491525424,0,0,0,0,0,0,0,0.0833333333333333,0.0583333333333333,0,0,0,0,0,0.042833607907743,0,0.333333333333333,0.00153609831029186,0.00472143531633617,0.0392156862745098,0,0.00619195046439629,0.0034965034965035,0,0.00304259634888438,0.544642857142857,0.637037037037037,0,0.117647058823529,0.0689655172413793,0.0867052023121387,0,0,0.407407407407407,0,0,0,0,0,0,0,0,0,0,0,0,0,0,0,0,0
"Prevotella_stercorea",0,0.512820512820513,0.0142857142857143,0.296296296296296,0,0.0124223602484472,0.00229357798165138,0,0,0.0882352941176471,0.13953488372093,0,0,0,0,0.110236220472441,0,0.2,0,0.568181818181818,0.666666666666667,0,0,0.0526315789473684,0,0,0,0,0.43859649122807,0,0,0,0.1,0.0147058823529412,0.0227272727272727,0,0.358024691358025,0,0.0384615384615385,0,0,0.92,0,0,0,0.05,0,0,0.238095238095238,0.464285714285714,0,0,0,0,0.0476190476190476,0.0666666666666667,0.00833333333333333,0,0.0437158469945355,0.0144927536231884,0.00699300699300699,0.0425531914893617,0.0189456342668863,0.933333333333333,0.133333333333333,0.0161290322580645,0.00377714825306893,0.0196078431372549,0,0,0,0.00232018561484919,0,0.848214285714286,0.185185185185185,0,0.0588235294117647,0.0344827586206897,0.13150289017341,0,0,0.222222222222222,0,0.0296296296296296,0,0,0,0,0,0,0,0,0,0,0,0,0,0,0.0014903129657228
"Clostridium_symbiosum",0,0.102564102564103,0.0571428571428571,0,0.121212121212121,0,0,0,0,0.0441176470588235,0,0,0,0,0,0.0236220472440945,0,0,0,0,0,0.0434782608695652,0.00323624595469256,0,0.010989010989011,0,0,0.0404040404040404,0.0526315789473684,0,0.0256410256410256,0,0.4,0.0147058823529412,0.0454545454545455,0.1,0.037037037037037,0,0.0192307692307692,0,0,0.0333333333333333,0,0.0888888888888889,0,0.1,0,0.110169491525424,0,0,0,0,0.4,0.00374531835205993,0,0,0,0,0,0,0.0174825174825175,0,0.0205930807248764,0.0666666666666667,0,0.00153609831029186,0.0113314447592068,0,0,0,0.00699300699300699,0.0116009280742459,0,0.214285714285714,0.0814814814814815,0.0909090909090909,0,0.0344827586206897,0.088150289017341,0,0,0.037037037037037,0,0,0,0,0,0,0,0,0,0,0,0,0,0,0,0,0
"Dorea_formicigenerans",0,0.384615384615385,0,0,0.212121212121212,0,0,0,0,0.0514705882352941,0,0.15,0,0,0,0.031496062992126,0,0,0,0.102272727272727,0.166666666666667,0,0,0,0,0,0,0.0404040404040404,0.0701754385964912,0.038961038961039,0,0,0.5,0.205882352941176,0,0.3,0.123456790123457,0,0.0769230769230769,0,0,0.38,0,0,0,0.2,0,0,0,0.0357142857142857,0,0,0,0.00374531835205993,0,0.0333333333333333,0.025,0,0,0,0.027972027972028,0,0.0172981878088962,0.533333333333333,0.133333333333333,0.000768049155145929,0.000944287063267233,0.0196078431372549,0.166666666666667,0.00928792569659443,0,0.00232018561484919,0,0.6875,0.207407407407407,0,0,0,0.0404624277456647,0,0,0.296296296296296,0,0,0,0,0,0,0,0,0,0,0,0,0,0,0,0,0
"Ruminococcus_obeum",0,0.358974358974359,0.0142857142857143,0.0740740740740741,0.414141414141414,0,0,0,0,0.0661764705882353,0.0697674418604651,0,0,0.00380228136882129,0.181818181818182,0.0236220472440945,0,0.4,0,0.0681818181818182,0.111111111111111,0,0.00323624595469256,0,0,0,0,0.0606060606060606,0.368421052631579,0.0909090909090909,0,0,0.6,0.0147058823529412,0,0.6,0.283950617283951,0,0.0384615384615385,0,0,0.353333333333333,0,0.0444444444444444,0,0.15,0,0.0847457627118644,0.0238095238095238,0,0,0,0,0,0,0.05,0.0333333333333333,0,0,0,0.041958041958042,0.0425531914893617,0.042833607907743,0.466666666666667,0.266666666666667,0.000768049155145929,0,0,0.25,0.00619195046439629,0,0.00232018561484919,0.00101419878296146,0.9375,0.333333333333333,0,0.0588235294117647,0.0344827586206897,0.065028901734104,0,0,0.481481481481481,0,0,0,0,0,0,0,0,0,0,0,0,0,0,0,0,0
"Oscillospira_guilliermondii",0,0.0256410256410256,0,0.296296296296296,0.404040404040404,0,0,0,0,0.169117647058824,0,0,0,0,0.242424242424242,0.094488188976378,0,0,0,0.340909090909091,0.333333333333333,0,0.0129449838187702,0,0,0,0,0.0909090909090909,0.105263157894737,0.0303030303030303,0,0,0.9,0,0,0.1,0.123456790123457,0,0.0769230769230769,0,0,0.52,0,0.155555555555556,0,0.5,0,0.161016949152542,0,0.0714285714285714,0,0,0.3,0,0,0,0.0166666666666667,0,0,0,0.0454545454545455,0,0.0172981878088962,0.8,0.1,0.00230414746543779,0,0,0.583333333333333,0.00619195046439629,0,0.00232018561484919,0.00101419878296146,0.5625,0.503703703703704,0,0,0,0.0765895953757225,0,0,0.037037037037037,0,0,0,0,0,0,0,0,0,0,0,0,0,0,0,0,0
"Roseburia_intestinalis",0,0.0256410256410256,0,0.037037037037037,0.232323232323232,0,0,0,0,0.0588235294117647,0.0232558139534884,0.05,0,0,0,0.0236220472440945,0,0.25,0,0,0,0,0,0,0,0,0,0.0202020202020202,0.087719298245614,0.012987012987013,0,0,0.2,0,0,0.3,0.0864197530864197,0,0,0,0,0.0533333333333333,0,0,0,0.15,0,0.00847457627118644,0,0,0,0,0,0,0,0.0833333333333333,0.05,0,0,0,0,0,0.0131795716639209,0.2,0.233333333333333,0.000768049155145929,0,0,0.166666666666667,0,0,0,0,0.696428571428571,0.22962962962963,0,0.117647058823529,0.103448275862069,0.0202312138728324,0,0,0.222222222222222,0,0.00740740740740741,0,0,0,0,0,0,0,0,0,0,0,0,0.0192307692307692,0,0
"Actinobacillus_succinogenes",0,0.0256410256410256,0,0.444444444444444,0,0,0.0275229357798165,0,0,0.00735294117647059,0,0,0,0.00380228136882129,0,0.015748031496063,0.0714285714285714,0,0,0.215909090909091,0.222222222222222,0.108695652173913,0.087378640776699,0.0263157894736842,0,0,0,0.0101010101010101,0.0350877192982456,0.16017316017316,0,0,0.3,0,0,0,0.0987654320987654,0,0,0,0,0.0666666666666667,0.0555555555555556,0,0,0.05,0,0.0169491525423729,0,0.0357142857142857,0,0,0,0.0224719101123595,0,0,0,0,0,0,0.157342657342657,0.0212765957446809,0.0238879736408567,0.0666666666666667,0.0666666666666667,0.0990783410138249,0.0424929178470255,0.117647058823529,0.0833333333333333,0.0123839009287926,0.0174825174825175,0.0278422273781903,0,0.0178571428571429,0.0222222222222222,0,0.0882352941176471,0.0344827586206897,0.0216763005780347,0,0,0.037037037037037,0,0,0,0,0,0,0,0,0,0,0,0,0,0,0,0,0
"Bacteroides_thetaiotaomicron",0,0.384615384615385,0,0,0.272727272727273,0,0.00458715596330275,0,0,0.0955882352941176,0,0.05,0,0,0,0.078740157480315,0,0.15,0,0.0113636363636364,0,0,0.0194174757281553,0,0,0,0,0.0909090909090909,0,0.0909090909090909,0,0,0.8,0.0441176470588235,0,0,0.555555555555556,0,0.0576923076923077,0,0,0.0466666666666667,0,0.0444444444444444,0,0.9,0,0.101694915254237,0,0,0,0,0,0,0,0.05,0.025,0,0.00546448087431694,0,0.00699300699300699,0,0.0626029654036244,0.533333333333333,0.0333333333333333,0.000768049155145929,0.00188857412653447,0,0,0.00309597523219814,0,0,0.00101419878296146,0.758928571428571,0.17037037037037,0,0.0294117647058824,0.0344827586206897,0.158959537572254,0,0,0.0740740740740741,0,0,0,0,0,0,0,0,0,0,0,0,0,0,0,0,0.0014903129657228
"Clostridium_ramosum",0,0.333333333333333,0,0.037037037037037,0.212121212121212,0,0,0,0,0.0147058823529412,0,0,0,0,0.0303030303030303,0,0,0,0,0.0568181818181818,0.0555555555555556,0,0,0,0,0,0,0.0808080808080808,0.105263157894737,0,0,0,0.2,0.0882352941176471,0,0.1,0.0740740740740741,0,0.0192307692307692,0,0,0.0133333333333333,0,0,0,0,0,0.00847457627118644,0,0,0,0,0,0.00374531835205993,0,0,0.0333333333333333,0,0,0,0.013986013986014,0,0.00658978583196046,0.0666666666666667,0.0333333333333333,0,0,0,0.166666666666667,0,0,0,0,0.455357142857143,0.192592592592593,0.0303030303030303,0.0294117647058824,0,0.0736994219653179,0,0,0.296296296296296,0,0,0,0,0,0,0,0,0,0,0,0,0,0,0,0,0
"Haemophilus_parasuis",0,0.0512820512820513,0.0571428571428571,0.925925925925926,0.0707070707070707,0.0186335403726708,0.0206422018348624,0,0,0,0.186046511627907,0.05,0,0.262357414448669,0.0303030303030303,0.0078740157480315,0.428571428571429,0.35,0.0666666666666667,0.704545454545455,0.722222222222222,0.239130434782609,0.00970873786407767,0.210526315789474,0,0,0,0,0,0.225108225108225,0,0,0.2,0.0294117647058824,0.113636363636364,0,0.234567901234568,0,0,0,0,0.0266666666666667,0,0,0.0476190476190476,0.05,0.272727272727273,0.110169491525424,0,0.0357142857142857,0,0,0,0.0187265917602996,0,0,0.00833333333333333,0,0.344262295081967,0.367588932806324,0.027972027972028,0.0851063829787234,0.0403624382207578,0,0,0.494623655913978,0.146364494806421,0.0196078431372549,0,0.00309597523219814,0.0314685314685315,0.0440835266821346,0,0.178571428571429,0.0518518518518519,0,0,0.0689655172413793,0.115606936416185,0.0535714285714286,0.1,0.037037037037037,0.0428571428571429,0,0,0,0,0,0,0,0,0,0,0,0,0,0,0,0
"Veillonella_criceti",0,0.0512820512820513,0.0571428571428571,0.111111111111111,0,0.0248447204968944,0.018348623853211,0,0,0,0.255813953488372,0.05,0,0,0,0.0078740157480315,0,0.5,0,0,0,0.0869565217391304,0,0.0263157894736842,0.010989010989011,0,0,0.0101010101010101,0,0.0476190476190476,0.0256410256410256,0.1,0,0.0294117647058824,0.295454545454545,0,0.0864197530864197,0,0,0.243243243243243,0.238095238095238,0,0,0,0.142857142857143,0,0,0.0338983050847458,0,0,0,0,0,0.00374531835205993,0.285714285714286,0,0,0,0.0382513661202186,0.0289855072463768,0.0034965034965035,0.0212765957446809,0.126029654036244,0.0666666666666667,0.2,0.0499231950844854,0.0302171860245515,0.0196078431372549,0,0.00309597523219814,0.00699300699300699,0.00232018561484919,0.00101419878296146,0.0178571428571429,0.0296296296296296,0,0,0,0.0404624277456647,0,0,0,0,0,0,0,0,0,0,0,0,0,0,0,0,0,0,0,0
"Parabacteroides_goldsteinii",0,0.358974358974359,0.0142857142857143,0.259259259259259,0.0303030303030303,0,0.00688073394495413,0,0,0.00735294117647059,0.0697674418604651,0,0,0,0.151515151515152,0.015748031496063,0.0714285714285714,0,0,0.0113636363636364,0.0555555555555556,0,0,0.0263157894736842,0,0,0,0,0,0.0476190476190476,0,0.025,0.9,0.0147058823529412,0.136363636363636,0.1,0.0740740740740741,0.1,0.0576923076923077,0,0,0.0133333333333333,0,0,0,0.75,0,0,0.0238095238095238,0,0,0,0,0,0,0.0166666666666667,0.0166666666666667,0,0,0.00922266139657444,0,0,0.0354200988467875,0.0666666666666667,0,0.0721966205837174,0.0207743153918791,0.0196078431372549,0.5,0.00309597523219814,0.0104895104895105,0.00232018561484919,0,0.133928571428571,0.037037037037037,0,0.0294117647058824,0,0.0433526011560694,0,0,0,0,0,0,0,0,0,0,0,0,0,0,0,0,0,0,0,0
"Clostridium_leptum",0,0.0256410256410256,0,0.037037037037037,0.424242424242424,0,0,0,0,0.0367647058823529,0.0232558139534884,0,0,0,0.0909090909090909,0.015748031496063,0,0.05,0,0.0454545454545455,0,0,0.00970873786407767,0,0,0,0,0.0202020202020202,0.0526315789473684,0.012987012987013,0,0,0.5,0,0,0.1,0.111111111111111,0,0.0576923076923077,0,0,0.0466666666666667,0.0277777777777778,0.244444444444444,0,0.3,0,0.0932203389830508,0,0,0,0,0,0,0,0.0166666666666667,0.0166666666666667,0,0,0,0.0034965034965035,0,0.0238879736408567,0.133333333333333,0.133333333333333,0.00153609831029186,0.000944287063267233,0,0.166666666666667,0,0,0,0.00101419878296146,0.482142857142857,0.2,0.0303030303030303,0.0588235294117647,0.0689655172413793,0.0520231213872832,0,0,0.407407407407407,0,0,0,0,0,0,0,0,0,0,0,0,0,0,0,0,0
"Odoribacter_splanchnicus",0,0.0769230769230769,0,0.0740740740740741,0.222222222222222,0,0,0,0,0.0514705882352941,0.0930232558139535,0,0,0,0.0606060606060606,0.094488188976378,0,0.2,0,0.238636363636364,0.333333333333333,0,0,0,0,0,0,0.0404040404040404,0,0.0822510822510823,0,0,0.9,0.161764705882353,0,0.3,0.172839506172839,0,0.0192307692307692,0.027027027027027,0,0.0733333333333333,0,0.177777777777778,0.238095238095238,0.65,0,0.0847457627118644,0,0,0,0,0.5,0,0,0.0333333333333333,0.0166666666666667,0,0,0,0,0,0.0609555189456343,0.133333333333333,0.0333333333333333,0.00153609831029186,0.000944287063267233,0,0,0.00619195046439629,0.0034965034965035,0,0.00202839756592292,0.3125,0.311111111111111,0,0.117647058823529,0.0344827586206897,0.119942196531792,0,0,0.111111111111111,0,0,0,0,0,0,0,0,0,0,0,0,0,0,0,0,0
"Lactobacillus_animata",0,0.179487179487179,0.0285714285714286,0.37037037037037,0.686868686868687,0,0.0802752293577982,0,0,0.139705882352941,0,0,0.116279069767442,0.243346007604563,0.242424242424242,0.220472440944882,0,0,0,0,0,0.760869565217391,0.00323624595469256,0.0526315789473684,0,0.4375,0.3,0,0,0.0173160173160173,0.0256410256410256,0.0125,0.7,0.735294117647059,0.409090909090909,0.1,0.345679012345679,0,0,0,0,0,0.194444444444444,0,0,0.1,0.545454545454545,0.516949152542373,0,0,0,0,0,0.101123595505618,0,0,0,0,0.00546448087431694,0.00658761528326746,0,0.48936170212766,0.13673805601318,0.266666666666667,0,0.490783410138249,0.43342776203966,0.843137254901961,0,0,0.157342657342657,0.146171693735499,0,0.25,0.148148148148148,0.454545454545455,0.0294117647058824,0,0.265895953757225,0.0535714285714286,0.05,0,0,0,0,0,0,0,0,0,0,0,0,0,0,0,0,0,0
"Clostridium_bartlettii",0,0.256410256410256,0,0.037037037037037,0.0707070707070707,0,0,0.0053475935828877,0,0.0220588235294118,0.0465116279069767,0,0,0.00760456273764259,0.272727272727273,0.015748031496063,0,0.25,0,0.102272727272727,0.222222222222222,0,0,0,0,0,0,0,0.0350877192982456,0.00865800865800866,0,0,0.5,0.0147058823529412,0.0227272727272727,0.2,0.0123456790123457,0,0.0192307692307692,0,0,0.453333333333333,0,0,0,0.2,0,0,0,0.0357142857142857,0,0,0,0,0.0476190476190476,0,0,0,0,0,0.0314685314685315,0.0212765957446809,0.0181219110378913,0.133333333333333,0.1,0.00307219662058372,0,0,0.416666666666667,0,0,0,0,0.491071428571429,0.251851851851852,0,0.0588235294117647,0,0.0606936416184971,0,0,0.185185185185185,0,0,0,0,0,0,0,0,0,0,0,0,0,0,0,0,0
"Pseudoflavonifractor_capillosus",0,0,0,0.185185185185185,0.191919191919192,0,0,0,0,0.0514705882352941,0,0,0,0,0.0303030303030303,0.062992125984252,0,0.05,0,0,0,0,0.0161812297734628,0,0,0,0,0.0101010101010101,0,0,0,0,0.1,0,0.0227272727272727,0.1,0,0,0,0,0,0.06,0,0.111111111111111,0.0476190476190476,0.3,0,0.101694915254237,0,0,0,0,0.2,0,0,0,0,0,0,0,0.0104895104895105,0,0.0214168039538715,0.0666666666666667,0,0,0,0,0.0833333333333333,0,0,0,0,0.0982142857142857,0.037037037037037,0.0303030303030303,0,0,0.0115606936416185,0,0,0.0740740740740741,0,0,0,0,0,0,0,0,0,0,0,0,0,0,0,0,0
"Coprococcus_catus",0,0,0,0,0.323232323232323,0,0,0,0,0.0220588235294118,0.0232558139534884,0,0,0,0.121212121212121,0,0,0.1,0,0.0227272727272727,0.111111111111111,0,0,0,0,0,0,0.0404040404040404,0.0350877192982456,0.0432900432900433,0,0,0.4,0.0294117647058824,0,0.1,0.111111111111111,0,0.0192307692307692,0,0,0.446666666666667,0,0,0,0.3,0,0.0932203389830508,0,0.0357142857142857,0,0,0,0,0,0.0166666666666667,0.00833333333333333,0,0,0,0.0174825174825175,0,0.00906095551894563,0.133333333333333,0.1,0.000768049155145929,0,0.0196078431372549,0.0833333333333333,0.00928792569659443,0.0034965034965035,0,0.00101419878296146,0.732142857142857,0.111111111111111,0,0.0294117647058824,0,0.046242774566474,0,0,0.185185185185185,0,0,0,0,0,0,0,0,0,0,0,0,0,0,0,0,0
"Clostridium_scindens",0,0,0,0,0.212121212121212,0,0,0,0,0.0514705882352941,0,0.05,0.0232558139534884,0,0,0,0,0,0,0,0,0,0.0258899676375405,0,0,0,0,0,0,0.00432900432900433,0,0,0.2,0.0735294117647059,0,0.5,0.0123456790123457,0,0.0192307692307692,0,0,0.00666666666666667,0,0.111111111111111,0,0.7,0,0.152542372881356,0,0,0,0,0,0,0,0,0.0166666666666667,0,0,0,0.013986013986014,0,0.014827018121911,0.0666666666666667,0,0,0,0,0.0833333333333333,0.00619195046439629,0,0.00232018561484919,0,0.151785714285714,0.0592592592592593,0,0.0588235294117647,0.0344827586206897,0.0101156069364162,0,0,0.259259259259259,0,0,0,0,0,0,0,0,0,0,0,0,0,0,0,0,0
"Bacteroides_cellulosilyticus",0,0,0,0.037037037037037,0.141414141414141,0,0,0,0,0.0441176470588235,0,0,0,0,0.242424242424242,0.062992125984252,0,0.35,0,0.272727272727273,0.388888888888889,0,0,0,0,0,0,0.131313131313131,0.0350877192982456,0.00865800865800866,0,0,0.4,0,0,0.4,0.0740740740740741,0,0.0576923076923077,0,0,0,0,0,0,0.05,0,0.0593220338983051,0,0,0,0,0,0,0,0,0,0,0,0,0.034965034965035,0,0.014827018121911,0.2,0.133333333333333,0.000768049155145929,0,0,0.0833333333333333,0.00309597523219814,0,0,0.00304259634888438,0.330357142857143,0.148148148148148,0.0303030303030303,0.0882352941176471,0.0344827586206897,0.0722543352601156,0,0,0.037037037037037,0,0,0,0,0,0,0,0,0,0,0,0,0,0,0,0,0
"Eubacterium_ventriosum",0,0,0,0,0.212121212121212,0,0.00229357798165138,0,0,0.0147058823529412,0,0,0,0,0.0909090909090909,0.062992125984252,0,0.05,0,0.0227272727272727,0.0555555555555556,0,0.0323624595469256,0,0,0,0,0.0101010101010101,0,0.0562770562770563,0,0,0.2,0,0,0.1,0.123456790123457,0,0.0384615384615385,0,0,0.0933333333333333,0,0,0,0,0,0.0593220338983051,0,0,0,0,0,0,0,0,0.0166666666666667,0,0,0,0.00699300699300699,0,0.00823723228995058,0,0.133333333333333,0.00230414746543779,0.000944287063267233,0,0,0,0,0.00232018561484919,0.00202839756592292,0.508928571428571,0.155555555555556,0,0.0294117647058824,0.0344827586206897,0.0245664739884393,0,0,0.666666666666667,0,0,0,0,0,0,0,0,0,0,0,0,0,0,0,0,0
"Streptococcus_troglodytae",0,0,0.171428571428571,0.037037037037037,0,0,0.00458715596330275,0,0,0,0,0,0.0232558139534884,0.0760456273764259,0.0303030303030303,0.0078740157480315,0,0,0.133333333333333,0,0,0.130434782608696,0.00323624595469256,0,0,0,0.1,0.0202020202020202,0,0.0606060606060606,0,0,0,0.0147058823529412,0,0,0.185185185185185,0,0,0,0,0.00666666666666667,0,0,0,0.05,0.0909090909090909,0.0508474576271186,0.0952380952380952,0,0.025,0,0,0.00749063670411985,0,0,0,0,0,0,0.041958041958042,0,0.00906095551894563,0,0,0.076036866359447,0.0481586402266289,0.0392156862745098,0,0.00309597523219814,0.013986013986014,0.0116009280742459,0,0.00892857142857143,0.0814814814814815,0.0606060606060606,0.264705882352941,0.172413793103448,0.0838150289017341,0.232142857142857,0.25,0.0740740740740741,0,0,0,0,0,0,0,0,0,0,0,0,0,0,0,0,0
"Porphyromonas_somerae",0,0,0,0,0.0101010101010101,0,0,0,0,0,0,0,0,0,0,0.0078740157480315,0,0,0,0,0,0,0,0,0,0,0,0,0,0,0,0,0.2,0,0,0.1,0,0,0,0,0,0,0,0,0,0,0,0,0,0,0,0.0285714285714286,0,0,0,0,0,0,0,0,0,0,0,0,0,0.00230414746543779,0.000944287063267233,0,0,0,0,0,0,0,0.00740740740740741,0,0,0,0.00144508670520231,0,0,0,0,0.918518518518519,1,0.725806451612903,0.2,0.66304347826087,0.786324786324786,0.921875,0.7,0.681818181818182,0.694524495677233,0.95049504950495,0.916666666666667,0.814814814814815,0.740384615384615,0.98125,0.992548435171386
"Haemophilus_quentini",0,0,0,0,0,0.0124223602484472,0,0,0,0,0.209302325581395,0,0,0,0,0,0,0.2,0,0,0,0,0,0,0,0,0,0,0,0,0,0,0,0,0.204545454545455,0,0,0,0,0,0,0,0,0,0,0,0,0,0,0,0,0,0,0,0,0,0,0,0.426229508196721,0.41501976284585,0,0,0,0,0,0,0,0,0,0,0,0,0,0,0,0,0,0,0.00144508670520231,0,0,0,0.0142857142857143,0.437037037037037,0.2,0.032258064516129,0.7,0.0326086956521739,0.0854700854700855,0.359375,0.05,0.181818181818182,0.0461095100864553,0.356435643564356,0.791666666666667,0.0648148148148148,0.269230769230769,0.01875,0.736214605067064
"Methylobacterium_jeotgali",0,0,0,0,0.0202020202020202,0,0,0.112299465240642,0.0810810810810811,0.0147058823529412,0.0465116279069767,0,0,0.0988593155893536,0.0909090909090909,0.102362204724409,0,0,0,0.0227272727272727,0.0555555555555556,0.152173913043478,0,0,0.00549450549450549,0,0,0,0,0,0,0,0,0,0,0,0,0,0,0,0,0.293333333333333,0,0,0,0,0.272727272727273,0,0,0,0,0,1,0.344569288389513,0.0476190476190476,0.566666666666667,0.491666666666667,0,0,0,0,0,0,0.0666666666666667,0.0333333333333333,0.000768049155145929,0,0,0.0833333333333333,0,0,0,0.00101419878296146,0.00892857142857143,0.0296296296296296,0.0303030303030303,0,0,0.00289017341040462,0.125,0.225,0,0,0,0,0,0,0,0,0,0,0,0,0,0,0,0,0,0
"Ruminococcus_callidus",0,0,0,0,0.313131313131313,0,0,0,0,0.0735294117647059,0,0,0,0,0.121212121212121,0.015748031496063,0,0,0,0.0681818181818182,0.0555555555555556,0,0,0,0,0,0,0,0.0701754385964912,0,0,0,0.3,0,0,0.1,0.111111111111111,0,0.0769230769230769,0,0,0.113333333333333,0,0.0222222222222222,0,0.15,0,0,0.0238095238095238,0.0357142857142857,0,0,0,0.00374531835205993,0,0,0,0,0,0,0,0,0.0115321252059308,0.0666666666666667,0.166666666666667,0,0,0,0,0,0,0,0.00101419878296146,0.669642857142857,0.362962962962963,0,0.0294117647058824,0.0344827586206897,0.0563583815028902,0,0,0.62962962962963,0,0,0,0,0,0,0,0,0,0,0,0,0,0,0,0,0
"Aggregatibacter_sp_oral_taxon_458",0,0,0,0,0,0,0,0,0,0,0,0,0,0,0,0,0,0,0,0,0,0,0,0,0,0,0,0,0,0,0,0,0,0,0,0,0,0,0,0,0,0,0,0,0,0,0,0,0,0,0,0,0,0,0,0,0,0,0,0,0,0,0,0,0,0,0,0,0,0,0,0,0,0,0,0,0,0,0,0,0,0,0,0.792592592592593,0.125,0.0806451612903226,0.1,0.222826086956522,0.38034188034188,0.828125,0.45,0.454545454545455,0.23342939481268,0.504950495049505,0.916666666666667,0.231481481481481,0.326923076923077,0.35625,0.958271236959762
"Lachnospiraceae_bacterium_oral_taxon_096",0,0,0,0,0,0,0,0,0,0,0,0,0,0,0,0,0,0,0,0,0,0,0,0,0,0,0,0,0,0,0,0,0,0,0,0,0,0,0,0,0,0,0,0,0,0,0,0,0,0,0,0,0,0,0,0,0,0,0,0,0,0,0,0,0,0,0,0,0,0,0,0,0,0,0,0,0,0,0,0,0,0,0,0.511111111111111,0.1,0.354838709677419,0.1,0.146739130434783,0.525641025641026,0.46875,0.75,0.909090909090909,0.236311239193084,0.415841584158416,0.75,0.277777777777778,0.278846153846154,0.35,0.646795827123696
"Leptotrichia_sp_oral_taxon_215",0,0,0,0,0,0,0,0,0,0,0,0,0,0,0,0,0,0,0,0,0,0,0,0,0,0,0,0,0,0,0,0,0,0,0,0,0,0,0,0,0,0,0,0,0,0,0,0,0,0,0,0,0,0,0,0,0,0,0,0,0,0,0,0,0,0,0,0,0,0,0,0,0,0,0,0,0,0,0,0,0,0,0,0.666666666666667,0.075,0.0483870967741935,0.1,0.125,0.688034188034188,0.859375,0.6,0.454545454545455,0.0662824207492795,0.445544554455446,0.916666666666667,0.101851851851852,0.278846153846154,0.21875,0.88822652757079
"Neisseria_sp_oral_taxon_014",0,0,0,0,0,0,0,0,0,0,0,0,0,0,0,0,0,0,0,0,0,0,0,0,0,0,0,0,0,0,0,0,0,0,0,0,0,0,0,0,0,0,0,0,0,0,0,0,0,0,0,0,0,0,0,0,0,0,0,0,0,0,0,0,0,0,0,0,0,0,0,0,0,0,0,0,0,0,0,0,0,0,0,0.777777777777778,0.125,0.0967741935483871,0.4,0.0978260869565217,0.376068376068376,0.453125,0.2,0.5,0.29971181556196,0.316831683168317,0.625,0.444444444444444,0.346153846153846,0.18125,0.815201192250373
"Prevotella_sp_oral_taxon_306",0,0,0,0,0,0,0,0,0,0,0,0,0,0,0,0,0,0,0,0,0,0,0,0,0,0,0,0,0,0,0,0,0,0,0,0,0,0,0,0,0,0,0,0,0,0,0,0,0,0,0,0,0,0,0,0,0,0,0,0,0,0,0,0,0,0,0,0,0,0,0,0,0,0,0,0,0,0,0,0,0,0,0,0.792592592592593,0.55,0.5,0,0.179347826086957,0.61965811965812,0.734375,0.85,0.681818181818182,0.694524495677233,0.752475247524752,0.916666666666667,0.287037037037037,0.644230769230769,0.4125,0.900149031296572
"Prevotella_sp_oral_taxon_473",0,0,0,0,0,0,0,0,0,0,0,0,0,0,0,0,0,0,0,0,0,0,0,0,0,0,0,0,0,0,0,0,0,0,0,0,0,0,0,0,0,0,0,0,0,0,0,0,0,0,0,0,0,0,0,0,0,0,0,0,0,0,0,0,0,0,0,0,0,0,0,0,0,0,0,0,0,0,0,0,0,0,0,0.740740740740741,0.375,0.0967741935483871,0.5,0.0760869565217391,0.0982905982905983,0.703125,0.2,0.0909090909090909,0.109510086455331,0.465346534653465,1,0.0462962962962963,0.528846153846154,0.19375,0.919523099850969
"Tannerella_sp_oral_taxon_HOT_286",0,0,0,0,0,0,0,0,0,0,0,0,0,0,0,0,0,0,0,0,0,0,0,0,0,0,0,0,0,0,0,0,0,0,0,0,0,0,0,0,0,0,0,0,0,0,0,0,0,0,0,0,0,0,0,0,0,0,0,0,0,0,0,0,0,0,0,0,0,0,0,0,0,0,0,0,0,0,0,0,0,0,0,0.822222222222222,0.4,0.17741935483871,0.1,0.135869565217391,0.538461538461538,0.890625,0.3,0.772727272727273,0.23342939481268,0.534653465346535,0.916666666666667,0.0555555555555556,0.586538461538462,0.75625,0.961251862891207
"Actinomyces_sp_HMSC035G02",0,0,0,0,0,0,0,0,0,0,0,0,0,0,0,0,0,0,0,0,0,0,0,0,0,0,0,0,0,0,0,0,0,0,0,0,0,0,0,0,0,0,0,0,0,0,0,0,0,0,0,0,0,0,0,0,0,0,0,0,0,0,0,0,0,0,0,0,0,0,0,0,0,0,0,0,0,0,0,0,0,0,0,0.822222222222222,0.45,0.258064516129032,0,0.298913043478261,0.957264957264957,0.953125,0.6,0.863636363636364,0.365994236311239,0.762376237623762,0.833333333333333,0.490740740740741,0.913461538461538,0.8625,0.791356184798808
"Actinomyces_sp_ICM47",0,0,0,0,0,0,0,0,0,0,0,0,0,0,0,0,0,0,0,0,0,0,0,0,0,0,0,0,0,0,0,0,0,0,0,0,0,0,0,0,0,0,0,0,0,0,0,0,0,0,0,0,0,0,0,0,0,0,0,0,0,0,0,0,0,0,0,0,0,0,0,0,0,0,0,0,0,0,0,0,0,0,0,0.955555555555556,0.675,0.612903225806452,0,0.581521739130435,0.897435897435897,1,0.75,0.954545454545455,0.815561959654179,0.920792079207921,1,0.814814814814815,0.826923076923077,0.875,0.940387481371088
"Actinomyces_sp_oral_taxon_181",0,0,0,0,0,0,0,0,0,0,0,0,0,0,0,0,0,0,0,0,0,0,0,0,0,0,0,0,0,0,0,0,0,0,0,0,0,0,0,0,0,0,0,0,0,0,0,0,0,0,0,0,0,0,0,0,0,0,0,0,0,0,0,0,0,0,0,0,0,0,0,0,0,0,0,0,0,0,0,0,0,0,0,0.437037037037037,0.125,0.0806451612903226,0,0.114130434782609,0.94017094017094,0.9375,0.75,0.590909090909091,0.365994236311239,0.594059405940594,0.791666666666667,0.25,0.615384615384615,0.825,0.795827123695976
"Oribacterium_parvum",0,0,0,0,0,0,0,0,0,0,0,0,0,0,0,0,0,0,0,0,0,0,0,0,0,0,0,0,0,0,0,0,0,0,0,0,0,0,0,0,0,0,0,0,0,0,0,0,0,0,0,0,0,0,0,0,0,0,0,0,0,0,0,0,0,0,0,0,0,0,0,0,0,0,0,0,0,0,0,0,0,0,0,0.548148148148148,0.35,0.129032258064516,0,0.0760869565217391,0.504273504273504,0.65625,0.8,0.409090909090909,0.39193083573487,0.603960396039604,0.708333333333333,0.509259259259259,0.538461538461538,0.44375,0.898658718330849
"Streptococcus_sp_A12",0,0,0,0,0,0,0,0,0,0,0,0,0,0,0,0,0,0,0,0,0,0,0,0,0,0,0,0,0,0,0,0,0,0,0,0,0,0,0,0,0,0,0,0,0,0,0,0,0,0,0,0,0,0,0,0,0,0,0,0,0,0,0,0,0,0,0,0,0,0,0,0,0,0,0,0,0,0,0,0,0,0,0,0.718518518518519,0.275,0.241935483870968,0,0.255434782608696,0.52991452991453,0.671875,0.4,0.590909090909091,0.291066282420749,0.435643564356436,0.583333333333333,0.574074074074074,0.490384615384615,0.49375,0.549925484351714
"Veillonella_infantium",0,0,0,0,0,0,0,0,0,0,0,0,0,0,0,0,0,0,0,0,0,0,0,0,0,0,0,0,0,0,0,0,0,0,0,0,0,0,0,0,0,0,0,0,0,0,0,0,0,0,0,0,0,0,0,0,0,0,0,0,0,0,0,0,0,0,0,0,0,0,0,0,0,0,0,0,0,0,0,0,0,0,0,0.822222222222222,0.75,0.596774193548387,0,0.565217391304348,0.995726495726496,0.890625,0.55,0.818181818181818,0.478386167146974,0.861386138613861,0.958333333333333,0.453703703703704,0.326923076923077,0.5,0.956780923994039
"Veillonella_sp_T11011_6",0,0,0,0,0,0,0,0,0,0,0,0,0,0,0,0,0,0,0,0,0,0,0,0,0,0,0,0,0,0,0,0,0,0,0,0,0,0,0,0,0,0,0,0,0,0,0,0,0,0,0,0,0,0,0,0,0,0,0,0,0,0,0,0,0,0,0,0,0,0,0,0,0,0,0,0,0,0,0,0,0,0,0,0.822222222222222,0.3,0.516129032258065,0,0.33695652173913,0.923076923076923,0.828125,0.6,0.727272727272727,0.423631123919308,0.762376237623762,0.916666666666667,0.287037037037037,0.432692307692308,0.24375,0.907600596125186
