"","AcharyaA_2017","BhushanB_2019","CameronS_2015","ChaudhariD_2020","ColladoM_2018","FilippisF_2015","DebeliusJ_2020","FanX_2018b","FanX_2018b_exposure","GuoS_2022","HijaziK_2020","HuangC_2022","JiangQ_2019","KahharovaD_2019","KumpitschC_2020_exposure","LeeW_2017","LinM_2020","LindheimL_2016","LiuY_2019","LokmerA_2020","LokmerA_2020_exposure","LundmarkA_2019","MarotzC_2022Saa","MaruyamaH_2021","MenonR_2019","MoskovitzM_2021","JulianM_2017_exposure","OnyangoS_2020","OzgaA_2016","PooleA_2019","PushalkarS_2020","PushalkarS_2020_exposure","RussoE_2018","SohailM_2019","LermaA_2020","StewartC_2018_exposure","TakahashiY_2019","TianN_2017","TongY_2019","TramiceA_2022","TramiceA_2022_exposure","VogtmannE_2019","WangK_2016","WangT_2018","WangQ_2019","WangX_2020","WolfA_2017_exposure","YanoY_2020","YeoL_2019","YeoL_2019_exposure","YuG_2016_exposure","YuG_2016","YuF_2020","ZauraE_2017","ZhengX_2017","ZhuC_2020a","ZhuC_2020b","ZiganshinaE_2020","CheungM_2022_exposure","CheungM_2022","DavidL_2014","GuptaA_2022","NearingJ_2020","RafiqulI_2022","WangB_2020","WillisJ_2018","WillisJ_2022","ZhuC_2018","AbdelbaryM_2022","ArmstrongA_2023a","CheungM_2023","CheungM_2023_exposure","GoltsmanD_2018a","JeongJ_2023","LaiolaM_2020","LeeY_2025","LiK_2022_exposure","LiK_2022","LimM_2023","MakinenA_2023_exposure","MakinenA_2023","RiveraV_2025","TakeshitaT_2014","BritoIL_2016","CaselliE_2020","ChenL_2022","ClementeJ_2015","MarotzC_2022Sab","NagataN_2022","ArmstrongA_2023b","BelstromD_2017","BelstromD_2021","BostanciN_2021","GoltsmanD_2018b","LassalleF_2017","TakayasuL_2017","VoigtA_2015B","ZellerG_2014B","ZhuJ_2021_Yunnan"
"Veillonella_rogosae",0.836027713625866,0.475877192982456,0.962616822429907,0.116827438370847,0.985324947589098,0,0.236725663716814,0.925925925925926,0.990220048899755,0.902335456475584,0.924225028702641,0.904317386231039,0.860072376357057,0,0.225512528473804,0.357758620689655,0.515299877600979,0.924205378973105,0.344516129032258,0.457817772778403,0,0.97979797979798,0,0.942925089179548,0.940520446096654,0.564814814814815,0,0.740782122905028,0,0.25,0.990159901599016,0.985898942420682,0.301927194860814,0.953439153439153,0.762827822120867,0,0.94392523364486,0.906291834002677,0.273743016759777,0.92261185006046,0.970260223048327,0.379690949227373,0,0.71840354767184,0.397560975609756,0.39647577092511,0.426814268142681,0.219132369299221,0.891077636152955,0.751131221719457,0.767942583732057,0.849282296650718,0,0.745958429561201,0,0.96969696969697,0.984427141268076,0.660329531051964,0.908866995073892,0.786729857819905,0,0,0.116615067079463,0.424719101123596,0,0.785345717234262,0.667364016736402,0.728691476590636,0.926713947990544,0,0.921139101861993,0.950323974082073,0.95852534562212,0.935617860851506,0.956566701137539,0.473684210526316,0,0,0.95097037793667,0,0,0,0,0.751724137931034,0.639344262295082,0.580441640378549,0,0.814465408805031,0.596100278551532,0.580599144079886,0.891975308641975,0.507374631268437,0.703703703703704,0.560240963855422,0.85007072135785,0.665584415584416,0.635036496350365,0.510917030567686,0.612382234185734
"Rothia_aeria",0.288683602771363,0.754385964912281,0.894859813084112,0.256162915326902,0.893081761006289,0.961489088575096,0.900442477876106,0.8,0.36919315403423,0.908704883227176,0.308840413318025,0.52392065344224,0.758745476477684,0.929411764705882,0.738041002277904,0.924568965517241,1,0.596577017114914,0.883870967741936,0.932508436445444,0.520190023752969,0.968574635241302,0.946275946275946,0.645659928656361,0.796778190830235,0.972222222222222,0.538265306122449,0.977653631284916,0.970183486238532,0.951327433628319,0.773677736777368,0.952996474735605,0.663811563169165,0.923809523809524,0.817559863169897,0.742892459826947,0.719626168224299,0.769745649263722,0.526256983240223,0.816203143893591,0.333333333333333,0.245033112582781,0.919896640826873,0.951219512195122,0.731707317073171,0.700440528634361,0.434194341943419,0.621802002224694,0.58053302433372,0.644796380090498,0.760765550239234,0.504784688995215,0.407407407407407,0.969976905311778,0.915119363395225,1,0.862068965517241,0.984790874524715,0.879310344827586,0.623222748815166,0.729064039408867,0.832349468713105,0.896800825593395,0.770786516853933,0.953325554259043,0.938080495356037,0.910041841004184,0.65906362545018,0.48936170212766,0.884353741496599,0.824753559693319,0.879049676025918,0.965437788018433,0.964693665628245,0.882109617373319,0.866028708133971,0.648428405122235,0.601431980906921,0.763023493360572,0.648816936488169,0.409499358151476,0.752997601918465,0.744340878828229,0.878620689655172,0.872131147540984,0.89589905362776,0,0.588050314465409,0.935933147632312,0.626248216833096,0.589506172839506,0.849557522123894,0.75,0.88855421686747,0.974540311173975,0.931818181818182,0.731386861313869,0.857350800582242,0.806191117092867
"Aggregatibacter_actinomycetemcomitans",0.263279445727483,0.243421052631579,0.299065420560748,0.292604501607717,0.855345911949686,0.648267008985879,0.413716814159292,0.614814814814815,0.317848410757946,0.152866242038217,0.935706084959816,0.871645274212369,0.38962605548854,0.350588235294118,0.553530751708428,0.762931034482759,0.299877600979192,0.56479217603912,0.532903225806452,0.606299212598425,0.717339667458432,0.854096520763187,0.340659340659341,0.564803804994055,0.489467162329616,0,0.533163265306122,0.626815642458101,0.190366972477064,0.960176991150443,0.311193111931119,0.501762632197415,0.109207708779443,0.46031746031746,0.391106043329532,0.861557478368356,0.794392523364486,0.748326639892905,0.358659217877095,0.407496977025393,0,0.649006622516556,0.328165374677003,0.569844789356984,0.282926829268293,0.277533039647577,0.586715867158672,0.161290322580645,0.867902665121669,0.472850678733032,0.808612440191388,0.212918660287081,0.860082304526749,0.676674364896074,0.612732095490716,0.365967365967366,0.813125695216908,0.599493029150824,0.586206896551724,0.694312796208531,0.519704433497537,0.499409681227863,0.5562435500516,0.213483146067416,0.26487747957993,0.680082559339525,0.5,0.615846338535414,0.50354609929078,0.612244897959184,0.535596933187295,0.606911447084233,0.700460829493088,0.15472481827622,0.180972078593588,0,0.180442374854482,0.723150357995227,0.272727272727273,0.414694894146949,0.881899871630295,0.630695443645084,0.390146471371505,0.666206896551724,0,0,0,0,0.504178272980501,0,0,0,0.574074074074074,0,0.637906647807638,0,0.524087591240876,0,0.488559892328398
"Butyrivibrio_hungatei",0.681293302540416,0.524122807017544,0.785046728971963,0.792068595927117,0.815513626834382,0,0.665929203539823,0.706172839506173,0.775061124694376,0.800424628450106,0,0.579929988331389,0.843184559710495,0.463529411764706,0.886104783599089,0.459051724137931,0.544675642594859,0,0.698064516129032,0.860517435320585,0.586698337292161,0.663299663299663,0.47985347985348,0.376932223543401,0.809169764560099,0.756172839506173,0.471938775510204,0.13072625698324,0.880733944954128,0.820796460176991,0.328413284132841,0.602820211515864,0.683083511777302,0.777777777777778,0.689851767388826,0.772558714462299,0.399792315680166,0.855421686746988,0.818994413407821,0.649334945586457,0.576208178438662,0.746136865342163,0.565891472868217,0.822616407982262,0.75609756097561,0.66079295154185,0.672816728167282,0.670745272525028,0.691772885283893,0.384615384615385,0.624401913875598,0.5311004784689,0.377229080932785,0.752886836027714,0,0.694638694638695,0.301446051167964,0.571609632446134,0,0,0.864532019704433,0.669421487603306,0.808049535603715,0,0.836639439906651,0.905056759545924,0.861924686192469,0.896758703481393,0.479905437352246,0.793650793650794,0.603504928806134,0.622030237580994,0.702764976958525,0.61993769470405,0.863495346432265,0.521531100478469,0.511059371362049,0.219570405727924,0.946884576098059,0.902864259028643,0.840821566110398,0.573141486810552,0,0,0,0,0,0,0,0,0,0,0,0,0,0,0,0,0
"Streptococcus_vestibularis",0.275981524249423,0.298245614035088,0.558411214953271,0,0,0.851091142490372,0,0.259259259259259,0.591687041564792,0.447983014861996,0.338691159586682,0,0,0,0.154897494305239,0,0,0.339853300733496,0.948387096774194,0,0,0.396184062850729,0,0,0,0,0,0.993296089385475,0,0,0.227552275522755,0,0,0.754497354497354,0.420752565564424,0,0.212876427829699,0,0,0.6590084643289,0.591078066914498,0,0,0.374722838137472,0,0,0,0.190211345939933,0,0,0.508373205741627,0.430622009569378,0,0.623556581986143,0.477453580901857,0,0,0,0.423645320197044,0.632701421800948,0,0,0.265221878224974,0,0,0.465428276573787,0.309623430962343,0,0,0,0,0.116630669546436,0.414746543778802,0.904465212876428,0,0.354066985645933,0,0,0.560776302349336,0,0,0,0.792276964047936,0.60551724137931,0.901639344262295,0.798107255520505,0,0.883647798742138,0.944289693593315,0.85734664764622,0.549382716049383,0.861356932153392,0.552469135802469,0.810240963855422,0.558698727015559,0.834415584415584,0.675912408759124,0.586608442503639,0.671601615074024
"Veillonella_dispar",0.960739030023095,0.921052631578947,0.992990654205608,1,0.763102725366876,0.465982028241335,0.993362831858407,0.814814814814815,0.572127139364303,1,0.533869115958668,0.246207701283547,0.886610373944511,0.917647058823529,0.968109339407745,0.946120689655172,0.924112607099143,0.897310513447433,0.901935483870968,0.491563554555681,0.475059382422803,0.991021324354658,0.921855921855922,0.921521997621879,0.965303593556382,0.601851851851852,0.793367346938776,0.98659217877095,0.818807339449541,0.809734513274336,1,0.950646298472385,0.899357601713062,0.936507936507937,0.153933865450399,0.997527812113721,0.993769470404984,0.954484605087015,0.973184357541899,0.883917775090689,0.794299876084263,0.799116997792494,0.847545219638243,0.982261640798226,0.990243902439024,0.980176211453744,0.370233702337023,0.873192436040044,1,0.864253393665158,0.440191387559809,0.270334928229665,0.385459533607682,0.833718244803695,0,0.662004662004662,0.161290322580645,0.640050697084918,0.273399014778325,0.5,0.943349753694581,0.948051948051948,0.991744066047472,0.552808988764045,0.180863477246208,0.993808049535604,0.98326359832636,0.779111644657863,0.997635933806147,0.918367346938776,0.866374589266156,0.868250539956803,1,0.983385254413292,0.824198552223371,0.947368421052632,0.380675203725262,0.954653937947494,0.995914198161389,1,0.776636713735558,0.767386091127098,0,0.977931034482759,0.80655737704918,0.902208201892745,0,0.940251572327044,0.94150417827298,0.677603423680456,0.811728395061728,0.525073746312684,0.95679012345679,0.984939759036145,0.991513437057992,0.996753246753247,0.678832116788321,0.898107714701601,0.991924629878869
"Acinetobacter_johnsonii",0.401847575057737,0.12280701754386,0.392523364485981,0.161843515541265,0.675052410901468,0.702182284980745,0.183628318584071,0.795061728395062,0.26161369193154,0.785562632696391,0.352468427095293,0,0.606755126658625,0,0,0.1875,0,0,0,0,0,0,0,0,0,0,0,0.566480446927374,0.172018348623853,0.347345132743363,0,0,0,0.786243386243386,0.334093500570125,0,0.0965732087227414,0,0.26927374301676,0,0,0.507726269315673,0.540051679586563,0.412416851441242,0.734146341463415,0.944933920704846,0,0,0,0.407239819004525,0.508373205741627,0.299043062200957,0.843621399176955,0.193995381062356,0.989389920424403,0.701631701631702,0.944382647385984,0,0.248768472906404,0.220379146919431,0.241379310344828,0.319952774498229,0.0753353973168215,0.242696629213483,0.512252042007001,0.742002063983488,0.776150627615063,0.229291716686675,0.24822695035461,0.133786848072562,0.294633077765608,0.198704103671706,0.518433179723502,0.200415368639668,0.232678386763185,0.229665071770335,0,0,0.327885597548519,0,0,0,0,0,0,0,0,0,0,0,0,0,0,0.780120481927711,0,0,0,0,0
"Eubacterium_saphenum",0.856812933025404,0.646929824561403,0.189252336448598,0.629153269024652,0.463312368972746,0.830551989730424,0.701327433628319,0.585185185185185,0.709046454767726,0.849256900212314,0.552238805970149,0.358226371061844,0.531966224366707,0.830588235294118,0.954441913439636,0.795258620689655,0.973072215422277,0.486552567237164,0.649032258064516,0.86726659167604,0.828978622327791,0.694725028058361,0.755799755799756,0.198573127229489,0.514250309789343,0,0.877551020408163,0.722905027932961,0.626146788990826,0.867256637168142,0.441574415744157,0.743830787309048,0.404710920770878,0.227513227513228,0.32497149372862,0.564894932014833,0.825545171339564,0.571619812583668,0.611173184357542,0.842805320435308,0.895910780669145,0.874172185430464,0.816537467700258,0.917960088691796,0.417073170731707,0.330396475770925,0.86469864698647,0.452725250278087,0.754345307068366,0.746606334841629,0.454545454545455,0.91866028708134,0.994513031550069,0.4364896073903,0.748010610079576,0.710955710955711,0.92880978865406,0.637515842839037,0.753694581280788,0.751184834123223,0,0.489964580873672,0.667698658410733,0,0.964994165694282,0.519091847265222,0.753138075313807,0.692677070828331,0.846335697399527,0.897959183673469,0.605695509309967,0.663066954643629,0.398617511520737,0.638629283489097,0.799379524301965,0.667464114832536,0.80209545983702,0.505966587112172,0.487231869254341,0.788293897882939,0.663671373555841,0.570743405275779,0.699067909454061,0.939310344827586,0.740983606557377,0.618296529968454,0,0.745283018867924,0.456824512534819,0.737517831669044,0,0.817109144542773,0,0.822289156626506,0.96039603960396,0.782467532467532,0,0.682678311499272,0.908479138627187
"Leptotrichia_buccalis",0.362586605080831,0.723684210526316,0.600467289719626,0.858520900321543,0.851153039832285,0.643132220795892,0.800884955752212,0.666666666666667,0.831295843520782,0.859872611464968,0.543053960964409,0.661610268378063,0.676718938480096,0.785882352941176,0.749430523917995,0.941810344827586,0.525091799265606,0.601466992665037,0.290322580645161,0.928008998875141,0.833729216152019,0.524130190796857,0.838827838827839,0.802615933412604,0.29368029739777,0.895061728395062,0.63265306122449,0.595530726256983,0.364678899082569,0.93141592920354,0.77859778597786,0.54406580493537,0.922912205567452,0.760846560846561,0.44811858608894,0.982694684796044,0.771547248182762,0.887550200803213,0.948603351955307,0.702539298669891,0.759603469640644,0.774834437086093,0.891472868217054,0.29490022172949,0.992682926829268,0.572687224669604,0.945879458794588,0.646273637374861,0.631517960602549,0.730769230769231,0.944976076555024,0.4688995215311,0.983539094650206,0.852193995381062,0.681697612732096,0.867132867132867,0.904338153503893,0.685678073510773,0.852216748768473,0.938388625592417,0.889162561576355,0.71900826446281,0.878224974200206,0.624719101123596,0.724620770128355,0.446852425180599,0.640167364016736,0.935174069627851,0.822695035460993,0.81859410430839,0.399780941949617,0.585313174946004,0.921658986175115,0.669781931464174,0.576008273009307,0.935406698564593,0.508731082654249,0.904534606205251,0.877425944841675,0.325031133250311,0.537869062901155,0.309352517985612,0.893475366178429,0.726896551724138,0,0.700315457413249,0.784873949579832,0.666666666666667,0.704735376044568,0.43509272467903,0.734567901234568,0.705014749262537,0.589506172839506,0.701807228915663,0.917963224893918,0,0.745985401459854,0.810771470160116,0.728129205921938
"Clostridium_ruminantium",0.270207852193995,0,0,0.354769560557342,0.106918238993711,0,0,0,0,0.32484076433121,0,0.248541423570595,0,0,0.801822323462415,0,0,0,0.411612903225806,0.327334083239595,0.39667458432304,0.171717171717172,0.284493284493284,0,0,0,0,0.211173184357542,0.231651376146789,0.269911504424779,0,0,0.385438972162741,0.589417989417989,0.737742303306728,0.839307787391842,0.125649013499481,0,0.966480446927374,0,0,0.580573951434879,0,0.567627494456763,0,0.881057268722467,0,0.706340378197998,0,0,0,0.789473684210526,0.659807956104252,0.244803695150115,0,0.792540792540793,0.726362625139043,0,0,0,0.802955665024631,0.723730814639906,0.48813209494324,0.57752808988764,0.344224037339557,0.104231166150671,0.129707112970711,0,0.42080378250591,0.23469387755102,0,0,0,0.414330218068536,0.114788004136505,0,0,0.684964200477327,0.0337078651685393,0,0,0.966426858513189,0,0,0,0,0,0,0,0,0,0,0,0,0,0,0,0,0
"Actinomyces_odontolyticus",0.935334872979215,0.554824561403509,0.516355140186916,0.781350482315113,0.962264150943396,0.940949935815148,0.962389380530973,0.812345679012346,0.660146699266504,0.949044585987261,0.993111366245695,0.257876312718786,0.932448733413752,0.811764705882353,0.949886104783599,0.696120689655172,0.461444308445532,0.845965770171149,0.981935483870968,0.885264341957255,0.263657957244656,0.310886644219978,0.8998778998779,0.923900118906064,0.814126394052045,0.617283950617284,0.392857142857143,0.150837988826816,0.954128440366973,0.988938053097345,0.97539975399754,0.889541715628672,0.869379014989293,0.0645502645502646,0.933865450399088,0.349814585908529,0.642782969885774,0.876840696117805,0.617877094972067,0.937122128174123,0.930607187112763,0.677704194260486,0.945736434108527,0.855875831485588,0.470731707317073,0.266519823788546,0.584255842558426,0.726362625139043,0.819235225955968,0.66289592760181,0.641148325358852,0.598086124401914,0.654320987654321,0.937644341801386,0.859416445623342,0.932400932400932,0.610678531701891,0.746514575411914,0.9064039408867,0.867298578199052,0.992610837438424,0.957497048406139,0.909184726522188,0.644943820224719,0.831971995332555,0.962848297213622,0.96234309623431,0.961584633853541,0.848699763593381,0.859410430839002,0.975903614457831,0.989200863930886,0.940092165898618,0.921079958463136,0.822130299896587,0.949760765550239,0.69499417927823,0.326968973747017,0.981613891726251,0.975093399750934,0.874197689345314,0.834532374100719,0.821571238348868,0.84551724137931,0.862295081967213,0.870662460567823,0.942857142857143,0.805031446540881,0.844011142061281,0.640513552068474,0.552469135802469,0.867256637168142,0.740740740740741,0.792168674698795,0.694483734087694,0.935064935064935,0.518248175182482,0.991266375545852,0.407806191117093
"Bradyrhizobium_elkanii",0.387990762124711,0,0,0.344051446945338,0.467505241090147,0,0,0.580246913580247,0,0.37791932059448,0.258323765786452,0,0,0.614117647058824,0.462414578587699,0,0,0,0,0,0,0.344556677890011,0,0,0,0,0,0.240223463687151,0,0,0,0,0,0.741798941798942,0.664766248574686,0,0,0.461847389558233,0,0,0,0,0.630490956072351,0,0,0,0.456334563345633,0,0,0,0,0,0.588477366255144,0.316397228637413,0,0.941724941724942,0.951056729699666,0,0,0.324644549763033,0.522167487684729,0.407319952774498,0.343653250773994,0.765168539325843,0.456242707117853,0.486068111455108,0.638075313807531,0,0,0,0.11500547645126,0,0.264976958525346,0.289719626168224,0.240951396070321,0.291866028708134,0,0.403341288782816,0.0990806945863126,0,0,0,0,0,0,0,0,0,0,0,0,0,0,0,0,0,0,0,0
"Neisseria_cinerea",0.457274826789838,0.278508771929825,0.348130841121495,0.427652733118971,0.436058700209644,0.517329910141207,0.411504424778761,0.728395061728395,0.611246943765281,0.0934182590233546,0.676234213547646,0.50291715285881,0,0,0,0,0,0.432762836185819,0,0,0,0.681257014590348,0,0,0.368029739776952,0,0,0,0,0.22787610619469,0.921279212792128,0,0,0,0.295324971493729,0,0.553478712357217,0,0.465921787709497,0,0,0,0,0.492239467849224,0.541463414634146,0.387665198237885,0,0,0,0,0,0,0,0,0,0,0.272525027808676,0,0.426108374384236,0.222748815165877,0,0,0.585139318885449,0,0,0.572755417956656,0.489539748953975,0.234093637454982,0.718676122931442,0,0,0.161987041036717,0.792626728110599,0,0.245087900723888,0,0,0,0.352400408580184,0,0,0,0,0.561379310344828,0.786885245901639,0.596214511041009,0.684033613445378,0.685534591194969,0.629526462395543,0.529243937232525,0,0,0.709876543209877,0.753012048192771,0.493635077793494,0.646103896103896,0.500729927007299,0.534206695778748,0.620457604306864
"Neisseria_sicca",0.18013856812933,0.495614035087719,0.820093457943925,0.622722400857449,0.211740041928721,0,0.353982300884956,0.360493827160494,0,0.150743099787686,0.184845005740528,0.726954492415403,0.227985524728589,0.503529411764706,0.521640091116173,0.273706896551724,0.334149326805386,0.381418092909535,0.540645161290323,0.96400449943757,0.185273159144893,0.322109988776655,0.264957264957265,0.58858501783591,0.58364312267658,0,0.732142857142857,0.573184357541899,0.178899082568807,0.878318584070796,0.825338253382534,0.786133960047004,0.516059957173448,0.134391534391534,0.416191562143672,0.245982694684796,0.401869158878505,0.515394912985274,0.267039106145251,0.569528415961306,0.298636926889715,0.2560706401766,0.537467700258398,0.34589800443459,0.497560975609756,0.737885462555066,0.662976629766298,0.221357063403782,0.256083429895713,0.429864253393665,0.87799043062201,0.19377990430622,0.432098765432099,0.778290993071594,0,0.417249417249417,0.187986651835373,0.771863117870722,0.610837438423645,0.561611374407583,0.645320197044335,0.752066115702479,0.640866873065015,0.469662921348315,0.390898483080513,0.417956656346749,0.269874476987448,0.68547418967587,0.225768321513002,0.17687074829932,0.307776560788609,0.591792656587473,0.610599078341014,0.443406022845275,0.846949327817994,0.645933014354067,0.278230500582072,0,0.491317671092952,0.526774595267746,0.522464698331194,0.338129496402878,0,0.848275862068966,0.813114754098361,0.706624605678233,0.996638655462185,0.867924528301887,0.701949860724234,0.540656205420827,0.820987654320988,0.589970501474926,0.901234567901235,0.569277108433735,0.572842998585573,0.824675324675325,0.699270072992701,0.653566229985444,0.703903095558546
"Prevotella_baroniae",0.930715935334873,0.453947368421053,0.203271028037383,0.365487674169346,0.79874213836478,0.761232349165597,0.528761061946903,0.607407407407407,0.694376528117359,0.416135881104034,0.299655568312285,0.204200700116686,0.536791314837153,0.588235294117647,0.255125284738041,0.280172413793103,0.75764993880049,0.364303178484108,0.824516129032258,0.534308211473566,0.904988123515439,0.919191919191919,0.826617826617827,0.912009512485137,0.256505576208178,0,0.278061224489796,0.94413407821229,0.243119266055046,0.769911504424779,0.279212792127921,0.833137485311398,0.389721627408994,0.616931216931217,0.354618015963512,0.700865265760198,0.923156801661475,0.713520749665328,0.83463687150838,0.983071342200726,0.667905824039653,0.869757174392936,0.780361757105943,0.771618625277162,0.414634146341463,0.337004405286344,0.306273062730627,0.454949944382647,0.930475086906141,0.907239819004525,0.222488038277512,0.760765550239234,0.676268861454047,0.5635103926097,0.450928381962865,0.463869463869464,0.354838709677419,0.850443599493029,0.677339901477833,0.708530805687204,0.386699507389163,0.721369539551358,0.768833849329205,0.528089887640449,0.904317386231039,0.475748194014448,0.257322175732218,0.58703481392557,0.328605200945626,0.836734693877551,0.64512595837897,0.516198704103672,0.513824884792627,0.370716510903427,0.613236814891417,0.827751196172249,0.69965075669383,0.560859188544153,0.734422880490296,0.773349937733499,0.368421052631579,0.784172661870504,0.560585885486019,0.597241379310345,0,0,0.791596638655462,0.644654088050314,0.551532033426184,0.783166904422254,0.725308641975309,0.495575221238938,0.651234567901235,0.72289156626506,0.499292786421499,0,0.737226277372263,0.915574963609898,0.781965006729475
"Capnocytophaga_leadbetteri",0.53810623556582,0.725877192982456,0.869158878504673,0.712754555198285,0.714884696016772,0.817715019255456,0.93141592920354,0.362962962962963,0.909535452322738,0.154989384288747,0.699196326061998,0.796966161026838,0.821471652593486,0.818823529411765,0.813211845102506,0.97198275862069,0.804161566707466,0.948655256723716,0.83741935483871,0.799775028121485,0.840855106888361,0.616161616161616,0.936507936507937,0.738406658739596,0.928128872366791,0.614197530864197,0.477040816326531,0.769832402234637,0.965596330275229,0.380530973451327,0.739237392373924,0.692126909518214,0.865096359743041,0.722751322751323,0.56442417331813,0.953028430160692,0.59086188992731,0.791164658634538,0.839106145251397,0.632406287787183,0.799256505576208,0.596026490066225,0.896640826873385,0.911308203991131,0.929268292682927,0.662995594713656,0.399753997539975,0.49944382647386,0.701042873696408,0.529411764705882,0.447368421052632,0.672248803827751,0.901234567901235,0.939953810623557,0.427055702917772,0.736596736596737,0.779755283648498,0.619771863117871,0.766009852216749,0.950236966824645,0.977832512315271,0.466351829988194,0.954592363261094,0.757303370786517,0.509918319719953,0.830753353973168,0.853556485355649,0.863145258103241,0.995271867612293,0.739229024943311,0.826944140197152,0.600431965442765,0.949308755760369,0.933541017653167,0.733195449844881,0.196172248803828,0.855646100116414,0.875894988066826,0.910112359550562,0.39227895392279,0.961489088575096,0.750599520383693,0.920106524633822,0.782068965517241,0.845901639344262,0.899053627760252,0.926050420168067,0.886792452830189,0.908077994428969,0.697574893009986,0.910493827160494,0.471976401179941,0.824074074074074,0.605421686746988,0.776520509193777,0.801948051948052,0.585401459854015,0.685589519650655,0.849259757738896
"Prevotella_pallens",0.84526558891455,0.894736842105263,0.941588785046729,0.92497320471597,0.964360587002096,0.951219512195122,0.988938053097345,0.987654320987654,0.997555012224939,0.983014861995754,0.949483352468427,0.929988331388565,0.997587454764777,0.877647058823529,0.997722095671982,0.995689655172414,0.74296205630355,0.865525672371638,0.930322580645161,0.856017997750281,0.845605700712589,0.815937149270483,0.858363858363858,0.892984542211653,1,0.885802469135803,0.479591836734694,0.908379888268156,0.993119266055046,0.962389380530973,0.793357933579336,0.955346650998825,0.770877944325482,0.877248677248677,0.984036488027366,0.490729295426452,0.829698857736241,0.809906291834003,0.988826815642458,0.62273276904474,0.613382899628253,0.942604856512141,0.728682170542636,0.9490022172949,0.853658536585366,0.495594713656388,0.881918819188192,0.862068965517241,0.967555040556199,0.443438914027149,0.892344497607656,0.712918660287081,0.750342935528121,0.928406466512702,0.819628647214854,0.452214452214452,0.332591768631813,0.830164765525982,0.731527093596059,0.805687203791469,0.862068965517241,0.933884297520661,0.977296181630547,0.674157303370786,0.983663943990665,0.975232198142415,0.99163179916318,0.978391356542617,0.983451536643026,0.938775510204082,0.840087623220153,0.876889848812095,0.960829493087558,0.993769470404984,0.937952430196484,0.930622009569378,0.944121071012806,0.460620525059666,0.97344228804903,0.987546699875467,0.902439024390244,0.841726618705036,0.965379494007989,0.961379310344828,0.99344262295082,0.984227129337539,0.707563025210084,0.987421383647799,0.674094707520891,0.968616262482168,0.944444444444444,0.678466076696165,0.978395061728395,0.966867469879518,0.878359264497878,0.954545454545455,0.988321167883212,0.889374090247453,0.983849259757739
"Treponema_denticola",0.866050808314088,0.682017543859649,0.432242990654206,0.976420150053591,0.572327044025157,0.786906290115533,0.730088495575221,0,0,0.371549893842887,0.742824339839265,0.703617269544924,0.765983112183353,0.555294117647059,0.888382687927107,0.816810344827586,0.789473684210526,0.52078239608802,0.287741935483871,0.979752530933633,0.992874109263658,0.901234567901235,0.914529914529915,0.845422116527943,0.254027261462206,0.765432098765432,0.714285714285714,0.776536312849162,0.674311926605505,0.774336283185841,0.58179581795818,0.351351351351351,0.764453961456103,0.0857142857142857,0.940706955530217,0.485784919653894,0.952232606438214,0.477911646586345,0.901675977653631,0.966142684401451,0.675340768277571,1,0.790697674418605,0.940133037694013,0.407317073170732,0.374449339207048,0.788437884378844,0.486095661846496,0.84936268829664,0.990950226244344,0.538277511961722,0.899521531100478,0.744855967078189,0.214780600461894,0.761273209549072,0.31002331002331,0.443826473859844,0.708491761723701,0.857142857142857,0.841232227488152,0.258620689655172,0.950413223140496,0.830753353973168,0.649438202247191,0.997666277712952,0.506707946336429,0.738493723849372,0.599039615846339,0.628841607565012,0.972789115646258,0.629791894852136,0.712742980561555,0.78110599078341,0.686396677050883,0.902792140641158,0.717703349282297,0.888242142025611,0.670644391408115,0.538304392236976,0.716064757160648,0.563543003851091,0.695443645083933,0.595206391478029,0.933793103448276,0,0.826498422712934,0,0.811320754716981,0.696378830083565,0.800285306704708,0,0.8023598820059,0.58641975308642,0.786144578313253,0.983026874115983,0.652597402597403,0.637956204379562,0.609898107714702,0.930013458950202
"Eubacterium_brachy",0.676674364896074,0.771929824561403,0.303738317757009,0.961414790996785,0.0733752620545073,0.838254172015404,0.530973451327434,0.780246913580247,0.9119804400978,0.878980891719745,0.836969001148106,0.943990665110852,0.715319662243667,0.955294117647059,0.96127562642369,0.961206896551724,0.81640146878825,0.528117359413203,0.414193548387097,0.934758155230596,0.950118764845606,0.847362514029181,0.931623931623932,0.895362663495838,0.531598513011152,0.854938271604938,0.739795918367347,0.756424581005587,0.442660550458716,0.847345132743363,0.763837638376384,0.694477085781434,0.907922912205567,0.443386243386243,0.598631698973774,0.656365883807169,0.946002076843198,0.413654618473896,0.61340782122905,0.564691656590085,0.42998760842627,0.920529801324503,0.661498708010336,0.891352549889135,0.412195121951219,0.127753303964758,0.894218942189422,0.790878754171301,0.522595596755504,0.47737556561086,0.203349282296651,0.9688995215311,0.445816186556927,0.494226327944573,0.838196286472148,0.864801864801865,0.971078976640712,0.546261089987326,0.660098522167488,0.829383886255924,0.899014778325123,0.837072018890201,0.880288957688338,0.51685393258427,0.995332555425904,0.490196078431373,0.794979079497908,0.851140456182473,0.92434988179669,0.931972789115646,0.783132530120482,0.805615550755939,0.663594470046083,0.653167185877466,0.71664943123061,0.710526315789474,0.569266589057043,0.639618138424821,0.673135852911134,0.980074719800747,0.971758664955071,0.443645083932854,0.355525965379494,0.969655172413793,0,0.794952681388013,0,0.764150943396226,0.721448467966574,0.945791726105564,0.768518518518518,0.949852507374631,0.638888888888889,0.80421686746988,0.804809052333805,0.798701298701299,0.894890510948905,0.796215429403202,0.841184387617766
"Porphyromonas_endodontalis",0.944572748267898,0.708333333333333,0.200934579439252,0.916398713826367,0.341719077568134,0.748395378690629,0.842920353982301,0.414814814814815,0.657701711491443,0.906581740976645,0.777267508610792,0.659276546091015,0.881785283474065,0.945882352941177,0.73120728929385,0.814655172413793,0.806609547123623,0.332518337408313,0.749677419354839,0.993250843644544,0.817102137767221,0.696969696969697,0.863247863247863,0.957193816884661,0.722428748451053,0.703703703703704,0.872448979591837,0.720670391061452,0.236238532110092,0.300884955752212,0.419434194341943,0.656874265569918,0.526766595289079,0.271957671957672,0.98175598631699,0.379480840543881,0.981308411214953,0.504685408299866,0.845810055865922,0.910519951632406,0.531598513011152,0.966887417218543,0.852713178294574,0.83370288248337,0.64390243902439,0.354625550660793,0.744157441574416,0.599555061179088,0.450753186558517,0.857466063348416,0.784688995215311,0.882775119617225,0.747599451303155,0.371824480369515,0.73209549071618,0.794871794871795,0.659621802002225,0.670468948035488,0.899014778325123,0.907582938388626,0.261083743842365,0.9456906729634,0.886480908152735,0.458426966292135,0.992998833138857,0.618163054695562,0.696652719665272,0.687875150060024,0.411347517730496,0.975056689342404,0.774370208105148,0.784017278617711,0.684331797235023,0.430944963655244,0.770423991726991,0.753588516746411,0.415599534342258,0.548926014319809,0.452502553626149,0.76587795765878,0.319640564826701,0.568345323741007,0.387483355525965,0.798620689655172,0.849180327868852,0.807570977917981,0.690756302521008,0.893081761006289,0.727019498607242,0.905848787446505,0.654320987654321,0.696165191740413,0.54320987654321,0.870481927710843,0.790664780763791,0.808441558441558,0.766423357664234,0.831149927219796,0.935397039030956
"Eubacterium_yurii",0.720554272517321,0.850877192982456,0.929906542056075,0.969989281886388,0.748427672955975,0.689345314505777,0.794247787610619,0.696296296296296,0.462102689486553,0.961783439490446,0.791044776119403,0.955659276546091,0.850422195416164,0.936470588235294,0.466970387243736,0.963362068965517,0.931456548347613,0.84841075794621,0.785806451612903,0.961754780652418,0.32541567695962,0.539842873176206,0.892551892551893,0.976218787158145,0.826517967781908,0.700617283950617,0.573979591836735,0.796648044692737,0.986238532110092,0.823008849557522,0.751537515375154,0.790834312573443,0.93576017130621,0.756613756613757,0.614595210946408,0.935723114956737,0.941848390446521,0.767068273092369,0.937430167597765,0.927448609431681,0.9182156133829,0.739514348785872,0.865633074935401,0.804878048780488,0.717073170731707,0.502202643171806,0.232472324723247,0.652947719688543,0.622247972190035,0.823529411764706,0.813397129186603,0.578947368421053,0.66803840877915,0.89838337182448,0.944297082228117,0.456876456876457,0.325917686318131,0.533586818757921,0.876847290640394,0.845971563981043,0.913793103448276,0.964580873671783,0.750257997936017,0.69438202247191,0.656942823803967,0.824561403508772,0.828451882845188,0.519807923169268,0.302600472813239,0.91609977324263,0.870755750273823,0.941684665226782,0.645161290322581,0.883696780893043,0.923474663908997,0.334928229665072,0.778812572759022,0.988066825775656,0.785495403472932,0.491905354919054,0.779204107830552,0.575539568345324,0.880159786950732,0.547586206896552,0,0,0,0,0.518105849582173,0.791726105563481,0,0.746312684365782,0,0,0.649222065063649,0,0.708029197080292,0,0.682368775235532
"Prevotella_shahii",0.912240184757506,0.791666666666667,0.988317757009346,0.414790996784566,0.49895178197065,0.887034659820282,0.825221238938053,0.916049382716049,0.926650366748166,0.942675159235669,0.31113662456946,0.887981330221704,0.920386007237636,0.985882352941176,0.510250569476082,0.896551724137931,0.840881272949816,0.792176039119804,0.935483870967742,0.883014623172103,0.318289786223278,0.943883277216611,0.894993894993895,0.890606420927467,0.868649318463445,0.808641975308642,0.846938775510204,0.827932960893855,0.876146788990826,0.869469026548673,0.785977859778598,0.936545240893067,0.980728051391863,0.862433862433862,0.828962371721779,0.822002472187886,0.646936656282451,0.879518072289157,0.606703910614525,0.477629987908102,0.774473358116481,0.728476821192053,0.844961240310077,0.880266075388027,0.460975609756098,0.508810572687225,0.355473554735547,0.615127919911012,0.863267670915411,0.968325791855204,0.303827751196172,0.392344497607655,0.602194787379973,0.905311778290993,0.352785145888594,0.184149184149184,0.6440489432703,0.650190114068441,0.960591133004926,0.874407582938389,0.945812807881773,0.79456906729634,0.973168214654283,0.698876404494382,0.449241540256709,0.902992776057791,0.964435146443515,0.743097238895558,0.919621749408983,0.954648526077097,0.936473165388828,0.883369330453564,0.986175115207373,0.850467289719626,0.867631851085833,0.720095693779904,0.80442374854482,0.859188544152745,0.871297242083759,0.479452054794521,0.637997432605905,0.803357314148681,0.936085219707057,0.768275862068965,0.80327868852459,0.94006309148265,0,0.911949685534591,0.919220055710306,0.743223965763195,0.993827160493827,0.846607669616519,0.919753086419753,0.94578313253012,0.838755304101839,0.876623376623377,0.991240875912409,0.825327510917031,0.889636608344549
"Actinomyces_howellii",0.448036951501155,0.357456140350877,0.796728971962617,0.0718113612004287,0,0,0.668141592920354,0,0,0.895966029723992,0,0.733955659276546,0,0.381176470588235,0.296127562642369,0.34051724137931,0,0,0,0.399325084364454,0,0.142536475869809,0.728937728937729,0.393579072532699,0,0,0.852040816326531,0,0.461009174311927,0.389380530973451,0,0,0.792291220556745,0.604232804232804,0,0,0.167185877466251,0,0,0.32043530834341,0.439900867410161,0.858719646799117,0.299741602067183,0,0,0.198237885462555,0.628536285362854,0.60622914349277,0.54577056778679,0.452488687782805,0.385167464114833,0.334928229665072,0,0.646651270207852,0,0.265734265734266,0.159065628476085,0.366286438529785,0,0,0.576354679802956,0.61038961038961,0.13312693498452,0,0,0.236326109391125,0.267782426778243,0.349339735894358,0,0.54421768707483,0.498357064622125,0.470842332613391,0,0.2398753894081,0.259565667011375,0.894736842105263,0.364377182770664,0.529832935560859,0.732379979570991,0.337484433374844,0.38382541720154,0.314148681055156,0,0,0,0,0,0,0,0,0,0,0,0,0,0,0,0,0
"Prevotella_denticola",0.861431870669746,0.486842105263158,0.771028037383178,0.571275455519829,0.677148846960168,0.771501925545571,0.351769911504425,0.928395061728395,0.93398533007335,0.54140127388535,0.671641791044776,0.164527421236873,0.828709288299156,0.84,0.389521640091116,0.584051724137931,0.88249694002448,0.349633251833741,0.323870967741935,0.385826771653543,0.330166270783848,0.530864197530864,0.677655677655678,0.766944114149822,0.328376703841388,0.938271604938272,0.706632653061224,0.937430167597765,0.855504587155963,0.743362831858407,0.783517835178352,0.600470035252644,0.274089935760171,0.286772486772487,0.997719498289624,0.451174289245983,0.773624091381101,0.601070950468541,0.412290502793296,0.951632406287787,0.784386617100372,0.719646799116998,0.873385012919897,0.498891352549889,0.351219512195122,0.286343612334802,0.230012300123001,0.728587319243604,0.960602549246813,0.832579185520362,0.688995215311005,0.954545454545455,0.777777777777778,0.916859122401848,0.469496021220159,0.223776223776224,0.781979977753059,0.467680608365019,0.849753694581281,0.83175355450237,0.785714285714286,0.556080283353011,0.843137254901961,0.438202247191011,0.824970828471412,0.756449948400413,0.815899581589958,0.310924369747899,0.652482269503546,0.843537414965986,0.732749178532311,0.796976241900648,0.769585253456221,0.0550363447559709,0.58841778697001,0.705741626794258,0.492433061699651,0.911694510739857,0.856996935648621,0.738480697384807,0.530166880616175,0.589928057553957,0.347536617842876,0.831724137931035,0.780327868852459,0.908517350157729,0.821848739495798,0.842767295597484,0.395543175487465,0.711840228245364,0.802469135802469,0.793510324483776,0.614197530864197,0.83433734939759,0.799151343705799,0.659090909090909,0.976642335766423,0.962154294032023,0.825033647375505
"Actinobacillus_minor",0.877598152424942,0,0.537383177570093,0.498392282958199,0.146750524109015,0,0.325221238938053,0,0,0.600849256900212,0,0,0,0.395294117647059,0,0.265086206896552,0,0,0.526451612903226,0,0,0.402918069584736,0,0.686087990487515,0,0,0,0.832402234636871,0,0.163716814159292,0,0,0,0,0.370581527936146,0.265760197775031,0.387331256490135,0,0,0,0,0,0,0.549889135254989,0.626829268292683,0,0,0.352614015572859,0,0.552036199095023,0,0,0,0.163972286374134,0,0,0,0,0.369458128078818,0.466824644549763,0,0.702479338842975,0,0.585393258426966,0,0.845201238390093,0.610878661087866,0.786314525810324,0,0,0.474260679079956,0.481641468682505,0,0.67601246105919,0.542916235780765,0,0.771827706635623,0,0.458631256384065,0,0.468549422336329,0,0,0,0,0,0,0,0,0,0,0,0,0,0,0,0,0,0
"Haemophilus_haemoglobinophilus",0.323325635103926,0.526315789473684,0.719626168224299,0.723472668810289,0,0,0.646017699115044,0,0,0.554140127388535,0,0.222870478413069,0.25211097708082,0.76,0.851936218678816,0.760775862068966,0.361077111383109,0,0.716129032258065,0.876265466816648,0.800475059382423,0.43658810325477,0.746031746031746,0.6884661117717,0.705080545229244,0,0.362244897959184,0.611173184357542,0.362385321100917,0.188053097345133,0,0,0.612419700214133,0.257142857142857,0.350057012542759,0.831891223733004,0.987538940809969,0,0,0,0,0.322295805739514,0.72609819121447,0.328159645232816,0.665853658536585,0.588105726872247,0.436654366543665,0.617352614015573,0.439165701042874,0.579185520361991,0.605263157894737,0,0,0.912240184757506,0,0.682983682983683,0.837597330367075,0.574144486692015,0,0,0.711822660098522,0.789846517119244,0.665634674922601,0.244943820224719,0.288214702450408,0.853457172342621,0.49163179916318,0.267707082833133,0.295508274231678,0.646258503401361,0.820372398685652,0.874730021598272,0,0.7466251298027,0.580144777662875,0,0.452852153667055,0.644391408114558,0.60367722165475,0.529265255292653,0.350449293966624,0,0,0,0,0,0,0,0,0,0,0,0,0,0,0,0,0,0
"Prevotella_scopos",0.473441108545035,0.18859649122807,0.733644859813084,0.391211146838156,0.884696016771488,0.432605905006418,0.422566371681416,0.735802469135802,0.718826405867971,0.607218683651805,0.605051664753157,0.787631271878646,0.577804583835947,0.305882352941176,0,0.603448275862069,0.556915544675643,0.557457212713936,0.834838709677419,0,0,0.454545454545455,0,0.605231866825208,0.675340768277571,0,0,0.841340782122905,0,0.349557522123894,0.254612546125461,0.661574618096357,0.186295503211991,0.621164021164021,0.247434435575827,0,0.4932502596054,0.718875502008032,0.888268156424581,0.489721886336155,0.241635687732342,0,0,0.660753880266075,0.268292682926829,0.418502202643172,0,0,0.434530706836616,0.687782805429864,0.196172248803828,0.471291866028708,0,0.327944572748268,0.692307692307692,0.212121212121212,0.221357063403782,0.79467680608365,0.613300492610837,0.627962085308057,0,0,0.649122807017544,0.615730337078652,0,0.673890608875129,0.359832635983264,0.781512605042017,0.884160756501182,0,0.6013143483023,0.382289416846652,0.790322580645161,0.595015576323987,0.197518097207859,0.22488038277512,0,0,0.693564862104188,0.352428393524284,0,0,0.576564580559254,0.875862068965517,0.754098360655738,0.738170347003155,0.801680672268908,0.839622641509434,0.885793871866295,0.477888730385164,0.87962962962963,0.63716814159292,0.833333333333333,0.906626506024096,0.471004243281471,0.788961038961039,0.868613138686131,0.729257641921397,0.7092866756393
"Actinomyces_oris",0.355658198614319,0.309210526315789,0.911214953271028,0.142550911039657,0.729559748427673,0.982028241335045,0.736725663716814,0.790123456790123,0.897310513447433,0.467091295116773,0.531572904707233,0.857642940490082,0.761158021712907,0.218823529411765,0.202733485193622,0.754310344827586,0.449204406364749,0.723716381418093,0.76258064516129,0.348706411698538,0,0.418630751964085,0.516483516483517,0.560047562425684,0.338289962825279,0,0.98469387755102,0.220111731843575,0.440366972477064,0.601769911504425,0.906519065190652,0.628672150411281,0.41541755888651,0.561904761904762,0.824401368301026,0,0.482866043613707,0.507362784471218,0.343016759776536,0.7726723095526,0.633209417596035,0.15673289183223,0.434108527131783,0.445676274944568,0.712195121951219,0.488986784140969,0.965559655596556,0.490545050055617,0.724217844727694,0.395927601809955,0.559808612440191,0.200956937799043,0,0.394919168591224,0.323607427055703,0.421911421911422,0.688542825361513,0.32319391634981,0.726600985221675,0.765402843601896,0.413793103448276,0.56788665879575,0.869969040247678,0.125842696629213,0.574095682613769,0.671826625386997,0.531380753138075,0.481392557022809,0.187943262411348,0.3718820861678,0.513691128148959,0.514038876889849,0.820276497695853,0.867082035306334,0.712512926577042,0.961722488038278,0.466821885913853,0.20763723150358,0.664964249233912,0.422166874221669,0.291399229781772,0,0.379494007989348,0.851034482758621,0.711475409836066,0.782334384858044,0,0.918238993710692,0.83008356545961,0.994293865905849,0.540123456790123,0.858407079646018,0.891975308641975,0.885542168674699,0.541725601131542,0.902597402597403,0.672992700729927,0.848617176128093,0.779273216689098
"Megasphaera_elsdenii",0.284064665127021,0.671052631578947,0.841121495327103,0.727759914255091,0.528301886792453,0,0.18141592920354,0,0.337408312958435,0.632696390658174,0.846153846153846,0.852975495915986,0.62605548854041,0.498823529411765,0,0.678879310344828,0,0.838630806845966,0,0.138357705286839,0.467933491686461,0.607182940516274,0.382173382173382,0,0,0,0.727040816326531,0,0.247706422018349,0.353982300884956,0,0.414806110458284,0.201284796573876,0.671957671957672,0.36830102622577,0,0.480789200415369,0,0.546368715083799,0.692865779927449,0,0.518763796909492,0,0.536585365853659,0.548780487804878,0,0,0.368186874304783,0.3279258400927,0.597285067873303,0.705741626794258,0.906698564593301,0,0.387990762124711,0,0.347319347319347,0.468298109010011,0,0.263546798029557,0.457345971563981,0.41871921182266,0.36245572609209,0.306501547987616,0.914606741573034,0.463243873978997,0.314757481940144,0.131799163179916,0,0,0,0,0.131749460043197,0,0.524402907580478,0.16028955532575,0,0.280558789289872,0.276849642004773,0.534218590398366,0.36239103362391,0,0.937649880095923,0,0,0,0,0,0,0,0,0,0,0,0,0,0,0,0,0.590847913862719
"Dialister_invisus",0.729792147806005,0.125,0.572429906542056,0.967845659163987,0.121593291404612,0.504492939666239,0.741150442477876,0.923456790123457,0.965770171149144,0.760084925690021,0.804822043628014,0.430571761960327,0.657418576598311,0.851764705882353,0.75626423690205,0.670258620689655,0.906976744186046,0.535452322738386,0.710967741935484,0.826771653543307,0.909738717339667,0.896745230078563,0.982905982905983,0.866825208085612,0.405204460966543,0.574074074074074,0.961734693877551,0.280446927374302,0.926605504587156,0.761061946902655,0.867158671586716,0.492361927144536,0.306209850107066,0.566137566137566,1,0.866501854140915,0.968847352024922,0.424364123159304,0.977653631284916,0.900846432889964,0.640644361833953,0.832229580573951,0.935400516795866,0.853658536585366,0.297560975609756,0.295154185022026,0.377613776137761,0.839822024471635,0.81460023174971,0.98868778280543,0.933014354066986,0.519138755980861,0.914951989026063,0.491916859122402,0.636604774535809,0.51981351981352,0.452725250278087,0.604562737642586,0.800492610837438,0.928909952606635,0.389162561576355,0.896103896103896,0.752321981424149,0.510112359550562,0.799299883313886,0.923632610939113,0.920502092050209,0.798319327731092,0.957446808510638,0.900226757369615,0.88170865279299,0.758099352051836,0.735023041474654,0.0944963655244029,0.731127197518097,0.688995215311005,0.853317811408615,0.885441527446301,0.685393258426966,0.945205479452055,0.738125802310655,0.345323741007194,0.573901464713715,0.704827586206897,0.773770491803279,0,0,0.732704402515723,0.623955431754875,0.81169757489301,0.709876543209877,0.784660766961652,0.577160493827161,0,0.538896746817539,0,0.795620437956204,0.691411935953421,0.822341857335128
"Granulicatella_adiacens",0.778290993071594,0.951754385964912,0.855140186915888,0.423365487674169,0.637316561844864,0.871630295250321,0.926991150442478,0.624691358024691,0.850855745721271,0.959660297239915,0.21699196326062,0.26487747957993,0.831121833534379,0.461176470588235,0.740318906605923,0.355603448275862,0.652386780905753,0.880195599022005,0.739354838709677,0.133858267716535,0,0.292929292929293,0,0.417360285374554,0.776951672862453,0,0.377551020408163,0.964245810055866,0.827981651376147,0.803097345132743,0.316113161131611,0.809635722679201,0.17558886509636,0.667724867724868,0.769669327251995,0.297898640296663,0.960539979231568,0.994645247657296,0.651396648044693,0.303506650544135,0.890954151177199,0.300220750551876,0.767441860465116,0.866962305986696,0.575609756097561,0.356828193832599,0.53259532595326,0.457174638487208,0.761297798377752,0.952488687782805,0.217703349282297,0.339712918660287,0.643347050754458,0.600461893764434,0.538461538461538,0.202797202797203,0.808676307007786,0.267427122940431,0.967980295566502,0.943127962085308,0,0.659976387249115,0.188854489164087,0.730337078651685,0.530921820303384,0.564499484004128,0.606694560669456,0.594237695078031,0.59338061465721,0.36734693877551,0.986856516976999,0.978401727861771,0.748847926267281,0.939771547248183,0.582213029989659,0.401913875598086,0.769499417927823,0.658711217183771,0.207354443309499,0.599003735990037,0.550706033376123,0.515587529976019,0.872170439414115,0.76,0,0.813880126182965,0,0.710691823899371,0.654596100278552,0.66904422253923,0.919753086419753,0.551622418879056,0.737654320987654,0.515060240963855,0.722772277227723,0.746753246753247,0.877372262773723,0.839883551673945,0.582772543741588
"Prevotella_enoeca",0.226327944572748,0.414473684210526,0.553738317757009,0.329046087888532,0.0607966457023061,0.560975609756098,0.696902654867257,0.68641975308642,0.361858190709046,0.484076433121019,0.772675086107922,0.460910151691949,0.418576598311218,0.562352941176471,0.430523917995444,0.325431034482759,0.490820073439412,0.254278728606357,0.295483870967742,0.651293588301462,0.40855106888361,0.613916947250281,0.777777777777778,0.959571938168847,0.593556381660471,0,0.387755102040816,0.29608938547486,0.832568807339449,0.506637168141593,0.813038130381304,0.264394829612221,0.32762312633833,0.195767195767196,0.774230330672748,0.555006180469716,0.198338525441329,0.485943775100402,0.760893854748603,0.625151148730351,0.29368029739777,0.783664459161148,0.648578811369509,0.860310421286031,0.409756097560976,0.363436123348018,0.286592865928659,0.236929922135706,0.784472769409038,0.852941176470588,0.272727272727273,0.263157894736842,0.374485596707819,0.581986143187067,0.591511936339523,0,0,0.67553865652725,0.566502463054187,0.675355450236967,0.330049261083744,0.617473435655254,0.574819401444788,0.429213483146067,0.9463243873979,0.591331269349845,0.684100418410042,0.46218487394958,0.865248226950355,0.535147392290249,0.651697699890471,0.650107991360691,0.244239631336406,0.453790238836968,0.691830403309204,0.215311004784689,0.350407450523865,0.673031026252983,0.450459652706844,0.64134495641345,0.314505776636714,0.347721822541966,0.509986684420772,0.602758620689655,0,0,0,0,0.403899721448468,0.549215406562054,0,0,0,0,0.473833097595474,0,0,0,0.633916554508748
"Streptococcus_cristatus",0.290993071593533,0.265350877192982,0.635514018691589,0.176848874598071,0.129979035639413,0.602053915275995,0.599557522123894,0.560493827160494,0.259168704156479,0.333333333333333,0.575200918484501,0.803967327887981,0.278648974668275,0.232941176470588,0.706150341685649,0.40948275862069,0.93390452876377,0.660146699266504,0.500645161290323,0.478065241844769,0.370546318289786,0.445566778900112,0,0.752675386444709,0.578686493184634,0.660493827160494,0.681122448979592,0.316201117318436,0.559633027522936,0.243362831858407,0.795817958179582,0.222091656874266,0.295503211991435,0.0920634920634921,0.388825541619156,0.950556242274413,0.53478712357217,0.402945113788487,0.577653631284916,0.787182587666264,0.734820322180917,0.368653421633554,0.770025839793282,0.159645232815965,0.985365853658537,0.784140969162996,0.660516605166052,0.610678531701891,0.733487833140209,0.411764705882353,0.241626794258373,0.413875598086124,0,0.651270207852194,0.397877984084881,0.312354312354312,0.283648498331479,0.456273764258555,0.91871921182266,0.881516587677725,0,0.938606847697757,0.630546955624355,0.232584269662921,0,0.514963880288958,0.443514644351464,0.503001200480192,0,0.684807256235828,0.568455640744797,0.572354211663067,0.857142857142857,0.91484942886812,0.654601861427094,0.875598086124402,0,0.663484486873508,0.642492339121553,0.808219178082192,0.799743260590501,0.3189448441247,0.512649800266312,0.806896551724138,0,0.772870662460568,0.858823529411765,0.581761006289308,0.6991643454039,0.865905848787446,0.617283950617284,0.699115044247788,0.851851851851852,0.671686746987952,0.586987270155587,0.850649350649351,0.900729927007299,0.874818049490539,0.833109017496635
"Veillonella_montpellierensis",0.438799076212471,0.241228070175439,0.455607476635514,0.494105037513398,0.113207547169811,0,0.303097345132743,0.424691358024691,0.484107579462103,0.127388535031847,0.680826636050517,0.241540256709452,0.469240048250905,0.341176470588235,0.138952164009112,0.420258620689655,0.610771113831089,0,0.500645161290323,0.15185601799775,0,0.191919191919192,0.362637362637363,0.407847800237812,0.543990086741016,0,0.716836734693878,0.275977653631285,0.25802752293578,0.303097345132743,0.805658056580566,0.36075205640423,0.197002141327623,0.858201058201058,0.434435575826682,0,0.35202492211838,0,0,0.724304715840387,0.251548946716233,0.65121412803532,0,0.478935698447894,0.724390243902439,0,0,0.268075639599555,0.242178447276941,0.447963800904977,0.361244019138756,0.452153110047847,0,0.351039260969977,0,0.272727272727273,0.199110122358176,0.548795944233207,0.411330049261084,0.353080568720379,0,0,0.609907120743034,0.258426966292135,0,0.839009287925697,0.849372384937239,0.558223289315726,0.451536643026005,0.383219954648526,0.537787513691128,0.555075593952484,0.175115207373272,0.0446521287642783,0.520165460186143,0,0,0.727923627684964,0.736465781409602,0.574097135740971,0.517329910141207,0,0,0,0,0,0,0,0,0,0,0,0,0,0,0,0,0,0
"Moraxella_lacunata",0.173210161662818,0,0,0.603429796355841,0.155136268343816,0,0.429203539823009,0.449382716049383,0.635696821515892,0.492569002123142,0,0.789964994165694,0,0.470588235294118,0.445330296127563,0,0.627906976744186,0,0.850322580645161,0,0,0,0,0,0.434944237918216,0,0,0,0,0,0,0,0,0.231746031746032,0,0,0,0,0.865921787709497,0,0.382899628252788,0.282560706401766,0,0.252771618625277,0.360975609756098,0.240088105726872,0.722017220172202,0,0.587485515643105,0.57579185520362,0,0,0,0,0,0,0,0,0,0,0,0,0.570691434468524,0.296629213483146,0,0.405572755417957,0.49581589958159,0.248499399759904,0,0.201814058956916,0.342825848849945,0.442764578833693,0.688940092165899,0.576323987538941,0.458117890382627,0,0,0,0.548518896833504,0,0,0,0,0,0,0,0,0,0,0,0,0,0,0,0,0,0,0,0
"Lachnoanaerobaculum_orale",0.852193995381062,0.581140350877193,0.97196261682243,0.980707395498392,0.291404612159329,0.925545571245186,0.982300884955752,0.888888888888889,0.735941320293399,0.991507430997877,0.954075774971297,0.957992998833139,0.963811821471653,0.522352941176471,0.348519362186788,0.545258620689655,0.733170134638923,0.946210268948655,0.612903225806452,0,0.608076009501188,0.955106621773288,0.694749694749695,0.75743162901308,0.960346964064436,0,0.591836734693878,0.823463687150838,0,0.606194690265487,0.894218942189422,0.971797884841363,0.897216274089936,0.913227513227513,0.733181299885975,0,0.757009345794392,0.914323962516734,0.881564245810056,0.840386940749698,0.950433705080545,0,0.51421188630491,0.997782705099778,0.982926829268293,0.936123348017621,0.74169741697417,0.494994438264739,0.944380069524913,0.800904977375566,0.897129186602871,0.971291866028708,0,0.270207852193995,0.962864721485411,0.573426573426573,0.419354838709677,0.8808618504436,0.935960591133005,0.817535545023697,0.605911330049261,0.600944510035419,0.966976264189886,0.350561797752809,0,0.956656346749226,0.976987447698745,0.911164465786314,0.943262411347518,0.353741496598639,0.708652792990142,0.704103671706264,0.82258064516129,0.869158878504673,0.989658738366081,0.433014354066986,0,0.589498806682578,0.991828396322778,0,0,0,0.837549933422104,0,0,0,0,0,0,0,0,0,0,0,0,0,0,0,0
"Bacillus_pumilus",0.334872979214781,0.416666666666667,0.728971962616822,0.326902465166131,0.746331236897275,0,0.524336283185841,0.516049382716049,0.904645476772616,0.980891719745223,0.423650975889782,0.997666277712952,0,0,0,0,0.703794369645043,0,0.734193548387097,0,0,0.427609427609428,0,0,0.967781908302354,0,0,0.709497206703911,0,0,0.483394833948339,0.873090481786134,0.244111349036403,0.68042328042328,0.496009122006841,0,0.796469366562825,1,0.374301675977654,0,0,0.353200883002208,0,0.314855875831486,0.658536585365854,0.504405286343612,0.480934809348093,0,0.745075318655852,0.830316742081448,0.727272727272727,0.552631578947368,0,0.369515011547344,0.986737400530504,0.787878787878788,0.975528364849833,0.946768060836502,0.302955665024631,0,0,0.400236127508855,0.560371517027864,0.941573033707865,0.488914819136523,0.642930856553148,0.755230125523013,0.286914765906363,0,0.23469387755102,0.938663745892662,0.958963282937365,0.230414746543779,0.900311526479751,0.919338159255429,0.913875598086124,0,0,0.971399387129724,0,0,0,0,0,0,0,0,0,0,0,0,0,0,0,0,0,0,0,0
"Orientia_tsutsugamushi",0.838337182448037,0.375,0.829439252336449,0.479099678456592,0.270440251572327,0,0.845132743362832,0,0,0.857749469214437,0,0.93465577596266,0.804583835946924,0.597647058823529,0.214123006833713,0.413793103448276,0.755201958384333,0,0.349677419354839,0.455568053993251,0,0.497194163860831,0,0.850178359096314,0.910780669144981,0,0.658163265306122,0.642458100558659,0.862385321100917,0.719026548672566,0,0,0.702355460385439,0.0962962962962963,0.82212086659065,0.386897404202719,0.063343717549325,0,0,0.223700120918984,0,0,0,0.942350332594235,0.824390243902439,0,0.343173431734317,0.75083426028921,0.807647740440325,0.561085972850679,0.832535885167464,0.698564593301435,0,0.376443418013857,0,0.41958041958042,0.330367074527253,0.627376425855513,0,0,0,0.381345926800472,0.190918472652219,0.397752808988764,0.796966161026838,0.834881320949432,0.928870292887029,0.647058823529412,0.297872340425532,0.276643990929705,0.697699890470975,0.563714902807775,0,0.212876427829699,0.805584281282316,0.91866028708134,0.674039580908033,0.75417661097852,0.948927477017365,0.863013698630137,0.89987163029525,0.628297362110312,0,0,0,0,0,0,0,0,0,0,0,0,0,0,0,0,0
"Terrahaemophilus_aromaticivorans",0.903002309468822,0.982456140350877,0.64018691588785,0.0911039657020364,0.314465408805031,0.409499358151476,0.150442477876106,0,0.330073349633252,0.615711252653928,0.843857634902411,0.474912485414236,0.43546441495778,0.44,0.364464692482916,0.681034482758621,0.79436964504284,0.628361858190709,0,0.358830146231721,0,0.234567901234568,0.326007326007326,0.529131985731272,0.397769516728625,0,0.308673469387755,0.307262569832402,0,0.141592920353982,0.291512915129151,0.81668625146886,0.627408993576017,0.659259259259259,0.272519954389966,0,0.568016614745587,0.643908969210174,0,0.243047158403869,0,0,0.395348837209302,0.751662971175166,0,0.515418502202643,0.734317343173432,0.479421579532814,0.165701042873696,0,0,0.217703349282297,0,0.397228637413395,0.697612732095491,0.543123543123543,0.212458286985539,0,0.963054187192118,0.890995260663507,0,0.298701298701299,0.201238390092879,0,0,0.781217750257998,0.125523012552301,0.579831932773109,0.581560283687943,0.26530612244898,0.312157721796276,0.416846652267819,0.170506912442396,0.0674974039460021,0.309203722854188,0,0,0.608591885441527,0.601634320735444,0,0.406931964056483,0.498800959232614,0.877496671105193,0,0,0,0,0,0,0,0,0,0,0,0,0,0,0,0
"Propionigenium_maris",0.275981524249423,0,0.492990654205608,0.697749196141479,0,0,0.225663716814159,0,0,0.511677282377919,0,0.890315052508751,0,0,0,0,0.517747858017136,0,0,0,0,0.138047138047138,0,0,0.734820322180917,0,0,0.501675977653631,0,0,0.384993849938499,0.525264394829612,0.107066381156317,0.208465608465608,0,0,0.364485981308411,0,0,0,0,0,0,0,0,0,0,0,0.376593279258401,0.266968325791855,0.239234449760766,0,0,0,0,0.617715617715618,0.437152391546162,0.73637515842839,0,0,0,0,0.281733746130031,0,0,0.378740970072239,0.562761506276151,0.296518607442977,0,0,0.472070098576123,0.457883369330454,0.188940092165899,0.393561786085151,0.849017580144778,0,0,0,0.775280898876405,0,0,0,0,0,0,0,0,0,0,0,0,0,0,0,0,0,0,0,0
"Mogibacterium_diversum",0.295612009237875,0.276315789473684,0.280373831775701,0,0.70440251572327,0.399229781771502,0,0.444444444444444,0.378973105134474,0.713375796178344,0.770378874856487,0.166861143523921,0.353437876960193,0.390588235294118,0.259681093394077,0.0905172413793103,0.894736842105263,0.577017114914425,0,0.58830146231721,0.798099762470309,0,0.352869352869353,0,0.496902106567534,0,0,0,0,0.179203539823009,0.480934809348093,0.588719153936545,0.451820128479657,0.762962962962963,0.400228050171038,0,0.2398753894081,0,0,0.932285368802902,0.605947955390335,0.501103752759382,0,0.441241685144124,0,0.288546255506608,0.323493234932349,0.459399332591769,0,0,0,0,0,0.314087759815243,0,0,0.276974416017798,0,0.270935960591133,0.469194312796209,0,0,0.626418988648091,0,0,0.663570691434469,0.721757322175732,0.913565426170468,0.697399527186761,0,0.658269441401972,0.576673866090713,0,0.727933541017653,0,0.820574162679426,0,0.585918854415274,0.779366700715015,0.50186799501868,0,0.402877697841727,0,0.988965517241379,0.963934426229508,0.930599369085173,0,0.955974842767296,0.96100278551532,0.574893009985735,0.981481481481482,0.690265486725664,0.87037037037037,0.867469879518072,0.601131541725601,0.964285714285714,0.915328467153285,0.930131004366812,0.95693135935397
"Actinomyces_meyeri",0.445727482678984,0.173245614035088,0.871495327102804,0.534833869239014,0.530398322851153,0.527599486521181,0.721238938053097,0.622222222222222,0.767726161369193,0.802547770700637,0.885189437428243,0.234539089848308,0.544028950542823,0.550588235294118,0.503416856492027,0.868534482758621,0.485924112607099,0.220048899755501,0.855483870967742,0.397075365579303,0.719714964370546,0.728395061728395,0.724053724053724,0.524375743162901,0.395291201982652,0.904320987654321,0.451530612244898,0.43463687150838,0.761467889908257,0.581858407079646,0.372693726937269,0.203290246768508,0.948608137044968,0.259259259259259,0.872291904218928,0.372064276885043,0.657320872274143,0.523427041499331,0.280446927374302,0.770253929866989,0.566294919454771,0.602649006622517,0.457364341085271,0.753880266075388,0.751219512195122,0.548458149779736,0.357933579335793,0.512791991101224,0.358053302433372,0.834841628959276,0.488038277511962,0.686602870813397,0,0.683602771362587,0.618037135278515,0.871794871794872,0.877641824249166,0.612167300380228,0.699507389162562,0.592417061611374,0.891625615763547,0.508854781582054,0.711042311661507,0.346067415730337,0.533255542590432,0.678018575851393,0.654811715481172,0.620648259303721,0.505910165484634,0.321995464852608,0.669222343921139,0.725701943844492,0.806451612903226,0.518172377985462,0.782833505687694,0.523923444976077,0.525029103608847,0.770883054892601,0.334014300306435,0.683686176836862,0.58408215661104,0.446043165467626,0.499334221038615,0.721379310344828,0,0,0,0,0.626740947075209,0.734664764621969,0.839506172839506,0.684365781710914,0,0,0.437057991513437,0,0.629197080291971,0.737991266375546,0.550471063257066
"Bergeyella_zoohelcum",0.498845265588915,0,0.453271028037383,0.14898177920686,0.0461215932914046,0.902439024390244,0.511061946902655,0,0,0.437367303609342,0.210103329506315,0.463243873978997,0.524728588661037,0.423529411764706,0,0,0,0.82640586797066,0.478709677419355,0.72103487064117,0,0.501683501683502,0.433455433455433,0.272294887039239,0.71003717472119,0,0,0,0.642201834862385,0.511061946902655,0.271832718327183,0.236192714453584,0.408993576017131,0.174603174603175,0.594070695553022,0,0.644859813084112,0,0.439106145251397,0,0,0.543046357615894,0,0.518847006651885,0,0.10352422907489,0,0.163515016685206,0,0.558823529411765,0,0.636363636363636,0,0.466512702078522,0.360742705570292,0,0,0,0.970443349753695,0.898104265402844,0.637931034482759,0.218417945690673,0.642930856553148,0,0,0.731682146542828,0.550209205020921,0.702280912364946,0.808510638297872,0.578231292517007,0.522453450164294,0.539956803455723,0.357142857142857,0.630321910695743,0.549120992761117,0.675837320574163,0,0.336515513126492,0.0561797752808989,0,0.573812580231066,0,0.696404793608522,0,0,0,0,0,0,0,0,0,0,0,0,0,0,0,0
"Actinomyces_bowdenii",0.549653579676674,0.100877192982456,0.247663551401869,0,0.356394129979036,0,0.555309734513274,0.661728395061728,0.298288508557457,0,0,0.939323220536756,0.548854041013269,0.715294117647059,0.280182232346241,0.327586206896552,0,0,0,0,0,0.510662177328844,0,0,0.504337050805452,0,0.936224489795918,0,0.194954128440367,0.132743362831858,0.628536285362854,0.36780258519389,0.67237687366167,0.578835978835979,0.215507411630559,0,0.179646936656282,0.547523427041499,0.463687150837989,0.753325272067715,0.48451053283767,0.236203090507726,0.354005167958656,0.709534368070953,0,0.233480176211454,0.995079950799508,0.430478309232481,0.297798377752028,0,0.576555023923445,0.483253588516746,0,0.8729792147806,0,0.487179487179487,0.410456062291435,0.802281368821293,0,0,0.650246305418719,0.657615112160567,0.337461300309598,0,0.619603267211202,0.277605779153767,0.311715481171548,0.812725090036014,0,0.18140589569161,0.531215772179628,0.518358531317495,0.246543778801843,0.138110072689512,0.460186142709411,0.954545454545455,0.725261932479627,0.656324582338902,0.495403472931563,0.850560398505604,0.810012836970475,0,0,0,0,0,0,0,0,0,0,0,0,0,0,0,0,0,0
"Prevotella_salivae",0.981524249422633,0.839912280701754,0.974299065420561,0.946409431939979,0.993710691823899,0.997432605905006,0.997787610619469,0.97283950617284,0.388753056234719,0.995753715498938,0.965556831228473,0.915985997666278,0.995174909529554,1,0.977220956719818,1,0.870257037943696,0.990220048899755,0.876129032258064,0.973003374578178,0.990498812351544,0.878787878787879,0.992673992673993,0.995243757431629,0.997521685254027,0.966049382716049,0.887755102040816,0.966480446927374,0.878440366972477,0.993362831858407,0.960639606396064,0.983548766157462,0.985010706638116,0.995767195767196,0.746864310148233,0.69097651421508,0.979231568016615,0.997322623828648,0.995530726256983,0.96372430471584,0.985130111524164,0.971302428256071,0.65374677002584,0.993348115299335,0.926829268292683,0.993392070484581,0.862238622386224,0.853170189098999,0.921205098493627,0.902714932126697,0.978468899521531,0.638755980861244,0.947873799725652,1,0.936339522546419,0.911421911421911,0.579532814238042,0.792141951837769,0.778325123152709,0.838862559241706,0.995073891625616,0.782762691853601,0.993808049535604,0.667415730337079,0.962660443407235,0.989680082559339,1,0.966386554621849,0.947990543735225,0.997732426303855,0.794085432639649,0.727861771058315,0.990783410138249,1,1,0.885167464114832,0.979045401629802,0.921241050119332,0.987742594484168,0.977584059775841,0.643132220795892,0.90167865707434,0.992010652463382,0.975172413793103,0.99672131147541,0.987381703470032,0.754621848739496,0.99685534591195,0.988857938718663,0.997146932952924,0.984567901234568,0.828908554572271,0.996913580246914,0.975903614457831,0.994342291371994,0.961038961038961,0.573722627737226,0.997088791848617,0.986541049798116
"Actinobaculum_massiliense",0.397228637413395,0.370614035087719,0.647196261682243,0.247588424437299,0.0587002096436059,0,0.915929203539823,0.432098765432099,0,0.547770700636943,0.148105625717566,0.922987164527421,0.778045838359469,0.385882352941176,0.330296127562642,0.0775862068965517,0,0,0.569032258064516,0.786276715410574,0.679334916864608,0.196408529741863,0.748473748473748,0.310344827586207,0.799256505576208,0,0.86734693877551,0.217877094972067,0.311926605504587,0.778761061946903,0.697416974169742,0.353701527614571,0.715203426124197,0.191534391534392,0.751425313568985,0.897404202719407,0.67601246105919,0,0.325139664804469,0.576783555018138,0,0.607064017660044,0.387596899224806,0.547671840354767,0,0.306167400881057,0.409594095940959,0.254727474972191,0.369640787949015,0,0.358851674641148,0.543062200956938,0,0.448036951501155,0,0.484848484848485,0.399332591768632,0.930291508238276,0,0,0.642857142857143,0.365997638724911,0.700722394220846,0.373033707865169,0.624270711785298,0.52734778121775,0.652719665271967,0.570228091236495,0.598108747044917,0.503401360544218,0.76341730558598,0.693304535637149,0.626728110599078,0.667705088265836,0.565667011375388,0.973684210526316,0.753201396973225,0.785202863961814,0.607763023493361,0.613947696139477,1,0.735011990407674,0,0,0,0,0,0,0,0,0,0,0,0,0,0,0,0,0
"Mannheimia_granulomatis",0.217090069284065,0.403508771929825,0.476635514018692,0.114683815648446,0.144654088050314,0,0.661504424778761,0.740740740740741,0,0.397027600849257,0,0.876312718786464,0,0.602352941176471,0.28246013667426,0.433189655172414,0,0,0.741935483870968,0.509561304836895,0,0.36026936026936,0.716727716727717,0.434007134363853,0.618339529120198,0,0,0.745251396648045,0.298165137614679,0.765486725663717,0,0,0.653104925053533,0.456084656084656,0.555302166476625,0.34487021013597,0.430944963655244,0.92235609103079,0,0.546553808948005,0,0.242825607064018,0.436692506459948,0.620842572062084,0,0.491189427312775,0.697416974169742,0.152391546162403,0.207415990730012,0.266968325791855,0.710526315789474,0.220095693779904,0,0.639722863741339,0,0.771561771561772,0.466073414905451,0,0,0,0,0.506493506493506,0.461300309597523,0.585393258426966,0,0.795665634674923,0.677824267782427,0.671068427370948,0.307328605200946,0.582766439909297,0.489594742606791,0.529157667386609,0.573732718894009,0.738317757009346,0.658738366080662,0.232057416267943,0,0.491646778042959,0.593462717058223,0.459526774595268,0,0.484412470023981,0,0,0,0,0,0,0,0,0,0,0,0,0,0,0,0,0
"Eubacterium_nodatum",0.986143187066975,0.631578947368421,0.273364485981308,0.566988210075027,0.438155136268344,0.717586649550706,0.630530973451327,0.483950617283951,0.684596577017115,0.777070063694268,0.439724454649828,0.974329054842474,0.939686369119421,0.729411764705882,0.867881548974943,0.90301724137931,0.811505507955936,0.300733496332518,0.765161290322581,0.966254218222722,0.935866983372922,0.872053872053872,0.833943833943834,0.916765755053508,0.412639405204461,0,0.948979591836735,0.267039106145251,0.288990825688073,0.891592920353982,0.458794587945879,0.609870740305523,0.920770877944325,0.0582010582010582,0.865450399087799,0.374536464771323,0.935617860851506,0.933065595716198,0.825698324022346,0.792019347037485,0.69268897149938,0.752759381898455,0.702842377260982,0.875831485587583,0.714634146341463,0.385462555066079,0.537515375153752,0.383759733036707,0.575898030127462,0.821266968325792,0.681818181818182,0.837320574162679,0.733882030178326,0.406466512702079,0.753315649867374,0.888111888111888,0.864293659621802,0.609632446134347,0.758620689655172,0.744075829383886,0,0.518299881936246,0.675954592363261,0.391011235955056,0.969661610268378,0.585139318885449,0.782426778242678,0.483793517406963,0.527186761229314,0.913832199546485,0.631982475355969,0.755939524838013,0.665898617511521,0.703011422637591,0.791106514994829,0.45933014354067,0.315483119906868,0.26491646778043,0.472931562819203,0.915317559153176,0.337612323491656,0.474820143884892,0.395472703062583,0.947586206896552,0.642622950819672,0.725552050473186,0,0.738993710691824,0.657381615598886,0.55206847360913,0.691358024691358,0.896755162241888,0,0,0.906647807637907,0.701298701298701,0,0.644832605531296,0.881561238223419
"Planobacterium_taklimakanense",0.475750577367206,0.861842105263158,0.682242990654206,0.845659163987138,0.951781970649895,0,0.907079646017699,0.249382716049383,0.599022004889976,0.789808917197452,0,0.519253208868145,0.838359469240048,0.990588235294118,0.863325740318907,0.982758620689655,0.554467564259486,0,0.803870967741935,0.777277840269966,0.244655581947743,0.995510662177329,0.90964590964591,0.87871581450654,0.935563816604709,0.540123456790123,0.522959183673469,0.430167597765363,1,0.84070796460177,0,0.478260869565217,0.490364025695931,0.911111111111111,0.767388825541619,1,0.931464174454829,0.8714859437751,0.51731843575419,0.731559854897219,0.278810408921933,0.432671081677704,0.906976744186046,0.694013303769401,0.482926829268293,0.383259911894273,0.567035670356704,0.78420467185762,0.225955967555041,0.581447963800905,0.763157894736842,0.555023923444976,0.62962962962963,0.951501154734411,0.374005305039788,0.307692307692308,0.210233592880979,0.394169835234474,0,0,0,0.955135773317591,0.962848297213622,0.765168539325843,0.332555425904317,0.915376676986584,0.926778242677824,0.771908763505402,0.638297872340426,0.909297052154195,0.901423877327492,0.954643628509719,0.267281105990783,0.937694704049844,0.940020682523268,0.253588516746411,0.473806752037253,0.854415274463007,0.830439223697651,0.290161892901619,0.907573812580231,0.870503597122302,0,0,0,0,0,0,0,0,0,0,0,0,0,0,0,0,0
"Ornatilinea_apprima",0.235565819861432,0.151315789473684,0,0.909967845659164,0.0943396226415094,0,0.221238938053097,0.501234567901235,0,0,0,0.213535589264877,0.225572979493365,0,0,0.490301724137931,0.767441860465116,0,0,0,0,0.782267115600449,0,0,0,0,0,0,0.197247706422018,0.63716814159292,0.56949569495695,0.370152761457109,0.706638115631692,0.949206349206349,0,0,0.468328141225338,0,0.595530726256983,0,0,0,0.470284237726098,0,0.475609756097561,0,0,0,0.198146002317497,0,0.435406698564593,0,0.57201646090535,0,0,0,0.590656284760845,0.787072243346008,0,0,0,0.480519480519481,0.287925696594427,0.410112359550562,0,0.0794633642930857,0.317991631799163,0,0,0.165532879818594,0.185104052573932,0.190064794816415,0.283410138248848,0.117341640706127,0.437435367114788,0.406698564593301,0,0.634844868735084,0.474974463738509,0,0,0,0,0,0,0,0,0,0,0,0,0,0,0,0,0,0,0,0
"Neisseria_pharyngis",0.413394919168591,0.201754385964912,0.27803738317757,0.322615219721329,0.19496855345912,0,0.369469026548673,0.595061728395062,0.229828850855746,0.305732484076433,0,0.243873978996499,0.833534378769602,0,0,0,0.424724602203182,0,0.91741935483871,0,0,0.441077441077441,0,0.51961950059453,0.863692688971499,0,0,0.640223463687151,0,0,0.687576875768758,0.240893066980023,0.271948608137045,0.0878306878306878,0.340935005701254,0,0.33748701973001,0,0.188826815642458,0.562273276904474,0.412639405204461,0,0,0.776053215077605,0.25609756097561,0.200440528634361,0,0,0.561993047508691,0.373303167420814,0.315789473684211,0.385167464114833,0,0,0,0.517482517482518,0.559510567296997,0.873257287705957,0,0,0,0,0,0.134831460674157,0,0.248710010319917,0.244769874476987,0.680672268907563,0.936170212765957,0,0.726177437020811,0.68682505399568,0.380184331797235,0.854620976116303,0.0403309203722854,0.320574162679426,0,0,0.838610827374872,0,0,0,0,0,0,0,0,0,0,0,0,0,0,0,0,0,0,0,0
"Anaeroglobus_geminatus",0.831408775981524,0.491228070175439,0.864485981308411,0.789924973204716,0.486373165618449,0.545571245186136,0.130530973451327,0.785185185185185,0.687041564792176,0.159235668789809,0.446613088404133,0.197199533255543,0.756332931242461,0.835294117647059,0.799544419134396,0.797413793103448,0.466340269277846,0.26161369193154,0.963870967741935,0.727784026996625,0.805225653206651,0.894500561167228,0.904761904761905,0.919143876337693,0.670384138785626,0,0.778061224489796,0.801117318435754,0.850917431192661,0.679203539823009,0.500615006150061,0.81903642773208,0.937901498929336,0.608465608465608,0.179019384264538,0.666254635352287,0.738317757009346,0.874163319946452,0.892737430167598,0.958887545344619,0.558859975216852,0.620309050772627,0.757105943152455,0.69179600886918,0.436585365853659,0.649779735682819,0.685116851168512,0.690767519466073,0.953650057937428,0.941176470588235,0.882775119617225,0.818181818181818,0.895747599451303,0.473441108545035,0.564986737400531,0.314685314685315,0.112347052280311,0.64765525982256,0.761083743842365,0.855450236966825,0.509852216748768,0.560802833530106,0.82249742002064,0.761797752808989,0.878646441073512,0.609907120743034,0.661087866108787,0.48859543817527,0.860520094562648,0.804988662131519,0.566265060240964,0.665226781857451,0.652073732718894,0.673935617860852,0.65253360910031,0.77511961722488,0.646100116414435,0.863961813842482,0.738508682328907,0.955168119551681,0.794608472400513,0.244604316546763,0.536617842876165,0.448275862068966,0,0,0,0,0.481894150417827,0.592011412268188,0.697530864197531,0.905604719764012,0,0,0.796322489391796,0,0.559124087591241,0.557496360989811,0.695827725437416
"Olsenella_uli",0.799076212471132,0.826754385964912,0.607476635514019,0.82422293676313,0.111111111111111,0.414634146341463,0.765486725663717,0.822222222222222,0.914425427872861,0.768577494692144,0.781859931113662,0.705950991831972,0.360675512665863,0.642352941176471,0.378132118451025,0.818965517241379,0.351285189718482,0.484107579462103,0.723870967741935,0.80652418447694,0.646080760095012,0.562289562289562,0.782661782661783,0.495838287752675,0.437422552664188,0.578703703703704,0.969387755102041,0.454748603351955,0.415137614678899,0.630530973451327,0.658056580565806,0.668625146886016,0.691648822269807,0.494179894179894,0.279361459521095,0.678615574783684,0.117341640706127,0.957161981258367,0.582122905027933,0.915356711003628,0.754646840148699,0.801324503311258,0.785529715762274,0.742793791574279,0.485365853658537,0.213656387665198,0.997539975399754,0.612903225806452,0.91657010428737,0.531674208144796,0.674641148325359,0.930622009569378,0.810699588477366,0.748267898383372,0.562334217506631,0.592074592074592,0.846496106785317,0.287705956907478,0.598522167487685,0.597156398104265,0.807881773399015,0.572609208972845,0.725490196078431,0.741573033707865,0.822637106184364,0.492260061919505,0.592050209205021,0.527010804321729,0.179669030732861,0.707482993197279,0.688937568455641,0.65658747300216,0.41705069124424,0.586708203530633,0.698035160289555,0.681818181818182,0.741559953434226,0.825775656324582,0.758937691521961,0.828144458281445,0.730423620025674,0.805755395683453,0.515312916111851,0.771034482758621,0,0,0,0,0.515320334261838,0.651925820256776,0.694444444444444,0.740412979351032,0,0,0.454031117397454,0,0.792700729927007,0.95924308588064,0.698519515477793
"Lactobacillus_johnsonii",0.494226327944573,0.285087719298246,0.83411214953271,0.644158628081458,0.205450733752621,0,0.347345132743363,0.819753086419753,0.946210268948655,0.450106157112527,0.419058553386912,0.304550758459743,0,0.590588235294118,0.223234624145786,0.202586206896552,0,0,0,0.367829021372328,0,0.225589225589226,0.26007326007326,0.455410225921522,0,0,0.875,0.202234636871508,0.628440366972477,0.564159292035398,0.68019680196802,0.581668625146886,0.346895074946467,0.646560846560847,0.181299885974914,0.88380716934487,0.327102803738318,0,0.135195530726257,0.518742442563482,0.81908302354399,0.565121412803532,0,0.390243902439024,0.654878048780488,0.786343612334802,0.360393603936039,0.216907675194661,0.508690614136732,0.321266968325792,0.65311004784689,0.976076555023923,0,0.76905311778291,0,0,0.768631813125695,0.348542458808619,0,0.334123222748815,0.596059113300493,0.64344746162928,0.0897832817337461,0.840449438202247,0,0.401444788441692,0.410041841004184,0,0.49645390070922,0.6281179138322,0.281489594742607,0.349892008639309,0.649769585253456,0.229491173416407,0.971044467425026,0.660287081339713,0.50174621653085,0.775656324582339,0.760980592441267,0.790784557907846,0.858793324775353,0.762589928057554,0,0,0,0,0,0,0,0,0,0,0,0,0,0,0,0,0.450874831763122
"Prevotella_veroralis",0.71824480369515,0.585526315789474,0.857476635514019,0.894962486602358,0.9958071278826,0.835686777920411,0.922566371681416,0.730864197530864,0.501222493887531,0.921443736730361,0.871412169919633,0.346557759626604,0.937273823884198,0.978823529411765,0.660592255125285,0.980603448275862,0.796817625458996,0.853300733496333,0.661935483870968,0.950506186726659,0.942992874109264,0.84287317620651,0.836385836385836,0.897740784780024,0.9454770755886,0.654320987654321,0.408163265306122,0.441340782122905,0.619266055045872,0.674778761061947,0.579335793357934,0.788484136310223,0.398286937901499,0.917460317460317,0.808437856328392,0.483312731767614,0.734164070612669,0.598393574297189,0.915083798882682,0.451027811366385,0.982651796778191,0.80794701986755,0.669250645994832,0.93569844789357,0.873170731707317,0.861233480176211,0.407134071340713,0.804226918798665,0.770567786790266,0.805429864253394,0.722488038277512,0.356459330143541,0.936899862825789,0.958429561200924,0.3342175066313,0.699300699300699,0.746384872080089,0.576679340937896,0.854679802955665,0.853080568720379,0.931034482758621,0.922077922077922,0.983488132094943,0.779775280898876,0.698949824970828,0.933952528379773,0.939330543933054,0.959183673469388,0.75886524822695,0.950113378684807,0.796276013143483,0.809935205183585,0.912442396313364,0.973001038421599,0.896587383660807,0.514354066985646,0.240977881257276,0.307875894988067,0.969356486210419,0.703611457036115,0.635430038510911,0.62589928057554,0.651131824234354,0.867586206896552,0.724590163934426,0,0,0.707547169811321,0.743732590529248,0.503566333808845,0.641975308641975,0.474926253687316,0.842592592592593,0.807228915662651,0.787835926449788,0.769480519480519,0.778102189781022,0.86608442503639,0.868102288021534
"Dialister_propionicifaciens",0.302540415704388,0.888157894736842,0.595794392523365,0.54983922829582,0.431865828092243,0.34017971758665,0.216814159292035,0.395061728395062,0.403422982885086,0.62208067940552,0.262916188289323,0.411901983663944,0.242460796139928,0.265882352941176,0,0.228448275862069,0.848225214198286,0,0,0.241844769403825,0.541567695961995,0.528619528619529,0.445665445665446,0.315101070154578,0,0,0.64030612244898,0.197765363128492,0.371559633027523,0.555309734513274,0,0.205640423031727,0.541755888650964,0.597883597883598,0.726339794754846,0,0.536863966770509,0,0.559776536312849,0,0,0.408388520971302,0.405684754521964,0.631929046563193,0.551219512195122,0.226872246696035,0.269372693726937,0.532814238042269,0.385863267670915,0.266968325791855,0.655502392344498,0.657894736842105,0,0.191685912240185,0,0,0.167964404894327,0.285171102661597,0,0,0.295566502463054,0.634002361275089,0.100103199174407,0.961797752808989,0.866977829638273,0.562435500515996,0.313807531380753,0.678271308523409,0.817966903073286,0.403628117913832,0.454545454545455,0.509719222462203,0.288018433179723,0.503634475597092,0.0879007238883144,0.380382775119617,0.860302677532014,0.81145584725537,0.669050051072523,0.768368617683686,0.463414634146341,0.287769784172662,0,0,0,0,0,0,0,0,0,0,0,0,0,0,0,0,0
"Rothia_dentocariosa",0.946882217090069,0.697368421052632,0.906542056074766,0.146838156484459,0.870020964360587,0.933247753530167,0.838495575221239,0.975308641975309,0.980440097799511,0.915074309978769,0.588978185993111,0.192532088681447,0.449939686369119,0.941176470588235,0.476082004555809,0.943965517241379,0.975520195838433,0.699266503667482,0.945806451612903,0.439820022497188,0.204275534441805,0.281705948372615,0.99023199023199,0.531510107015458,0.52912019826518,0.969135802469136,0.602040816326531,0.689385474860335,0.706422018348624,0.935840707964602,0.574415744157442,0.945945945945946,0.811563169164882,0.348148148148148,0.692132269099202,0.302843016069221,0.46417445482866,0.568942436412316,0.262569832402235,0.330108827085852,0.995043370508054,0.483443708609272,0.710594315245478,0.678492239467849,0.697560975609756,0.594713656387665,0.936039360393604,0.802002224694105,0.68018539976825,0.219457013574661,0.741626794258373,0.409090909090909,0.467764060356653,0.990762124711316,0.331564986737401,0.666666666666667,0.245828698553949,0.832699619771863,0.834975369458128,0.777251184834123,0.896551724137931,0.877213695395514,0.927760577915377,0.723595505617977,0.745624270711785,0.927760577915377,0.887029288702929,0.464585834333734,0.312056737588652,0.759637188208617,0.80065717415115,0.855291576673866,0.944700460829493,0.808930425752856,0.671147880041365,0.715311004784689,0.450523864959255,0.823389021479714,0.879468845760981,0.970112079701121,0.940949935815148,0.333333333333333,0.523302263648469,0.616551724137931,0.960655737704918,0.848580441640379,0.710924369747899,0.952830188679245,0.88857938718663,0.991440798858773,0.561728395061728,0.616519174041298,0.969135802469136,0.897590361445783,0.646393210749646,0.948051948051948,0.623357664233577,0.947598253275109,0.755047106325707
"Mycoplasma_faucium",0.74364896073903,0.442982456140351,0.175233644859813,0.738478027867095,0.134171907756813,0.889602053915276,0.54646017699115,0.365432098765432,0.704156479217604,0.430997876857749,0.513203214695752,0.985997666277713,0.686369119420989,0,0,0,0.9265605875153,0.728606356968215,0.659354838709677,0,0,0.92368125701459,0,0.450653983353151,0.655514250309789,0,0,0.559776536312849,0,0,0.234932349323493,0.285546415981199,0.618843683083512,0.214814814814815,0.318129988597491,0,0.916926272066459,0.392235609103079,0.921787709497207,0.934703748488513,0.84634448574969,0,0,0.849223946784922,0.373170731707317,0.621145374449339,0,0,0.650057937427578,0.83710407239819,0.873205741626794,0.574162679425837,0,0,0.840848806366048,0.216783216783217,0,0.333333333333333,0.583743842364532,0.725118483412322,0,0,0.754385964912281,0.404494382022472,0,0.502579979360165,0.736401673640167,0,0.971631205673759,0,0.52026286966046,0.583153347732181,0.536866359447005,0.568016614745587,0.675284384694933,0.411483253588517,0,0,0.231869254341164,0,0,0,0.731025299600533,0,0,0,0,0,0,0,0,0,0,0,0,0,0,0,0
"Mycoplasma_hyosynoviae",0.570438799076212,0,0,0.303322615219721,0.0566037735849057,0,0.442477876106195,0,0,0.636942675159236,0,0.635939323220537,0.220747889022919,0.452941176470588,0.168564920273349,0.258620689655172,0.294981640146879,0,0,0,0.756532066508314,0.831649831649832,0,0,0,0,0.553571428571429,0.414525139664804,0,0.65929203539823,0,0,0.9593147751606,0.320634920634921,0,0.592088998763906,0.939771547248183,0,0.404469273743017,0,0,0.615894039735099,0.351421188630491,0.456762749445676,0,0.381057268722467,0.505535055350554,0.165739710789766,0.283893395133256,0.156108597285068,0.514354066985646,0,0,0,0,0,0,0,0,0,0,0,0.618163054695562,0,0.550758459743291,0.450980392156863,0.332635983263598,0,0,0.517006802721088,0.272727272727273,0.466522678185745,0,0.196261682242991,0.499482936918304,0,0,0,0.497446373850868,0.616438356164384,0,0,0,0,0,0,0,0,0,0,0,0,0,0,0,0,0,0,0
"Azospira_oryzae",0.51270207852194,0,0.775700934579439,0.269024651661308,0.364779874213836,0,0.292035398230089,0,0,0.75583864118896,0,0.55659276546091,0.635705669481303,0,0,0.560344827586207,0,0,0.526451612903226,0,0,0.241301907968575,0.242979242979243,0.384066587395957,0.539033457249071,0,0,0,0,0,0,0.706227967097532,0.507494646680942,0.242328042328042,0.395667046750285,0,0.663551401869159,0.736278447121821,0.588826815642458,0,0,0.203090507726269,0.984496124031008,0.791574279379157,0.897560975609756,0.121145374449339,0,0,0.645422943221321,0.280542986425339,0,0,0,0,0,0.167832167832168,0.375973303670745,0.622306717363752,0.275862068965517,0.303317535545024,0,0.452184179456907,0.252837977296182,0.532584269662921,0,0.545923632610939,0.713389121338912,0.817527010804322,0,0,0.706462212486309,0.779697624190065,0,0.671858774662513,0.59875904860393,0,0,0,0.622063329928498,0,0,0,0,0,0,0,0,0,0,0,0,0,0,0,0,0,0,0,0
"Alysiella_crassa",0.5635103926097,0.190789473684211,0.544392523364486,0.44908896034298,0.117400419287212,0,0.643805309734513,0,0,0.29723991507431,0.692307692307692,0,0,0.287058823529412,0.407744874715262,0.148706896551724,0,0.655256723716381,0,0.700787401574803,0.358669833729216,0.38047138047138,0,0,0,0,0.561224489795918,0,0.295871559633028,0.146017699115044,0,0,0.0877944325481799,0.255026455026455,0.482326111744584,0.330037082818294,0,0.583668005354752,0,0.276904474002418,0.506815365551425,0,0.392764857881137,0.46119733924612,0.719512195121951,0,0.514145141451415,0.252502780867631,0.212050984936269,0.590497737556561,0.246411483253589,0,0,0.196304849884527,0.370026525198939,0,0,0.26489226869455,0.295566502463054,0.395734597156398,0,0.45926800472255,0.453044375644995,0.415730337078652,0.631271878646441,0.397316821465428,0.0523012552301255,0,0,0.64172335600907,0.125958378970427,0.269978401727862,0,0.599169262720665,0.37952430196484,0,0,0,0.266598569969356,0,0.358151476251605,0,0.571238348868176,0,0,0,0,0,0,0,0,0,0,0,0,0,0,0,0
"Prevotella_dentalis",0.734411085450346,0.302631578947368,0.168224299065421,0.779206859592712,0.80293501048218,0.858793324775353,0.539823008849557,0.335802469135802,0.488997555012225,0.59447983014862,0.685419058553387,0.747957992998833,0.288299155609168,0.616470588235294,0.398633257403189,0.084051724137931,0.581395348837209,0.613691931540342,0.576774193548387,0.538807649043869,0.232779097387173,0.618406285072952,0.367521367521368,0.403091557669441,0.566294919454771,0,0.556122448979592,0.436871508379888,0.240825688073394,0.360619469026549,0.404674046740467,0.922444183313749,0.0685224839400428,0.161904761904762,0.19042189281642,0.791100123609394,0.798546209761163,0.593038821954485,0.53072625698324,0.85006045949214,0.618339529120198,0.724061810154525,0,0.829268292682927,0.274390243902439,0.284140969162996,0.308733087330873,0.328142380422692,0.619930475086906,0.819004524886878,0.291866028708134,0.461722488038278,0,0.28175519630485,0.625994694960212,0,0,0.787072243346008,0.70935960591133,0.703791469194313,0,0.504132231404959,0.706914344685243,0.467415730337079,0.486581096849475,0.735810113519092,0.717573221757322,0,0,0.557823129251701,0.526834611171961,0.654427645788337,0.433179723502304,0.455867082035306,0.633919338159255,0.30622009569378,0.518044237485448,0,0.448416751787538,0.589041095890411,0.460847240051348,0,0.605858854860186,0.577931034482759,0,0,0,0,0.774373259052925,0.8830242510699,0,0.755162241887906,0,0,0.697312588401697,0,0.553284671532847,0.73216885007278,0.749663526244953
"Acidithiobacillus_thiooxidans",0.89838337182448,0.206140350877193,0.80607476635514,0.346195069667738,0.178197064989518,0,0.537610619469027,0.587654320987654,0.511002444987775,0.0849256900212314,0,0.927654609101517,0.384800965018094,0,0,0,0.791921664626683,0,0.409032258064516,0.22384701912261,0,0.546576879910213,0,0.631391200951249,0.630731102850062,0,0,0,0,0,0.360393603936039,0.527614571092832,0.308351177730193,0.48994708994709,0.480045610034208,0,0.370716510903427,0.384203480589023,0.13072625698324,0.579201934703748,0.504337050805452,0,0,0.388026607538803,0.236585365853659,0.42511013215859,0,0,0.626882966396292,0,0.478468899521531,0.397129186602871,0.816186556927298,0,0,0.335664335664336,0.39265850945495,0.495564005069708,0.359605911330049,0.338862559241706,0,0,0.471620227038184,0,0,0.692466460268318,0.391213389121339,0.284513805522209,0.732860520094563,0,0.373493975903614,0.434125269978402,0.407834101382488,0.279335410176532,0.480868665977249,0,0,0,0.344228804902962,0,0,0,0,0,0,0,0,0,0,0,0,0,0,0,0,0,0,0,0
"Corynebacterium_jeikeium",0.309468822170901,0.269736842105263,0.380841121495327,0.757770632368703,0.337526205450734,0,0.564159292035398,0.397530864197531,0,0.581740976645435,0.38691159586682,0.61026837806301,0.575392038600724,0.802352941176471,0.421412300683371,0.665948275862069,0.637698898408813,0,0.590967741935484,0.244094488188976,0,0.515151515151515,0.406593406593407,0,0.536555142503098,0,0.966836734693878,0.401117318435754,0.470183486238532,0.119469026548673,0.520295202952029,0.311398354876616,0.357601713062098,0.303703703703704,0.653363740022805,0.760197775030902,0.273104880581516,0,0.184357541899441,0,0,0.181015452538631,0,0.552106430155211,0,0.962555066079295,0.95079950799508,0.423804226918799,0.360370799536501,0.30316742081448,0.645933014354067,0.38755980861244,0,0.61662817551963,0,0.494172494172494,0.119021134593993,0.456273764258555,0,0,0,0.709563164108619,0.215686274509804,0.629213483146067,0.516919486581097,0.153766769865841,0.393305439330544,0.726290516206483,0,0.258503401360544,0.857612267250822,0.870410367170626,0,0.862928348909657,0.158221302998966,0.956937799043062,0.664726426076834,0.758949880668258,0.321756894790603,0.638854296388543,0.342747111681643,0.297362110311751,0,0,0,0,0,0,0,0,0,0,0,0,0,0,0,0,0
"Peptococcus_niger",0.759815242494226,0.905701754385965,0.892523364485981,0.942122186495177,0.656184486373166,0.468549422336329,0.581858407079646,0.832098765432099,0.823960880195599,0.940552016985138,0.664753157290471,0.962660443407235,0.336550060313631,0.905882352941176,0.831435079726651,0.935344827586207,0.725826193390453,0.303178484107579,0.558709677419355,0.687289088863892,0.707838479809976,0.941638608305275,0.540903540903541,0.983353151010702,0.625774473358117,0.762345679012346,0.946428571428571,0.789944134078212,0.915137614678899,0.971238938053097,0.953259532595326,0.699177438307873,0.918629550321199,0.870899470899471,0.790193842645382,0.466007416563659,0.956386292834891,0.967871485943775,0.515083798882682,0.695284159613059,0.913258983890954,0.867549668874172,0.948320413436692,0.687361419068736,0.285365853658537,0.674008810572687,0.429274292742927,0.719688542825362,0.457705677867903,0.961538461538462,0.308612440191388,0.889952153110048,0.544581618655693,0.909930715935335,0.649867374005305,0.531468531468531,0.75083426028921,0.906210392902408,0.605911330049261,0.54739336492891,0.334975369458128,0.820543093270366,0.698658410732714,0.323595505617978,0.978996499416569,0.682146542827657,0.646443514644351,0.548619447779112,0.326241134751773,0.90249433106576,0.899233296823658,0.866090712742981,0.447004608294931,0.572170301142264,0.530506721820062,0.435406698564593,0.986030267753201,0.918854415274463,0.955056179775281,0.481942714819427,0.774069319640565,0.776978417266187,0.717709720372836,0,0,0,0,0,0,0,0,0,0,0,0,0,0,0,0
"Acinetobacter_baumannii",0.427251732101617,0.695175438596491,0,0.541264737406217,0.794549266247379,0,0.234513274336283,0.639506172839506,0.73838630806846,0.106157112526539,0.722158438576349,0,0.29794933655006,0.178823529411765,0,0.618534482758621,0,0,0,0,0,0.283950617283951,0,0.381688466111772,0,0,0,0.591061452513966,0.155963302752294,0.561946902654867,0,0.381903642773208,0,0.521693121693122,0.477765108323831,0,0.302180685358255,0,0,0,0,0.205298013245033,0,0.168514412416851,0.651219512195122,0.6784140969163,0,0,0,0.296380090497738,0,0,0,0.408775981524249,0.941644562334218,0.878787878787879,0.913236929922136,0,0.320197044334975,0.206161137440758,0.327586206896552,0.714285714285714,0.0629514963880289,0.604494382022472,0.521586931155193,0.33952528379773,0.891213389121339,0.301320528211285,0,0.312925170068027,0.15881708652793,0.174946004319654,0,0.194184839044652,0.143743536711479,0,0,0,0.0949948927477017,0.51681195516812,0,0.223021582733813,0,0,0,0,0,0,0,0,0,0,0,0,0.561527581329561,0,0,0,0
"Treponema_refringens",0.41108545034642,0.335526315789474,0.738317757009346,0.0782422293676313,0.932914046121593,0.730423620025674,0.778761061946903,0,0,0.89171974522293,0.318025258323766,0.530921820303384,0.710494571773221,0.734117647058824,0.779043280182232,0.84051724137931,0.982864137086903,0.938875305623472,0.938064516129032,0.374578177727784,0.864608076009501,0.252525252525253,0.738705738705739,0.914387633769322,0.561338289962825,0,0.811224489795918,0.624581005586592,0.463302752293578,0.858407079646018,0.916359163591636,0.882491186839013,0.740899357601713,0.733333333333333,0.799315849486887,0.557478368355995,0.424714434060228,0.764390896921017,0.222346368715084,0.267230955259976,0.648079306071871,0.571743929359823,0.617571059431525,0.800443458980044,0.395121951219512,0.460352422907489,0.66789667896679,0.506117908787542,0.682502896871379,0.391402714932127,0.521531100478469,0.631578947368421,0,0.762124711316397,0.363395225464191,0.337995337995338,0.205784204671858,0.759188846641318,0.802955665024631,0.616113744075829,0,0.565525383707202,0.913312693498452,0.138202247191011,0.596266044340724,0.739938080495356,0.851464435146444,0.769507803121248,0.874704491725768,0.648526077097506,0.813800657174151,0.807775377969762,0.831797235023041,0.543094496365524,0.774560496380558,0.236842105263158,0.825378346915017,0.544152744630072,0.370786516853933,0.307596513075965,0.491655969191271,0.580335731414868,0.909454061251665,0,0,0,0,0,0,0,0,0,0,0,0,0,0,0,0
"Treponema_pedis",0.244803695150115,0.282894736842105,0.331775700934579,0.416934619506967,0.731656184486373,0,0.40929203539823,0,0,0.35244161358811,0,0.834305717619603,0.285886610373945,0.887058823529412,0.445330296127563,0.568965517241379,0.95593635250918,0,0,0.910011248593926,0.843230403800475,0.45679012345679,0.633699633699634,0.322235434007134,0.600991325898389,0,0.647959183673469,0.700558659217877,0.399082568807339,0.871681415929204,0.389913899138991,0.713278495887191,0.642398286937901,0.314285714285714,0.217787913340935,0.34734239802225,0.667705088265836,0.688085676037483,0.528491620111732,0.429262394195889,0.801734820322181,0.8719646799117,0.511627906976744,0.651884700665188,0.390243902439024,0.590308370044053,0,0.414905450500556,0.779837775202781,0.957013574660634,0.413875598086124,0.925837320574163,0.862825788751715,0.524249422632795,0,0,0,0.586818757921419,0.332512315270936,0.300947867298578,0,0.376623376623377,0.492260061919505,0,0.838973162193699,0.684210526315789,0.594142259414226,0.524609843937575,0.200945626477541,0.768707482993197,0.533406352683461,0.533477321814255,0.34331797235023,0.665628245067497,0.646328852119959,0.772727272727273,0.634458672875437,0.455847255369928,0.0275791624106231,0.367372353673724,0,0.436450839328537,0,0,0,0,0,0,0,0,0,0,0,0,0,0,0,0,0
"Campylobacter_curvus",0.789838337182448,0.434210526315789,0.397196261682243,0.890675241157556,0.880503144654088,0.345314505776637,0.201327433628319,0.804938271604938,0.80440097799511,0.677282377919321,0.625717566016074,0.925320886814469,0.662243667068758,0.658823529411765,0.321184510250569,0.72198275862069,0.483476132190942,0,0.445161290322581,0.705286839145107,0,0.876543209876543,0.57020757020757,0.227110582639715,0.286245353159851,0.675925925925926,0.352040816326531,0.35195530726257,0.504587155963303,0.610619469026549,0.259532595325953,0.379553466509988,0.839400428265525,0.284656084656085,0.831242873432155,0.876390605686032,0.115264797507788,0.410977242302544,0.90391061452514,0.235792019347037,0.311028500619579,0.613686534216336,0.303617571059432,0.662971175166297,0.841463414634146,0.458149779735683,0.271832718327183,0.374860956618465,0.976825028968714,0.81447963800905,0.351674641148325,0.61244019138756,0,0.18013856812933,0,0.297202797202797,0.60622914349277,0.875792141951838,0.389162561576355,0.218009478672986,0.463054187192118,0.674144037780401,0.34984520123839,0.155056179775281,0.563593932322054,0.65531475748194,0.240585774058577,0.661464585834334,0.198581560283688,0.743764172335601,0.491785323110624,0.494600431965443,0.815668202764977,0.156801661474559,0.0320579110651499,0.509569377990431,0.448195576251455,0.828162291169451,0.769152196118488,0.905354919053549,0.401797175866495,0.448441247002398,0.48335552596538,0.406896551724138,0,0,0,0,0.52924791086351,0.680456490727532,0,0,0,0,0.533239038189533,0,0,0.540029112081514,0.440107671601615
"Prevotella_bivia",0.251732101616628,0.986842105263158,0.343457943925234,0.0953912111468382,0.262054507337526,0.463414634146341,0.402654867256637,0.345679012345679,0.452322738386308,0.261146496815287,0.928817451205511,0.390898483080513,0.782870928829916,0.576470588235294,0.414578587699317,0.637931034482759,0.250917992656059,0.550122249388753,0.590967741935484,0.239595050618673,0.482185273159145,0.297418630751964,0.26984126984127,0.367419738406659,0.695167286245353,0,0,0,0.261467889908257,0.36283185840708,0.554735547355474,0.438307873090482,0.269807280513919,0.115343915343915,0.50285062713797,0.897404202719407,0.0404984423676012,0.583668005354752,0.593296089385475,0.555018137847642,0,0.450331125827815,0.488372093023256,0.572062084257206,0,0,0.514145141451415,0.350389321468298,0.951332560834299,0.816742081447964,0,0.856459330143541,0,0.187066974595843,0,0,0,0.482889733840304,0.532019704433498,0.663507109004739,0.270935960591133,0.272727272727273,0.0381836945304438,0.417977528089888,0.164527421236873,0.331269349845201,0.175732217573222,0.707082833133253,0,0.526077097505669,0.360350492880613,0.211663066954644,0.297235023041475,0.532710280373832,0.336091003102378,0,0,0,0.526046986721144,0.471980074719801,0.525032092426187,0,0,0.417931034482759,0,0,0,0,0,0,0,0,0,0.765060240963855,0,0,0,0,0.523553162853297
"Mycoplasma_feliminutum",0.38568129330254,0,0,0.127545551982851,0.383647798742138,0.404364569961489,0.154867256637168,0,0,0.766454352441614,0.442020665901263,0.316219369894983,0.433051869722557,0,0,0,0.559363525091799,0,0.310967741935484,0,0.439429928741093,0.232323232323232,0,0,0,0,0,0,0,0,0.55719557195572,0.17743830787309,0,0.128042328042328,0.2884834663626,0,0.40809968847352,0,0.157541899441341,0,0,0,0,0.574279379157428,0,0.222466960352423,0,0,0.163383545770568,0.850678733031674,0.267942583732057,0,0,0,0.458885941644562,0,0.223581757508343,0.690747782002535,0.330049261083744,0.450236966824645,0,0,0,0,0,0.343653250773994,0.343096234309623,0,0,0,0.217962760131435,0.159827213822894,0.488479262672811,0,0.0961737331954498,0,0,0,0.0663942798774259,0,0,0,0,0,0,0,0,0,0,0,0,0,0,0,0,0,0,0,0
"Streptococcus_pneumoniae",0.808314087759815,0.464912280701754,0.848130841121495,0.62486602357985,0.59958071278826,0.802310654685494,0.619469026548673,0.738271604938272,0.418092909535452,0.929936305732484,0.556831228473019,0.479579929988331,0.71773220747889,0.969411764705882,0.915717539863326,0.808189655172414,0.681762545899633,0.290953545232274,0.628387096774194,0.383577052868391,0.334916864608076,0.912457912457912,0.80952380952381,0.457788347205707,0.697645600991326,0.626543209876543,0.397959183673469,0.794413407821229,0.775229357798165,0.544247787610619,0.911439114391144,0.840188014101058,0.535331905781585,0.57037037037037,0.62599771949829,0.493201483312732,0.339563862928349,0.898259705488621,0.510614525139665,0.675937122128174,0.903345724907063,0.785871964679912,0.881136950904393,0.150776053215078,0.868292682926829,0.13215859030837,0.884378843788438,0.846496106785317,0.429895712630359,0.427601809954751,0.830143540669856,0.485645933014354,0.780521262002744,0.711316397228637,0.416445623342175,0.510489510489511,0.381535038932147,0.997465145754119,0.633004926108374,0.672985781990521,0.701970443349754,0.792207792207792,0.671826625386997,0.802247191011236,0.719953325554259,0.898864809081527,0.730125523012552,0.313325330132053,0.903073286052009,0.702947845804989,0.940854326396495,0.881209503239741,0.161290322580645,0.950155763239875,0.820062047569803,0.901913875598086,0.229336437718277,0.463007159904535,0.101123595505618,0.813200498132005,0.802310654685494,0.685851318944844,0.643142476697736,0.575172413793103,0,0,0,0,0.523676880222841,0.620542082738944,0,0,0,0.542168674698795,0.801980198019802,0,0.48029197080292,0,0.485868102288022
"Schwartzia_succinivorans",0.942263279445728,0.331140350877193,0.464953271028037,0.837084673097535,0.10482180293501,0.530166880616175,0.426991150442478,0.869135802469136,0.459657701711491,0.18895966029724,0.598163030998852,0.362893815635939,0.773220747889023,0.552941176470588,0.892938496583144,0.853448275862069,0.378212974296206,0.650366748166259,0.429677419354839,0.74578177727784,0.593824228028504,0.78675645342312,0.548229548229548,0.840665873959572,0.61090458488228,0,0.857142857142857,0.69608938547486,0.18348623853211,0.210176991150442,0.586715867158672,0.551116333725029,0.972162740899358,0.769312169312169,0.74230330672748,0.547589616810878,0.948078920041537,0.866131191432396,0.886033519553073,0.499395405078597,0.246592317224287,0.77924944812362,0.542635658914729,0.75609756097561,0.604878048780488,0,0.847478474784748,0.541713014460512,0.851680185399768,0.938914027149321,0.942583732057416,0.844497607655502,0.45679012345679,0.815242494226328,0.657824933687003,0.515151515151515,0.788654060066741,0.523447401774398,0.317733990147783,0.5260663507109,0.61576354679803,0.51357733175915,0.795665634674923,0.184269662921348,0.892648774795799,0.787409700722394,0.799163179916318,0.805522208883553,0.335697399527187,0.643990929705215,0.515881708652793,0.542116630669546,0.723502304147465,0.059190031152648,0.569803516028956,0.88755980861244,0.417927823050058,0.837708830548926,0.72829417773238,0.800747198007472,0.419768934531451,0.587529976019185,0,0,0,0,0,0,0,0,0,0,0,0,0,0,0,0,0
"Actinomyces_hyovaginalis",0.697459584295612,0.217105263157895,0.259345794392523,0.747052518756699,0.142557651991614,0,0.446902654867257,0,0.45721271393643,0.496815286624204,0.864523536165327,0.722287047841307,0.215922798552473,0.291764705882353,0.498861047835991,0.415948275862069,0.270501835985312,0,0,0.608548931383577,0.503562945368171,0.51290684624018,0.418803418803419,0,0,0,0.760204081632653,0.439106145251397,0.355504587155963,0.721238938053097,0,0,0.509635974304068,0.117460317460317,0.534777651083238,0.312731767614339,0.0695742471443406,0,0,0.546553808948005,0,0.448123620309051,0.31266149870801,0,0.307317073170732,0.473568281938326,0.463714637146371,0.770856507230256,0.707995365005794,0.208144796380091,0.437799043062201,0.229665071770335,0,0.177829099307159,0,0.297202797202797,0.390433815350389,0.657794676806084,0.475369458128079,0,0.987684729064039,0.32939787485242,0.622291021671827,0.232584269662921,0,0.0918472652218782,0.154811715481172,0,0,0.319727891156463,0.458926615553122,0.473002159827214,0.354838709677419,0.293873312564901,0.509824198552223,0.272727272727273,0.608847497089639,0.33890214797136,0.515832482124617,0.576587795765878,0.388960205391528,0.376498800959233,0,0,0,0,0,0,0,0,0,0,0,0,0,0,0,0,0
"Prevotella_marshii",0.526558891454965,0.642543859649123,0.238317757009346,0.69989281886388,0.649895178197065,0.299101412066752,0.621681415929204,0.523456790123457,0.254278728606357,0.186836518046709,0.65556831228473,0.334889148191365,0.582629674306393,0.303529411764706,0.359908883826879,0.245689655172414,0.909424724602203,0.334963325183374,0.305806451612903,0.770528683914511,0.560570071258907,0.744107744107744,0.67032967032967,0.864447086801427,0.472118959107807,0.638888888888889,0.755102040816326,0.932960893854749,0.525229357798165,0.455752212389381,0.8769987699877,0.468860164512338,0.284796573875803,0.22962962962963,0.972633979475485,0.399258343634116,0.844236760124611,0.823293172690763,0.854748603351955,0.750906892382104,0.358116480793061,0.759381898454746,0.397932816537468,0.736141906873614,0.363414634146341,0.592511013215859,0.362853628536285,0.443826473859844,0.86558516801854,0.920814479638009,0.322966507177034,0.576555023923445,0,0.288683602771363,0.588859416445623,0.177156177156177,0.577308120133482,0.939163498098859,0.738916256157635,0.800947867298578,0.359605911330049,0.525383707201889,0.70485036119711,0.249438202247191,0.960326721120187,0.717234262125903,0.451882845188285,0.714285714285714,0.463356973995272,0.614512471655329,0.680175246440307,0.680345572354212,0.654377880184332,0.0612668743509865,0.667011375387797,0.586124401913876,0.19906868451688,0.262529832935561,0.636363636363636,0.666251556662516,0.432605905006418,0.517985611510791,0.352862849533955,0.404137931034483,0,0,0.805042016806723,0,0.389972144846797,0.48074179743224,0,0.769911504424779,0,0,0.615275813295615,0,0.652554744525547,0.606986899563319,0.650067294751009
"Treponema_parvum",0.702078521939954,0.732456140350877,0.52803738317757,0.637727759914255,0.274633123689727,0.653401797175867,0.595132743362832,0,0,0.414012738853503,0.628013777267509,0.724620770128355,0.379975874547648,0.632941176470588,0.191343963553531,0.290948275862069,0.458996328029376,0.376528117359413,0,0.772778402699663,0.788598574821853,0.905723905723906,0.372405372405372,0.424494649227111,0.425030978934325,0,0.913265306122449,0.486033519553073,0.426605504587156,0.345132743362832,0.712177121771218,0.732079905992949,0.955032119914347,0.144973544973545,0.452679589509692,0.777503090234858,0.908618899273105,0.362784471218206,0.856983240223464,0.646916565900846,0.464684014869888,0.933774834437086,0.509043927648579,0.842572062084257,0.780487804878049,0.698237885462555,0.276752767527675,0.363737486095662,0.694090382387022,0.904977375565611,0.5,0.92822966507177,0.558299039780521,0.318706697459584,0.529177718832891,0,0.790878754171301,0.584283903675539,0.554187192118227,0.575829383886256,0,0.527744982290437,0.514963880288958,0.287640449438202,0.806301050175029,0.422084623323013,0.395397489539749,0.589435774309724,0,0.666666666666667,0.553121577217963,0.587473002159827,0.23963133640553,0.121495327102804,0.53464322647363,0.751196172248804,0.874272409778813,0.465393794749403,0.675178753830439,0.843088418430884,0.370988446726573,0.227817745803357,0.621837549933422,0,0,0,0,0,0,0,0,0,0,0,0,0,0,0,0
"Lautropia_mirabilis",0.247113163972286,0.760964912280702,0.235981308411215,0.802786709539121,0.987421383647799,0.994865211810013,0.851769911504425,0.42962962962963,0.865525672371638,0.386411889596603,0.554535017221584,0.2975495915986,0.857659831121834,0.92,0.619589977220957,0.890086206896552,0.346389228886169,0.662591687041565,0.641290322580645,0.943757030371204,0.850356294536817,0.916947250280584,0.641025641025641,0.460166468489893,0.883519206939281,0.611111111111111,0.612244897959184,0.767597765363129,0.942660550458716,0.918141592920354,0.7539975399754,0.854289071680376,0.728051391862955,0.896296296296296,0.874572405929304,0.61433868974042,0.572170301142264,0.943775100401606,0.689385474860335,0.898428053204353,0.876084262701363,0.525386313465784,0.679586563307494,0.88470066518847,0.753658536585366,0.114537444933921,0.468634686346863,0.601779755283648,0.914252607184241,0.235294117647059,0.562200956937799,0.497607655502392,0.851851851851852,0.942263279445728,0.907161803713528,0.920745920745921,0.988876529477197,0.967046894803549,0.815270935960591,0.78436018957346,0.879310344827586,0.688311688311688,0.948400412796698,0.658426966292135,0.733955659276546,0.882352941176471,0.728033472803347,1,0.711583924349882,0.775510204081633,0.5947426067908,0.846652267818574,0.903225806451613,0.871235721703011,0.840744570837642,0.84688995215311,0.30384167636787,0.747016706443914,0.687436159346272,0.317559153175592,0.481386392811297,0.844124700239808,0.808255659121172,0.735172413793103,0.8,0.574132492113565,0.889075630252101,0.713836477987421,0.910863509749304,0.646219686162625,0.799382716049383,0.778761061946903,0.83641975308642,0.596385542168675,0.884016973125884,0.840909090909091,0.909489051094891,0.799126637554585,0.846567967698519
"Barnesiella_intestinihominis",0.547344110854504,0.541666666666667,0.440420560747664,0.108252947481243,0.570230607966457,0,0.190265486725664,0,0,0.301486199575372,0.295063145809414,0.271878646441074,0,0,0.797266514806378,0.450431034482759,0,0.45721271393643,0,0.160854893138358,0.68646080760095,0.245791245791246,0,0.369797859690844,0,0,0,0.191061452513966,0.555045871559633,0.442477876106195,0,0.393654524089307,0.115631691648822,0.972486772486773,0,0.409147095179234,0.393561786085151,0,0.604469273743017,0,0,0.852097130242826,0,0.12860310421286,0.421951219512195,0.691629955947137,0.623616236162362,0,0,0,0.382775119617225,0.535885167464115,0,0.570438799076212,0,0.668997668997669,0.737486095661847,0.456273764258555,0,0,0.527093596059113,0,0.0464396284829721,0.292134831460674,0.267211201866978,0.102167182662539,0.156903765690377,0,0.782505910165485,0.444444444444444,0,0.0993520518358531,0.276497695852535,0.163032191069574,0.619441571871768,0,0.571594877764843,0.252983293556086,0.305413687436159,0.656288916562889,0,0.352517985611511,0,0,0,0,0,0,0,0,0,0,0,0,0,0,0,0,0
"Actinobacillus_rossii",0.896073903002309,0.576754385964912,0.794392523364486,0.103965702036442,0.293501048218029,0,0.650442477876106,0.612345679012346,0.87041564792176,0.923566878980892,0.444316877152698,0.262543757292882,0.237635705669481,0.875294117647059,0.938496583143508,0.47198275862069,0.439412484700122,0,0.75741935483871,0.52755905511811,0.498812351543943,0.71043771043771,0.575091575091575,0.826397146254459,0.717472118959108,0,0.543367346938776,0.465921787709497,0.630733944954128,0.258849557522124,0,0,0.738758029978587,0.388359788359788,0.185860889395667,0.619283065512979,0.98546209761163,0.863453815261044,0.128491620111732,0,0,0.439293598233996,0.563307493540052,0.507760532150776,0.309756097560976,0.918502202643172,0.60639606396064,0.132369299221357,0.721900347624565,0.812217194570136,0.370813397129187,0.23444976076555,0,0.729792147806005,0,0.722610722610723,0.906562847608454,0.302915082382763,0.366995073891626,0.476303317535545,0.544334975369458,0.799291617473436,0.47781217750258,0.267415730337079,0.278879813302217,0.863777089783282,0.619246861924686,0.274909963985594,0.484633569739953,0.537414965986395,0.929901423877327,0.915766738660907,0.232718894009217,0.906542056074766,0.706308169596691,0.557416267942584,0.755529685681024,0.778042959427208,0.832482124616956,0.48692403486924,0.378690629011553,0.707434052757794,0,0,0,0,0,0,0,0,0,0,0,0,0,0,0,0,0
"Actinomyces_gerencseriae",0.605080831408776,0.493421052631579,0.467289719626168,0.762057877813505,0.681341719077568,0.568677792041078,0.72787610619469,0.693827160493827,0.806845965770171,0.528662420382166,0.889781859931114,0.41656942823804,0.797346200241255,0.694117647058824,0.391799544419134,0.5,0.662178702570379,0.733496332518337,0.868387096774194,0.496062992125984,0.681710213776722,0.555555555555556,0.88034188034188,0.816884661117717,0.239157372986369,0.604938271604938,0.964285714285714,0.499441340782123,0.575688073394495,0.599557522123894,0.702337023370234,0.219741480611046,0.518201284796574,0.202116402116402,0.979475484606613,0.990111248454883,0.420560747663551,0.381526104417671,0.204469273743017,0.344619105199516,0.266418835192069,0.154525386313466,0.506459948320413,0.902439024390244,0.614634146341463,0.359030837004405,0.596555965559656,0.67964404894327,0.911935110081112,0.17420814479638,0.691387559808612,0.514354066985646,0.673525377229081,0.468822170900693,0.771883289124668,0.571095571095571,0.759733036707453,0.896070975918885,0.894088669950739,0.734597156398104,0.731527093596059,0.612750885478158,0.803921568627451,0.696629213483146,0.173862310385064,0.601651186790506,0.707112970711297,0.639855942376951,0.475177304964539,0.682539682539683,0.815991237677985,0.762419006479482,0.73963133640553,0.601246105919003,0.441571871768356,0.95933014354067,0.329452852153667,0.725536992840095,0.807967313585291,0.586550435865504,0.453145057766367,0.611510791366906,0.661784287616511,0,0,0,0,0,0,0,0,0,0,0,0,0,0,0,0
"Bacteroides_stercoris",0.889145496535797,0.721491228070175,0,0.382636655948553,0.561844863731656,0,0,0.488888888888889,0,0.169851380042463,0.453501722158439,0,0,0,0.699316628701595,0.480603448275862,0,0.93398533007335,0,0.226096737907762,0.548693586698337,0,0,0.405469678953627,0,0,0,0.584357541899441,0.529816513761468,0.493362831858407,0,0,0.445396145610278,0.532275132275132,0,0.864029666254635,0.219106957424714,0,0.743016759776536,0,0,0.836644591611479,0,0.177383592017738,0,0.731277533039648,0,0.982202447163515,0,0,0,0,0,0.247113163972286,0,0.44988344988345,0.57285873192436,0,0,0,0.672413793103448,0.381345926800472,0.333333333333333,0.595505617977528,0.339556592765461,0.12280701754386,0.182008368200837,0,0.392434988179669,0.541950113378685,0.327491785323111,0.153347732181425,0.292626728110599,0.491173416407061,0.644260599793175,0,0.576251455180442,0.443914081145585,0.156281920326864,0,0,0.657074340527578,0,0,0,0,0,0,0,0,0,0,0,0,0,0,0,0,0
"Neisseria_shayeganii",0.170900692840647,0.322368421052632,0.394859813084112,0.513397642015005,0.245283018867925,0.522464698331194,0.88716814159292,0.274074074074074,0.616136919315403,0.0764331210191083,0,0.603267211201867,0.601930036188179,0.536470588235294,0.275626423690205,0.793103448275862,0.329253365973072,0.552567237163814,0.427096774193548,0.752530933633296,0.581947743467934,0.149270482603816,0.484737484737485,0.664684898929845,0.410161090458488,0,0.630102040816326,0.926256983240223,0.394495412844037,0.634955752212389,0.660516605166052,0.532314923619271,0.483940042826552,0.386243386243386,0.694412770809578,0.255871446229913,0.723779854620976,0.555555555555556,0.481564245810056,0.305925030229746,0.420074349442379,0.626931567328918,0.550387596899225,0.605321507760532,0,0.18942731277533,0.244772447724477,0.261401557285873,0.302433371958285,0.622171945701357,0.619617224880383,0.435406698564593,0,0.840646651270208,0.56763925729443,0.655011655011655,0.125695216907675,0,0,0.497630331753554,0.866995073891626,0.749704840613932,0.638802889576883,0.784269662921348,0.600933488914819,0.690402476780186,0.658995815899582,0.411764705882353,0.271867612293144,0.197278911564626,0.592552026286966,0.717062634989201,0.495391705069124,0.642782969885774,0.321613236814891,0.244019138755981,0.837019790454016,0.575178997613365,0.284984678243105,0.292652552926526,0.363286264441592,0,0,0,0,0,0,0,0,0,0,0,0,0,0,0,0,0,0
"Selenomonas_noxia",0.824480369515012,0.379385964912281,0.878504672897196,0.669882100750268,0.784067085953878,0.917843388960205,0.575221238938053,0.824691358024691,0.882640586797066,0.883227176220807,0.662456946039036,0.58926487747958,0.917973462002413,0.656470588235294,0.776765375854214,0.922413793103448,0.263157894736842,0.224938875305623,0.419354838709677,0.698537682789651,0.878859857482185,0.342312008978676,0.865689865689866,0.640903686087991,0.821561338289963,0.731481481481482,0.668367346938776,0.868156424581006,0.291284403669725,0.424778761061947,0.859778597785978,0.325499412455934,0.743040685224839,0.316402116402116,0.703534777651083,0.819530284301607,0.806853582554517,0.378848728246319,0.649162011173184,0.574365175332527,0.900867410161091,0.551876379690949,0.782945736434108,0.711751662971175,0.760975609756098,0.524229074889868,0.92619926199262,0.768631813125695,0.775202780996524,0.85972850678733,0.626794258373206,0.57177033492823,0.689986282578875,0.792147806004619,0.888594164456233,0.832167832167832,0.991101223581758,0.561470215462611,0.862068965517241,0.895734597156398,0.854679802955665,0.737898465171192,0.942208462332301,0.17752808988764,0.542590431738623,0.886480908152735,0.922594142259414,0.923169267707083,0.446808510638298,0.777777777777778,0.829134720700986,0.764578833693304,0.928571428571429,0.381100726895119,0.34229576008273,0.988038277511962,0.916181606519208,0.756563245823389,0.742594484167518,0.531755915317559,0.607188703465982,0.278177458033573,0.579227696404794,0.773793103448276,0.708196721311475,0.684542586750789,0.808403361344538,0.632075471698113,0.584958217270195,0.563480741797432,0.672839506172839,0.513274336283186,0.604938271604938,0.768072289156627,0.414427157001414,0,0.547445255474453,0.871906841339156,0.744279946164199
"Bifidobacterium_dentium",0.648960739030023,0.258771929824561,0.880841121495327,0.714898177920686,0.0628930817610063,0,0.688053097345133,0.990123456790123,0.843520782396088,0.715498938428875,0.811710677382319,0.444574095682614,0.558504221954162,0.769411764705882,0.400911161731207,0.661637931034483,0.813953488372093,0,0.912258064516129,0.172103487064117,0,0.802469135802469,0.631257631257631,0.659928656361474,0.335811648079306,0.811728395061728,0.974489795918367,0.839106145251397,0.841743119266055,0.699115044247788,0.95079950799508,0.868390129259694,0.71948608137045,0.947089947089947,0.794754846066135,0.673671199011125,0.487019730010384,0.539491298527443,0.906145251396648,0.540507859733978,0.561338289962825,0.386313465783664,0.44702842377261,0.427937915742794,0.736585365853659,0.563876651982379,0.298892988929889,0.434927697441602,0.935110081112399,0.432126696832579,0.995215311004785,0.880382775119617,0.94238683127572,0.775981524249423,0,0.289044289044289,0.695216907675195,0.50063371356147,0,0.267772511848341,0.647783251231527,0.402597402597403,0.669762641898865,0.159550561797753,0.586931155192532,0.238390092879257,0.5418410041841,0,0.278959810874705,0.408163265306122,0.511500547645126,0.531317494600432,0.596774193548387,0.482866043613707,0.735263702171665,0.801435406698565,0.827706635622817,0.742243436754177,0.810010214504597,0.476961394769614,0.822849807445443,0.738609112709832,0.33422103861518,0.608275862068966,0,0,0,0,0.877437325905292,0.603423680456491,0.679012345679012,0.973451327433628,0,0,0.782178217821782,0,0,0.502183406113537,0.61507402422611
"Gemmatimonas_aurantiaca",0.662817551963048,0.192982456140351,0.504672897196262,0.0868167202572347,0.607966457023061,0,0,0,0.249388753056235,0,0,0.528588098016336,0,0,0,0,0,0,0,0,0,0,0,0,0,0,0,0.305027932960894,0,0,0,0,0,0.978835978835979,0.436716077537058,0,0,0,0.69608938547486,0,0,0.381898454746137,0.764857881136951,0.58980044345898,0,0.669603524229075,0,0,0,0,0,0.203349282296651,0.665294924554184,0.265588914549654,0,0.205128205128205,0.657397107897664,0,0,0,0.541871921182266,0.275088547815821,0.422084623323013,0.759550561797753,0,0.312693498452012,0.0481171548117155,0.370948379351741,0.283687943262411,0,0,0,0,0.127725856697819,0.0589451913133402,0,0,0,0,0,0,0,0,0,0,0,0,0,0,0,0,0,0,0,0,0,0,0,0
"Haemophilus_parainfluenzae",0.997690531177829,0.93640350877193,0.932242990654206,0.815648445873526,0.968553459119497,0.848523748395379,0.951327433628319,0.528395061728395,0.863080684596577,0.968152866242038,0.8300803673938,0.19953325554259,0.980699638118215,0.988235294117647,0.927107061503417,0.536637931034483,0.463892288861689,0.850855745721271,0.976774193548387,0.858267716535433,0.636579572446556,0.957351290684624,0.907203907203907,0.940546967895363,0.876084262701363,0.666666666666667,0.448979591836735,0.872625698324022,0.431192660550459,0.161504424778761,0.899138991389914,0.974148061104583,0.892933618843683,0.906878306878307,0.543899657924743,0.859085290482077,0.995846313603323,0.949129852744311,0.468156424581006,0.956469165659008,0.645600991325898,0.532008830022075,0.961240310077519,0.310421286031042,0.778048780487805,0.984581497797357,0.687576875768758,0.848720800889878,0.777520278099652,0.635746606334842,0.399521531100478,0.619617224880383,0.517146776406036,0.956120092378753,0.896551724137931,0.946386946386946,0.979977753058954,0.409378960709759,0.997536945812808,1,0.726600985221675,0.487603305785124,0.969040247678019,0.613483146067416,0.218203033838973,0.92156862745098,0.813807531380753,0.891956782713085,0.288416075650118,0.621315192743764,1,0.997840172786177,0.764976958525346,0.987538940809969,0.836608066184074,0.358851674641148,0.562281722933644,0.558472553699284,0.922369765066394,0.865504358655044,0.725288831835687,0.86810551558753,0.954727030625832,0.889655172413793,0.891803278688525,0.719242902208202,0.680672268907563,0.943396226415094,0.963788300835655,0.917261055634807,0.765432098765432,1,0.959876543209877,0.831325301204819,0.714285714285714,0.756493506493506,0.45985401459854,0.924308588064047,0.895020188425303
"Porphyromonas_gingivalis",0.868360277136259,0.660087719298246,0.366822429906542,0.7491961414791,0.247379454926625,0.604621309370988,0.758849557522124,0.582716049382716,0.740831295843521,0.711252653927813,0.414466130884041,0.799299883313886,0.874547647768396,0.442352941176471,0.917995444191344,0.799568965517241,0.275397796817625,0.366748166259169,0.543225806451613,0.952755905511811,0.971496437054632,0.836139169472503,0.565323565323565,0.253269916765755,0.657992565055762,0,0.688775510204082,0.629050279329609,0.286697247706422,0.811946902654867,0.576875768757688,0.27614571092832,0.286937901498929,0.104761904761905,0.347776510832383,0.802224969097651,0.889927310488058,0.437751004016064,0.975418994413408,0.946795646916566,0.767038413878563,0.958057395143488,0.842377260981912,0.926829268292683,0.339024390243902,0.407488986784141,0.91389913899139,0.410456062291435,0.853997682502897,0.891402714932127,0.34688995215311,0.674641148325359,0.838134430727023,0.404157043879908,0.59946949602122,0.62004662004662,0.908787541713014,0.97211660329531,0.83743842364532,0.770142180094787,0,0.546635182998819,0.572755417956656,0.426966292134831,0.948658109684947,0.523219814241486,0.690376569037657,0.442977190876351,0,0.925170068027211,0.614457831325301,0.647948164146868,0.695852534562212,0.624091381100727,0.892450879007239,0.672248803827751,0.564610011641444,0.231503579952267,0.289070480081716,0.419676214196762,0.72785622593068,0.678657074340528,0.40612516644474,0.917241379310345,0,0.769716088328076,0.86890756302521,0.650943396226415,0.729805013927577,0.643366619115549,0.669753086419753,0,0.787037037037037,0.632530120481928,0.527581329561528,0.633116883116883,0.78978102189781,0.758369723435226,0.913862718707941
"Streptococcus_sobrinus",0.635103926096998,0,0.745327102803738,0.0760986066452304,0,0.779204107830552,0.22787610619469,0.575308641975309,0.638141809290954,0.552016985138004,0.168771526980482,0.575262543757293,0.459589867310012,0.712941176470588,0.144646924829157,0.564655172413793,0.397796817625459,0.449877750611247,0.380645161290323,0.12710911136108,0,0.187429854096521,0.68009768009768,0.476813317479191,0.365551425030979,0,0.334183673469388,0.289385474860335,0.736238532110092,0,0.495694956949569,0.405405405405405,0.60813704496788,0.752380952380952,0.648802736602052,0,0.445482866043614,0,0.155307262569832,0.291414752116082,0.581164807930607,0.492273730684327,0,0.76940133037694,0.314634146341463,0,0.323493234932349,0.199110122358176,0.652375434530707,0.366515837104072,0.80622009569378,0.617224880382775,0.582990397805213,0.688221709006928,0.442970822281167,0.303030303030303,0.18020022246941,0,0.539408866995074,0.514218009478673,0,0.551357733175915,0.731682146542828,0.867415730337079,0.645274212368728,0.453044375644995,0.146443514644351,0.596638655462185,0.851063829787234,0.571428571428571,0.0952902519167579,0.267818574514039,0.622119815668203,0.219106957424714,0.964839710444674,0.966507177033493,0.420256111757858,0,0.771195097037794,0.628891656288917,0.86392811296534,0,0.496671105193076,0.382068965517241,0,0,0,0,0.894150417827298,0.700427960057061,0,0.938053097345133,0.780864197530864,0,0.929278642149929,0,0,0.819505094614265,0.477792732166891
"Pseudomonas_stutzeri",0.390300230946882,0.967105263157895,0,0.181136120042872,0.408805031446541,0,0.176991150442478,0,0,0,0.510907003444317,0,0.281061519903498,0.449411764705882,0,0,0,0,0.509677419354839,0.545556805399325,0,0,0,0,0,0.62962962962963,0,0.481564245810056,0,0,0,0,0,0.585185185185185,0,0,0,0,0.43463687150838,0,0,0.247240618101545,0.51937984496124,0.248337028824834,0,0,0,0,0,0.178733031674208,0,0,0.88477366255144,0,0.835543766578249,0.762237762237762,0.650723025583982,0,0,0.308056872037915,0,0.343565525383707,0.455108359133127,0.678651685393258,0,0.17234262125903,0.807531380753138,0,0,0,0,0,0,0.331256490134995,0.21406411582213,0,0,0,0.178753830439224,0,0,0,0,0,0,0,0,0,0,0,0,0,0,0,0,0,0,0,0
"Acinetobacter_junii",0.466512702078522,0.956140350877193,0,0.586280814576635,0.895178197064989,0.563543003851091,0.336283185840708,0.558024691358025,0.432762836185819,0.694267515923567,0.228473019517796,0,0.425814234016888,0,0,0.140086206896552,0,0,0,0,0,0,0,0,0.747211895910781,0,0,0.82122905027933,0,0,0,0,0,0,0,0,0.306334371754932,0,0,0,0.396530359355638,0.36644591611479,0,0.263858093126386,0.74390243902439,0.940528634361233,0,0,0.617612977983778,0.246606334841629,0,0,0.539094650205761,0,0.610079575596817,0.713286713286713,0.799777530589544,0.356147021546261,0.701970443349754,0.201421800947867,0.578817733990148,0.282172373081464,0.554179566563467,0.307865168539326,0,0.0505675954592363,0.811715481171548,0.231692677070828,0,0,0.141292442497262,0.233261339092873,0.154377880184332,0.43717549325026,0.195449844881076,0.547846889952153,0,0,0.191011235955056,0,0,0,0.398135818908122,0,0,0,0,0,0,0,0,0,0,0,0.669024045261669,0,0,0,0
"Bacteroides_acidifaciens",0.607390300230947,0.817982456140351,0.85981308411215,0.404072883172562,0.635220125786163,0.435173299101412,0.588495575221239,0,0,0.577494692144374,0.288174512055109,0.194865810968495,0.669481302774427,0.701176470588235,0.842824601366743,0.601293103448276,0.395348837209302,0.63080684596577,0.84258064516129,0.97525309336333,0.95249406175772,0.452300785634119,0.228327228327228,0.621878715814506,0.762081784386617,0.578703703703704,0.596938775510204,0.68268156424581,0.477064220183486,0.964601769911504,0,0,0.580299785867238,0.726984126984127,0.320410490307868,0.478368355995056,0.460020768431983,0,0.814525139664804,0.388149939540508,0.826517967781908,0.474613686534216,0.421188630490956,0.594235033259424,0.51219512195122,0.687224669603524,0.68019680196802,0.948832035595106,0.666280417149479,0.192307692307692,0.590909090909091,0,0.799725651577503,0.81986143187067,0,0,0.121245828698554,0.541191381495564,0.733990147783251,0.718009478672986,0,0.872491145218418,0.440660474716202,0.948314606741573,0.829638273045508,0.855521155830753,0.780334728033473,0.795918367346939,0.543735224586288,0.609977324263039,0.585980284775465,0.602591792656587,0.525345622119816,0.902388369678089,0.683557394002068,0.311004784688995,0.906868451688009,0.842482100238663,0.217568947906027,0.412204234122042,0.812580231065469,0.525179856115108,0,0,0,0,0,0,0,0,0,0,0,0,0,0,0,0,0
"Prevotella_amnii",0.524249422632795,0.412280701754386,0,0.221864951768489,0.283018867924528,0.335044929396662,0.192477876106195,0,0,0.411889596602972,0.667049368541906,0.353558926487748,0.326899879372738,0.324705882352941,0,0.226293103448276,0.228886168910649,0,0.656774193548387,0.637795275590551,0.515439429928741,0.185185185185185,0.567765567765568,0.521997621878716,0.387856257744734,0,0.272959183673469,0.468156424581006,0,0,0.525215252152522,0.678025851938895,0.565310492505353,0.44973544973545,0.509692132269099,0.527812113720643,0.0508826583592939,0.657295850066934,0.197765363128492,0.593712212817412,0.322180916976456,0.375275938189845,0,0.722838137472284,0,0.196035242290749,0,0,0.39513325608343,0.683257918552036,0,0.76555023923445,0.694101508916324,0.443418013856813,0,0,0,0.624841571609632,0,0.26303317535545,0,0,0.296181630546956,0.579775280898876,0.726954492415403,0.316821465428277,0.169456066945607,0,0,0.285714285714286,0.204819277108434,0.317494600431965,0.294930875576037,0.343717549325026,0.573940020682523,0,0,0,0.30949948927477,0,0,0.434052757793765,0,0,0,0,0,0,0,0,0,0,0,0,0,0,0,0,0.386271870794078
"Streptococcus_agalactiae",0.182448036951501,0.666666666666667,0.549065420560748,0.273311897106109,0.176100628930818,0,0.484513274336283,0.298765432098765,0.47921760391198,0,0.618828932261768,0,0.324487334137515,0.510588235294118,0,0.644396551724138,0,0.28361858190709,0,0.176602924634421,0,0.351290684624018,0.736263736263736,0.683709869203329,0.382899628252788,0,0.336734693877551,0.298324022346369,0.344036697247706,0.130530973451327,0.535055350553506,0.680376028202115,0.794432548179872,0.180952380952381,0.612314709236032,0,0.665628245067497,0,0.307262569832402,0.334945586457074,0.353159851301115,0.346578366445916,0,0.301552106430155,0,0.257709251101322,0,0.379310344827586,0.346465816917729,0.540723981900452,0.523923444976077,0.815789473684211,0,0.605080831408776,0.981432360742706,0.300699300699301,0.261401557285873,0,0.327586206896552,0.296208530805687,0.911330049261084,0.277449822904368,0.0505675954592363,0.795505617977528,0.617269544924154,0.380804953560372,0.577405857740586,0.255702280912365,0,0.351473922902494,0.303395399780942,0.291576673866091,0.486175115207373,0.574247144340602,0.063081695966908,0.911483253588517,0.265424912689173,0,0.244126659856997,0.815691158156912,0.989730423620026,0.218225419664269,0,0,0,0,0,0,0,0,0,0,0,0,0,0,0,0,0
"Treponema_bryantii",0.189376443418014,0.548245614035088,0.177570093457944,0.695605573419078,0.723270440251572,0.440308087291399,0.289823008849558,0,0,0.393842887473461,0.283582089552239,0.471411901983664,0.76357056694813,0,0,0,0.375764993880049,0.32518337408313,0,0.419572553430821,0.756532066508314,0.227833894500561,0,0.719381688466112,0.333333333333333,0,0,0.214525139664804,0,0,0.402214022140221,0.254994124559342,0.929336188436831,0.183068783068783,0.140250855188141,0,0.597092419522326,0.706827309236948,0.899441340782123,0.634824667472793,0,0,0,0,0.446341463414634,0.757709251101322,0,0,0.415990730011587,0.782805429864253,0.547846889952153,0.423444976076555,0,0,0.580901856763926,0,0.617352614015573,0.361216730038023,0.305418719211823,0.414691943127962,0,0,0.581011351909185,0,0,0.335397316821465,0.0836820083682008,0.445378151260504,0.397163120567376,0,0.366922234392114,0.367170626349892,0.17741935483871,0.615784008307373,0.0816959669079628,0,0,0,0.393258426966292,0,0,0,0.470039946737683,0,0,0,0,0,0,0,0,0,0,0,0,0,0,0,0
"Bacteroides_intestinalis",0.556581986143187,0.730263157894737,0.792056074766355,0.333333333333333,0.324947589098532,0,0.882743362831858,0,0,0.524416135881104,0,0.745624270711785,0.609167671893848,0.938823529411765,0.492027334851936,0.844827586206897,0.549571603427173,0.765281173594132,0.788387096774193,0.831271091113611,0.691211401425178,0.932659932659933,0.643467643467644,0.355529131985731,0.878562577447336,0.719135802469136,0.454081632653061,0.84804469273743,0.474770642201835,0.957964601769911,0,0,0.835117773019272,0.538624338624339,0.539338654503991,0.703337453646477,0.673935617860852,0.736278447121821,0.235754189944134,0.837968561064087,0.524163568773234,0.130242825607064,0.583979328165375,0.789356984478936,0.382926829268293,0.759911894273128,0.579335793357934,0.450500556173526,0.73117033603708,0.726244343891403,0.485645933014354,0.41866028708134,0,0.74364896073903,0,0.261072261072261,0.406006674082314,0.386565272496831,0,0,0,0.766233766233766,0.506707946336429,0.743820224719101,0.246207701283547,0.913312693498452,0.914225941422594,0.565426170468187,0.520094562647754,0.827664399092971,0.618838992332968,0.706263498920086,0.421658986175115,0.403946002076843,0.704239917269907,0.758373205741627,0.9976717112922,0.973747016706444,0.427987742594484,0.272727272727273,0.365853658536585,0.594724220623501,0,0,0,0,0,0,0,0,0,0,0,0,0,0,0.474452554744526,0,0
"Filifactor_alocis",0.951501154734411,0.828947368421053,0.289719626168224,0.991425509110397,0.70020964360587,0.743260590500642,0.732300884955752,0.54320987654321,0.721271393643032,0.885350318471338,0.717566016073479,0.549591598599767,0.826296743063932,0.755294117647059,0.993166287015945,0.939655172413793,0.69155446756426,0.315403422982885,0.84,1,0.96437054631829,0.986531986531986,0.855921855921856,0.950059453032105,0.73729863692689,0.842592592592593,0.954081632653061,0.75195530726257,0.201834862385321,0.942477876106195,0.367773677736777,0.631022326674501,0.957173447537473,0.39047619047619,0.338654503990878,0.69344870210136,0.977154724818276,0.36813922356091,0.953072625698324,0.854897218863362,0.843866171003718,0.997792494481236,0.870801033591731,0.980044345898004,0.495121951219512,0.392070484581498,0.916359163591636,0.503893214682981,0.756662804171495,0.95475113122172,0.421052631578947,0.947368421052632,0.986282578875171,0.390300230946882,0.83289124668435,0.825174825174825,0.977753058954394,0.804816223067174,0.827586206896552,0.888625592417062,0,0.81582054309327,0.73374613003096,0.564044943820225,0.943990665110852,0.589267285861713,0.765690376569038,0.26530612244898,0.801418439716312,0.945578231292517,0.686746987951807,0.827213822894168,0.774193548387097,0.767393561786085,0.815925542916236,0.727272727272727,0.662398137369034,0.501193317422434,0.597548518896833,0.706102117061021,0.712451861360719,0.438848920863309,0.720372836218375,0.980689655172414,0.678688524590164,0.599369085173502,0.909243697478992,0.757861635220126,0.668523676880223,0.768901569186876,0.848765432098765,0.943952802359882,0.691358024691358,0.825301204819277,0.98019801980198,0.662337662337662,0.617518248175183,0.775836972343523,0.965006729475101
"Prevotella_copri",0.817551963048499,0.782894736842105,0,0.140407288317256,0.377358490566038,0,0.196902654867257,0,0,0.520169851380042,0.175660160734788,0.206534422403734,0.25934861278649,0.197647058823529,0.144646924829157,0.463362068965517,0,0.569682151589242,0,0.56355455568054,0.897862232779097,0.328843995510662,0.462759462759463,0.750297265160523,0.372986369268897,0,0.403061224489796,0.237988826815642,0.997706422018349,0.646017699115044,0.357933579335793,0,0.291220556745182,0.898412698412698,0.744583808437856,0.283065512978986,0.759086188992731,0,0.709497206703911,0,0,0.986754966887417,0,0.217294900221729,0,0.722466960352423,0.323493234932349,0.319243604004449,0.455388180764774,0.518099547511312,0,0,0,0.30715935334873,0.40053050397878,0.333333333333333,0.552836484983315,0,0.443349753694581,0.208530805687204,0.812807881773399,0.577331759149941,0.51702786377709,0.901123595505618,0.374562427071179,0.283797729618163,0.119246861924686,0.332533013205282,0,0.521541950113379,0.253012048192771,0.263498920086393,0.444700460829493,0.856697819314642,0.362978283350569,0.440191387559809,0.948777648428405,0.441527446300716,0.364657814096016,0.242839352428394,0,0.918465227817746,0,0.511724137931034,0,0,0,0,0,0,0,0,0,0.551204819277108,0,0,0,0,0.35935397039031
"Odoribacter_denticanis",0.4364896073903,0.210526315789474,0,0.612004287245445,0,0.473684210526316,0.544247787610619,0.244444444444444,0.496332518337408,0.267515923566879,0,0.866977829638273,0.693606755126659,0.336470588235294,0,0.607758620689655,0.370869033047736,0,0.705806451612903,0.844769403824522,0.38479809976247,0.387205387205387,0.455433455433455,0.928656361474435,0.350681536555143,0,0,0,0,0,0.355473554735547,0.292596944770858,0.160599571734475,0.498412698412698,0.322690992018244,0,0.574247144340602,0,0.492737430167598,0.571946795646917,0.578686493184634,0.805739514348786,0.596899224806202,0.463414634146341,0.670731707317073,0.246696035242291,0,0.116796440489433,0,0.323529411764706,0.504784688995215,0.516746411483254,0.879286694101509,0,0.535809018567639,0.585081585081585,0.383759733036707,0,0.53448275862069,0.604265402843602,0,0,0.0361197110423117,0,0.817969661610268,0.217750257997936,0.382845188284519,0,0,0,0.404162102957284,0.501079913606911,0,0.221183800623053,0.650465356773526,0.650717703349282,0,0.213603818615752,0.360572012257406,0,0,0.304556354916067,0.51797603195739,0,0,0,0,0,0,0,0,0,0,0,0,0,0,0,0
"Bacteroides_heparinolyticus",0.741339491916859,0.572368421052632,0,0.680600214362272,0.222222222222222,0.350449293966624,0.480088495575221,0.276543209876543,0.383863080684597,0.201698513800425,0.487944890929966,0.822637106184364,0.3437876960193,0.242352941176471,0.635535307517084,0.293103448275862,0.285189718482252,0.322738386308068,0.339354838709677,0.500562429696288,0.729216152019002,0.676767676767677,0.506715506715507,0,0,0,0.321428571428571,0.718435754189944,0.330275229357798,0,0.758917589175892,0.374853113983549,0.571734475374732,0.113227513227513,0,0,0.76116303219107,0,0.957541899441341,0.402660217654172,0.350681536555143,0.931567328918322,0.545219638242894,0.702882483370288,0.590243902439024,0.852422907488987,0.707257072570726,0.154616240266963,0.404403244495944,0.3710407239819,0.564593301435407,0,0.51440329218107,0,0.729442970822281,0,0,0,0.431034482758621,0.518957345971564,0,0.511216056670602,0.0588235294117647,0.208988764044944,0.747957992998833,0.162022703818369,0.430962343096234,0,0,0.861678004535147,0.397590361445783,0.52267818574514,0.336405529953917,0.320872274143302,0.385729058945191,0.698564593301435,0.476135040745052,0.213603818615752,0.570990806945863,0,0.7201540436457,0.306954436450839,0.659121171770972,0,0,0,0,0.720125786163522,0.420612813370474,0,0,0,0,0,0.519094766619519,0,0,0.481804949053857,0.714670255720054
"Rothia_mucilaginosa",0.909930715935335,0.712719298245614,0.686915887850467,0.438370846730975,0.924528301886792,0.804878048780488,0.632743362831858,0.538271604938272,0.471882640586797,0.887473460721868,0.848450057405281,0.488914819136523,0.905910735826297,0.418823529411765,0.965831435079727,0.825431034482759,0.97796817625459,0.992665036674817,0.966451612903226,0.730033745781777,0.285035629453682,0.236812570145903,0.973137973137973,0.469678953626635,0.908302354399009,0.996913580246914,0.691326530612245,0.783240223463687,0.928899082568807,0.944690265486726,0.313653136531365,0.783783783783784,0.751605995717345,0.612698412698413,0.776510832383124,0.985166872682324,0.659397715472482,0.965194109772423,0.570949720670391,0.272067714631197,0.769516728624535,0.781456953642384,0.974160206718346,0.780487804878049,0.907317073170732,0.559471365638767,0.891758917589176,0.759733036707453,0.295480880648899,0.509049773755656,0.270334928229665,0.215311004784689,0.651577503429355,0.822170900692841,0.718832891246684,0.983682983682984,0.875417130144605,0.918884664131812,0.869458128078818,0.836492890995261,0.96551724137931,0.976387249114522,0.717234262125903,0.498876404494382,0.911318553092182,0.500515995872033,0.230125523012552,0.920768307322929,0.529550827423168,0.784580498866213,0.980284775465498,0.980561555075594,0.91705069124424,0.919003115264797,0.745604963805584,0.559808612440191,0.441210710128056,0.398568019093079,0.983656792645557,0.753424657534247,0.915275994865212,0.503597122302158,0.960053262316911,0.580689655172414,0.934426229508197,0.974763406940063,0.885714285714286,0.977987421383648,0.855153203342618,0.925820256776034,0.583333333333333,0.873156342182891,0.811728395061728,0.900602409638554,0.705799151343706,0.896103896103896,0.997080291970803,0.860262008733624,0.601615074024226
"Lachnoanaerobaculum_saburreum",0.900692840646651,0.844298245614035,0.918224299065421,0.939978563772776,0.310272536687631,0.840821566110398,0.902654867256637,0.454320987654321,0.491442542787286,0.966029723991507,0.912743972445465,0.423570595099183,0.942098914354644,0.244705882352941,0.55125284738041,0.773706896551724,0.96328029375765,0.701711491442543,0.44258064516129,0.790776152980877,0.821852731591449,0.851851851851852,0.934065934065934,0.795481569560048,0.702602230483271,0.83641975308642,0.780612244897959,0.760893854748603,0.791284403669725,0.526548672566372,0.985239852398524,0.45475910693302,0.843683083511777,0.329100529100529,0.263397947548461,0.938195302843016,0.705088265835929,0.590361445783133,0.877094972067039,0.755743651753325,0.588599752168525,0.293598233995585,0.788113695090439,0.82039911308204,0.573170731707317,0.929515418502203,1,0.586206896551724,0.636152954808807,0.642533936651584,0.870813397129187,0.753588516746411,0.722908093278464,0.71824480369515,0.777188328912467,0.750582750582751,0.917686318131257,0.662864385297845,0.891625615763547,0.81042654028436,0.573891625615764,0.839433293978749,0.818369453044376,0.375280898876404,0.33022170361727,0.865841073271414,0.903765690376569,0.932773109243697,0.702127659574468,0.73469387755102,0.934282584884994,0.935205183585313,0.875576036866359,0.829698857736241,0.861427094105481,0.976076555023923,0.927823050058207,0.964200477326969,0.932584269662921,0.521793275217933,0.599486521181001,0.328537170263789,0.789613848202397,0.986206896551724,0.898360655737705,0.917981072555205,0.751260504201681,0.849056603773585,0.938718662952646,0.512125534950071,0.601851851851852,0.914454277286136,0.601851851851852,0.858433734939759,0.47949080622348,0,0.763503649635036,0.903930131004367,0.927321668909825
"Acinetobacter_lwoffii",0.371824480369515,0,0,0.485530546623794,0.425576519916143,0,0.119469026548673,0.548148148148148,0.352078239608802,0.0700636942675159,0.278989667049369,0,0,0,0,0.120689655172414,0,0,0.536774193548387,0,0,0,0,0,0,0,0,0,0.408256880733945,0.148230088495575,0,0,0.220556745182013,0,0,0,0,0,0.137430167597765,0,0,0.295805739514349,0.527131782945736,0.383592017738359,0.748780487804878,0.841409691629956,0,0,0,0.201357466063348,0,0,0.9039780521262,0.341801385681293,0.89920424403183,0.331002331002331,0.968854282536151,0,0,0.239336492890995,0.53448275862069,0.225501770956316,0.0856553147574819,0.379775280898876,0.670945157526254,0.384932920536636,0.612970711297071,0,0,0,0.156626506024096,0.0928725701943845,0,0.545171339563863,0.207859358841779,0,0,0,0.235955056179775,0,0,0,0,0,0,0,0,0,0,0,0,0,0,0,0,0,0,0,0
"Brachymonas_denitrificans",0.367205542725173,0.350877192982456,0.434579439252336,0.954983922829582,0.459119496855346,0.319640564826701,0.884955752212389,0.387654320987654,0.540342298288509,0.723991507430998,0.409873708381171,0.638273045507585,0.775633293124246,0.541176470588235,0.373576309794989,0.838362068965517,0.527539779681763,0.388753056234719,0.550967741935484,0.543307086614173,0.375296912114014,0.892255892255892,0.597069597069597,0.731272294887039,0.858736059479554,0.910493827160494,0.678571428571429,0.698324022346369,0.353211009174312,0.542035398230089,0,0.372502937720329,0.940042826552463,0.595767195767196,0.621436716077537,0.248454882571075,0.694704049844237,0.619812583668005,0.322905027932961,0.685610640870617,0.58364312267658,0.629139072847682,0.68733850129199,0.443458980044346,0.58780487804878,0.566079295154185,0.313653136531365,0.559510567296997,0.557358053302433,0.194570135746606,0.700956937799043,0.42822966507177,0.893004115226337,0.801385681293303,0.458885941644562,0.876456876456876,0.14349276974416,0.733840304182509,0.487684729064039,0.578199052132701,0.38423645320197,0.787485242030697,0.739938080495356,0.732584269662921,0.544924154025671,0.630546955624355,0.523012552301255,0.807923169267707,0.605200945626478,0.802721088435374,0.842278203723987,0.777537796976242,0.555299539170507,0.54932502596054,0.764219234746639,0.267942583732057,0.832363213038417,0.947494033412888,0.201225740551583,0.499377334993773,0.381258023106547,0.47242206235012,0.486018641810919,0,0,0,0,0,0,0,0,0,0,0,0,0,0,0,0
"Prevotella_paludivivens",0.665127020785219,0.592105263157895,0,0.663451232583065,0.215932914046122,0.625160462130937,0.672566371681416,0.637037037037037,0,0.435244161358811,0.497129735935706,0.67561260210035,0.541616405307599,0.611764705882353,0.605922551252847,0.344827586206897,0.317013463892289,0.491442542787286,0.341935483870968,0.653543307086614,0.558194774346793,0.59371492704826,0.619047619047619,0.208085612366231,0.390334572490706,0,0,0.226815642458101,0.144495412844037,0.75,0,0.426556991774383,0.402569593147752,0.212698412698413,0.167616875712657,0,0.538940809968847,0,0.401117318435754,0.973397823458283,0.806691449814126,0.927152317880795,0.48578811369509,0.782705099778271,0.378048780487805,0.372246696035242,0.7539975399754,0.256952169076752,0.585168018539977,0.547511312217195,0.423444976076555,0.351674641148325,0,0.263279445727483,0,0,0,0.868187579214195,0,0.270142180094787,0.433497536945813,0,0.525283797729618,0.192134831460674,0.808634772462077,0.372549019607843,0.569037656903766,0,0,0.857142857142857,0.43921139101862,0.369330453563715,0.200460829493088,0.428868120456905,0.681489141675284,0,0.320139697322468,0.551312649164678,0.423901940755873,0.457036114570361,0.360718870346598,0.290167865707434,0,0,0,0,0,0,0,0,0,0,0,0,0,0,0,0,0
"Streptococcus_gordonii",0.829099307159353,0.947368421052632,0.927570093457944,0.258306538049303,0.658280922431866,0.794608472400513,0.898230088495575,0.48641975308642,0.743276283618582,0.976645435244161,0.281285878300804,0.768961493582264,0.211097708082027,0.392941176470588,0.972665148063781,0.387931034482759,0.94859241126071,0.909535452322738,0.744516129032258,0.136107986501687,0.237529691211401,0.169472502805836,0.440781440781441,0.755053507728894,0.925650557620818,0,0.806122448979592,0.445810055865922,0.974770642201835,0.690265486725664,0.874538745387454,0.772032902467685,0.884368308351178,0.686772486772487,0.311288483466363,0.975278121137206,0.47871235721703,0.635876840696118,0.305027932960894,0.707376058041112,0.489467162329616,0.289183222958057,0.555555555555556,0.490022172949002,0.519512195121951,0.484581497797357,0.608856088560886,0.824249165739711,0.432213209733488,0.717194570135747,0.578947368421053,0.258373205741627,0.508916323731139,0.935334872979215,0.509283819628647,0.783216783216783,0.385984427141268,0.401774397972117,0.832512315270936,0.661137440758294,0,1,0.851393188854489,0.61123595505618,0.607934655775963,0.78328173374613,0.905857740585774,0.591836734693878,0.269503546099291,0.832199546485261,0.978094194961665,0.91792656587473,0.824884792626728,0.948078920041537,0.611168562564633,0.58133971291866,0.438882421420256,0.79236276849642,0.938712972420838,0.920298879202989,0.750962772785623,0.654676258992806,0.768308921438083,0.702068965517241,0.704918032786885,0.858044164037855,0.902521008403361,0.613207547169811,0.713091922005571,0.951497860199715,0.558641975308642,0.976401179941003,0.910493827160494,0.921686746987952,0.451202263083451,0.785714285714286,0.807299270072993,0.802037845705968,0.668909825033647
"Leptotrichia_hofstadii",0.69284064665127,0.532894736842105,0.588785046728972,0.163987138263666,0.29769392033543,0.93581514762516,0.787610619469027,0.281481481481481,0.393643031784841,0.832271762208068,0.166475315729047,0.750291715285881,0.734620024125452,0.816470588235294,0.544419134396355,0.663793103448276,0.718482252141983,0.242053789731051,0.321290322580645,0.644544431946007,0.802850356294537,0.248035914702581,0.853479853479853,0.852556480380499,0.353159851301115,0.774691358024691,0.280612244897959,0.865921787709497,0.282110091743119,0.785398230088496,0.503075030750307,0.447708578143361,0.554603854389722,0.635978835978836,0.299885974914481,0.967861557478368,0.60539979231568,0.777777777777778,0.356424581005587,0.758162031438936,0.315985130111524,0.713024282560706,0.824289405684755,0.219512195121951,0.858536585365854,0.614537444933921,0.990159901599016,0.737486095661847,0.26071842410197,0.667420814479638,0.301435406698565,0.677033492822967,0.585733882030178,0.900692840646651,0.429708222811671,0.937062937062937,0.948832035595106,0.845373891001267,0.913793103448276,0.962085308056872,0.741379310344828,0.936245572609209,0.892672858617131,0.240449438202247,0.862310385064177,0.60577915376677,0.700836820083682,0.903961584633854,0.692671394799054,0.63265306122449,0.507119386637459,0.356371490280778,0.804147465437788,0.0903426791277259,0.429162357807653,0.5,0.869615832363213,0.985680190930788,0.556690500510725,0.407222914072229,0.465982028241335,0.58273381294964,0.818908122503329,0.682758620689655,0,0.750788643533123,0.973109243697479,0.723270440251572,0.409470752089136,0.634807417974322,0.657407407407407,0.997050147492625,0.546296296296296,0.581325301204819,0.626591230551627,0,0.81021897810219,0.679767103347889,0.819650067294751
"Bacteroides_zoogleoformans",0.23094688221709,0,0,0.131832797427653,0.163522012578616,0.373555840821566,0.380530973451327,0.45679012345679,0.633251833740831,0,0.272101033295063,0.471411901983664,0.307599517490953,0.298823529411765,0.496583143507973,0.351293103448276,0.654834761321909,0,0.927741935483871,0.631046119235096,0.249406175771971,0.176206509539843,0,0,0,0,0,0.490502793296089,0,0,0,0.17978848413631,0.164882226980728,0.5005291005291,0,0,0.0778816199376947,0,0.258100558659218,0.550181378476421,0.717472118959108,0.494481236203091,0,0.239467849223947,0.692682926829268,0.16079295154185,0.776137761377614,0,0.267670915411356,0.6289592760181,0.45933014354067,0.287081339712919,0.646090534979424,0,0.336870026525199,0,0,0.779467680608365,0.529556650246305,0.272511848341232,0,0,0.0670794633642931,0,0,0.116615067079463,0.420502092050209,0,0,0.811791383219955,0.32092004381161,0.300215982721382,0.451612903225806,0.266874350986501,0.344364012409514,0,0,0,0.0541368743615935,0.382316313823163,0,0,0,0.451034482758621,0,0,0,0,0.431754874651811,0,0,0,0,0,0,0,0,0,0.577388963660834
"Natranaerovirga_hydrolytica",0.304849884526559,0,0.420560747663551,0.652733118971061,0.457023060796646,0,0.542035398230089,0,0,0.252653927813163,0,0,0,0,0,0,0.598531211750306,0,0,0,0,0.948372615039282,0,0.859690844233056,0.37546468401487,0,0,0,0,0,0.436654366543665,0.520564042303173,1,0.244444444444444,0,0,0.827622014537902,0,0,0,0,0,0,0.288248337028825,0.378048780487805,0.136563876651982,0,0,0.738122827346466,0.884615384615385,0,0,0,0,0,0,0.252502780867631,0,0,0,0,0,0.366357069143447,0,0,0.230134158926729,0.560669456066946,0,0,0,0.546549835706462,0.552915766738661,0,0.177570093457944,0.673216132368149,0.279904306220096,0,0,0.199182839632278,0,0,0,0,0,0,0,0,0,0,0,0,0,0,0,0,0,0,0,0
"Mogibacterium_neglectum",0.420323325635104,0.714912280701754,0.296728971962617,0.706323687031083,0.662473794549266,0.658536585365854,0.438053097345133,0.918518518518519,0.723716381418093,0.40552016985138,0.373134328358209,0,0,0,0,0,0,0.266503667481663,0,0,0,0,0,0,0.667905824039653,0,0,0,0,0,0.308733087330873,0.186839012925969,0.147751605995717,0.382010582010582,0.557582668187001,0,0.268951194184839,0.370816599732262,0.233519553072626,0.238210399032648,0.586121437422553,0,0,0,0,0.645374449339207,0,0,0,0,0.636363636363636,0.478468899521531,0,0.540415704387991,0,0,0,0,0.458128078817734,0.45260663507109,0,0,0.902992776057791,0,0,0.764705882352941,0.841004184100418,0.656662665066026,0.482269503546099,0,0.691128148959474,0.568034557235421,0.65668202764977,0.14018691588785,0,0.62200956937799,0,0,0.842696629213483,0,0,0,0,0,0,0,0,0,0,0,0,0,0,0,0,0,0,0,0
"Campylobacter_mucosalis",0.695150115473441,0.530701754385965,0.271028037383178,0.144694533762058,0.838574423480084,0,0.628318584070796,0,0,0.847133757961783,0.540757749712974,0,0.729794933655006,0.491764705882353,0.617312072892939,0.849137931034483,0.410036719706242,0.60880195599022,0.331612903225806,0.142857142857143,0.26603325415677,0.488215488215488,0.357753357753358,0.759809750297265,0.278810408921933,0,0.568877551020408,0.852513966480447,0.788990825688073,0.72787610619469,0.252152521525215,0.506462984723854,0.513918629550321,0.40952380952381,0.206385404789054,0.406674907292954,0.883696780893043,0,0,0,0,0.664459161147903,0.635658914728682,0.23059866962306,0.31219512195122,0.486784140969163,0.453874538745387,0.835372636262514,0.735805330243337,0.393665158371041,0.954545454545455,0.45933014354067,0,0.568129330254042,0,0.207459207459207,0.595105672969967,0,0.445812807881773,0.376777251184834,0.549261083743842,0.386068476977568,0.690402476780186,0.166292134831461,0.712952158693116,0.213622291021672,0.725941422594142,0.848739495798319,0.187943262411348,0.342403628117914,0.713033953997809,0.624190064794816,0,0.424714434060228,0.404343329886246,0.844497607655502,0.252619324796275,0.618138424821002,0.912155260469867,0.506849315068493,0.694480102695764,0.410071942446043,0.587217043941411,0.652413793103448,0,0,0,0,0,0,0,0,0,0,0,0,0,0,0
"Peptoniphilus_lacrimalis",0.528868360277136,0.326754385964912,0.406542056074766,0.487674169346195,0.0880503144654088,0.44801026957638,0.219026548672566,0.296296296296296,0.320293398533007,0.658174097664543,0.73134328358209,0.631271878646441,0,0.621176470588235,0.357630979498861,0.709051724137931,0,0.293398533007335,0,0,0.270783847980998,0.701459034792368,0.355311355311355,0.581450653983353,0,0,0,0,0.373853211009174,0.732300884955752,0.599015990159902,0.247943595769683,0.58458244111349,0.168253968253968,0.993158494868871,0,0.136033229491173,0.795180722891566,0.18659217877095,0.347037484885127,0,0.313465783664459,0,0.405764966740576,0.534146341463415,0,0,0.325917686318131,0,0.400452488687783,0.751196172248804,0.983253588516746,0.953360768175583,0.355658198614319,0,0.237762237762238,0.314794215795328,0,0.261083743842365,0.184834123222749,0.586206896551724,0.244391971664699,0.108359133126935,0,0,0.0939112487100103,0.276150627615063,0,0,0.27891156462585,0.193866374589266,0.110151187904968,0.327188940092166,0.626168224299065,0.350568769389866,0.5311004784689,0.429569266589057,0.389021479713604,0.677221654749745,0.454545454545455,0.987163029525032,0.330935251798561,0,0,0,0,0,0,0.392757660167131,0,0,0.96165191740413,0,0.725903614457831,0,0,0,0,0.475100942126514
"Streptococcus_sanguinis",0.678983833718245,0.859649122807018,0.88785046728972,0.476956055734191,0.886792452830189,0.953786906290116,0.940265486725664,0.775308641975309,0.628361858190709,0.910828025477707,0.393800229621125,0.255542590431739,0.647768395657419,0.934117647058823,0.93621867881549,0.956896551724138,0.850673194614443,0.836185819070905,0.796129032258065,0.916760404949381,0.399049881235154,0.845117845117845,0.968253968253968,0.474435196195006,0.843866171003718,0.929012345679012,0.48469387755102,0.579888268156425,0.892201834862385,0.984513274336283,0.879458794587946,0.828437132784959,0.648822269807281,0.961904761904762,0.849486887115165,0.718170580964153,0.308411214953271,0.614457831325301,0.407821229050279,0.794437726723096,0.851301115241636,0.198675496688742,0.888888888888889,0.98669623059867,0.668292682926829,0.599118942731278,0.756457564575646,0.686318131256952,0.803012746234067,0.309954751131222,0.425837320574163,0.246411483253589,0.410150891632373,0.972286374133949,0.405835543766578,0.995337995337995,0.993325917686318,0.569074778200254,0.775862068965517,0.680094786729858,0.699507389162562,0.780401416765053,0.944272445820433,0.633707865168539,0.873978996499417,0.952528379772962,0.933054393305439,0.963985594237695,0.430260047281324,0.605442176870748,0.684556407447974,0.898488120950324,0.972350230414747,0.941848390446521,0.766287487073423,1,0.40395809080326,0.957040572792363,0.873340143003064,0.957658779576588,0.679075738125802,0.760191846522782,0.653794940079893,0.900689655172414,0.983606557377049,0.675078864353312,0.989915966386555,0.641509433962264,0.824512534818941,0.957203994293866,0.728395061728395,0.823008849557522,0.935185185185185,0.819277108433735,0.640735502121641,0.766233766233766,0.848175182481752,0.90684133915575,0.85464333781965
"Eubacterium_rectale",0.198614318706697,0.614035087719298,0,0.29903536977492,0.767295597484277,0,0,0.481481481481481,0,0.721868365180467,0.474167623421355,0,0,0,0.323462414578588,0.168103448275862,0,0.65281173594132,0,0.156355455568054,0.926365795724466,0,0.477411477411477,0,0,0,0,0.528491620111732,0.538990825688073,0.411504424778761,0,0,0.531049250535332,0.0560846560846561,0.456100342075257,0.26823238566131,0.871235721703011,0,0.66927374301676,0,0,0.98233995584989,0,0.246119733924612,0,0.947136563876652,0,0.937708565072303,0.334878331402086,0.866515837104072,0,0.363636363636364,0,0.531177829099307,0,0.27972027972028,0.481646273637375,0,0,0,0.761083743842365,0.19952774498229,0.457172342621259,0.833707865168539,0.38389731621937,0.269349845201238,0.280334728033473,0,0.444444444444444,0.664399092970522,0.198247535596933,0.143628509719222,0.269585253456221,0.881619937694704,0.100310237849018,0.37799043062201,0.352735739231665,0.346062052505967,0.11338100102145,0,0,0.729016786570743,0,0.495172413793103,0,0,0,0,0,0,0,0,0,0,0,0,0,0,0
"Fusobacterium_periodonticum",0.983833718244804,0.916666666666667,1,0.768488745980707,0.939203354297694,0.869062901155327,0.70353982300885,1,0.973105134474328,0.963906581740977,0.48105625717566,0.565927654609102,0.944511459589867,0.983529411764706,0.990888382687927,0.991379310344828,0.473684210526316,0.997555012224939,0.548387096774194,0.946006749156355,0.767220902612827,0.975308641975309,0.997557997557998,0.997621878715815,0.9727385377943,0.561728395061728,0.51530612244898,0.919553072625698,0.814220183486238,0.955752212389381,0.90159901599016,1,0.991434689507495,0.991534391534391,0.858608893956671,0.725587144622991,0.87331256490135,0.938420348058902,0.50391061452514,0.506650544135429,0.975216852540273,0.60485651214128,0.989664082687339,0.955654101995565,0.463414634146341,0.713656387665198,0.800738007380074,0.777530589543938,0.847045191193511,0.934389140271493,0.976076555023923,0.861244019138756,0.854595336076818,0.92378752886836,0.655172413793103,0.993006993006993,1,0.858048162230672,1,0.995260663507109,0.869458128078818,0.985832349468713,0.989680082559339,0.685393258426966,0.682613768961494,0.958720330237358,0.985355648535565,0.764705882352941,0.959810874704492,0.977324263038549,0.984665936473165,0.993520518358531,0.983870967741935,0.962616822429907,0.958634953464323,0.779904306220096,0.946449359720605,0.794749403341289,0.965270684371808,0.783312577833126,0.938382541720154,0.853717026378897,0.949400798934754,0.895172413793103,0.931147540983607,0.95583596214511,0.895798319327731,0.984276729559748,0.994428969359331,0.965763195435093,1,0.908554572271386,0.950617283950617,0.942771084337349,0.867043847241867,0.779220779220779,0.985401459854015,0.790393013100437,0.94885598923284
"Eubacterium_minutum",0.311778290993072,0.293859649122807,0,0.920685959271168,0.836477987421384,0.286264441591784,0.648230088495575,0.651851851851852,0.339853300733496,0.630573248407643,0.712973593570609,0.964994165694282,0.811821471652593,0,0.533029612756264,0.493534482758621,0.80905752753978,0,0.67741935483871,0.736782902137233,0.688836104513064,0.304152637485971,0.638583638583639,0,0.449814126394052,0,0.436224489795918,0.260335195530726,0.493119266055046,0,0.370233702337023,0.193889541715629,0.693790149892934,0.24021164021164,0.637400228050171,0,0.586708203530633,0,0.121787709497207,0.615477629987908,0.702602230483271,0.792494481236203,0.409560723514212,0.813747228381375,0.560975609756098,0.138766519823789,0.808118081180812,0.232480533926585,0.659327925840093,0.606334841628959,0.511961722488038,0.820574162679426,0,0,0,0.214452214452214,0.735261401557286,0,0.45320197044335,0.459715639810427,0,0.463990554899646,0.141382868937049,0.341573033707865,0.362893815635939,0.287925696594427,0.51673640167364,0.575030012004802,0,0.596371882086168,0.524644030668127,0.596112311015119,0,0.275181723779855,0.739400206825233,0.497607655502392,0.729918509895227,0.37708830548926,0.583248212461696,0.61145703611457,0,0.661870503597122,0.74167776298269,0.641379310344828,0,0,0,0,0.532033426183844,0.449358059914408,0,0,0,0,0.731258840169731,0,0.509489051094891,0.528384279475983,0.491251682368775
"Sporanaerobacter_acetigenes",0.812933025404157,0,0,0.431939978563773,0.805031446540881,0,0.247787610619469,0.503703703703704,0.52078239608802,0.299363057324841,0,0.995332555425904,0.370325693606755,0,0,0,0.456548347613219,0,0,0,0,0.24354657687991,0,0,0,0,0,0.392178770949721,0,0,0.249692496924969,0.642773207990599,0.214132762312634,0.233862433862434,0,0,0.713395638629283,0,0.84804469273743,0.454655380894801,0.68277571251549,0,0,0.731707317073171,0.787804878048781,0.23568281938326,0,0,0.223638470451912,0.911764705882353,0,0.822966507177033,0,0,0,0,0,0,0,0,0,0,0.263157894736842,0,0,0.267285861713106,0.412133891213389,0,0.196217494089835,0,0.211391018619934,0.14902807775378,0.511520737327189,0.287642782969886,0.0651499482936918,0,0,0,0.391215526046987,0,0,0,0,0,0,0,0,0,0,0,0,0,0,0,0,0,0,0,0
"Desulfomicrobium_orale",0.796766743648961,0.25219298245614,0,0.30117899249732,0,0,0.59070796460177,0.6,0.315403422982885,0.64755838641189,0,0.38389731621937,0.546441495778046,0.294117647058824,0.318906605922551,0.517241379310345,0.620563035495716,0,0,0.930258717660292,0.584323040380047,0.654320987654321,0.450549450549451,0.239001189060642,0.258983890954151,0,0,0,0.215596330275229,0,0.69249692496925,0.377203290246769,0.338329764453961,0.193650793650794,0,0,0.655244029075805,0.448460508701473,0.459217877094972,0.371221281741233,0,0.812362030905077,0.34625322997416,0.330376940133038,0.819512195121951,0.3215859030837,0.653136531365314,0,0,0.32579185520362,0.26555023923445,0.330143540669856,0.86556927297668,0,0,0,0,0,0.652709359605911,0.542654028436019,0,0.409681227863046,0.0319917440660475,0,0.484247374562427,0.180598555211558,0.150627615062762,0,0,0.19047619047619,0.450164293537788,0.526997840172786,0.262672811059908,0.663551401869159,0,0.657894736842105,0,0,0.517875383043922,0.310087173100872,0,0,0,0.828965517241379,0,0,0.912605042016807,0,0.665738161559889,0.486447931526391,0,0,0,0,0.728429985855728,0,0,0.478893740902475,0.790040376850606
"Campylobacter_showae",0.344110854503464,0.756578947368421,0.925233644859813,0.543408360128617,0.381551362683438,0.478818998716303,0.776548672566372,0.234567901234568,0.792176039119804,0.872611464968153,0.639494833524684,0.785297549591599,0.560916767189385,0.708235294117647,0.742596810933941,0.851293103448276,0.740514075887393,0.980440097799511,0.76,0.696287964004499,0.446555819477435,0.775533108866442,0.811965811965812,0.964328180737218,0.749690210656753,0.75,0.795918367346939,0.803351955307263,0.848623853211009,0.323008849557522,0.756457564575646,0.826086956521739,0.867237687366167,0.782010582010582,0.892816419612315,0.411619283065513,0.520249221183801,0.721552878179384,0.658100558659218,0.218863361547763,0.680297397769517,0.622516556291391,0.65891472868217,0.889135254988914,0.7,0.702643171806167,0.461254612546125,0.466073414905451,0.728852838933951,0.778280542986425,0.332535885167464,0.696172248803828,0.626886145404664,0.826789838337182,0.809018567639257,0.179487179487179,0.243604004449388,0.865652724968314,0.795566502463054,0.741706161137441,0.320197044334975,0.770956316410862,0.857585139318885,0.543820224719101,0.171528588098016,0.628482972136223,0.788702928870293,0.834333733493397,0.212765957446809,0.904761904761905,0.802847754654984,0.734341252699784,0.930875576036866,0.514018691588785,0.43329886246122,0.789473684210526,0.739231664726426,0.448687350835322,0.317671092951992,0.297633872976339,0.984595635430038,0.75779376498801,0.874833555259654,0.59448275862069,0,0.804416403785489,0.976470588235294,0.864779874213837,0.835654596100279,0.848787446504993,0.830246913580247,0.825958702064897,0.904320987654321,0.506024096385542,0.881188118811881,0.795454545454545,0.760583941605839,0.688500727802038,0.687752355316285
"Tannerella_forsythia",0.893764434180139,0.675438596491228,0.89018691588785,0.933547695605573,0.840670859538784,0.304236200256739,0.834070796460177,0.664197530864198,0.924205378973105,0.787685774946921,0.876004592422503,0.983663943990665,0.768395657418577,0.724705882352941,0.947608200455581,0.928879310344828,0.946144430844553,0.943765281173594,0.44,0.970753655793026,0.893111638954869,0.988776655443322,0.912087912087912,0.980975029726516,0.851301115241636,0.978395061728395,1,0.86145251396648,0.846330275229358,0.907079646017699,0.800738007380074,0.391304347826087,0.0920770877944325,0.868783068783069,0.958950969213227,0.824474660074166,0.983385254413292,0.499330655957162,0.997765363128492,0.978234582829504,0.343246592317224,0.988962472406181,0.9328165374677,0.962305986696231,0.531707317073171,0.581497797356828,0.682656826568266,0.648498331479422,0.874855156431054,0.975113122171946,0.858851674641148,0.763157894736842,0.840877914951989,0.884526558891455,0.816976127320955,0.652680652680653,0.879866518353726,0.766793409378961,0.955665024630542,0.969194312796208,0.820197044334975,0.893742621015348,0.721362229102167,0.651685393258427,0.859976662777129,0.574819401444788,0.556485355648536,0.987995198079232,0.364066193853428,0.920634920634921,0.905805038335159,0.911447084233261,0.808755760368664,0.0695742471443406,0.793174767321613,0.511961722488038,0.923166472642608,0.945107398568019,0.740551583248212,0.437110834371108,0.789473684210526,0.892086330935252,0.773635153129161,0.955862068965517,0,0.697160883280757,0.892436974789916,0.60377358490566,0.81058495821727,0.868758915834522,0.700617283950617,0.663716814159292,0.570987654320988,0.572289156626506,0.957567185289958,0,0.661313868613139,0.703056768558952,0.970390309555855
"Kingella_potus",0.196304849884527,0.427631578947368,0.460280373831776,0.0932475884244373,0.140461215932914,0.566110397946085,0.871681415929204,0.25679012345679,0.454767726161369,0.225053078556263,0.368541905855339,0.547257876312719,0.203860072376357,0.425882352941176,0.494305239179954,0.53448275862069,0.843329253365973,0.249388753056235,0.460645161290323,0.451068616422947,0.624703087885986,0.140291806958474,0.387057387057387,0.274673008323425,0.69268897149938,0.83179012345679,0.60969387755102,0.825698324022346,0.490825688073394,0.515486725663717,0,0,0.49678800856531,0.318518518518519,0,0,0.497403946002077,0,0.445810055865922,0.666263603385732,0.360594795539033,0.463576158940397,0.697674418604651,0.700665188470067,0.973170731707317,0.420704845814978,0.564575645756458,0.14349276974416,0.418308227114716,0.701357466063348,0.61244019138756,0.720095693779904,0.459533607681756,0.750577367205543,0.519893899204244,0.897435897435897,0.299221357063404,0.29531051964512,0.376847290640394,0.421800947867299,0.364532019704433,0.501770956316411,0.521155830753354,0.485393258426966,0.603267211201867,0.624355005159959,0.481171548117155,0.618247298919568,0.314420803782506,0.204081632653061,0.778751369112815,0.721382289416847,0.557603686635945,0.835929387331256,0.178903826266805,0.839712918660287,0.846332945285215,0.966587112171838,0.0929519918283963,0.277708592777086,0.322207958921694,0,0.403462050599201,0,0,0,0,0,0,0,0,0,0,0,0,0,0,0,0
"Capnocytophaga_granulosa",0.210161662817552,0.932017543859649,0.920560747663551,0.830653804930332,0.643605870020964,0.476251604621309,0.918141592920354,0.318518518518519,0.958435207823961,0.233545647558386,0.797933409873708,0.554259043173862,0.987937273823884,0.96,0.920273348519362,0.887931034482759,0.902080783353733,0.914425427872861,0.904516129032258,0.829021372328459,0.871733966745843,0.795735129068462,0.306471306471306,0.300832342449465,0.856257744733581,0.953703703703704,0.469387755102041,0.631284916201117,0.903669724770642,0.701327433628319,0.293972939729397,0.607520564042303,0.995717344753747,0.580952380952381,0.537058152793615,0.836835599505562,0.869158878504673,0.394912985274431,0.44804469273743,0.257557436517533,0.881040892193309,0.576158940397351,0.971576227390181,0.682926829268293,0.68780487804878,0.535242290748899,0.746617466174662,0.57285873192436,0.550405561993047,0.468325791855204,0.648325358851675,0.708133971291866,0.569272976680384,0.836027713625866,0.763925729442971,0.391608391608392,0.804226918798665,0.769328263624842,0.689655172413793,0.772511848341232,0.610837438423645,0.523022432113341,0.894736842105263,0.332584269662921,0.395565927654609,0.669762641898865,0.46652719665272,0.918367346938776,0.541371158392435,0.798185941043084,0.892661555312158,0.920086393088553,0.884792626728111,0.721703011422638,0.193381592554292,0.373205741626794,0.918509895227008,0.324582338902148,0.544433094994893,0.466998754669988,0.596919127086008,0.880095923261391,0.824234354194407,0.795862068965517,0,0.665615141955836,0.956302521008403,0.770440251572327,0.635097493036212,0.763195435092725,0.685185185185185,0.814159292035398,0.814814814814815,0.762048192771084,0.643564356435644,0,0.643795620437956,0.749636098981077,0.773889636608345
"Neisseria_oralis",0.161662817551963,0.651315789473684,0.946261682242991,0.590568060021436,0.725366876310273,0.578947368421053,0.469026548672566,0.390123456790123,0.278728606356968,0.303609341825902,0.39150401836969,0.640606767794632,0.266586248492159,0.435294117647059,0.548974943052392,0.745689655172414,0.312117503059976,0.383863080684597,0.318709677419355,0.838020247469066,0.831353919239905,0.7665544332211,0.6996336996337,0.386444708680143,0.816604708798017,0.802469135802469,0.357142857142857,0.950837988826816,0.697247706422018,0.851769911504425,0.345633456334563,0.894242068155112,0.734475374732334,0.887830687830688,0.954389965792474,0.658838071693449,0.0924195223260644,0.617135207496653,0.935195530726257,0.354292623941959,0.514250309789343,0.69757174392936,0.444444444444444,0.840354767184035,0.792682926829268,0.361233480176211,0.444034440344403,0.539488320355951,0.902665121668598,0.502262443438914,0.818181818181818,0.562200956937799,0.96159122085048,0.84526558891455,0.904509283819629,0.857808857808858,0.753058954393771,0.272496831432193,0.763546798029557,0.691943127962085,0.901477832512315,0.711924439197167,0.900928792569659,0.435955056179775,0.626604434072345,0.812177502579979,0.564853556485356,0.409363745498199,0.264775413711584,0.73015873015873,0.748083242059146,0.747300215982721,0.813364055299539,0.912772585669782,0.826266804550155,0.808612440191388,0.243306169965076,0.66109785202864,0.291113381001021,0.349937733499377,0.440308087291399,0.848920863309353,0.693741677762983,0,0,0,0,0,0,0,0,0,0,0,0,0,0,0,0
"Lactobacillus_ruminis",0.348729792147806,0.600877192982456,0,0.110396570203644,0.819706498951782,0,0.420353982300885,0.498765432098765,0.613691931540342,0.178343949044586,0,0,0,0.409411764705882,0,0.232758620689655,0,0,0,0.424071991001125,0,0,0,0,0,0,0.289540816326531,0,0.149082568807339,0,0,0,0.325481798715203,0.86031746031746,0,0,0.316718587746625,0,0,0,0,0.955849889624724,0,0,0,0,0,0.183537263626251,0.288528389339513,0.613122171945701,0.334928229665072,0.964114832535885,0,0,0,0.186480186480186,0.530589543937709,0,0,0,0.305418719211823,0.768595041322314,0.246646026831785,0.555056179775281,0.446907817969662,0.188854489164087,0.290794979079498,0,0,0,0.292442497261774,0.16414686825054,0,0.613707165109034,0.340227507755946,0,0,0,0.237997957099081,0.511830635118306,0.845956354300385,0,0,0.478620689655172,0,0,0,0,0,0,0,0,0,0,0,0,0,0,0
"Helicobacter_pylori",0.454965357967667,0.385964912280702,0.350467289719626,0.852090032154341,0.0775681341719078,0,0.557522123893805,0,0,0.0912951167728238,0.490241102181401,0,0,0.411764705882353,1,0.730603448275862,0.427172582619339,0.643031784841076,0,0.235095613048369,0,0.481481481481481,0,0.362663495838288,0,0.641975308641975,0.551020408163265,0,0,0.329646017699115,0.931119311193112,0.412455934195065,0.723768736616702,0.466666666666667,0.258836944127708,0,0,0,0.392178770949721,0,0,0.849889624724062,0.857881136950904,0.226164079822616,0,0.301762114537445,0.670356703567036,0.201334816462736,0.200463499420626,0.307692307692308,0.282296650717703,0.267942583732057,0,0.260969976905312,0,0.629370629370629,0.292547274749722,0,0.347290640394089,0.921800947867299,0,0.997638724911452,0.0918472652218782,0,0,0.362229102167183,0.514644351464435,0.428571428571429,0,0,0.995618838992333,1,0,0.244029075804777,0.311271975180972,0,0,0,0.154239019407559,0.49439601494396,0.668806161745828,0,0,0,0,0,0,0,0,0,0,0,0,0,0,0,0,0,0
"Soonwooa_buanensis",0.618937644341801,0,0.261682242990654,0.59914255091104,0.358490566037736,0.599486521181001,0.820796460176991,0.545679012345679,0.300733496332518,0.48619957537155,0,0.577596266044341,0.642943305186972,0,0,0.510775862068966,0.877600979192167,0,0.463225806451613,0,0,0.333333333333333,0,0.843043995243757,0.786864931846345,0,0,0.749720670391061,0,0,0.284132841328413,0.682726204465335,0.462526766595289,0.583068783068783,0.379703534777651,0,0.158878504672897,0,0.816759776536313,0.475211608222491,0.427509293680297,0,0,0.175166297117517,0.773170731707317,0.325991189427313,0,0,0.610660486674392,0.255656108597285,0,0.394736842105263,0,0,0,0.610722610722611,0.581757508342603,0.67807351077313,0,0,0.704433497536946,0,0,0.343820224719101,0,0.768833849329205,0.587866108786611,0.250900360144058,0.243498817966903,0,0.607886089813801,0.699784017278618,0.580645161290323,0.715472481827622,0.627714581178904,0.322966507177034,0,0,0.626149131767109,0,0,0,0,0,0,0,0,0,0,0,0,0,0,0,0,0,0,0,0
"Leptotrichia_hongkongensis",0.669745958429561,0.587719298245614,0.707943925233645,0.777063236870311,0.708595387840671,0.797175866495507,0.847345132743363,0.945679012345679,0.941320293398533,0.779193205944798,0.857634902411022,0.684947491248541,0.879372738238842,0.48,0.676537585421412,0.857758620689655,0.336597307221542,0.427872860635697,0.752258064516129,0.498312710911136,0.418052256532067,0.414141414141414,0.873015873015873,0.819262782401903,0.645600991325898,0.777777777777778,0.35969387755102,0.910614525139665,0.821100917431193,0.694690265486726,0.817958179581796,0.504112808460635,0.927194860813705,0.477248677248677,0.778791334093501,0.73053152039555,0.439252336448598,0.488621151271754,0.293854748603352,0.610640870616687,0.724907063197026,0.101545253863135,0.96640826873385,0.680709534368071,0.770731707317073,0.585903083700441,0.940959409594096,0.64182424916574,0.786790266512167,0.316742081447964,0.679425837320574,0.84688995215311,0.956104252400549,0.838337182448037,0.742705570291777,0.811188811188811,0.635150166852058,0.462610899873257,0.820197044334975,0.864928909952607,0.403940886699507,0.440377804014168,0.696594427244582,0.247191011235955,0.775962660443407,0.810113519091847,0.759414225941423,0.368547418967587,0.387706855791962,0.866213151927438,0.717415115005477,0.67170626349892,0.926267281105991,0.763239875389408,0.282316442605998,0.442583732057416,0.734575087310827,0.971360381861575,0.812053115423902,0.907845579078456,0.781771501925546,0.247002398081535,0.456724367509987,0,0,0,0,0,0,0,0,0,0,0,0,0,0,0,0
"Gemella_haemolysans",0.535796766743649,0.307017543859649,0.883177570093458,0.434083601286174,0.846960167714885,0.992297817715019,0.853982300884956,0.879012345679012,0.621026894865526,0.808917197452229,0.979334098737084,0.586931155192532,0.869722557297949,0.962352941176471,0.637813211845103,0.239224137931034,0.561811505507956,0.559902200488998,0.819354838709677,0.446569178852643,0.565320665083135,0.566778900112233,0.411477411477411,0.714625445897741,0.923172242874845,0,0.599489795918367,0.680446927374302,0.667431192660551,0.247787610619469,0.955719557195572,0.877790834312573,0.406852248394004,0.904761904761905,0.728620296465222,0.495673671199011,0.418483904465213,0.919678714859438,0.642458100558659,0.862152357920194,0.905824039653036,0.562913907284768,0.819121447028424,0.319290465631929,0.765853658536585,0.154185022026432,0.793357933579336,0.67741935483871,0.816917728852839,0.527149321266968,0.617224880382775,0.755980861244019,0.39917695473251,0.812933025404157,0.851458885941645,0.990675990675991,0.884315906562848,0.954372623574145,0.950738916256158,0.957345971563981,0.933497536945813,0.92443919716647,0.890608875128999,0.669662921348315,0.3512252042007,0.931888544891641,0.951882845188284,0.459783913565426,0.91725768321513,0.523809523809524,0.949616648411829,0.93304535637149,0.868663594470046,0.946002076843198,0.776628748707342,0.413875598086124,0.883585564610012,0.787589498806683,0.620020429009193,0.775840597758406,0.306803594351733,0.817745803357314,0.8508655126498,0.908965517241379,0.79672131147541,0.810725552050473,0.983193277310924,0.761006289308176,0.554317548746518,0.569186875891583,0.648148148148148,0.985250737463127,0.864197530864197,0.996987951807229,0.504950495049505,0.993506493506494,0.921167883211679,0.54585152838428,0.795423956931359
"Gemella_palaticanis",0.376443418013857,0.480263157894737,0.268691588785047,0.429796355841372,0.371069182389937,0,0.56858407079646,0,0.386308068459658,0.0658174097664544,0,0.782963827304551,0.512665862484922,0.927058823529412,0.284738041002278,0.476293103448276,0.72827417380661,0,0,0.559055118110236,0.652019002375297,0.856341189674523,0.584859584859585,0.483947681331748,0.509293680297398,0,0.943877551020408,0.494972067039106,0.782110091743119,0.287610619469027,0.517835178351783,0.339600470035253,0.82441113490364,0.568253968253968,0.192702394526796,0,0.684319833852544,0,0.564245810055866,0.39782345828295,0.405204460966543,0.185430463576159,0.524547803617571,0.299334811529933,0.353658536585366,0.118942731277533,0.645756457564576,0.515016685205784,0.828505214368482,0.925339366515837,0.889952153110048,0.406698564593301,0,0.575057736720554,0,0.435897435897436,0.268075639599555,0.328263624841572,0,0.255924170616114,0,0.32939787485242,0.762641898864809,0,0.400233372228705,0.841073271413829,0.746861924686193,0.500600240096038,0.724586288416076,0.564625850340136,0.798466593647317,0.75377969762419,0.193548387096774,0.505711318795431,0.257497414684592,0.476076555023923,0,0,0.425944841675179,0.885429638854296,0.296534017971759,0.378896882494005,0.501997336884154,0,0,0,0,0,0,0,0,0,0,0,0,0,0,0,0
"Bacillus_cereus",0.272517321016166,0.37719298245614,0,0.307609860664523,0.259958071278826,0,0.232300884955752,0,0,0.140127388535032,0.22158438576349,0,0.490952955367913,0.174117647058824,0,0.741379310344828,0,0,0,0,0.652019002375297,0,0,0,0,0,0.364795918367347,0.61340782122905,0,0.34070796460177,0,0.396004700352526,0.505353319057816,0,0.456100342075257,0,0.435098650051921,0.627844712182062,0.139664804469274,0.230955259975816,0.727385377942999,0,0.599483204134367,0.317073170731707,0,0.726872246696035,0,0.239154616240267,0,0.377828054298643,0,0,0.438957475994513,0,0.994694960212202,0.291375291375291,0.343715239154616,0,0,0.232227488151659,0.640394088669951,0.312868949232586,0.0299277605779154,0.18876404494382,0,0.110423116615067,0.506276150627615,0.366146458583433,0,0.349206349206349,0,0.133909287257019,0.423963133640553,0.104880581516096,0.116856256463289,0.203349282296651,0,0,0.585291113381001,0.330012453300125,0.286264441591784,0.642685851318945,0,0,0,0,0,0,0,0,0,0,0,0,0,0,0,0,0
"Slackia_exigua",0.775981524249423,0.717105263157895,0.808411214953271,0.864951768488746,0.631027253668763,0.386392811296534,0.896017699115044,0.876543209876543,0.860635696821516,0.889596602972399,0.839265212399541,0.568261376896149,0.58745476477684,0.677647058823529,0.669703872437358,0.864224137931034,0.432068543451652,0.828850855745721,0.584516129032258,0.912260967379078,0.612826603325416,0.946127946127946,0.553113553113553,0.85731272294887,0.524163568773234,0.83179012345679,0.997448979591837,0.345251396648045,0.947247706422018,0.776548672566372,0.591635916359164,0.586368977673326,0.802997858672377,0.375661375661376,0.812998859749145,0.782447466007417,0.680166147455867,0.467202141900937,0.532960893854749,0.871825876662636,0.596034696406444,0.490066225165563,0.58656330749354,0.625277161862528,0.302439024390244,0.443832599118943,0.576875768757688,0.899888765294772,0.88180764774044,0.34841628959276,0.662679425837321,0.854066985645933,0.486968449931413,0.224018475750577,0.381962864721485,0.785547785547786,0.697441601779755,0.280101394169835,0.608374384236453,0.599526066350711,0.87192118226601,0.829988193624557,0.766769865841073,0.523595505617978,0.694282380396733,0.603715170278638,0.600418410041841,0.675870348139256,0.858156028368794,0.714285714285714,0.664841182913472,0.829373650107991,0.221198156682028,0.811007268951194,0.772492244053775,0.430622009569378,0.811408614668219,0.198090692124105,0.822267620020429,0.688667496886675,0.771501925545571,0.546762589928058,0.568575233022636,0.566896551724138,0,0,0,0,0.880222841225627,0.483594864479315,0.675925925925926,0.702064896755162,0,0,0.507779349363508,0,0.576642335766423,0.883551673944687,0.75235531628533
"Actinomyces_viscosus",0.76905311778291,0.271929824561404,0.450934579439252,0.305466237942122,0.39832285115304,0.54813863928113,0.723451327433628,0.31358024691358,0.398533007334963,0.590233545647558,0.623421354764638,0.810968494749125,0.7708082026538,0.661176470588235,0.690205011389522,0.713362068965517,0.752753977968176,0.748166259168704,0.92258064516129,0.311586051743532,0,0.645342312008979,0.511599511599512,0.726516052318668,0.653035935563817,0,0.535714285714286,0.249162011173184,0.779816513761468,0.876106194690266,0.603936039360394,0.287896592244418,0.781584582441114,0.676190476190476,0.792474344355758,0.337453646477132,0.426791277258567,0.668005354752343,0.474860335195531,0.327690447400242,0.87360594795539,0.558498896247241,0.382428940568475,0.669623059866962,0.346341463414634,0.253303964757709,0.992619926199262,0.421579532814238,0.332560834298957,0.244343891402715,0.753588516746411,0.559808612440191,0,0.658198614318707,0.328912466843501,0.764568764568765,0.882091212458287,0.536121673003802,0.724137931034483,0.710900473933649,0.285714285714286,0.582054309327037,0.611971104231166,0.433707865168539,0.481913652275379,0.436532507739938,0.47907949790795,0.572629051620648,0.815602836879433,0.140589569160998,0.452354874041621,0.643628509719222,0.661290322580645,0.750778816199377,0.139607032057911,0.997607655502392,0.490104772991851,0.620525059665871,0.148110316649642,0.424657534246575,0.625160462130937,0.54916067146283,0.33155792276964,0.787586206896552,0.668852459016393,0.73186119873817,0,0.657232704402516,0.67966573816156,0.746077032810271,0,0.787610619469027,0.62962962962963,0.578313253012048,0.946251768033946,0,0.74014598540146,0.470160116448326,0.437415881561238
"Streptococcus_oralis",0.884526558891455,0.934210526315789,0.747663551401869,0.564844587352626,0.790356394129979,0.324775353016688,0.769911504424779,0.906172839506173,0.513447432762836,0.401273885350318,0.630309988518944,0.505250875145858,0.893848009650181,0.931764705882353,0.945330296127563,0.859913793103448,0.493268053855569,0.858190709046455,0.979354838709677,0.529808773903262,0.258907363420428,0.589225589225589,0.733821733821734,0.579072532699168,0.712515489467162,0.682098765432099,0.459183673469388,0.772067039106145,0.889908256880734,0.730088495575221,0.968019680196802,0.802585193889542,0.113490364025696,0.811640211640212,0.429874572405929,0.525339925834363,0.171339563862928,0.85809906291834,0.868156424581006,0.821039903264813,0.422552664188352,0.772626931567329,0.795865633074935,0.332594235033259,0.621951219512195,0.365638766519824,0.899138991389914,0.813125695216908,0.314020857473928,0.226244343891403,0.677033492822967,0.440191387559809,0.699588477366255,0.965357967667437,0.620689655172414,0.981351981351981,0.815350389321468,0.85297845373891,0.783251231527094,0.696682464454976,0.229064039408867,0.763872491145218,0.839009287925697,0.707865168539326,0.79463243873979,0.748194014447884,0.949790794979079,0.644657863145258,0.893617021276596,0.619047619047619,0.971522453450164,0.96976241900648,0.400921658986175,0.923156801661475,0.720785935884178,0.712918660287081,0.681024447031432,0.298329355608592,0.713993871297242,0.731008717310087,0.838254172015404,0.49400479616307,0.885486018641811,0.823448275862069,0.855737704918033,0.741324921135647,0.922689075630252,0.789308176100629,0.526462395543176,0.988587731811698,0.635802469135803,0.91740412979351,0.981481481481482,0.987951807228916,0.592644978783593,0.941558441558442,0.97956204379562,1,0.870794078061911
"Desulfovibrio_fairfieldensis",0.545034642032333,0.168859649122807,0,0.87566988210075,0.442348008385744,0,0.464601769911504,0.471604938271605,0.381418092909535,0.121019108280255,0.269804822043628,0.960326721120187,0.416164053075995,0.32,0.528473804100228,0.366379310344828,0.302325581395349,0,0,0.793025871766029,0.415676959619952,0.290684624017957,0.401709401709402,0.538644470868014,0,0,0.752551020408163,0.554189944134078,0.410550458715596,0.696902654867257,0,0.334900117508813,0.124197002141328,0.073015873015873,0.293044469783352,0.327564894932015,0.740394600207684,0,0.240223463687151,0.917775090689238,0,0.750551876379691,0,0.638580931263858,0.585365853658537,0.405286343612335,0.80319803198032,0.210233592880979,0.272305909617613,0.916289592760181,0.492822966507177,0.318181818181818,0.563786008230453,0.15473441108545,0,0.258741258741259,0.497219132369299,0.774397972116603,0.364532019704433,0.277251184834123,0,0.223140495867769,0.269349845201238,0.878651685393258,0.939323220536756,0.0856553147574819,0.48744769874477,0,0.193853427895981,0.689342403628118,0.48302300109529,0.444924406047516,0,0.250259605399792,0.607032057911065,0,0.611175785797439,0.730310262529833,0.38508682328907,0.262764632627646,0.5198973042362,0.383693045563549,0.619174434087883,0,0,0,0,0,0,0,0,0,0,0,0,0,0,0,0
"Prevotella_multisaccharivorax",0.639722863741339,0.280701754385965,0.172897196261682,0.509110396570204,0.306079664570231,0.455712451861361,0.174778761061947,0.42716049382716,0.650366748166259,0.670912951167728,0.375430539609644,0.31855309218203,0.592279855247286,0,0.37129840546697,0.308189655172414,0,0.555012224938875,0,0.561304836895388,0.353919239904988,0.764309764309764,0.225885225885226,0.655172413793103,0.345724907063197,0,0.283163265306122,0,0.63302752293578,0,0.71709717097171,0.811985898942421,0.417558886509636,0.650793650793651,0.20866590649943,0,0.192107995846314,0,0.575418994413408,0.310761789600967,0.368029739776952,0.534216335540839,0.334625322997416,0.585365853658537,0.563414634146341,0.583700440528634,0.239852398523985,0.208008898776418,0.490150637311703,0.585972850678733,0.595693779904306,0.320574162679426,0.541838134430727,0,0,0,0,0.594423320659062,0.25615763546798,0.369668246445498,0,0.537190082644628,0.583075335397317,0.748314606741573,0.313885647607935,0.0897832817337461,0.294979079497908,0,0.557919621749409,0.507936507936508,0.434830230010953,0.408207343412527,0.472350230414747,0.528556593977155,0.077559462254395,0,0.650756693830035,0.474940334128878,0.65679264555669,0.549190535491905,0.327342747111682,0.39568345323741,0.507323568575233,0.51448275862069,0,0,0,0,0.47075208913649,0,0,0,0,0,0.581329561527581,0,0,0.851528384279476,0.679676985195155
"Streptococcus_sinensis",0.260969976905312,0.320175438596491,0.633177570093458,0.877813504823151,0.362683438155136,0.69191270860077,0.707964601769911,0.37037037037037,0.39119804400978,0.598726114649682,0.641791044776119,0.467911318553092,0.58021712907117,0,0.571753986332574,0.592672413793103,0.591187270501836,0,0.643870967741936,0,0,0.759820426487093,0,0,0.838909541511772,0,0.289540816326531,0.322905027932961,0,0.482300884955752,0.325953259532595,0.720329024676851,0.372591006423983,0.511111111111111,0.708095781071836,0,0.545171339563863,0.360107095046854,0.830167597765363,0.436517533252721,0.444857496902107,0,0,0.368070953436807,0.81219512195122,0.656387665198238,0.798277982779828,0.248053392658509,0.601390498261877,0.68552036199095,0.660287081339713,0.715311004784689,0,0,0.795755968169761,0.356643356643357,0.681868743047831,0.787072243346008,0.490147783251232,0.545023696682464,0,0,0.481940144478844,0.280898876404494,0.550758459743291,0.329205366357069,0.384937238493724,0.418967587034814,0.225768321513002,0.72108843537415,0.695509309967141,0.801295896328294,0.382488479262673,0.910695742471443,0.400206825232678,0.923444976076555,0,0,0.503575076608784,0,0,0.256594724220624,0.424766977363515,0.544827586206897,0,0.760252365930599,0,0,0.512534818941504,0.637660485021398,0.632716049382716,0,0,0.719879518072289,0.71994342291372,0,0.491970802919708,0.490538573508006,0.730820995962315
"Gemella_cuniculi",0.803695150115473,0,0.324766355140187,0.264737406216506,0.079664570230608,0,0.393805309734513,0,0,0.247346072186837,0,0.591598599766628,0,0.578823529411765,0.337129840546697,0.609913793103448,0.522643818849449,0,0,0.30933633295838,0,0.131313131313131,0,0.2294887039239,0.380421313506815,0,0.924744897959184,0,0,0.143805309734513,0,0.513513513513513,0.640256959314775,0.53015873015873,0.687571265678449,0.53770086526576,0.54932502596054,0,0,0,0.340768277571252,0.119205298013245,0.330749354005168,0.437915742793792,0.24390243902439,0.647577092511013,0.303813038130381,0.583982202447163,0.279258400926999,0.721719457013575,0,0,0,0,0,0.405594405594406,0.185761957730812,0,0,0,0,0.574970484061393,0.240454076367389,0,0,0.713106295149639,0.426778242677824,0.24609843937575,0.66193853427896,0,0.75684556407448,0.745140388768899,0,0.063343717549325,0.0796277145811789,0.538277511961722,0.265424912689173,0.634844868735084,0.513789581205312,0.872976338729763,0.299101412066752,0,0,0,0,0,0,0,0,0,0,0,0,0,0,0,0,0,0
"Desulfobulbus_propionicus",0.854503464203233,0.469298245614035,0.630841121495327,0.667738478027867,0.80083857442348,0.501925545571245,0.356194690265487,0,0,0.439490445859873,0.508610792192882,0.9463243873979,0.322074788902292,0.609411764705882,0.558086560364465,0.614224137931034,0.539779681762546,0.344743276283619,0.363870967741936,0.221597300337458,0.756532066508314,0.508417508417508,0,0.365041617122473,0,0,0.428571428571429,0,0.43348623853211,0.747787610619469,0,0,0.130620985010707,0.401058201058201,0.856328392246294,0,0.700934579439252,0,0,0.513905683192261,0.63816604708798,0.434878587196468,0.30749354005168,0.733924611973392,0.224390243902439,0,0.485854858548586,0.290322580645161,0.548088064889919,0.719457013574661,0.401913875598086,0.770334928229665,0,0,0,0.428904428904429,0.165739710789766,0,0.88423645320197,0.66824644549763,0,0.636363636363636,0.164086687306502,0,0.766627771295216,0.484004127966976,0.50836820083682,0.382953181272509,0,0.131519274376417,0.496166484118291,0.615550755939525,0,0.655244029075805,0.75387797311272,0.19377990430622,0.487776484284051,0,0.293156281920327,0.711083437110834,0,0,0.448735019973369,0,0,0,0,0,0,0,0,0,0,0,0,0,0,0,0
"Cardiobacterium_valvarum",0.424942263279446,0.543859649122807,0.205607476635514,0.987138263665595,0.70230607966457,0.663671373555841,0.811946902654867,0.311111111111111,0.828850855745721,0.781316348195329,0.515499425947187,0.764294049008168,0.819059107358263,0.64,0.47380410022779,0.855603448275862,0.826193390452876,0.34718826405868,0.336774193548387,0.788526434195726,0.933491686460808,0.638608305274972,0.768009768009768,0.200951248513674,0.833952912019826,0.922839506172839,0.464285714285714,0.785474860335196,0.160550458715596,0.734513274336283,0.842558425584256,0.417156286721504,0.989293361884368,0.625396825396825,0.781071835803877,0.416563658838072,0.447559709241952,0.373493975903614,0.783240223463687,0.893591293833132,0.833952912019826,0.655629139072848,0.925064599483204,0.915742793791574,0.965853658536585,0.568281938325991,0.414514145141451,0.517241379310345,0.538818076477404,0.167420814479638,0.698564593301435,0.875598086124402,0.950617283950617,0.725173210161663,0.80106100795756,0.801864801864802,0.873192436040044,0.642585551330799,0.568965517241379,0.739336492890995,0.832512315270936,0.931523022432113,0.589267285861713,0.557303370786517,0.689614935822637,0.494324045407637,0.663179916317992,0.298919567827131,0.687943262411348,0.718820861678005,0.853231106243154,0.90280777537797,0.728110599078341,0.426791277258567,0.915201654601861,0.583732057416268,0.334109429569267,0.260143198090692,0.591419816138917,0.653798256537983,0.324775353016688,0.743405275779377,0.438082556591212,0.467586206896552,0,0,0.952941176470588,0.726415094339623,0.735376044568245,0.594864479315264,0,0.902654867256637,0.675925925925926,0,0.844413012729844,0,0.611678832116788,0.662299854439592,0.518169582772544
"Corynebacterium_tuberculostearicum",0.575057736720554,0.989035087719298,0,0,0.874213836477987,0,0.128318584070796,0,0,0,0.150401836969001,0,0,0.343529411764706,0,0,0,0,0,0,0,0.405162738496072,0,0,0,0,0,0,0.293577981651376,0.444690265486726,0,0,0.173447537473233,0.705820105820106,0.805017103762828,0.290482076637824,0.31048805815161,0.456492637215529,0.251396648044693,0.496977025392987,0.482032218091698,0,0,0,0,0,0,0.330367074527253,0,0,0,0,0,0.519630484988453,0,0.923076923076923,0.842046718576196,0,0.268472906403941,0.199052132701422,0.391625615763547,0.324675324675325,0.199174406604747,0,0.283547257876313,0.444788441692466,0.251046025104602,0,0,0.315192743764172,0.150054764512596,0.151187904967603,0,0.291796469366563,0.226473629782834,0.904306220095694,0,0.906921241050119,0.121552604698672,0,0,0,0,0,0,0,0,0,0,0,0,0,0,0,0,0,0,0,0
"Prevotella_pleuritidis",0.212471131639723,0.802631578947368,0.63785046728972,0.84994640943194,0.220125786163522,0.596919127086008,0.577433628318584,0.837037037037037,0.750611246943765,0.360934182590234,0.660160734787601,0.65460910151692,0.618817852834741,0.891764705882353,0.913439635535307,0.213362068965517,0.694002447980416,0.418092909535452,0.863225806451613,0.840269966254218,0.724465558194774,0.74635241301908,0.526251526251526,0.255648038049941,0.439900867410161,0.709876543209877,0.650510204081633,0.727374301675978,0.252293577981651,0.816371681415929,0.662976629766298,0.870740305522914,0.419700214132762,0.767195767195767,0.915621436716078,0.4610630407911,0.763239875389408,0.416331994645248,0.673743016759777,0.390568319226119,0.635687732342007,0.856512141280353,0.772609819121447,0.521064301552106,0.45609756097561,0.279735682819383,0.8769987699877,0.575083426028921,0.856315179606026,0.744343891402715,0.614832535885168,0.643540669856459,0.624142661179698,0.637413394919169,0.474801061007958,0.228438228438228,0.192436040044494,0.427122940430925,0.620689655172414,0.748815165876777,0,0.834710743801653,0.834881320949432,0.487640449438202,0.74095682613769,0.73374613003096,0.734309623430962,0.510204081632653,0.929078014184397,0.8140589569161,0.599123767798467,0.570194384449244,0.45852534562212,0.0882658359293873,0.503619441571872,0.255980861244019,0.552968568102445,0.525059665871122,0.624106230847804,0.892901618929016,0.41206675224647,0.618705035971223,0.613848202396804,0.886896551724138,0.760655737704918,0.889589905362776,0.915966386554622,0.792452830188679,0.398328690807799,0.877318116975749,0.731481481481482,0.790560471976401,0.583333333333333,0.891566265060241,0.900990099009901,0,0.874452554744526,0.714701601164483,0.787348586810229
"Corynebacterium_argentoratense",0.267898383371824,0,0,0.118971061093248,0.765199161425577,0.430038510911425,0.258849557522124,0.491358024691358,0.442542787286064,0.707006369426752,0.584385763490241,0.600933488914819,0.447527141133896,0.414117647058824,0,0,0.319461444308446,0,0.623225806451613,0,0,0.180695847362514,0,0,0.45724907063197,0,0,0,0,0.491150442477876,0,0.574618096357227,0.473233404710921,0.703703703703704,0,0.765142150803461,0.343717549325026,0.804551539491299,0.385474860335196,0.409915356711004,0.330855018587361,0,0,0.57649667405765,0.680487804878049,0.482378854625551,0,0.230255839822024,0.37891077636153,0,0,0.369617224880383,0,0.184757505773672,0,0,0,0.444866920152091,0.24384236453202,0.315165876777251,0,0,0.0526315789473684,0,0,0.345717234262126,0.0774058577405858,0,0,0,0.301204819277108,0.26133909287257,0,0.725856697819315,0,0.200956937799043,0,0,0.50561797752809,0.397260273972603,0.394094993581515,0.261390887290168,0.454061251664447,0.558620689655172,0,0,0,0,0.495821727019499,0.845934379457917,0.70679012345679,0.548672566371681,0.762345679012346,0,0,0,0,0,0.405114401076716
"Howardella_ureilytica",0.757505773672055,0.164473684210526,0.373831775700935,0.32475884244373,0.29559748427673,0.306803594351733,0.814159292035398,0.849382716049383,0.777506112469438,0.709129511677282,0.657864523536165,0.670945157526254,0.401688781664656,0.687058823529412,0.227790432801822,0.454741379310345,0.747858017135863,0.647921760391198,0.494193548387097,0.626546681664792,0.771971496437055,0.721661054994388,0.785103785103785,0.652794292508918,0.268897149938042,0,0.849489795918367,0.126256983240223,0.834862385321101,0.608407079646018,0.982779827798278,0.962397179788484,0.179871520342612,0.64021164021164,0.242873432155074,0.292954264524104,0.819314641744548,0.732262382864793,0.414525139664804,0.441354292623942,0.742255266418835,0.741721854304636,0.310077519379845,0.623059866962306,0.758536585365854,0.167400881057269,0.980319803198032,0.624026696329255,0.427578215527231,0.843891402714932,0.794258373205742,0.892344497607656,0,0.572748267898383,0,0.384615384615385,0.203559510567297,0.751584283903675,0,0.367298578199052,0.288177339901478,0.53482880755608,0.587203302373581,0.979775280898876,0.295215869311552,0.626418988648091,0.792887029288703,0.430972388955582,0.458628841607565,0.616780045351474,0.634173055859803,0.617710583153348,0.642857142857143,0.304257528556594,0.968976215098242,0.552631578947368,0.806752037252619,0.844868735083532,0.846782431052094,0.322540473225405,0.912708600770218,0.697841726618705,0,0,0,0,0,0,0,0,0,0,0,0,0,0,0,0,0
"Snodgrassella_alvi",0.510392609699769,0.478070175438596,0.75,0.704180064308682,0.507337526205451,0.378690629011553,0.365044247787611,0,0,0.78343949044586,0.464982778415614,0.778296382730455,0.563329312424608,0.675294117647059,0.241457858769932,0.668103448275862,0.221542227662179,0.405867970660147,0,0.552305961754781,0.380047505938242,0.411896745230079,0.472527472527473,0.210463733650416,0.40272614622057,0,0,0.554189944134078,0.348623853211009,0.457964601769911,0.616236162361624,0.497062279670975,0.471092077087794,0.238095238095238,0.151653363740023,0.517923362175525,0.379023883696781,0.688085676037483,0.217877094972067,0.363966142684401,0,0.123620309050773,0.37984496124031,0.627494456762749,0,0.281938325991189,0.473554735547355,0.181312569521691,0.316338354577057,0.898190045248869,0.552631578947368,0,0,0.632794457274827,0,0.498834498834499,0.232480533926585,0,0.645320197044335,0.554502369668246,0.362068965517241,0.733175914994097,0.205366357069143,0.402247191011236,0,0.471620227038184,0.297071129707113,0.315726290516206,0,0.55328798185941,0.616648411829135,0.505399568034557,0.550691244239631,0.190031152647975,0.551189245087901,0.638755980861244,0.613504074505239,0,0.446373850868233,0.250311332503113,0.648267008985879,0.321342925659472,0.363515312916112,0,0,0,0,0,0,0,0,0,0,0,0,0,0,0,0
"Clostridium_hathewayi",0.609699769053118,0,0,0.927116827438371,0.450733752620545,0,0.298672566371681,0.269135802469136,0,0.214437367303609,0,0.626604434072345,0,0,0.405466970387244,0.392241379310345,0.380660954712362,0,0,0.581552305961755,0.292161520190024,0.450056116722783,0.36019536019536,0,0,0,0,0.325139664804469,0.729357798165138,0.429203539823009,0,0.54171562867215,0.0770877944325482,0.921693121693122,0,0,0.127725856697819,0,0.195530726256983,0,0,0.134657836644592,0,0.685144124168514,0,0.720264317180617,0,0.942157953281424,0,0,0.299043062200957,0.827751196172249,0,0,0,0.233100233100233,0.334816462736374,0,0,0,0.679802955665025,0,0.316821465428277,0.939325842696629,0.778296382730455,0.31062951496388,0.100418410041841,0.642256902761104,0.432624113475177,0.251700680272109,0.180722891566265,0.228941684665227,0.564516129032258,0.29595015576324,0.474663908996898,0,0.615832363213038,0,0.307456588355465,0,0,0.913669064748201,0,0,0,0,0,0,0,0,0,0,0,0,0,0,0,0,0
"Propionibacterium_acidifaciens",0.200923787528868,0.458333333333333,0.598130841121495,0.689174705251876,0.278825995807128,0.86392811296534,0.712389380530973,0.530864197530864,0.811735941320293,0.307855626326964,0.437428243398393,0.260210035005834,0.556091676718938,0.223529411764706,0.17995444191344,0.77801724137931,0,0.78239608801956,0,0.318335208098988,0.251781472684086,0.12682379349046,0,0.279429250891795,0.521685254027262,0,0.614795918367347,0.251396648044693,0,0,0.493234932349323,0.461809635722679,0.248394004282655,0.197883597883598,0.705815279361459,0,0.688473520249221,0,0.456983240223464,0.296251511487303,0.434944237918216,0.684326710816777,0,0.261640798226164,0,0,0.350553505535055,0.245828698553949,0.568945538818077,0.199095022624434,0,0,0,0.221709006928406,0,0.368298368298368,0.172413793103448,0.505703422053232,0.37192118226601,0.537914691943128,0.524630541871921,0,0.632610939112487,0.123595505617978,0.526254375729288,0.508771929824561,0.4581589958159,0.543817527010804,0.763593380614657,0,0.119386637458927,0.0971922246220302,0.675115207373272,0.16926272066459,0.255429162357808,0.555023923444976,0.580908032596042,0.477326968973747,0.781409601634321,0.940224159402242,0.435173299101412,0,0.55525965379494,0.412413793103448,0,0.624605678233438,0,0.628930817610063,0.415041782729805,0.46077032810271,0.756172839506173,0.722713864306785,0,0.734939759036145,0.448373408769448,0,0.725547445255474,0.982532751091703,0.625841184387618
"Gardnerella_vaginalis",0.58891454965358,0,0,0,0.706498951781971,0,0.185840707964602,0.251851851851852,0.227383863080685,0.634819532908705,0.347876004592423,0.817969661610268,0,0.315294117647059,0,0.747844827586207,0,0,0.579354838709677,0.475815523059618,0.406175771971496,0.564534231200898,0.277167277167277,0.502972651605232,0,0.743827160493827,0.344387755102041,0.459217877094972,0.321100917431193,0.214601769911504,0.466174661746617,0.210340775558167,0,0.0793650793650794,0,0,0.0571131879543094,0.828647925033467,0.202234636871508,0.20918984280532,0,0.167770419426049,0,0.541019955654102,0.465853658536585,0,0,0.637374860956618,0.293163383545771,0.538461538461538,0.27511961722488,0.665071770334928,0,0.249422632794457,0,0,0,0.344740177439797,0,0,0.514778325123153,0,0.228070175438596,0,0,0.0691434468524252,0.117154811715481,0,0.574468085106383,0.458049886621315,0.136911281489595,0,0.631336405529954,0.364485981308411,0.354705274043433,0.421052631578947,0.543655413271246,0.596658711217184,0.462717058222676,0.334993773349938,0.332477535301669,0,0,0,0,0,0,0,0,0.457917261055635,0,0,0,0,0,0,0,0.781659388646288,0.380888290713324
"Parascardovia_denticolens",0.233256351039261,0.197368421052632,0.329439252336449,0,0.19706498951782,0,0.641592920353982,0.908641975308642,0.887530562347188,0.46072186836518,0.239954075774971,0.281213535589265,0.712907117008444,0.524705882352941,0.20501138952164,0.482758620689655,0,0,0.52,0.18785151856018,0.356294536817102,0.400673400673401,0.711843711843712,0.37217598097503,0,0,0.869897959183674,0.729608938547486,0.777522935779816,0,0.746617466174662,0.569917743830787,0.443254817987152,0.830687830687831,0.137970353477765,0,0.63447559709242,0.78045515394913,0.859217877094972,0.274486094316808,0.883519206939281,0.306843267108168,0,0.618625277161863,0.4,0.389867841409692,0.340713407134071,0.274749721913237,0.420625724217845,0.556561085972851,0.586124401913876,0.626794258373206,1,0.489607390300231,0,0,0.583982202447163,0.566539923954373,0.253694581280788,0,0,0.827626918536009,0.607843137254902,0.370786516853933,0.495915985997666,0.56656346749226,0.543933054393305,0,0.739952718676123,0.607709750566893,0.447973713033954,0.224622030237581,0.274193548387097,0.657320872274143,0.877973112719752,0.590909090909091,0.532013969732247,0.520286396181384,0.681307456588355,0.887920298879203,0.93581514762516,0.429256594724221,0,0.635862068965517,0,0.842271293375394,0,0,0.732590529247911,0.731811697574893,0,0.929203539823009,0,0.731927710843373,0.53041018387553,0,0.506569343065693,0.784570596797671,0.641991924629879
"Prevotella_falsenii",0.46189376443418,0,0.36214953271028,0.2497320471597,0.186582809224319,0,0.323008849557522,0,0,0,0,0,0.261761158021713,0.625882352941176,0,0,0.887392900856793,0,0,0.586051743532058,0.2541567695962,0.672278338945006,0,0.638525564803805,0,0,0,0,0,0.650442477876106,0.61869618696187,0.337250293772033,0,0,0.468643101482326,0,0.715472481827622,0,0.439106145251397,0,0.603469640644362,0.721854304635762,0,0.556541019955654,0.229268292682927,0.107929515418502,0,0.2146829810901,0.742757821552723,0.423076923076923,0,0.660287081339713,0,0.233256351039261,0,0,0,0,0,0.187203791469194,0.5,0,0.356037151702786,0.550561797752809,0,0.593395252837977,0.376569037656904,0,0,0,0.331872946330778,0.412526997840173,0.426267281105991,0.09865005192108,0.0713547052740434,0,0,0,0.611848825331971,0,0,0,0,0,0,0,0,0,0,0,0,0,0,0,0,0,0,0,0
"Streptobacillus_moniliformis",0.61431870669746,0.160087719298246,0.803738317757009,0.635584137191854,0.165618448637317,0.422336328626444,0.63716814159292,0.609876543209876,0.533007334963325,0.611464968152866,0.524684270952928,0.806301050175029,0.420989143546442,0.374117647058824,0.633257403189066,0.577586206896552,0.446756425948592,0.466992665036675,0.914838709677419,0.9392575928009,0.403800475059382,0.714927048260382,0.235653235653236,0.336504161712247,0.417596034696406,0.725308641975309,0.645408163265306,0.705027932960894,0.587155963302752,0.783185840707965,0.485854858548586,0.572267920094007,0.0728051391862955,0.371428571428571,0.913340935005701,0.970333745364648,0.898234683281412,0.44578313253012,0.427932960893855,0.414752116082225,0.76456009913259,0.962472406181015,0.439276485788114,0.170731707317073,0.404878048780488,0.436123348017621,0.712177121771218,0.301446051167964,0.589803012746234,0.780542986425339,0.212918660287081,0.916267942583732,0.561042524005487,0.311778290993072,0.546419098143236,0.596736596736597,0.416017797552836,0.680608365019011,0.435960591133005,0.443127962085308,0.778325123152709,0.683589138134593,0.56656346749226,0.478651685393258,0.192532088681447,0.818369453044376,0.834728033472803,0.452581032412965,0.839243498817967,0.580498866213152,0.539978094194962,0.49244060475162,0.873271889400922,0.570093457943925,0.447776628748707,0.516746411483254,0.657741559953434,0.503579952267303,0.438202247191011,0.623910336239103,0.578947368421053,0,0.608521970705726,0,0,0,0,0,0,0,0,0,0,0,0,0,0,0,0
"Gemella_bergeri",0.378752886836028,0,0,0.241157556270096,0.522012578616352,0.735558408215661,0.513274336283186,0.555555555555556,0.770171149144254,0,0.164179104477612,0,0,0.322352941176471,0,0.655172413793103,0,0,0,0.28458942632171,0.434679334916865,0.167227833894501,0.404151404151404,0.35077288941736,0,0,0.38265306122449,0.329608938547486,0.793577981651376,0.745575221238938,0.761377613776138,0.226792009400705,0.34475374732334,0.693121693121693,0.952109464082098,0.992583436341162,0.173416407061267,0,0,0.35671100362757,0.45724907063197,0.624724061810154,0,0,0,0,0,0.234705228031146,0.448435689455388,0.257918552036199,0.456937799043062,0.988038277511962,0,0.46189376443418,0,0.72027972027972,0.194660734149054,0,0,0.213270142180095,0,0,0.112487100103199,0.357303370786517,0,0.065015479876161,0.135983263598326,0,0,0.172335600907029,0.2026286966046,0.215982721382289,0.320276497695853,0.466251298026999,0.154084798345398,0,0.746216530849825,0,0.489274770173647,0.379825653798257,0,0,0.7762982689747,0,0,0,0.798319327731092,0,0.406685236768802,0.489300998573466,0,0,0,0,0.770862800565771,0,0,0,0
"Selenomonas_ruminantium",0.374133949191686,0.440789473684211,0.789719626168224,0.729903536977492,0.712788259958071,0.745827984595635,0.81858407079646,0.271604938271605,0.23960880195599,0.545647558386412,0.609644087256028,0.267211201866978,0.792521109770808,0.901176470588235,0.136674259681093,0.913793103448276,0.958384332925337,0.572127139364303,0,0.579302587176603,0.812351543942993,0.80695847362514,0.626373626373626,0.821640903686088,0.516728624535316,0,0.938775510204082,0.354189944134078,0.568807339449541,0.422566371681416,0.567035670356704,0.689776733254994,0.145610278372591,0.572486772486772,0.683010262257697,0,0.584631360332295,0.799196787148594,0.354189944134078,0.337363966142684,0.541511771995043,0.403973509933775,0,0.676274944567627,0.48780487804878,0.817180616740088,0.237392373923739,0.299221357063404,0.44611819235226,0.233031674208145,0.433014354066986,0.308612440191388,0.813443072702332,0.789838337182448,0,0.386946386946387,0.228031145717464,0.344740177439797,0.687192118226601,0.507109004739337,0.472906403940887,0.532467532467532,0.432404540763674,0,0.402567094515753,0.525283797729618,0.698744769874477,0.651860744297719,0.775413711583924,0.374149659863946,0.31434830230011,0.34341252699784,0.725806451612903,0.688473520249221,0.873836608066184,0.332535885167464,0.823050058207218,0.451073985680191,0.885597548518897,0.372353673723537,0.442875481386393,0,0.37150466045273,0,0,0,0,0,0,0,0,0,0,0,0,0,0,0,0
"Eubacterium_sulci",0.81986143187067,0.945175438596491,0.960280373831776,0.331189710610932,0.991614255765199,0.715019255455712,0.95353982300885,0.965432098765432,1,0.535031847133758,0.944890929965557,0.932322053675613,0.990349819059107,0.894117647058824,0.995444191343964,0.633620689655172,0.664626682986536,0.941320293398533,0.473548387096774,0.759280089988751,0.947743467933492,0.627384960718294,0.557997557997558,0.785969084423306,0.913258983890954,0.916666666666667,0.372448979591837,0.515083798882682,0.979357798165138,0.980088495575221,0.830258302583026,0.948296122209166,0.657387580299786,0.925925925925926,0.922462941847206,0.636588380716934,0.181723779854621,0.973226238286479,0.418994413407821,0.777509068923821,0.920693928128872,0.922737306843267,0.834625322997416,0.906873614190687,0.429268292682927,0.922907488986784,0.904059040590406,0.753058954393771,0.768250289687138,0.660633484162896,0.715311004784689,0.605263157894737,0.969821673525377,0.976905311778291,0.949602122015915,0.979020979020979,0.937708565072303,0.721166032953105,0.903940886699507,0.760663507109005,0.985221674876847,0.728453364817001,0.87203302373581,0.797752808988764,0.985997666277713,0.981424148606811,0.98744769874477,0.983193277310924,0.513002364066194,0.650793650793651,0.883899233296824,0.900647948164147,0.585253456221198,0.80269989615784,0.975180972078594,0.942583732057416,0.920838183934808,0.880668257756563,0.908069458631256,0.98505603985056,0.948652118100128,0.781774580335731,0.968042609853529,0.958620689655172,0.967213114754098,0.977917981072555,0.761344537815126,0.937106918238994,0.958217270194986,0.914407988587732,0.978395061728395,0.982300884955752,0.932098765432099,0.97289156626506,0.468175388967468,0.938311688311688,1,0.918486171761281,0.962314939434724
"Veillonella_ratti",0.623556581986143,0.912280701754386,0.301401869158879,0,0.360587002096436,0.460847240051348,0.432522123893805,0,0,0,0.926521239954076,0,0.744270205066345,0.512941176470588,0,0,0,0.506112469437653,0,0,0,0.492704826038159,0,0,0,0,0,0.662569832402235,0.75,0,0.232472324723247,0.313748531139835,0,0.426455026455026,0.500570125427594,0,0.138110072689512,0,0,0.525997581620314,0.377942998760843,0,0,0,0,0,0,0,0,0,0,0,0,0,0.724137931034483,0,0.147942157953281,0,0.697044334975369,0.611374407582938,0,0.17827626918536,0.688338493292054,0.204494382022472,0,0.234262125902993,0.253138075313808,0,0,0,0,0,0.509216589861751,0.736240913811007,0.230610134436401,0,0.629802095459837,0,0.229826353421859,0,0,0,0.600532623169108,0,0,0,0,0,0,0,0,0,0,0,0,0,0,0,0
"Desulfobulbus_rhabdoformis",0.891454965357968,0,0.570093457943925,0.684887459807074,0.40041928721174,0,0.550884955752212,0.328395061728395,0.841075794621027,0.235668789808917,0,0.978996499416569,0.739445114595899,0,0.160592255125285,0.310344827586207,0.383108935128519,0,0.674838709677419,0.7570303712036,0.756532066508314,0.833894500561167,0,0.296076099881094,0.553903345724907,0,0,0.492737430167598,0,0.56858407079646,0.382533825338253,0.45710928319624,0.524625267665953,0.606349206349206,0.885974914481186,0,0.813084112149533,0.706827309236948,0,0,0,0.688741721854305,0.529715762273902,0.909090909090909,0.580487804878049,0.530837004405286,0.249692496924969,0,0.823870220162225,0.855203619909502,0.495215311004785,0.767942583732057,0,0,0,0.526806526806527,0.370411568409344,0.456273764258555,0,0,0,0.270365997638725,0.335397316821465,0.285393258426966,0.666277712952159,0.496388028895769,0.723849372384937,0,0,0,0.56407447973713,0.609071274298056,0.359447004608295,0.509865005192108,0.7435367114788,0.198564593301435,0,0,0.521961184882533,0,0,0,0,0,0,0,0,0,0,0,0,0,0,0,0,0,0,0,0
"Lactobacillus_mucosae",0.187066974595843,0.820175438596491,0,0,0,0.291399229781772,0.719026548672566,0.511111111111111,0,0.613588110403397,0,0,0.780458383594692,0,0,0.711206896551724,0,0,0.52,0.273340832395951,0.712589073634204,0,0,0,0.271375464684015,0,0.696428571428571,0.179888268156425,0,0,0.473554735547355,0,0,0.688888888888889,0,0,0.599169262720665,0,0.550837988826816,0,0,0.428256070640177,0.357881136950904,0,0.85609756097561,0.887665198237885,0,0,0.381228273464658,0.248868778280543,0.198564593301435,0.26555023923445,0.497942386831276,0,0,0.440559440559441,0,0,0.413793103448276,0.279620853080569,0,0.234946871310508,0.0691434468524252,0.892134831460674,0,0.112487100103199,0.322175732217573,0,0.57210401891253,0,0.261774370208105,0.237580993520518,0,0.360332294911734,0.261633919338159,0.665071770334928,0,0,0.573033707865168,0.541718555417185,0,0,0.677762982689747,0.655172413793103,0,0,0,0,0.579387186629526,0,0,0,0,0,0,0,0,0,0.558546433378197
"Streptococcus_parasanguinis",0.94919168591224,0.445175438596491,0.813084112149533,0.832797427652733,0.979035639412998,0.966623876765083,0.969026548672566,0.911111111111111,0.56479217603912,0.989384288747346,0.981630309988519,0.701283547257876,0.975874547647768,0.345882352941176,0.763097949886105,0.622844827586207,0.481028151774786,0.985330073349633,0.907096774193548,0.714285714285714,0.323040380047506,0.910213243546577,0.960927960927961,0.838287752675386,0.893432465923172,0.608024691358025,0.622448979591837,0.311731843575419,0.990825688073395,0.836283185840708,0.992619926199262,0.981198589894242,0.588865096359743,0.864550264550265,0.753705815279361,0.733003708281829,0.894080996884735,0.49665327978581,0.313966480446927,0.366384522370012,0.992565055762082,0.980132450331126,0.700258397932817,0.944567627494457,0.919512195121951,0.618942731277533,0.333333333333333,0.604004449388209,0.78215527230591,0.945701357466063,0.940191387559809,0.732057416267943,0.371742112482853,0.508083140877598,0.920424403183024,0.648018648018648,0.628476084538376,0.419518377693283,0.75615763546798,0.59478672985782,0.970443349753695,0.808736717827627,0.801857585139319,0.620224719101124,0.477246207701284,0.964912280701754,0.972803347280335,0.906362545018007,0.99290780141844,0.873015873015873,0.969331872946331,0.930885529157667,0.907834101382488,0.98546209761163,0.985522233712513,0.686602870813397,0.592549476135041,0.522673031026253,0.985699693564862,0.519302615193026,0.404364569961489,0.422062350119904,0.989347536617843,0.91448275862069,0.836065573770492,1,0.842016806722689,1,0.98050139275766,0.982881597717546,0.947530864197531,0.640117994100295,0.944444444444444,0.969879518072289,0.920792079207921,0.970779220779221,0.906569343065693,0.970887918486172,0.975773889636608
"Eubacterium_ramulus",0.628175519630485,0,0,0,0.555555555555556,0,0.280973451327434,0,0,0.505307855626327,0,0,0,0,0.273348519362187,0.137931034482759,0,0.811735941320293,0,0.277840269966254,0.572446555819477,0.369248035914703,0,0,0,0,0,0,0.339449541284404,0.192477876106195,0,0,0.601713062098501,0.0624338624338624,0.38654503990878,0.258343634116193,0.0654205607476635,0,0.73854748603352,0,0,0.66887417218543,0,0.501108647450111,0,0.938325991189427,0,0,0,0,0,0,0,0,0,0.7995337995338,0.116796440489433,0,0,0,0.748768472906404,0,0.31062951496388,0.932584269662921,0.379229871645274,0.118679050567595,0,0,0.356973995271868,0,0.0930996714129244,0,0,0.696780893042575,0.131334022750776,0,0.618160651920838,0.682577565632458,0.0868232890704801,0,0,0.908872901678657,0,0,0,0,0,0,0,0,0,0,0,0,0,0,0,0,0
"Ralstonia_solanacearum",0.646651270207852,0.903508771929825,0.275700934579439,0.155412647374062,0.482180293501048,0,0.274336283185841,0,0,0,0.520091848450057,0.521586931155193,0.254523522316043,0.496470588235294,0.353075170842825,0.635775862068966,0,0,0.43741935483871,0.712035995500562,0.311163895486936,0,0,0,0.432465923172243,0,0,0.18659217877095,0,0.400442477876106,0,0,0.267665952890792,0.278306878306878,0,0,0.291796469366563,0,0.124022346368715,0,0,0.225165562913907,0,0.616407982261641,0,0.231277533039648,0.412054120541205,0,0,0.298642533936652,0,0,0.888888888888889,0.817551963048499,0,0.934731934731935,0.962180200222469,0.961977186311787,0,0,0.490147783251232,0.615112160566706,0.104231166150671,0.192134831460674,0.201866977829638,0.820433436532508,0.930962343096234,0.354141656662665,0,0,0.441401971522453,0.55939524838013,0,0.773624091381101,0.56153050672182,0,0,0,0.338100102145046,0,0.478818998716303,0,0,0,0,0,0,0,0,0,0,0,0,0,0,0,0,0,0
"Prevotella_oralis",0.815242494226328,0.776315789473684,0.483644859813084,0.957127545551983,0.253668763102725,0.317073170731707,0.134955752212389,0.903703703703704,0.65281173594132,0.509554140127389,0.39609644087256,0.582263710618436,0.346200241254524,0.868235294117647,0.781321184510251,0.571120689655172,0.862913096695226,0.789731051344743,0.891612903225806,0.68503937007874,0.895486935866983,0.2996632996633,0.719169719169719,0.312722948870392,0.732342007434944,0,0.834183673469388,0.774301675977654,0.912844036697248,0.298672566371681,0.488314883148831,0.964747356051704,0.492505353319058,0.453968253968254,0.854047890535918,0.965389369592089,0.499480789200415,0.389558232931727,0.807821229050279,0.591293833131802,0.516728624535316,0.454746136865342,0.746770025839793,0.208425720620843,0.402439024390244,0.92511013215859,0.694956949569496,0.939933259176863,0.909617612977984,0.82579185520362,0.973684210526316,0.744019138755981,0.522633744855967,0.586605080831409,0.395225464190981,0.174825174825175,0.5706340378198,0.371356147021546,0.544334975369458,0.637440758293839,0.504926108374384,0.494687131050767,0.770897832817337,0.278651685393258,0.93465577596266,0.599587203302374,0.715481171548117,0.539015606242497,0.595744680851064,0.868480725623583,0.625410733844469,0.503239740820734,0.605990783410138,0.0425752855659398,0.265770423991727,0.708133971291866,0.848661233993015,0.84964200477327,0.756894790602656,0.726027397260274,0.48395378690629,0.690647482014389,0.669773635153129,0.453793103448276,0,0,0,0,0.545961002785515,0.583452211126961,0,0.71976401179941,0,0,0.654879773691655,0,0.667153284671533,0.604075691411936,0.397039030955585
"Actinomyces_graevenitzii",0.956120092378753,0.451754385964912,0.66588785046729,0.547695605573419,0.907756813417191,0.958921694480103,0.966814159292035,0.474074074074074,0.963325183374083,0.970276008492569,0.967853042479908,0.498249708284714,0.848009650180941,0.847058823529412,0.82004555808656,0.883620689655172,0.488372093023256,0.975550122249389,0.961290322580645,0.84251968503937,0.216152019002375,0.634118967452301,0.978021978021978,0.769322235434007,0.757125154894672,0.552469135802469,0.571428571428571,0.128491620111732,0.905963302752294,0.966814159292035,0.884378843788438,0.960047003525264,0.841541755888651,0.915343915343915,0.897377423033067,0.584672435105068,0.711318795430945,0.900937081659973,0.962011173184358,0.905683192261185,0.898389095415118,0.977924944812362,0.622739018087855,0.851441241685144,0.490243902439024,0.334801762114537,0.650676506765068,0.755283648498332,0.918887601390498,0.914027149321267,0.913875598086124,0.593301435406699,0.898491083676269,0.946882217090069,0.843501326259947,0.86013986013986,0.528364849833148,0.556400506970849,0.455665024630542,0.706161137440758,0.940886699507389,0.806375442739079,0.940144478844169,0.50561797752809,0.925320886814469,0.973168214654283,0.96652719665272,0.95438175270108,0.640661938534279,0.90702947845805,0.730558598028478,0.781857451403888,0.967741935483871,0.831775700934579,0.979317476732161,0.54066985645933,0.967403958090803,0.195704057279236,0.942798774259448,0.75840597758406,0.345314505776637,0.664268585131894,0.96271637816245,0.966896551724138,0.908196721311475,0.921135646687697,0,0.921383647798742,0.79108635097493,0.7660485021398,0.882716049382716,0.660766961651917,0.867283950617284,0.563253012048193,0.934936350777935,0.951298701298701,0.646715328467153,0.927219796215429,0.876177658142665
"Alloprevotella_rava",0.595842956120092,0.56359649122807,0.967289719626168,0.196141479099678,0.0922431865828092,0.617458279845956,0.980088495575221,0.955555555555556,0.9559902200489,0.927813163481953,0.747416762342135,0.442240373395566,0.95416164053076,0.604705882352941,0.956719817767654,0.885775862068966,0.698898408812729,0.645476772616137,0.989677419354839,0.896512935883015,0.847980997624703,0.569023569023569,0.697191697191697,0.90487514863258,0.677819083023544,0.839506172839506,0.510204081632653,0.886033519553073,0.360091743119266,0.873893805309734,0.5079950799508,0.915393654524089,0.850107066381156,0.574603174603175,0.657924743443558,0.273176761433869,0.484942886812046,0.884872824631861,0.928491620111732,0.392986698911729,0.291201982651797,0.810154525386313,0.798449612403101,0.447893569844789,0.84390243902439,0.317180616740088,0.500615006150061,0.628476084538376,0.281575898030127,0.633484162895928,0.827751196172249,0.382775119617225,0.670781893004115,0.734411085450346,0.671087533156499,0.354312354312354,0.368186874304783,0.807351077313055,0.647783251231527,0.812796208530806,0.886699507389163,0.605667060212515,0.853457172342621,0.91685393258427,0.855309218203034,0.762641898864809,0.801255230125523,0.711884753901561,0.938534278959811,0.850340136054422,0.855421686746988,0.885529157667387,0.953917050691244,0.954309449636552,0.571871768355739,0.72488038277512,0.343422584400466,0.190930787589499,0.836567926455567,0.718555417185554,0.681643132220796,0.693045563549161,0.904127829560586,0.862068965517241,0.714754098360656,0.905362776025237,0.764705882352941,0.924528301886792,0.902506963788301,0.948644793152639,0.876543209876543,0.657817109144543,0.858024691358025,0.864457831325301,0.60961810466761,0.642857142857143,0.696350364963504,0.933042212518195,0.903095558546433
"Paraprevotella_clara",0.572748267898383,0,0.773364485981308,0.281886387995713,0.379454926624738,0,0.913716814159292,0,0,0.734607218683652,0,0.829638273045508,0.230398069963812,0.301176470588235,0.685649202733485,0.0754310344827586,0.588739290085679,0.929095354523227,0,0.237345331833521,0.282660332541568,0.548821548821549,0.230769230769231,0.443519619500595,0.71995043370508,0,0,0.510614525139665,0.387614678899083,0.714601769911504,0,0,0.218415417558887,0.824338624338624,0.541619156214367,0.631644004944376,0.526479750778816,0,0.115083798882682,0.446191051995163,0.385377942998761,0.189845474613687,0.374677002583979,0.578713968957871,0,0.850220264317181,0.825338253382534,0.692992213570634,0.235225955967555,0.676470588235294,0,0.22488038277512,0,0.69284064665127,0,0,0,0.47148288973384,0,0,0.347290640394089,0.905548996458087,0.386996904024768,0.844943820224719,0.367561260210035,0.779153766769866,0.843096234309623,0.853541416566627,0.468085106382979,0.453514739229025,0.737130339539978,0.710583153347732,0.235023041474654,0.838006230529595,0.0341261633919338,0.263157894736842,0.175785797438882,0.369928400954654,0.107252298263534,0,0,0.585131894484412,0,0,0,0,0,0,0,0,0,0,0,0,0,0,0,0,0
"Actinobacillus_porcinus",0.969976905311778,0.484649122807018,0.696261682242991,0.642015005359057,0.320754716981132,0,0.690265486725664,0.316049382716049,0.581907090464548,0.501061571125265,0.733639494833525,0.96732788798133,0.700844390832328,0.72,0.587699316628702,0.702586206896552,0.552019583843329,0.562347188264059,0.687741935483871,0.426321709786277,0,0.86307519640853,0.592185592185592,0.667063020214031,0.687732342007435,0,0.525510204081633,0.452513966480447,0.51605504587156,0.641592920353982,0,0,0.314775160599572,0.405291005291005,0.16533637400228,0.453646477132262,0.678089304257529,0.512717536813922,0.264804469273743,0.214026602176542,0.338289962825279,0.679911699779249,0.682170542635659,0.900221729490022,0.278048780487805,0.623348017621145,0.574415744157442,0.448275862068966,0.156431054461182,0.742081447963801,0.354066985645933,0.322966507177034,0.478737997256516,0.757505773672055,0.46684350132626,0.536130536130536,0.599555061179088,0.688212927756654,0.536945812807882,0.488151658767773,0.485221674876847,0.704840613931523,0.576883384932921,0.561797752808989,0.183197199533256,0.869969040247678,0.694560669456067,0.603841536614646,0.309692671394799,0.26984126984127,0.741511500547645,0.719222462203024,0.442396313364055,0.898234683281412,0.449844881075491,0.851674641148325,0.850989522700815,0.291169451073986,0.65270684371808,0.389788293897883,0.355584082156611,0.386091127098321,0,0,0,0,0,0,0,0,0,0,0,0,0,0,0,0,0
"Pseudomonas_aeruginosa",0.683602771362587,0.927631578947368,0,0.581993569131833,0.691823899371069,0.322207958921694,0.267699115044248,0,0,0.165605095541401,0.340987370838117,0,0.363088057901086,0.432941176470588,0,0.426724137931034,0.309669522643819,0,0,0.394825646794151,0,0.407407407407407,0,0,0,0,0,0.805586592178771,0,0.309734513274336,0,0,0,0.944973544973545,0.924743443557583,0,0.391484942886812,0,0,0,0,0.419426048565121,0.684754521963824,0.24390243902439,0,0,0,0.639599555061179,0,0.176470588235294,0.258373205741627,0.236842105263158,0.699588477366255,0.454965357967667,0,0.505827505827506,0.67964404894327,0,0.401477832512315,0.203791469194313,0.556650246305419,0.251475796930342,0.473684210526316,0.269662921348315,0,0.341589267285862,0.705020920502092,0.378151260504202,0.333333333333333,0.219954648526077,0.351588170865279,0.168466522678186,0,0.106957424714434,0,0.330143540669856,0.289871944121071,0.243436754176611,0.499489274770174,0,0,0,0,0,0,0,0,0,0,0,0,0,0,0,0,0,0,0,0
"Atopobium_parvulum",0.92378752886836,0.467105263157895,0.995327102803738,0.972132904608789,1,0.943517329910141,0.995575221238938,0.950617283950617,0.276283618581907,0.985138004246285,0.933409873708381,0.432905484247375,0.915560916767189,0.922352941176471,0.979498861047836,0.900862068965517,0.520195838433293,0.987775061124694,0.847741935483871,0.968503937007874,0.824228028503563,0.822671156004489,0.965811965811966,0.871581450653983,0.992565055762082,0.898148148148148,0.517857142857143,0.870391061452514,0.809633027522936,1,0.896678966789668,0.992949471210341,0.910064239828694,0.989417989417989,0.88369441277081,0.987639060568603,0.823468328141225,0.978580990629183,0.984357541899441,0.995163240628779,1,0.969094922737307,0.713178294573643,1,0.729268292682927,0.97136563876652,0.648216482164822,0.795328142380423,0.969872537659328,0.900452488687783,0.992822966507177,0.521531100478469,0.989026063100137,0.979214780600462,0.846153846153846,0.944055944055944,0.359288097886541,0.718631178707224,0.788177339901478,0.781990521327014,1,0.886658795749705,0.979360165118679,0.393258426966292,0.918319719953326,0.997936016511868,0.997907949790795,0.949579831932773,0.905437352245863,0.965986394557823,0.117196056955093,0.760259179265659,0.97926267281106,0.956386292834891,0.993795243019648,0.858851674641148,0.958090803259604,0.801909307875895,0.997957099080695,0.840597758405978,0.753530166880616,0.88968824940048,0.997336884154461,0.972413793103448,0.937704918032787,0.883280757097792,0.818487394957983,0.880503144654088,0.863509749303621,0.980028530670471,0.969135802469136,0.808259587020649,0.972222222222222,0.91566265060241,0.966053748231966,0.974025974025974,0.821897810218978,0.97962154294032,0.994616419919246
"Stenotrophomonas_maltophilia",0.404157043879908,0.0964912280701754,0.364485981308411,0.506966773847803,0.756813417190776,0.34788189987163,0.373893805309735,0.698765432098765,0.58679706601467,0.284501061571125,0.171067738231917,0,0,0,0.343963553530752,0.334051724137931,0.478580171358629,0.234718826405868,0.363870967741936,0.289088863892013,0.508313539192399,0.349046015712682,0.257631257631258,0.569560047562426,0.313506815365551,0.632716049382716,0,0.374301675977654,0,0.648230088495575,0.353013530135301,0,0,0.980952380952381,0,0.601977750309023,0.300103842159917,0.376171352074967,0.591061452513966,0,0.345724907063197,0.421633554083885,0.720930232558139,0.337028824833703,0.902439024390244,0.898678414096916,0.431734317343173,0.187986651835373,0,0.262443438914027,0.215311004784689,0.227272727272727,0.791495198902606,0.653579676674365,0.957559681697613,0.874125874125874,0.859844271412681,0,0.394088669950739,0.433649289099526,0.366995073891626,0.249114521841795,0.434468524251806,0.453932584269663,0.31855309218203,0.611971104231166,0.692468619246862,0.226890756302521,0,0,0.207009857612267,0.207343412526998,0.377880184331797,0.0467289719626168,0.228541882109617,0.325358851674641,0.878928987194412,0.279236276849642,0.329928498467824,0.539227895392279,0,0,0,0.550344827586207,0,0,0,0,0,0,0,0,0,0,0,0,0,0,0
"Anaerovorax_odorimutans",0.249422632794457,0.699561403508772,0,0.183279742765273,0.660377358490566,0.406931964056483,0.535398230088496,0,0,0.81104033970276,0,0.677946324387398,0.741857659831122,0.270588235294118,0,0.877155172413793,0.8531211750306,0.899755501222494,0.718709677419355,0.268841394825647,0.194774346793349,0.371492704826038,0.46031746031746,0.650416171224732,0.499380421313507,0,0,0.557541899441341,0.458715596330275,0.920353982300885,0.640836408364084,0.605170387779083,0.261241970021413,0.42010582010582,0.461801596351197,0.275648949320148,0.811007268951194,0,0.237988826815642,0,0.322180916976456,0.216335540838852,0.578811369509044,0.290465631929047,0.948780487804878,0.409691629955947,0,0.35706340378198,0.263035921205098,0.285067873303167,0.517942583732057,0,0.37997256515775,0.660508083140878,0,0.892773892773893,0.575083426028921,0,0.522167487684729,0.293838862559242,0.332512315270936,0.355371900826446,0.444788441692466,0.449438202247191,0.208868144690782,0.159958720330237,0.217573221757322,0.759903961584634,0.914893617021277,0.757369614512472,0.500547645125958,0.580993520518359,0.463133640552995,0.757009345794392,0.22440537745605,0.363636363636364,0,0,0.801838610827375,0,0.417201540436457,0,0.422103861517976,0,0,0,0,0,0,0,0,0,0,0,0,0,0,0,0
"Megamonas_funiformis",0.352193995381062,0.539473684210526,0,0.504823151125402,0.153039832285115,0,0,0,0,0.254777070063694,0,0,0,0,0.464692482915718,0.237068965517241,0,0,0,0.329583802024747,0.491686460807601,0,0,0,0,0,0,0,0.589449541284404,0,0,0,0.501070663811563,0.0835978835978836,0,0,0.196261682242991,0,0.718435754189944,0,0,0.732891832229581,0,0.17960088691796,0,0,0,0,0,0.418552036199095,0,0,0.59122085048011,0,0,0.568764568764569,0.486095661846496,0,0,0,0,0,0.0546955624355005,0.806741573033708,0.225204200700117,0,0,0,0,0,0.169769989047097,0.0863930885529158,0,0.102803738317757,0.365046535677353,0,0.406286379511059,0.534606205250597,0.052093973442288,0,0,0.863309352517986,0,0.456551724137931,0,0,0,0,0,0,0,0,0,0,0,0,0,0,0
"Pasteurella_pneumotropica",0.152424942263279,0.706140350877193,0.369158878504673,0.0889603429796356,0.159329140461216,0,0.27212389380531,0.520987654320988,0.784841075794621,0.193205944798301,0,0.477246207701284,0.312424607961399,0.357647058823529,0.289293849658314,0.411637931034483,0.226438188494492,0,0.60258064516129,0.44206974128234,0.213776722090261,0.461279461279461,0.709401709401709,0.728894173602854,0.744733581164808,0.558641975308642,0.808673469387755,0.544134078212291,0.30045871559633,0.898230088495575,0,0.419506462984724,0.458244111349036,0.587301587301587,0.491448118586089,0.889987639060569,0.202492211838006,0,0.21340782122905,0.298669891172914,0.328376703841388,0.461368653421634,0.547803617571059,0.611973392461197,0.878048780487805,0.640969162995595,0.781057810578106,0.354838709677419,0.638470451911935,0.368778280542986,0.720095693779904,0.586124401913876,0.888888888888889,0.787528868360277,0,0.403263403263403,0.597330367074527,0.373891001267427,0,0,0.817733990147783,0.858323494687131,0.729618163054696,0.289887640449438,0.169194865810968,0.74406604747162,0.447698744769874,0.824729891956783,0.761229314420804,0.299319727891156,0.583789704271632,0.634989200863931,0.347926267281106,0.609553478712357,0.456049638055843,0,0.692665890570431,0.281622911694511,0.399387129724208,0.5093399750934,0.514762516046213,0.282973621103118,0,0,0,0,0,0,0,0,0,0,0,0,0,0,0,0,0
"Treponema_amylovorum",0.392609699769053,0.881578947368421,0.399532710280374,0.719185423365488,0.308176100628931,0.884467265725289,0.79646017699115,0.283950617283951,0.41320293398533,0.53927813163482,0.526980482204363,0.773628938156359,0.568154402895054,0.668235294117647,0.432801822323462,0.114224137931034,0.929008567931457,0.442542787286064,0.308387096774194,0.941507311586052,0.890736342042755,0.95959595959596,0.870573870573871,0.626634958382878,0.534076827757125,0.851851851851852,0.385204081632653,0.678212290502793,0.607798165137615,0.926991150442478,0.244772447724477,0.63337250293772,0.475374732334047,0.123809523809524,0.566704675028506,0.396786155747837,0.904465212876428,0.726907630522088,0.850279329608939,0.804111245465538,0.685254027261462,0.949227373068433,0.718346253229974,0.886917960088692,0.451219512195122,0.323788546255507,0.714637146371464,0.394883203559511,0.654692931633835,0.997737556561086,0.856459330143541,0.863636363636364,0.382716049382716,0.429561200923788,0.710875331564987,0.219114219114219,0.312569521690768,0.305449936628644,0.672413793103448,0.753554502369668,0.450738916256158,0.558441558441558,0.715170278637771,0.489887640449438,0.91365227537923,0.578947368421053,0.625523012552301,0.740696278511405,0.869976359338062,0.839002267573696,0.636363636363636,0.676025917926566,0.449308755760369,0.146417445482866,0.726990692864529,0.425837320574163,0.676367869615832,0.372315035799523,0.242083758937692,0.621419676214197,0.62002567394095,0.520383693045564,0.384820239680426,0,0,0,0,0,0,0,0,0,0,0,0,0,0,0,0
"Prevotella_nanceiensis",0.97459584295612,0.918859649122807,0.964953271028037,0.554126473740622,0.955974842767296,0.845956354300385,0.867256637168142,0.995061728395062,0.985330073349633,0.770700636942675,0.451205510907003,0.372228704784131,0.934861278648975,0.896470588235294,0.984054669703872,0.90948275862069,0.799265605875153,0.919315403422983,0.909677419354839,0.986501687289089,0.600950118764846,0.930415263748597,0.943833943833944,0.617122473246136,0.861214374225527,0.669753086419753,0.798469387755102,0.818994413407821,0.956422018348624,0.975663716814159,0.886838868388684,0.978848413631022,0.599571734475375,0.697354497354497,0.336374002280502,0.688504326328801,0.919003115264797,0.927710843373494,0.58659217877095,0.954050785973398,0.9727385377943,0.509933774834437,0.75968992248062,0.893569844789357,0.624390243902439,0.638766519823789,0.857318573185732,0.828698553948832,0.93279258400927,0.8710407239819,0.732057416267943,0.600478468899522,0.500685871056241,0.919168591224019,0.525198938992042,0.773892773892774,0.953281423804227,0.761723700887199,0.982758620689655,0.988151658767773,0.990147783251232,0.841794569067296,0.985552115583075,0.768539325842697,0.722287047841307,0.946336429308566,0.97071129707113,0.944777911164466,0.990543735224586,0.990929705215419,0.846659364731654,0.889848812095032,0.988479262672811,0.92938733125649,0.894519131334023,0.641148325358852,0.990686845168801,1,0.928498467824311,0.917808219178082,0.917843388960205,0.764988009592326,0.829560585885486,0,0,0,0,0,0,0,0,0,0,0,0,0,0,0,0
"Wolinella_succinogenes",0.655889145496536,0,0,0.217577706323687,0.243186582809224,0.784338896020539,0.488938053097345,0,0,0.507430997876858,0.416762342135476,0.988331388564761,0.39686369119421,0.644705882352941,0.439635535307517,0.71551724137931,0.968176254589963,0,0.615483870967742,0.914510686164229,0.577197149643705,0.178451178451178,0.655677655677656,0.61474435196195,0,0,0.5,0.206703910614525,0.224770642201835,0,0.303813038130381,0.440658049353702,0.334047109207709,0.125925925925926,0.194982896237172,0.530284301606922,0.271028037383178,0,0.678212290502793,0,0,0.863134657836645,0.651162790697674,0.929046563192905,0.517073170731707,0.475770925110132,0.71709717097171,0.28587319243604,0.740440324449594,0.918552036199095,0.629186602870813,0.421052631578947,0.687242798353909,0.399538106235566,0.639257294429708,0.414918414918415,0.624026696329255,0,0.460591133004926,0.552132701421801,0,0,0.448916408668731,0,0.941656942823804,0.43859649122807,0.47489539748954,0.308523409363746,0,0.668934240362812,0.412924424972618,0.464362850971922,0.534562211981567,0.46417445482866,0.768355739400207,0,0.713620488940629,0.31980906921241,0.041879468845761,0,0,0,0,0,0,0,0,0,0,0,0,0,0,0,0,0,0,0,0
"Lactobacillus_frumenti",0.352193995381062,0.120614035087719,0.563084112149533,0,0,0.810012836970475,0.579646017699115,0.874074074074074,0.931540342298289,0.276008492569002,0.203214695752009,0,0,0,0,0,0,0.320293398533007,0,0,0,0.730639730639731,0,0,0,0,0,0,0,0,0.468634686346863,0.388954171562867,0.351177730192719,0.413756613756614,0,0,0.190031152647975,0,0.872625698324022,0.286577992744861,0.871127633209418,0,0,0,0,0.829295154185022,0,0,0,0,0.868421052631579,0,0,0,0,0,0,0,0.5,0.485781990521327,0,0,0,0.878651685393258,0,0.337461300309598,0.407949790794979,0,0,0,0.128148959474261,0.177105831533477,0.387096774193548,0,0.360910031023785,0,0,0,0.401430030643514,0.631382316313823,0,0,0.520639147802929,0,0,0,0,0,0,0,0,0,0,0,0,0,0,0,0
"Shuttleworthia_satelles",0.750577367205543,0.107456140350877,0.287383177570093,0.907824222936763,0.192872117400419,0.645699614890886,0.754424778761062,0.817283950617284,0.858190709046455,0.840764331210191,0.276693455797933,0.302217036172695,0.283474065138721,0.790588235294118,0.835990888382688,0.737068965517241,0.451652386780906,0.71638141809291,0.651612903225806,0.541057367829021,0.781472684085511,0.685746352413019,0.772893772893773,0.191438763376932,0.315985130111524,0,0.989795918367347,0.488268156424581,0.577981651376147,0.780973451327434,0.869618696186962,0.675675675675676,0.122055674518201,0.0899470899470899,0.970353477765108,0.550061804697157,0.686396677050883,0.951807228915663,0.843575418994413,0.746070133010883,0.37546468401487,0.591611479028698,0.69250645994832,0.793791574279379,0.685365853658537,0.550660792951542,0.65559655596556,0.630700778642937,0.633835457705678,0.610859728506787,0.633971291866029,0.662679425837321,0.794238683127572,0.297921478060046,0.496021220159151,0.275058275058275,0.672969966629588,0.797211660329531,0.492610837438424,0.590047393364929,0.694581280788177,0.619834710743802,0.415892672858617,0.382022471910112,0.950991831971995,0.531475748194014,0.771966527196653,0.433373349339736,0.619385342789598,0.752834467120181,0.769989047097481,0.6414686825054,0.709677419354839,0.60539979231568,0.762150982419855,0.480861244019139,0.678696158323632,0.73508353221957,0.648621041879469,0.793275217932752,0.976893453145058,0.824940047961631,0.350199733688415,0.729655172413793,0,0,0,0,0.440111420612813,0.600570613409415,0,0.584070796460177,0,0,0.736916548797737,0,0.775182481751825,0.633187772925764,0.746971736204576
"Treponema_lecithinolyticum",0.478060046189376,0.653508771929825,0.429906542056075,0.901393354769561,0.905660377358491,0.38382541720154,0.657079646017699,0.590123456790123,0.493887530562347,0.560509554140127,0.9150401836969,0.836639439906651,0.681544028950543,0.856470588235294,0.485193621867882,0.758620689655172,0.980416156670747,0.537897310513447,0.772903225806452,0.923509561304837,0.980997624703088,0.907968574635241,0.885225885225885,0.326991676575505,0.464684014869888,0.66358024691358,0.701530612244898,0.787709497206704,0.727064220183486,0.752212389380531,0.85239852398524,0.508813160987074,0.773019271948608,0.623280423280423,0.313568985176739,0.84672435105068,0.865005192107996,0.579651941097724,0.874860335195531,0.603385731559855,0.263940520446097,0.816777041942605,0.677002583979328,0.895787139689579,0.370731707317073,0.158590308370044,0.955719557195572,0.555061179087875,0.879490150637312,0.970588235294118,0.916267942583732,0.894736842105263,0,0.381062355658199,0.594164456233422,0.68997668997669,0.730812013348165,0.564005069708492,0.881773399014778,0.803317535545024,0.369458128078818,0.822904368358914,0.742002063983488,0.312359550561798,0.974329054842474,0.750257997936017,0.682008368200837,0.217286914765906,0.952718676122931,0.870748299319728,0.71960569550931,0.57451403887689,0.52073732718894,0.457943925233645,0.853154084798345,0.562200956937799,0.788125727590221,0.312649164677804,0.48314606741573,0.825653798256538,0.75609756097561,0.489208633093525,0.392809587217044,0.569655172413793,0,0,0,0,0.568245125348189,0.814550641940086,0.703703703703704,0.728613569321534,0.540123456790123,0.855421686746988,0.536067892503536,0.681818181818182,0.6,0.551673944687045,0.655450874831763
"Neisseria_macacae",0.219399538106236,0.225877192982456,0.214953271028037,0.286173633440514,0.423480083857442,0,0.384955752212389,0.239506172839506,0.34718826405868,0.295116772823779,0.501722158438576,0.449241540256709,0.341375150784077,0,0,0,0.532435740514076,0.821515892420538,0.347096774193548,0,0,0.506172839506173,0,0.20332936979786,0.727385377942999,0,0,0.463687150837989,0,0,0.242312423124231,0.781433607520564,0.117773019271949,0.337566137566138,0,0,0.428868120456905,0,0.2,0.293833131801693,0.27633209417596,0,0,0.65410199556541,0.726829268292683,0.440528634361233,0,0,0.253765932792584,0.203619909502262,0.602870813397129,0,0,0,0,0.221445221445221,0.337041156840934,0.487959442332066,0.470443349753695,0.563981042654028,0,0,0.593395252837977,0.256179775280899,0,0.374613003095975,0.355648535564854,0.426170468187275,0,0,0.702081051478642,0.403887688984881,0.453917050691244,0.28141225337487,0.513960703205791,0,0,0,0.105209397344229,0,0,0,0,0.724137931034483,0.881967213114754,0.602523659305994,1,0.830188679245283,0.604456824512535,0.780313837375178,0.916666666666667,0.52212389380531,0.895061728395062,0.86144578313253,0.487977369165488,0.88961038961039,0.497810218978102,0.50509461426492,0.585464333781965
"Moraxella_osloensis",0.418013856812933,0.953947368421053,0,0.461950696677385,0.448637316561845,0,0.163716814159292,0.518518518518518,0.305623471882641,0.247346072186837,0.233065442020666,0,0,0,0,0.135775862068966,0.385556915544676,0.5440097799511,0,0,0,0.463524130190797,0,0.517241379310345,0.318463444857497,0,0,0,0,0.185840707964602,0,0.737955346650999,0.383297644539615,0.661375661375661,0.14709236031927,0,0.509865005192108,0,0,0,0,0.112582781456954,0.291989664082687,0.257206208425721,0.9,0.982378854625551,0,0,0,0,0,0,0.438957475994513,0.20554272517321,0.973474801061008,0.806526806526807,0.855394883203559,0,0.438423645320197,0.398104265402844,0,0.23258559622196,0.0773993808049536,0.462921348314607,0.206534422403734,0.0485036119711042,0.158995815899582,0.380552220888355,0,0.482993197278912,0.191675794085433,0.308855291576674,0,0.559709241952233,0.584281282316443,0.208133971291866,0,0,0.397344228804903,0,0.622593068035943,0,0,0.384827586206897,0,0,0,0,0,0,0,0,0,0,0,0,0,0,0.356662180349933
"Streptococcus_intermedius",0.434180138568129,0.381578947368421,0.446261682242991,0.320471596998928,0.20125786163522,0.766367137355584,0.714601769911504,0.962962962962963,0.968215158924205,0.356687898089172,0.432835820895522,0.780630105017503,0.638118214716526,0.741176470588235,0.626423690205011,0.424568965517241,0.542227662178703,0.689486552567237,0.450322580645161,0.565804274465692,0.242280285035629,0.153759820426487,0.384615384615385,0.388822829964328,0.281288723667906,0,0.951530612244898,0.25586592178771,0.885321100917431,0.911504424778761,0.65559655596556,0.591069330199765,0.862955032119914,0.138624338624339,0.819840364880274,0.562422744128554,0.235721703011423,0.542168674698795,0.35195530726257,0.663845223700121,0.650557620817844,0.141280353200883,0.633074935400517,0.607538802660754,0.88780487804878,0.29295154185022,0.365313653136531,0.399332591768632,0.870220162224797,0.570135746606335,0.444976076555024,0.739234449760766,0.609053497942387,0.41108545034642,0.679045092838196,0.382284382284382,0.350389321468298,0,0.667487684729064,0.774881516587678,0.438423645320197,0.695395513577332,0.74406604747162,0.750561797752809,0.323220536756126,0.859649122807018,0.882845188284519,0.738295318127251,0.737588652482269,0.723356009070295,0.776560788608981,0.76889848812095,0.624423963133641,0.0758047767393562,0.451913133402275,0.856459330143541,0.515715948777648,0.894988066825776,0.722165474974464,0.755915317559153,0.489088575096277,0.640287769784173,0.581890812250333,0,0,0,0,0,0,0,0,0,0,0,0,0,0,0,0
"Treponema_socranskii",0.937644341801386,0.616228070175439,0.577102803738318,0.965702036441586,0.821802935010482,0.758664955070603,0.592920353982301,0,0.422982885085575,0.664543524416136,0.921928817451205,0.537922987164527,0.621230398069964,0.797647058823529,0.838268792710706,0.400862068965517,0.76499388004896,0.801955990220049,0.889032258064516,0.982002249718785,0.985748218527316,0.993265993265993,0.953601953601954,0.900118906064209,0.447335811648079,0.984567901234568,0.818877551020408,0.617877094972067,0.908256880733945,0.834070796460177,0.948339483394834,0.598119858989424,0.901498929336188,0.0708994708994709,0.977194982896237,0.6168108776267,1,0.344042838018742,0.964245810055866,0.975816203143894,0.308550185873606,0.991169977924945,0.981912144702842,0.922394678492239,0.514634146341463,0.429515418502203,0.542435424354244,0.733036707452725,0.939745075318656,0.995475113122172,0.837320574162679,0.961722488038278,0.621399176954732,0.699769053117783,0.785145888594164,0.622377622377622,0.615127919911012,0.903675538656527,0.943349753694581,0.95260663507109,0.502463054187192,0.891381345926801,0.876160990712074,0.635955056179775,0.834305717619603,0.711042311661507,0.621338912133891,0.877551020408163,0.453900709219858,0.993197278911565,0.787513691128149,0.840172786177106,0.850230414746544,0.100726895119418,0.737331954498449,0.598086124401914,0.89988358556461,0.847255369928401,0.783452502553626,0.972602739726027,0.558408215661104,0.225419664268585,0.504660452729694,0.696551724137931,0,0.757097791798107,0,0.735849056603774,0.771587743732591,0.828815977175464,0.712962962962963,0.766961651917404,0,0.707831325301205,0.711456859971711,0,0.562043795620438,0.705967976710335,0.609690444145357
"Pyramidobacter_piscolens",0.35796766743649,0.43640350877193,0,0.483386923901393,0.182389937106918,0,0.261061946902655,0.246913580246914,0.286063569682152,0.24203821656051,0,0.526254375729288,0.732207478890229,0,0.662870159453303,0.331896551724138,0.674418604651163,0,0,0.664791901012373,0.589073634204275,0.679012345679012,0.394383394383394,0,0,0,0.841836734693878,0.423463687150838,0.518348623853211,0,0.421894218942189,0.36310223266745,0.209850107066381,0.206349206349206,0.274800456100342,0,0.09865005192108,0,0.86145251396648,0.405078597339782,0.370508054522924,0.838852097130243,0.400516795865633,0.740576496674058,0.431707317073171,0.229074889867841,0.751537515375154,0.194660734149054,0.290845886442642,0.631221719457014,0.476076555023923,0,0.882030178326475,0,0,0,0.60845383759733,0,0.706896551724138,0.424170616113744,0.411330049261084,0.584415584415584,0.318885448916409,0.168539325842697,0.661610268378063,0.333333333333333,0.497907949790795,0,0,0.630385487528345,0.299014238773275,0.431965442764579,0,0.192107995846314,0.604963805584281,0.65311004784689,0.548311990686845,0,0.70173646578141,0.63387297633873,0.445442875481386,0.477218225419664,0,0.43448275862069,0,0,0,0,0.582172701949861,0,0,0,0,0,0.660537482319661,0,0,0,0.539703903095559
"Dialister_pneumosintes",0.771362586605081,0.679824561403509,0.474299065420561,0.736334405144695,0.368972746331237,0.853658536585366,0.320796460176991,0.787654320987654,0.821515892420538,0.16348195329087,0.64638346727899,0.446907817969662,0.664656212303981,0.781176470588235,0.840546697038724,0.78448275862069,0.583843329253366,0.67481662591687,0.607741935483871,0.871766029246344,0.779097387173397,0.335578002244669,0.860805860805861,0.862068965517241,0.273853779429988,0.817901234567901,0.660714285714286,0.77877094972067,0.81651376146789,0.77212389380531,0.93849938499385,0.558166862514689,0.655246252676659,0.362962962962963,0.635119726339795,0.505562422744129,0.950155763239875,0.493975903614458,0.970949720670391,0.980652962515115,0.79182156133829,0.887417218543046,0.741602067183463,0.649667405764967,0.846341463414634,0.112334801762115,0.571955719557196,0.850945494994438,0.958285052143685,0.909502262443439,0.200956937799043,0.980861244019139,0.736625514403292,0.182448036951501,0.79840848806366,0.426573426573427,0.632925472747497,0.820025348542459,0.896551724137931,0.872037914691943,0.233990147783251,0.74025974025974,0.882352941176471,0.739325842696629,0.813302217036173,0.836945304437565,0.836820083682008,0.277310924369748,0.349881796690307,0.927437641723356,0.699890470974808,0.682505399568035,0.603686635944701,0.520249221183801,0.749741468459152,0.899521531100478,0.757857974388824,0.536992840095465,0.75485188968335,0.930261519302615,0.335044929396662,0.613908872901679,0.528628495339547,0.809655172413793,0,0.722397476340694,0,0.70125786163522,0.573816155988858,0.940085592011412,0.688271604938272,0.693215339233038,0.617283950617284,0.816265060240964,0.663366336633663,0.688311688311688,0.830656934306569,0.537117903930131,0.830417227456258
"Selenomonas_flueggei",0.745958429561201,0.574561403508772,0.560747663551402,0.918542336548767,0.335429769392034,0.496790757381258,0.774336283185841,0.866666666666667,0.515892420537897,0.83864118895966,0.648679678530425,0.507584597432906,0.845597104945718,0.884705882352941,0.87243735763098,0.827586206896552,0.613219094247246,0.667481662591687,0.858064516129032,0.577052868391451,0.826603325415677,0.860830527497194,0.706959706959707,0.338882282996433,0.66542750929368,0,0.900510204081633,0.508379888268156,0.217889908256881,0.623893805309734,0.724477244772448,0.856639247943596,0.633832976445396,0.178835978835979,0.329532497149373,0.381953028430161,0.727933541017653,0.72958500669344,0.789944134078212,0.77509068923821,0.831474597273854,0.547461368653422,0.609819121447028,0.665188470066519,0.324390243902439,0.680616740088106,0.279212792127921,0.681868743047831,0.46234067207416,0.210407239819005,0.746411483253589,0.526315789473684,0.426611796982167,0.681293302540416,0,0.468531468531469,0.361512791991101,0.525982256020279,0.640394088669951,0.582938388625592,0.283251231527094,0.796930342384888,0.636738906088751,0.260674157303371,0.62193698949825,0.706914344685243,0.767782426778243,0.827130852340936,0.316784869976359,0.780045351473923,0.642935377875137,0.498920086393089,0.744239631336406,0.339563862928349,0.623578076525336,0.964114832535885,0.955762514551804,0.818615751789976,0.861082737487232,0.427148194271482,0.853658536585366,0.414868105515588,0,0.820689655172414,0.904918032786885,0.933753943217666,0,0,0.779944289693593,0.922967189728959,0.91358024691358,0.68141592920354,0.938271604938272,0.879518072289157,0.55021216407355,0.772727272727273,0.713868613138686,0.895196506550218,0.938088829071332
"Peptostreptococcus_stomatis",0.568129330254042,0.910087719298246,0.985981308411215,0.839228295819936,0.989517819706499,0.825417201540436,0.329646017699115,0.960493827160494,0.982885085574572,0.898089171974522,0.90585533869116,0.862310385064177,0.927623642943305,0.950588235294118,0.656036446469248,0.950431034482759,0.938800489596083,0.960880195599022,0.736774193548387,0.64904386951631,0.881235154394299,0.88327721661055,0.78998778998779,0.92627824019025,0.836431226765799,0.867283950617284,0.85969387755102,0.182122905027933,0.603211009174312,0.683628318584071,0.857318573185732,0.710928319623972,0.745182012847966,0.82010582010582,0.908779931584949,0.646477132262052,0.692627206645898,0.807228915662651,0.479329608938547,0.73639661426844,0.923172242874845,0.911699779249448,0.922480620155039,0.554323725055432,0.970731707317073,0.427312775330396,0.872078720787208,0.797552836484983,0.696407879490151,0.828054298642534,0.667464114832536,0.566985645933014,0.997256515775034,0.981524249422633,0.50132625994695,0.997668997668998,0.935483870967742,0.982256020278834,0.839901477832512,0.793838862559242,0.972906403940887,0.846517119244392,0.907120743034056,0.957303370786517,0.890315052508751,0.966976264189886,0.937238493723849,0.865546218487395,0.879432624113475,0.782312925170068,0.943044906900329,0.974082073434125,0.894009216589862,0.31048805815161,0.884177869700103,0.909090909090909,1,0.997613365155131,0.934627170582227,0.86799501867995,0.930680359435173,0.599520383693046,0.9254327563249,0.842758620689655,0,0.82018927444795,0.811764705882353,0.69811320754717,0.417827298050139,0.817403708987161,0.854938271604938,0.545722713864307,0,0.783132530120482,0.940594059405941,0.649350649350649,0.871532846715328,0.627365356622999,0.593539703903096
"Lactobacillus_reuteri",0.339491916859122,0.138157894736842,0.787383177570093,0.569131832797428,0.238993710691824,0,0.75,0.933333333333333,0.772616136919315,0.679405520169851,0,0.220536756126021,0.553679131483715,0.776470588235294,0.182232346241458,0.262931034482759,0.593635250917993,0,0.775483870967742,0.208098987626547,0.672209026128266,0.849607182940516,0.78021978021978,0.600475624256837,0.459727385377943,0,0.790816326530612,0.139664804469274,0.637614678899083,0.471238938053097,0.719557195571956,0.748531139835488,0.353319057815846,0.66984126984127,0.443557582668187,0.587144622991347,0.331256490134995,0.917001338688086,0.68268156424581,0.351874244256348,0.980173482032218,0.485651214128035,0.385012919896641,0.199556541019956,0.924390243902439,0.751101321585903,0.982779827798278,0.241379310344828,0.573580533024334,0.520361990950226,0.77511961722488,0.923444976076555,0,0.609699769053118,0,0.393939393939394,0.612903225806452,0.422053231939163,0,0,0.443349753694581,0.317591499409681,0.634674922600619,0.847191011235955,0,0.719298245614035,0.53765690376569,0,0.735224586288416,0.712018140589569,0.250821467688938,0.373650107991361,0.608294930875576,0.69055036344756,0.977249224405377,0.837320574162679,0.841676367869616,0.563245823389022,0.615934627170582,0.935242839352428,0.869062901155327,0.788968824940048,0.552596537949401,0,0,0,0,0,0.454038997214485,0,0,0,0,0,0,0,0,0,0
"Butyrivibrio_fibrisolvens",0.621247113163972,0.535087719298246,0.502336448598131,0.489817792068596,0.534591194968553,0.907573812580231,0.334070796460177,0.348148148148148,0.264058679706601,0.445859872611465,0.816303099885189,0.743290548424737,0.652593486127865,0.428235294117647,0.419134396355353,0.271551724137931,0.679314565483476,0.843520782396088,0.545806451612903,0.680539932508436,0.351543942992874,0.544332210998878,0.233211233211233,0.629013079667063,0.34820322180917,0,0.293367346938776,0.396648044692737,0.752293577981651,0.517699115044248,0.412054120541205,0.318448883666275,0.593147751605996,0.392592592592593,0.233751425313569,0.881334981458591,0.921079958463136,0.43239625167336,0.387709497206704,0.642079806529625,0.757125154894672,0.686534216335541,0.363049095607235,0.430155210643016,0.709756097560976,0.715859030837004,0.476014760147601,0.666295884315907,0.524913093858633,0.753393665158371,0.550239234449761,0.279904306220096,0,0.166281755196305,0.6657824933687,0.696969696969697,0.423804226918799,0.449936628643853,0.556650246305419,0.635071090047393,0.839901477832512,0.242030696576151,0.735810113519092,0.474157303370787,0.365227537922987,0.770897832817337,0.669456066945607,0.440576230492197,0.548463356973995,0.195011337868481,0.623220153340635,0.626349892008639,0.493087557603687,0.0861889927310488,0.741468459152017,0.87799043062201,0.371362048894063,0.384248210023866,0.568947906026558,0.733499377334994,0.740693196405648,0.462829736211031,0.747003994673768,0,0,0,0,0,0,0,0,0,0,0,0,0,0,0,0
"Mycoplasma_salivarium",0.30715935334873,0.50219298245614,0.623831775700935,0.239013933547696,0.568134171907757,0.370988446726573,0.108407079646018,0.540740740740741,0.726161369193154,0.104033970276008,0.73593570608496,0.355892648774796,0.722557297949337,0.595294117647059,0.719817767653758,0.3125,0.618115055079559,0.327628361858191,0.424516129032258,0.694038245219348,0.919239904988123,0.447811447811448,0,0.931034482758621,0.467162329615861,0.753086419753086,0.987244897959184,0.582122905027933,0.651376146788991,0.466814159292035,0.429274292742927,0.722679200940071,0.511777301927195,0.324867724867725,0.961231470923603,0.589616810877627,0.28141225337487,0.365461847389558,0.336312849162011,0.671100362756953,0.494423791821561,0,0.645994832041344,0.745011086474501,0.392682926829268,0.185022026431718,0.562115621156212,0.472747497219132,0.661645422943221,0.649321266968326,0.971291866028708,0.858851674641148,0,0.161662817551963,0.355437665782493,0,0,0.55893536121673,0.559113300492611,0.625592417061611,0,0.397874852420307,0.65531475748194,0.456179775280899,0.421236872812135,0.442724458204334,0.0732217573221757,0.29171668667467,0.853427895981087,0.755102040816326,0.456736035049288,0.535637149028078,0.43778801843318,0.385254413291796,0.677352637021717,0.746411483253589,0.250291036088475,0.467780429594272,0.270684371807967,0.942714819427148,0.496790757381258,0.23021582733813,0.584553928095872,0,0,0,0,0,0,0,0,0,0,0,0,0,0,0,0
"Mobiluncus_curtisii",0.519630484988453,0.18640350877193,0.764018691588785,0.620578778135048,0.348008385744235,0.51219512195122,0.783185840707965,0.323456790123457,0.665036674816626,0.358811040339703,0.467278989667049,0.276546091015169,0.483715319662244,0.237647058823529,0,0.15301724137931,0.669522643818849,0.687041564792176,0.692903225806452,0.129358830146232,0,0.189674523007856,0.391941391941392,0.536266349583829,0.774473358116481,0,0,0.702793296089385,0.444954128440367,0.31858407079646,0.306273062730627,0.769682726204465,0.434689507494647,0.305820105820106,0.30672748004561,0,0.636552440290758,0.842034805890228,0.537430167597765,0.467956469165659,0.313506815365551,0.143487858719647,0,0.707317073170732,0.582926829268293,0.517621145374449,0.380073800738007,0.308120133481646,0,0.289592760180996,0.208133971291866,0.437799043062201,0,0.189376443418014,0,0.55011655011655,0.230255839822024,0.551330798479088,0.391625615763547,0.412322274881517,0.714285714285714,0,0.168214654282766,0,0.55659276546091,0.51702786377709,0.778242677824268,0,0.274231678486998,0.308390022675737,0.443592552026287,0.438444924406048,0.619815668202765,0.0841121495327103,0.348500517063082,0.528708133971292,0,0,0.703779366700715,0.606475716064757,0,0.350119904076739,0.81624500665779,0,0,0,0,0,0,0,0,0,0,0,0,0,0,0,0
"Simonsiella_muelleri",0.163972286374134,0.521929824561403,0.35981308411215,0.410503751339764,0.20335429769392,0.388960205391528,0.716814159292035,0.459259259259259,0.525672371638142,0.237791932059448,0.189437428243398,0.570595099183197,0.517490952955368,0.538823529411765,0.471526195899772,0.282327586206897,0.243574051407589,0.567237163814181,0.455483870967742,0.50281214848144,0.619952494061758,0.443322109988777,0.577533577533577,0.576694411414982,0.452292441140025,0.645061728395062,0.816326530612245,0.65586592178771,0.56651376146789,0.462389380530973,0.365313653136531,0.72502937720329,0.453961456102784,0.815873015873016,0.801596351197263,0.30778739184178,0.374870197300104,0.751004016064257,0.253631284916201,0.741233373639661,0.452292441140025,0.200883002207506,0.558139534883721,0.197339246119734,0.834146341463415,0.0991189427312775,0.761377613776138,0.481646273637375,0.230590961761298,0.48868778280543,0.41866028708134,0.873205741626794,0,0.482678983833718,0.490716180371353,0.673659673659674,0.532814238042269,0.434727503168568,0.32512315270936,0.327014218009479,0.431034482758621,0.473435655253837,0.591331269349845,0.6,0.204200700116686,0.587203302373581,0.598326359832636,0.414165666266507,0.25531914893617,0.267573696145125,0.509309967141292,0.537796976241901,0.751152073732719,0.580477673935618,0.660806618407446,0.588516746411483,0.792782305005821,0.205250596658711,0.75076608784474,0.474470734744707,0,0.735011990407674,0.680426098535286,0.622068965517241,0.878688524590164,0.586750788643533,0.717647058823529,0.594339622641509,0.493036211699164,0.50641940085592,0,0.557522123893805,0.728395061728395,0.677710843373494,0.86987270155587,0,0.567883211678832,0,0.574697173620458
"Actinomyces_oricola",0.644341801385681,0.153508771929825,0.579439252336449,0.819935691318328,0,0.396662387676508,0.389380530973451,0,0.508557457212714,0,0.494833524684271,0.332555425904317,0.399276236429433,0.214117647058824,0.152619589977221,0.523706896551724,0,0,0,0,0,0.665544332210999,0.245421245421245,0,0,0,0,0,0,0.426991150442478,0.451414514145141,0.358401880141011,0.132762312633833,0,0,0,0.204569055036345,0,0.890502793296089,0.552599758162031,0.672862453531598,0.631346578366446,0,0.629711751662971,0.61219512195122,0.261013215859031,0.330873308733087,0.225806451612903,0.324449594438007,0,0.337320574162679,0.433014354066986,0,0.293302540415704,0,0.442890442890443,0,0,0.246305418719212,0,0.238916256157635,0.336481700118064,0.213622291021672,0.235955056179775,0,0.275541795665635,0.234309623430962,0,0,0.163265306122449,0.382256297918948,0.414686825053996,0,0.316718587746625,0.263702171664943,0.849282296650718,0,0,0.303370786516854,0.723536737235367,0.717586649550706,0.316546762589928,0.797603195739015,0,0,0,0,0,0,0,0,0,0,0,0,0,0,0,0
"Barnesiella_viscericola",0.508083140877598,0,0,0.234726688102894,0.440251572327044,0,0.360619469026549,0,0.498777506112469,0,0,0.792298716452742,0.382388419782871,0,0,0,0.738066095471236,0,0,0,0,0.337822671156005,0,0.243757431629013,0,0,0,0.214525139664804,0,0,0,0.27144535840188,0.441113490364026,0.942857142857143,0,0,0.329179646936656,0,0,0.259975816203144,0.858736059479554,0,0,0.124168514412417,0.378048780487805,0.193832599118943,0,0,0.402085747392816,0.404977375565611,0.37799043062201,0,0,0,0,0.282051282051282,0,0.698352344740177,0,0,0,0,0.436532507739938,0.330337078651685,0,0.3890608875129,0.52510460251046,0.272509003601441,0,0,0.461117196056955,0.451403887688985,0,0,0.331954498448811,0,0,0,0.188968335035751,0,0,0,0,0,0,0,0,0,0,0,0,0,0,0,0,0,0,0,0
"Prevotella_aurantiaca",0.752886836027714,0.447368421052632,0.752336448598131,0.52411575562701,0.769392033542977,0.915275994865212,0.858407079646018,0.683950617283951,0.82640586797066,0.874734607218684,0.334098737083812,0.512252042007001,0.835946924004825,0.710588235294118,0.728929384965831,0.96551724137931,0.686658506731946,0.298288508557457,0.695483870967742,0.887514060742407,0.648456057007126,0.239057239057239,0.98046398046398,0.954815695600476,0.933085501858736,0.728395061728395,0.698979591836735,0.924022346368715,0.701834862385321,0.97787610619469,0.810578105781058,0.659224441833137,0.830835117773019,0.716402116402116,0.947548460661345,0.92336217552534,0.0425752855659398,0.772423025435074,0.309497206703911,0.709794437726723,0.623296158612144,0.280353200883002,0.751937984496124,0.975609756097561,0.848780487804878,0.931718061674009,0.59409594095941,0.548387096774194,0.74739281575898,0.699095022624434,0.736842105263158,0.492822966507177,0.604938271604938,0.808314087759815,0.472148541114058,0.475524475524476,0.686318131256952,0.300380228136882,0.921182266009852,0.843601895734597,0.376847290640394,0.681227863046045,0.737874097007224,0.68314606741573,0.76196032672112,0.917440660474716,0.947698744769874,0.719087635054022,0.789598108747045,0.929705215419501,0.833515881708653,0.825053995680346,0.963133640552995,0.73208722741433,0.609100310237849,0.679425837320574,0.965075669383003,0.718377088305489,0.926455566905005,0.673723536737235,0.504492939666239,0.465227817745803,0.946737683089214,0,0,0,0,0,0,0,0,0,0,0,0,0,0,0,0
"Leptotrichia_amnionii",0.360277136258661,0.103070175438596,0,0.395498392282958,0.30398322851153,0,0.471238938053097,0.724691358024691,0,0.290870488322718,0.173363949483352,0,0.507840772014475,0.458823529411765,0,0.161637931034483,0.534883720930233,0,0,0.307086614173228,0.228028503562945,0.393939393939394,0,0.507728894173603,0,0,0.339285714285714,0,0.662844036697248,0.280973451327434,0.522755227552276,0.196239717978848,0.104925053533191,0,0.169897377423033,0,0.491173416407061,0.456492637215529,0.215642458100559,0.523579201934704,0,0,0,0,0,0.411894273127753,0,0.172413793103448,0.239860950173812,0.153846153846154,0.325358851674641,0.997607655502392,0,0.226327944572748,0,0,0,0,0.362068965517241,0.400473933649289,0,0,0.395252837977296,0,0,0.0340557275541796,0.370292887029289,0,0,0.505668934240363,0.309967141292443,0.146868250539957,0.638248847926267,0.171339563862928,0.129265770423992,0,0,0,0.493360572012257,0.61892901618929,0,0.201438848920863,0.603195739014647,0,0,0,0,0,0.64066852367688,0,0,0,0,0,0.434229137199434,0,0,0,0.388963660834455
"Leptotrichia_shahii",0.203233256351039,0.423245614035088,0.689252336448598,0.35048231511254,0.540880503144654,0.799743260590501,0.455752212389381,0.604938271604938,0.469437652811736,0.851380042462845,0.182548794489093,0.754959159859977,0.81664656212304,0.736470588235294,0.583143507972665,0.6875,0.960832313341493,0.403422982885086,0.801290322580645,0.646794150731159,0.726840855106888,0.499438832772166,0.926739926739927,0.978596908442331,0.900867410161091,0.70679012345679,0.581632653061224,0.830167597765363,0.465596330275229,0.289823008849558,0.621156211562116,0.943595769682726,0.331905781584582,0.221164021164021,0.315849486887115,0.933250927070457,0.78816199376947,0.440428380187416,0.946368715083799,0.908101571946796,0.24907063197026,0.377483443708609,0.695090439276486,0.35920177383592,0.775609756097561,0.903083700440529,0.928659286592866,0.417130144605117,0.355735805330243,0.789592760180995,0.863636363636364,0.629186602870813,0.92318244170096,0.505773672055427,0.578249336870027,0.491841491841492,0.78642936596218,0.330798479087452,0.58128078817734,0.566350710900474,0.857142857142857,0.716646989374262,0.863777089783282,0.521348314606742,0.815635939323221,0.219814241486068,0.464435146443515,0.889555822328932,0.42789598108747,0.841269841269841,0.872946330777656,0.701943844492441,0.847926267281106,0.865005192107996,0.476732161323682,0.437799043062201,0.783469150174622,0.813842482100239,0.865168539325843,0.661270236612702,0.784338896020539,0.424460431654676,0.723035952063915,0,0,0,0,0,0,0,0,0,0,0,0,0,0,0,0
"Capnocytophaga_ochracea",0.297921478060046,0.765350877192982,0.714953271028037,0.843515541264737,0.488469601677149,0.89216944801027,0.827433628318584,0.671604938271605,0.951100244498778,0.116772823779193,0.917336394948335,0.668611435239207,0.958986731001206,0.854117647058824,0.817767653758542,0.967672413793103,0.953488372093023,0.882640586797066,0.352258064516129,0.847019122609674,0.741092636579572,0.934904601571268,0.958485958485959,0.219976218787158,0.76456009913259,0.993827160493827,0.36734693877551,0.713966480446927,0.940366972477064,0.913716814159292,0.945879458794588,0.666274970622797,0.91220556745182,0.788359788359788,0.783352337514253,0.431396786155748,0.862928348909657,0.606425702811245,0.781005586592179,0.949214026602177,0.885997521685254,0.830022075055188,0.958656330749354,0.476718403547672,0.914634146341463,0.876651982378855,0.69249692496925,0.672969966629588,0.59675550405562,0.513574660633484,0.69377990430622,0.614832535885168,0.714677640603567,0.944572748267898,0.631299734748011,0.962703962703963,0.85761957730812,0.951837769328264,0.938423645320197,0.959715639810427,0.844827586206897,0.940968122786305,0.946336429308566,0.541573033707865,0.743290548424737,0.816305469556244,0.830543933054393,0.985594237695078,0.895981087470449,0.936507936507937,0.932092004381161,0.967602591792657,0.86405529953917,0.123572170301142,0.830403309203723,0.593301435406699,0.818393480791618,0.990453460620525,0.0786516853932584,0.848069738480697,0.455712451861361,0.359712230215827,0.749667110519308,0.376551724137931,0,0.643533123028391,0,0.625786163522013,0.690807799442897,0.500713266761769,0.774691358024691,0.533923303834808,0.623456790123457,0.635542168674699,0.923620933521924,0,0.786861313868613,0.700145560407569,0.733512786002692
"Prevotella_ruminicola",0.704387990762125,0.109649122807018,0.873831775700935,0.871382636655949,0.0754716981132075,0.288831835686778,0.338495575221239,0.375308641975309,0.691931540342298,0.494692144373673,0.460390355912744,0.82730455075846,0.655006031363088,0.338823529411765,0.160592255125285,0.254310344827586,0.83108935128519,0.916870415647922,0.971612903225806,0.388076490438695,0.223277909738717,0.122334455667789,0.487179487179487,0.479191438763377,0.479553903345725,0,0.711734693877551,0.955307262569832,0.424311926605505,0.502212389380531,0.409594095940959,0.316098707403055,0.321199143468951,0.151322751322751,0.6442417331813,0,0.443406022845275,0,0.535195530726257,0.866989117291415,0.697645600991326,0.311258278145695,0.516795865633075,0.272727272727273,0.609756097560976,0.779735682819383,0,0.147942157953281,0.406720741599073,0.588235294117647,0.349282296650718,0.416267942583732,0.835390946502058,0.198614318706697,0.721485411140584,0.717948717948718,0.666295884315907,0.889733840304182,0.29064039408867,0.454976303317536,0.278325123152709,0.216056670602125,0.180598555211558,0.321348314606742,0.64294049008168,0.803921568627451,0.617154811715481,0.630252100840336,0,0,0.550930996714129,0.44060475161987,0.693548387096774,0.300103842159917,0.68976215098242,0.595693779904306,0.222351571594878,0.422434367541766,0.730337078651685,0.514321295143213,0,0,0.488681757656458,0,0,0,0,0,0,0,0,0,0,0,0,0,0,0,0
"Gemella_sanguinis",0.988452655889146,0.208333333333333,0.885514018691589,0.232583065380493,0.890985324947589,0.750962772785623,0.831858407079646,0.930864197530864,0.757946210268949,0.957537154989384,0.963260619977038,0.500583430571762,0.978287092882992,0.456470588235294,0.189066059225513,0.122844827586207,0.564259485924113,0.958435207823961,0.68,0,0.207838479809976,0.970819304152638,0,0.824019024970273,0.985130111524164,0,0,0.90391061452514,0.436926605504587,0.207964601769911,0.648216482164822,0.880141010575793,0.394004282655246,0.91957671957672,0.68072976054732,0,0.937694704049844,0.903614457831325,0.82122905027933,0.458282950423216,0.828996282527881,0.50551876379691,0,0.580931263858093,0.802439024390244,0.255506607929515,0.738007380073801,0.334816462736374,0.94901506373117,0.886877828054299,0.988038277511962,0.705741626794258,0,0,0.737400530503979,0.769230769230769,0.515016685205784,0.749049429657795,0.751231527093596,0.912322274881517,0,0,0.325077399380805,0.566292134831461,0,0.91124871001032,0.790794979079498,0.87515006002401,0.872340425531915,0,0.993428258488499,0.987041036717063,0.919354838709677,0.916926272066459,0.786970010341262,0.404306220095694,0,0.634844868735084,0.906026557711951,0,0.476251604621309,0.268585131894484,0.858854860186418,0.812413793103448,0.816393442622951,0.788643533123028,0.721008403361345,0.619496855345912,0.949860724233983,0.78601997146933,0.953703703703704,0.991150442477876,0.790123456790123,0.843373493975904,0.827439886845827,0.805194805194805,0.938686131386861,0.452692867540029,0.628532974427995
"Conchiformibius_steedae",0.505773672055427,0.589912280701754,0.60981308411215,0.245444801714898,0.492662473794549,0,0.194690265486726,0,0,0.239915074309979,0.563719862227325,0.37806301050175,0,0.348235294117647,0.451025056947608,0.155172413793103,0.454100367197062,0,0,0,0.756532066508314,0.317620650953984,0.653235653235653,0.557669441141498,0,0,0.295918367346939,0.405586592178771,0.350917431192661,0.320796460176991,0,0.645123384253819,0.411134903640257,0.542857142857143,0.409350057012543,0.46353522867738,0.354101765316719,0,0,0,0,0.496688741721854,0.289405684754522,0.370288248337029,0.790243902439024,0.376651982378855,0.738007380073801,0.895439377085651,0,0.18552036199095,0.607655502392344,0,0,0.547344110854504,0,0,0.310344827586207,0,0,0.227488151658768,0.66256157635468,0.475796930342385,0.459236326109391,0,0,0.420020639834881,0.0627615062761506,0.637454981992797,0,0.625850340136054,0.467688937568456,0.485961123110151,0,0.705088265835929,0.367114788004136,0,0,0,0.587334014300306,0,0.293966623876765,0,0,0,0,0,0,0,0,0,0,0,0,0,0,0,0,0,0
"Prevotella_intermedia",0.875288683602771,0.620614035087719,0.616822429906542,0.862808145766345,0.387840670859539,0.365853658536585,0.860619469026549,0.338271604938272,0.594132029339853,0.171974522292994,0.57060849598163,0.649941656942824,0.295536791314837,0.228235294117647,0.940774487471526,0.631465517241379,0.835985312117503,0.259168704156479,0.814193548387097,0.833520809898763,0.921615201900237,0.757575757575758,0.599511599511599,0.196195005945303,0.605947955390335,0.845679012345679,0.977040816326531,0.959776536312849,0.896788990825688,0.893805309734513,0.247232472324723,0.715628672150411,0.721627408993576,0.333333333333333,0.942987457240593,0.448702101359703,0.92938733125649,0.443105756358768,0.620111731843575,0.879081015719468,0.856257744733581,0.975717439293598,0.762273901808786,0.844789356984479,0.434146341463415,0.209251101321586,0.896678966789668,0.477196885428254,0.717265353418308,0.889140271493213,0.19377990430622,0.746411483253589,0.506172839506173,0.528868360277136,0.660477453580902,0.512820512820513,0.408231368186874,0.908745247148289,0.780788177339901,0.87914691943128,0.667487684729064,0.676505312868949,0.824561403508772,0.638202247191011,0.932322053675613,0.597523219814242,0.554393305439331,0.563025210084034,0.756501182033097,0.922902494331066,0.710843373493976,0.630669546436285,0.419354838709677,0.260643821391485,0.784901758014478,0.389952153110048,0.59953434225844,0.365155131264916,0.724208375893769,0.409713574097136,0.283697047496791,0.60431654676259,0.547270306258322,0.881379310344828,0.927868852459016,0.605678233438486,0.919327731092437,0.663522012578616,0.49025069637883,0.59771754636234,0.746913580246914,0,0.555555555555556,0.903614457831325,0.835926449787836,0.792207792207792,0.655474452554745,0.630276564774381,0.924629878869448
"Porphyromonas_uenonis",0.593533487297921,0,0.478971962616822,0.236870310825295,0.264150943396226,0,0.276548672566372,0.461728395061728,0.645476772616137,0.403397027600849,0.327210103329506,0.624270711785298,0.500603136308806,0.36,0,0.316810344827586,0.339045287637699,0.396088019559902,0.507096774193548,0.428571428571429,0.346793349168646,0.838383838383838,0.27960927960928,0.543400713436385,0.306071871127633,0.944444444444444,0.663265306122449,0.309497206703911,0.694954128440367,0.216814159292035,0.498154981549816,0.847238542890717,0.873661670235546,0.593650793650794,0.671607753705815,0.367119901112485,0.466251298026999,0.795180722891566,0.220111731843575,0.673518742442563,0.620817843866171,0.514348785871965,0.377260981912145,0.483370288248337,0,0.125550660792952,0,0.212458286985539,0.269988412514484,0.542986425339366,0.30622009569378,0.985645933014354,0,0.392609699769053,0,0,0,0.41191381495564,0.495073891625616,0.374407582938389,0.613300492610837,0.374262101534829,0.360165118679051,0.202247191011236,0.355892648774796,0.0546955624355005,0.439330543933054,0,0.286052009456265,0.879818594104308,0.421686746987952,0.285097192224622,0.350230414746544,0.435098650051921,0.462254395036194,0.545454545454545,0.641443538998836,0.305489260143198,0.15832482124617,0.830635118306351,0.933247753530167,0.647482014388489,0.464713715046605,0,0,0,0,0,0,0.554921540656205,0,0,0,0,0,0,0,0,0.534320323014805
"Prevotella_fusca",0.15473441108545,0.798245614035088,0.210280373831776,0.80064308681672,0.188679245283019,0,0.404867256637168,0.681481481481481,0.374083129584352,0.426751592356688,0.653272101033295,0.453908984830805,0.276236429433052,0.717647058823529,0.248291571753986,0.127155172413793,0.98531211750306,0.755501222493888,0.754838709677419,0.642294713160855,0.27790973871734,0.277216610549944,0.660561660561661,0.681331747919144,0.680297397769517,0,0.704081632653061,0.73854748603352,0.738532110091743,0.586283185840708,0.394833948339483,0.327849588719154,0.379014989293362,0.678306878306878,0.309007981755986,0.27070457354759,0.800623052959502,0.336010709504685,0.42122905027933,0.255139056831923,0.536555142503098,0.88962472406181,0.431524547803618,0.838137472283814,0.526829268292683,0.165198237885463,0.227552275522755,0.265850945494994,0.216685979142526,0.601809954751131,0.227272727272727,0.681818181818182,0.783264746227709,0.173210161662818,0.342175066312997,0.594405594405594,0.397107897664071,0.5893536121673,0.578817733990148,0.490521327014218,0.822660098522167,0.482880755608028,0.197110423116615,0.28314606741573,0.498249708284714,0.34984520123839,0.286610878661088,0.783913565426171,0.867612293144208,0.700680272108844,0.362541073384447,0.50755939524838,0.548387096774194,0.21079958463136,0.201654601861427,0.205741626794258,0.690337601862631,0.883054892601432,0.536261491317671,0.745952677459527,0.560975609756098,0.431654676258993,0.475366178428762,0.776551724137931,0.885245901639344,0,0,0,0.537604456824513,0.703281027104137,0,0,0.719135802469136,0.620481927710843,0.7001414427157,0,0.483211678832117,0.7117903930131,0.76043068640646
"Selenomonas_sputigena",0.958429561200924,0.857456140350877,0.897196261682243,0.867095391211147,0.410901467505241,0.712451861360719,0.663716814159292,0.958024691358025,0.880195599022005,0.861995753715499,0.749712973593571,0.320886814469078,0.806996381182147,0.825882352941177,0.899772209567198,0.948275862068966,0.268053855569155,0.599022004889976,0.447741935483871,0.984251968503937,0.902612826603325,0.69023569023569,0.807081807081807,0.674197384066587,0.885997521685254,0.805555555555556,0.880102040816326,0.372067039106145,0.534403669724771,0.157079646017699,0.808118081180812,0.529964747356052,0.946466809421842,0.166137566137566,0.974914481185861,0.96291718170581,0.879543094496365,0.595716198125837,0.955307262569832,0.874244256348247,0.752168525402726,0.768211920529801,0.912144702842377,0.864745011086475,0.646341463414634,0.47136563876652,0.471094710947109,0.74860956618465,0.837775202780996,0.96606334841629,0.686602870813397,0.5,0.972565157750343,0.773672055427252,0.814323607427056,0.724941724941725,0.835372636262514,0.827629911280101,0.940886699507389,0.914691943127962,0.307881773399015,0.983471074380165,0.777089783281734,0.465168539325843,0.70828471411902,0.808049535603715,0.866108786610879,0.822328931572629,0.624113475177305,0.741496598639456,0.581599123767798,0.792656587473002,0.880184331797235,0.264797507788162,0.435367114788004,0.933014354066986,0.881257275902212,0.968973747016706,0.889683350357508,0.910336239103362,0.54813863928113,0.71462829736211,0.800266311584554,0.638620689655172,0.924590163934426,0.861198738170347,0.727731092436975,0.638364779874214,0.662952646239554,0.911554921540656,0.901234567901235,0.56047197640118,0.79320987654321,0.837349397590361,0.58981612446959,0,0.664233576642336,0.956331877729258,0.862718707940781
"Veillonella_rodentium",0.727482678983834,0.833333333333333,0.852803738317757,0.892818863879957,0.127882599580713,0,0.199115044247788,0.748148148148148,0.364303178484108,0.314225053078556,0.198622273249139,0.3512252042007,0.428226779252111,0.216470588235294,0.382687927107062,0.719827586206897,0,0.237163814180929,0.572903225806452,0,0.30166270783848,0.209876543209877,0,0.657550535077289,0.779429987608426,0,0.903061224489796,0.877094972067039,0.853211009174312,0.595132743362832,0.709717097170972,0.626321974148061,0.229122055674518,0.263492063492063,0.327251995438997,0.972805933250927,0.501557632398754,0,0.404469273743017,0.342200725513906,0.462205700123916,0,0,0.416851441241685,0.217073170731707,0,0.301353013530135,0.757508342602892,0.629200463499421,0.147058823529412,0.442583732057416,0.260765550239234,0,0.549653579676674,0,0.643356643356643,0.692992213570634,0.632446134347275,0.349753694581281,0.483412322274882,0,0.49232585596222,0.826625386996904,0,0.584597432905484,0.413828689370485,0.441422594142259,0.839135654261705,0.560283687943262,0.401360544217687,0.469879518072289,0.244060475161987,0.633640552995392,0.815160955347871,0.269906928645295,0.980861244019139,0.189755529685681,0.274463007159905,0.667007150153218,0.399750933997509,0.317073170731707,0.215827338129496,0,0.426206896551724,0,0,0,0,0.598885793871866,0.537803138373752,0,0,0.632716049382716,0,0.510608203677511,0,0.57956204379562,0.519650655021834,0.531628532974428
"Klebsiella_pneumoniae",0.369515011547344,0.842105263157895,0,0,0.536687631027254,0,0.449115044247788,0.417283950617284,0.242053789731051,0.346072186836518,0.389207807118255,0,0,0,0,0.752155172413793,0.730722154222766,0,0.721290322580645,0.217097862767154,0.995249406175772,0.535353535353535,0,0,0,0,0,0.271508379888268,0.497706422018349,0.537610619469027,0.399753997539975,0.45005875440658,0,0.335449735449735,0,0,0.314641744548287,0,0.926256983240223,0,0,0.443708609271523,0,0.266075388026608,0.3,0.526431718061674,0,0.882091212458287,0.531865585168019,0.737556561085973,0,0,0.415637860082305,0,0.570291777188329,0.370629370629371,0.757508342602892,0,0.399014778325123,0.286729857819905,0,0.30814639905549,0.393188854489164,0.665168539325843,0,0.0423116615067079,0.196652719665272,0.39015606242497,0.724586288416076,0,0.134720700985761,0.235421166306695,0.527649769585253,0.0488058151609553,0.0610134436401241,0.882775119617225,0.434225844004657,0.288782816229117,0.70582226762002,0,0,0,0,0.619310344827586,0,0,0,0,0.607242339832869,0,0,0,0,0,0.821782178217822,0,0,0,0.458950201884253
"Bulleidia_extructa",0.452655889145497,0.388157894736842,0.58411214953271,0.67416934619507,0.123689727463312,0.576379974326059,0.25,0.508641975308642,0.569682151589242,0.881104033970276,0.715269804822044,0.62193698949825,0.372738238841978,0.489411764705882,0.758542141230068,0.898706896551724,0.407588739290086,0.471882640586797,0.326451612903226,0.851518560179978,0.900237529691211,0.423120089786756,0.875457875457875,0.938168846611177,0.42998760842627,0.882716049382716,0.959183673469388,0.684916201117318,0.447247706422018,0.261061946902655,0.266912669126691,0.621621621621622,0.97644539614561,0.462433862433862,0.965792474344356,0.621755253399258,0.885773624091381,0.63855421686747,0.483798882681564,0.533252720677146,0.467162329615861,0.905077262693157,0.705426356589147,0.312638580931264,0.504878048780488,0.191629955947137,0.749077490774908,0.577308120133482,0.473928157589803,0.237556561085973,0.95933014354067,0.509569377990431,0,0.159353348729792,0.503978779840849,0.613053613053613,0.755283648498332,0.318124207858048,0.477832512315271,0.511848341232227,0,0.667060212514758,0.139318885448916,0.773033707865169,0.885647607934656,0.364293085655315,0.51255230125523,0.438175270108043,0.862884160756501,0.961451247165533,0.588170865279299,0.546436285097192,0.546082949308756,0.468328141225338,0.472595656670114,0.382775119617225,0.683352735739232,0.513126491646778,0.542390194075587,0.87546699875467,0.581514762516046,0.458033573141487,0.451398135818908,0,0,0,0.815126050420168,0,0.559888579387187,0.469329529243937,0.604938271604938,0.955752212389381,0.648148148148148,0,0.502121640735502,0,0.693430656934307,0.726346433770015,0.604306864064603
"Haemophilus_parahaemolyticus",0.907621247113164,0.515350877192982,0.663551401869159,0.459807073954984,0.389937106918239,0.740693196405648,0.685840707964602,0.37283950617284,0.366748166259169,0.564755838641189,0.180252583237658,0.969661610268378,0.708082026537998,0.774117647058824,0.712984054669704,0.558189655172414,0.471236230110159,0.679706601466993,0.6,0.808773903262092,0.420427553444181,0.818181818181818,0.606837606837607,0.467300832342449,0.700123915737299,0.555555555555556,0.441326530612245,0.356424581005587,0.392201834862385,0.661504424778761,0.936039360393604,0.90599294947121,0.226980728051392,0.140740740740741,0.188141391106043,0.50061804697157,0.603322949117342,0.71619812583668,0.164245810055866,0.823458282950423,0.534076827757125,0.183222958057395,0.573643410852713,0.924611973392461,0.663414634146341,0.577092511013216,0.539975399753998,0.446051167964405,0.258400926998841,0.133484162895928,0.772727272727273,0.27511961722488,0.404663923182442,0.785219399538106,0.708222811671088,0.906759906759907,0.163515016685206,0.591888466413181,0.485221674876847,0.609004739336493,0.408866995073892,0.563164108618654,0.746130030959752,0.496629213483146,0.43757292882147,0.87203302373581,0.688284518828452,0.793517406962785,0.886524822695035,0.256235827664399,0.728368017524644,0.660907127429806,0.730414746543779,0.81723779854621,0.617373319544985,0.861244019138756,0.871944121071013,0.221957040572792,0.546475995914198,0.300124533001245,0.288831835686778,0.390887290167866,0.656458055925433,0.740689655172414,0.675409836065574,0.785488958990536,0,0.748427672955975,0.757660167130919,0.440798858773181,0.580246913580247,0.831858407079646,0.820987654320988,0.647590361445783,0.516265912305516,0.733766233766234,0.973722627737226,0.487627365356623,0.644683714670256
"Alloprevotella_tannerae",0.450346420323326,0.87280701754386,0.936915887850467,0.914255091103966,0.928721174004193,0.589216944801027,0.933628318584071,0.782716049382716,0.889975550122249,0.870488322717622,0.887485648679678,0.369894982497083,0.300361881785283,0.548235294117647,0.902050113895216,0.821120689655172,0.657282741738066,0.706601466992665,0.974193548387097,0.732283464566929,0.3729216152019,0.631874298540965,0.562881562881563,0.881093935790725,0.246592317224287,0.962962962962963,0.375,0.93072625698324,0.229357798165138,0.827433628318584,0.559655596555966,0.349001175088132,0.725910064239829,0.743915343915344,0.835803876852908,0.241038318912237,0.767393561786085,0.815261044176707,0.597765363128492,0.627569528415961,0.553903345724907,0.481236203090508,0.875968992248062,0.596452328159645,0.34390243902439,0.211453744493392,0.488314883148831,0.635150166852058,0.615295480880649,0.950226244343891,0.366028708133971,0.691387559808612,0.958847736625514,0.739030023094688,0.424403183023873,0.755244755244755,0.548387096774194,0.916349809885932,0.842364532019704,0.945497630331754,0.630541871921182,0.992916174734357,0.758513931888545,0.826966292134831,0.820303383897316,0.661506707946336,0.485355648535565,0.406962785114046,0.796690307328605,0.532879818594104,0.84446878422782,0.697624190064795,0.5,0.800623052959502,0.664943123061013,0.399521531100478,0.974388824214203,0.890214797136038,0.805924412665986,0.937733499377335,0.699614890885751,0.606714628297362,0.866844207723036,0.817931034482759,0.672131147540984,0.817034700315457,0.700840336134454,0.845911949685535,0.66016713091922,0.788873038516405,0.925925925925926,0.799410029498525,0.694444444444444,0.650602409638554,0.779349363507779,0.866883116883117,0.728467153284671,0.743813682678311,0.547779273216689
"Alkaliphilus_crotonatoxidans",0.28175519630485,0,0.338785046728972,0.288317256162915,0.786163522012579,0,0.132743362831858,0,0,0.393842887473461,0,0,0,0,0.230068337129841,0.59051724137931,0,0,0,0.523059617547806,0,0.135802469135802,0,0.512485136741974,0.343246592317224,0,0,0,0.279816513761468,0.205752212389381,0,0,0.364025695931477,0.369312169312169,0.22690992018244,0,0.252336448598131,0,0,0,0,0,0,0,0,0.95374449339207,0.613776137761378,0.348164627363737,0.371958285052144,0.260180995475113,0.593301435406699,0,0.530864197530864,0.413394919168591,0,0,0,0.922686945500634,0,0,0,0,0.137254901960784,0,0.570595099183197,0.0299277605779154,0.399581589958159,0.541416566626651,0,0.158730158730159,0.353778751369113,0.360691144708423,0,0.111111111111111,0.27817993795243,0.342105263157895,0,0,0.58120531154239,0,0,0.597122302158273,0,0,0,0,0,0,0,0,0,0,0,0,0,0,0,0,0
"Actinomyces_georgiae",0.787528868360277,0.449561403508772,0.448598130841121,0.929260450160772,0.532494758909853,0.686777920410783,0.798672566371681,0.553086419753086,0.618581907090465,0.749469214437367,0.873708381171068,0.953325554259043,0.551266586248492,0.738823529411765,0.478359908883827,0.65948275862069,0.701346389228886,0.356968215158924,0.899354838709677,0.709786276715411,0.667458432304038,0.793490460157127,0.848595848595849,0.410225921521998,0.633209417596035,0.907407407407407,0.864795918367347,0.912849162011173,0.621559633027523,0.88716814159292,0.86469864698647,0.490011750881316,0.854389721627409,0.644444444444444,0.149372862029647,0.817058096415328,0.815160955347871,0.665327978580991,0.126256983240223,0.712212817412334,0.690210656753408,0.757174392935982,0.754521963824289,0.658536585365854,0.365853658536585,0.215859030837004,0.98769987699877,0.724137931034483,0.20973348783314,0.714932126696833,0.313397129186603,0.444976076555024,0.788751714677641,0.79445727482679,0.883289124668435,0.927738927738928,0.71301446051168,0.809885931558935,0.729064039408867,0.76303317535545,0.928571428571429,0.700118063754427,0.713106295149639,0.921348314606742,0.701283547257876,0.721362229102167,0.732217573221757,0.879951980792317,0.891252955082742,0.678004535147392,0.754654983570646,0.822894168466523,0.741935483870968,0.860851505711319,0.656670113753878,0.978468899521531,0.413271245634459,0.866348448687351,0.707865168539326,0.596513075965131,0.44801026957638,0.239808153477218,0.416777629826897,0.649655172413793,0,0,0,0,0.571030640668524,0.520684736091298,0.796296296296296,0.64306784660767,0,0,0.88967468175389,0,0.626277372262774,0.650655021834061,0.545087483176312
"Bilophila_wadsworthia",0.591224018475751,0,0,0.172561629153269,0.859538784067086,0,0.36283185840708,0.377777777777778,0.408312958435208,0.318471337579618,0.345579793340987,0,0,0,0.69248291571754,0.525862068965517,0,0.41320293398533,0,0.401574803149606,0.390736342042755,0,0.650793650793651,0,0,0,0,0.193296089385475,0.649082568807339,0.108407079646018,0.416974169741697,0.703877790834313,0.43254817987152,0.147089947089947,0.628278221208666,0.352286773794808,0.0903426791277259,0,0.792178770949721,0,0,0.222958057395143,0,0,0,0,0.96309963099631,0.944382647385984,0,0.382352941176471,0.380382775119617,0.342105263157895,0,0.434180138568129,0,0.869463869463869,0.630700778642937,0,0.38423645320197,0.253554502369668,0.561576354679803,0,0.248710010319917,0.824719101123595,0.311551925320887,0.157894736842105,0.418410041841004,0,0,0.424036281179138,0.123767798466594,0.123110151187905,0,0.223260643821391,0.294725956566701,0,0.306169965075669,0.446300715990453,0.415730337078652,0,0.55584082156611,0.354916067146283,0,0,0,0,0,0,0,0,0,0,0,0,0,0,0,0,0.467025572005384
"Streptococcus_oligofermentans",0.316397228637413,0,0.44392523364486,0.5005359056806,0.90356394129979,0.329910141206675,0.603982300884956,0.745679012345679,0.268948655256724,0.791932059447983,0.194029850746269,0.869311551925321,0.53437876960193,0.477647058823529,0.560364464692483,0.573275862068966,0.745410036719706,0.816625916870416,0.486451612903226,0.403824521934758,0.463182897862233,0.124579124579125,0.457875457875458,0.291319857312723,0.9182156133829,0,0.311224489795918,0.204469273743017,0.68348623853211,0.685840707964602,0.788437884378844,0.741480611045828,0.156316916488223,0.642328042328042,0.514253135689852,0,0.742471443406023,0.421686746987952,0.568715083798883,0.719467956469166,0.816604708798017,0.139072847682119,0.428940568475452,0.321507760532151,0.634146341463415,0.129955947136564,0.879458794587946,0.5706340378198,0.826187717265353,0.165158371040724,0.253588516746411,0.710526315789474,0,0.51270207852194,0.76657824933687,0.72960372960373,0.439377085650723,0.437262357414449,0.576354679802956,0.533175355450237,0.467980295566502,0.345926800472255,0.537667698658411,0.714606741573034,0.684947491248541,0.849329205366357,0.935146443514644,0.601440576230492,0.491725768321513,0.356009070294785,0.953997809419496,0.913606911447084,0.67741935483871,0.781931464174455,0.36918304033092,0.456937799043062,0.294528521536671,0.482100238663485,0.850868232890705,0.26774595267746,0,0,0.440745672436751,0,0,0,0,0,0,0,0,0,0,0,0,0,0,0,0
"Actinomyces_lingnae",0.993071593533487,0.559210526315789,0.411214953271028,0.963558413719185,0.930817610062893,0.82798459563543,0.97787610619469,0.592592592592593,0.706601466992665,0.9723991507431,0.977037887485649,0.516919486581097,0.983112183353438,0.752941176470588,0.929384965831435,0.788793103448276,0.405140758873929,0.863080684596577,0.958709677419355,0.869516310461192,0.484560570071259,0.865319865319865,0.951159951159951,0.562425683709869,0.84634448574969,0.925925925925926,0.61734693877551,0.135195530726257,0.830275229357798,0.692477876106195,0.672816728167282,0.842538190364277,0.430406852248394,0.853968253968254,0.956670467502851,0.995055624227441,0.784008307372793,0.662650602409639,0.65586592178771,0.828295042321645,0.915737298636927,0.964679911699779,0.943152454780362,0.824833702882483,0.980487804878049,0.969162995594714,0.677736777367774,0.81979977753059,0.835457705677868,0.414027149321267,1,0.667464114832536,0.739368998628258,0.930715935334873,0.901856763925729,0.951048951048951,0.82202447163515,0.282636248415716,0.67487684729064,0.68957345971564,0.997536945812808,0.851239669421488,0.874097007223942,0.4,0.922987164527421,0.969040247678019,0.9581589958159,0.997599039615846,0.643026004728132,0.766439909297052,0.907995618838992,0.853131749460043,0.900921658986175,0.678089304257529,0.913133402275078,0.696172248803828,0.89522700814901,0.856801909307876,0.959141981613892,0.432129514321295,0.920410783055199,0.829736211031175,0.906790945406125,0,0,0,0,0,0,0,0,0,0,0,0,0,0,0,0
"Streptococcus_equinus",0.840646651270208,0.962719298245614,0.16588785046729,0.948553054662379,0.419287211740042,0,0.561946902654867,0,0,0.643312101910828,0.538461538461538,0,0,0.282352941176471,0,0.700431034482759,0,0,0,0.291338582677165,0.296912114014252,0.254769921436588,0,0,0,0,0,0,0,0.325221238938053,0,0.191539365452409,0,0,0.265678449258837,0,0.592938733125649,0,0,0.726723095525998,0.236679058240397,0.158940397350993,0,0.221729490022173,0,0.914096916299559,0.439114391143911,0.130144605116796,0.237543453070684,0.496606334841629,0.583732057416268,0.813397129186603,0,0.286374133949192,0.96816976127321,0.191142191142191,0.279199110122358,0,0,0,0.394088669950739,0.544273907910272,0.0815273477812178,0.984269662921348,0,0.469556243550052,0.627615062761506,0,0.775413711583924,0,0.274917853231106,0.23110151187905,0.532258064516129,0.412253374870197,0.478800413650465,0.416267942583732,0,0,0.0684371807967314,0,0.51219512195122,0,0,0,0,0,0,0,0,0,0,0,0,0,0,0,0,0,0
"Lactobacillus_salivarius",0.364896073903002,0.366228070175439,0.317757009345794,0.215434083601286,0.832285115303983,0.697047496790757,0.679203539823009,0.841975308641975,0.765281173594132,0.666666666666667,0.214695752009185,0.612602100350058,0.478890229191797,0.722352941176471,0.218678815489749,0.685344827586207,0.916768665850673,0,0.943225806451613,0.482564679415073,0.306413301662708,0.699214365881033,0.57997557997558,0.778834720570749,0.551425030978934,0,0.821428571428571,0,0.917431192660551,0,0.611316113161132,0.800235017626322,0.312633832976445,0.881481481481482,0,0,0.362409138110073,0,0.615642458100559,0.28415961305925,0.615861214374225,0.452538631346578,0.390180878552972,0.274944567627494,0.885365853658537,0.762114537444934,0.247232472324723,0.294771968854283,0.351100811123986,0.653846153846154,0.430622009569378,0.942583732057416,0,0.697459584295612,0.437665782493369,0,0,0.35361216730038,0.635467980295567,0.35781990521327,0,0.246753246753247,0.510835913312694,0.851685393258427,0,0.327141382868937,0.48326359832636,0,0.267139479905437,0.736961451247165,0.1960569550931,0.365010799136069,0.566820276497696,0.78816199376947,0.966907962771458,0.610047846889952,0.715948777648428,0.405727923627685,0.695607763023493,0.75093399750934,0.851091142490372,0.820143884892086,0.701731025299601,0.390344827586207,0,0.876971608832808,0,0.779874213836478,0.866295264623955,0.691868758915835,0,0.752212389380531,0,0.656626506024096,0.807637906647808,0,0,0,0.370121130551817
"Lactobacillus_crispatus",0.207852193995381,0.182017543859649,0.497663551401869,0,0,0.494223363286264,0.586283185840708,0.82962962962963,0.855745721271394,0.83651804670913,0.366245694603904,0.820303383897316,0,0.828235294117647,0,0.178879310344828,0,0.743276283618582,0,0,0,0.887766554433221,0,0,0.548946716232962,0,0,0.273743016759777,0.600917431192661,0,0,0.346650998824912,0.797644539614561,0.691005291005291,0.402508551881414,0.428924598269468,0.385254413291796,0,0,0,0.952912019826518,0.253863134657837,0,0.437915742793792,0,0,0,0.170189098998888,0,0,0.901913875598086,1,0,0.62933025404157,0.458885941644562,0,0,0,0.541871921182266,0.431279620853081,0,0.303423848878394,0.368421052631579,0.869662921348315,0,0.100103199174407,0.366108786610879,0,0,0,0.101861993428258,0.298056155507559,0,0,0.960703205791106,0,0.960419091967404,0,0.454545454545455,0,0,0,0.770972037283622,0,0,0,0,0,0.852367688022284,0,0,0,0,0,0,0,0,0,0.362045760430686
"Prevotella_maculosa",0.688221709006928,0.690789473684211,0.850467289719626,0.984994640943194,0.444444444444444,0.971758664955071,0.823008849557522,0.893827160493827,0.919315403422983,0.904458598726115,0.866819747416762,0.53558926487748,0.823884197828709,0.872941176470588,0.350797266514806,0.704741379310345,0.858017135862913,0.278728606356968,0.827096774193548,0.682789651293588,0.479809976247031,0.259259259259259,0.741147741147741,0.395957193816885,0.754646840148699,0.787037037037037,0.788265306122449,0.975418994413408,0.245412844036697,0.670353982300885,0.397293972939729,0.266745005875441,0.336188436830835,0.481481481481481,0.968072976054732,0.930778739184178,0.991692627206646,0.839357429718876,0.908379888268156,0.683192261185006,0.861214374225527,0.944812362030905,0.839793281653747,0.348115299334812,0.419512195121951,0.101321585903084,0.274292742927429,0.761957730812013,0.965237543453071,0.755656108597285,0.885167464114832,0.909090909090909,0.618655692729767,0.87066974595843,0.806366047745358,0.645687645687646,0.684093437152392,0.949302915082383,0.958128078817734,0.92654028436019,0.876847290640394,0.879574970484061,0.836945304437565,0.559550561797753,0.897316219369895,0.826625386996904,0.579497907949791,0.92797118847539,0.612293144208038,0.863945578231292,0.851040525739321,0.896328293736501,0.640552995391705,0.167185877466251,0.722854188210962,0.770334928229665,0.834691501746217,0.959427207637232,0.818181818181818,0.912826899128269,0.473684210526316,0.292565947242206,0.565912117177097,0.528275862068965,0,0,0.768067226890756,0,0.473537604456825,0.523537803138374,0.737654320987654,0.666666666666667,0.608024691358025,0.740963855421687,0.524752475247525,0,0.702189781021898,0.854439592430859,0.660834454912517
"Haemophilus_influenzae",0.849884526558891,0.684210526315789,0.740654205607477,0.296891747052519,0.844863731656184,0.979460847240051,0.761061946902655,0.861728395061728,0.953545232273839,0.571125265392781,0.729047072330654,0.971995332555426,0.505428226779252,0.672941176470588,0.847380410022779,0.717672413793103,0.272949816401469,0.797066014669927,0.829677419354839,0.703037120359955,0.460807600950119,0.55331088664422,0.765567765567766,0.707491082045184,0.769516728624535,0.685185185185185,0.349489795918367,0.890502793296089,0.151376146788991,0.756637168141593,0.881918819188192,0.849588719153937,0.623126338329764,0.957671957671958,0.651083238312429,0.920889987639061,0.237798546209761,0.834002677376171,0.497206703910615,0.784764207980653,0.363073110285006,0.660044150110375,0.821705426356589,0.798226164079823,0.241463414634146,0.332599118942731,0.709717097170972,0.552836484983315,0.726535341830823,0.1289592760181,0.729665071770335,0.210526315789474,0.429355281207133,0.893764434180139,0.543766578249337,0.843822843822844,0.546162402669633,0.429657794676806,0.623152709359606,0.649289099526066,0.967980295566502,0.855962219598583,0.841073271413829,0.687640449438202,0.705950991831972,0.867905056759546,0.880753138075314,0.421368547418968,0.33096926713948,0.750566893424036,0.835706462212486,0.859611231101512,0.71889400921659,0.94392523364486,0.886246122026887,0.784688995215311,0.932479627473807,0.646778042959427,0.368743615934627,0.708592777085928,0.956354300385109,0.510791366906475,0.525965379494008,0.522758620689655,0,0.681388012618297,0.838655462184874,0,0.54874651810585,0.572039942938659,0,0,0.567901234567901,0.644578313253012,0.773691654879774,0,0.632116788321168,0.499272197962154,0.456258411843876
"Moraxella_bovoculi",0.905311778290993,0.232456140350877,0.424065420560748,0.532690246516613,0,0,0.601769911504425,0,0,0.75796178343949,0,0.558926487747958,0.48854041013269,0.484705882352941,0.451025056947608,0.728448275862069,0.353733170134639,0,0.68258064516129,0.750281214848144,0.327790973871734,0.272727272727273,0,0.353151010701546,0.789343246592317,0,0,0,0,0.338495575221239,0,0,0,0.485714285714286,0.224629418472064,0.897404202719407,0,0,0,0,0,0.357615894039735,0.403100775193798,0.784922394678492,0.341463414634146,0.242290748898678,0,0.283648498331479,0.52954808806489,0.572398190045249,0,0,0,0.551963048498845,0,0,0.190211345939933,0,0.472906403940887,0,0,0.357733175914994,0.568627450980392,0.519101123595506,0,0.576883384932921,0.740585774058577,0.212484993997599,0,0.519274376417234,0.408543263964951,0.483801295896328,0,0.4932502596054,0.559462254395036,0,0,0,0.477017364657814,0,0,0,0,0,0,0,0,0,0,0,0,0,0,0,0,0,0,0,0
"Atopobium_minutum",0.159353348729792,0,0.313084112149533,0.654876741693462,0.480083857442348,0,0.349557522123894,0,0.449877750611247,0,0,0,0,0.649411764705882,0,0,0.277845777233782,0,0,0.181102362204724,0.458432304038005,0.755331088664422,0,0.436385255648038,0,0,0,0,0.169724770642202,0.643805309734513,0,0.229142185663925,0.0835117773019272,0.121693121693122,0,0,0.56386292834891,0,0.334078212290503,0.247883917775091,0,0,0,0,0,0.541850220264317,0,0.530589543937709,0.186558516801854,0,0,0.684210526315789,0,0.595842956120092,0,0.277389277389277,0.114571746384872,0,0.524630541871921,0.31042654028436,0.571428571428571,0,0.508771929824561,0,0,0.0402476780185759,0.213389121338912,0.259303721488595,0,0,0.106243154435926,0.183585313174946,0,0.285565939771547,0.389865563598759,0.818181818181818,0.494761350407451,0.300715990453461,0.767109295199183,0.257783312577833,0.992297817715019,0,0.430093209054594,0.517241379310345,0,0,0,0,0,0,0,0,0,0,0,0,0,0,0
"Capnocytophaga_haemolytica",0.157043879907621,0.230263157894737,0.457943925233645,0.809217577706324,0.60167714884696,0.930680359435173,0.608407079646018,0.533333333333333,0.601466992665037,0.110403397027601,0.219288174512055,0.808634772462077,0.271411338962606,0.482352941176471,0.387243735763098,0.0818965517241379,0.635250917992656,0.635696821515892,0.390967741935484,0.376827896512936,0.470308788598575,0.200897867564534,0.665445665445665,0.514863258026159,0.50185873605948,0,0,0.497206703910615,0.334862385321101,0.152654867256637,0.296432964329643,0.18448883666275,0.914346895074946,0.417989417989418,0.163055872291904,0.889987639060569,0.36656282450675,0.812583668005355,0.519553072625698,0.380894800483676,0.454770755885998,0.136865342163355,0.418604651162791,0.727272727272727,0.782926829268293,0.31057268722467,0.498154981549816,0.345939933259177,0.564310544611819,0.276018099547511,0.248803827751196,0.404306220095694,0.415637860082305,0.713625866050808,0.551724137931034,0.631701631701632,0.704115684093437,0.898605830164765,0.5935960591133,0.64218009478673,0.62807881773399,0.456906729634002,0.52734778121775,0.703370786516854,0.23220536756126,0.636738906088751,0.686192468619247,0.75750300120048,0.912529550827423,0.573696145124717,0.493975903614458,0.479481641468682,0.854838709677419,0.312564901349948,0.8076525336091,0.251196172248804,0.422584400465658,0.269689737470167,0.164453524004086,0.698630136986301,0.471116816431322,0.724220623501199,0.563249001331558,0.431724137931034,0,0,0,0,0.610027855153203,0,0,0,0,0.55421686746988,0.442715700141443,0,0,0.816593886462882,0.453566621803499
"Clostridium_aminobutyricum",0.496535796766744,0.223684210526316,0.440420560747664,0.082529474812433,0.710691823899371,0,0.745575221238938,0.320987654320988,0.464547677261614,0.866242038216561,0,0.771295215869312,0.86248492159228,0.308235294117647,0.38496583143508,0,0.91921664626683,0.762836185819071,0.385806451612903,0.592800899887514,0,0.465768799102132,0,0.814506539833531,0.811648079306072,0,0,0.432402234636871,0.614678899082569,0.267699115044248,0.88929889298893,0.584018801410106,0.646680942184154,0.483597883597884,0.397947548460661,0,0.81723779854621,0.678714859437751,0.486033519553073,0.47037484885127,0.598513011152416,0,0,0.421286031042129,0.768292682926829,0.370044052863436,0,0.879866518353726,0.64774044032445,0.787330316742081,0.684210526315789,0.88755980861244,0.448559670781893,0.478060046189376,0,0.909090909090909,0.739710789766407,0.307984790874525,0.258620689655172,0.360189573459716,0,0,0.372549019607843,0.217977528089888,0.439906651108518,0.535603715170279,0.328451882845188,0.53421368547419,0.978723404255319,0.206349206349206,0.68236582694414,0.667386609071274,0.578341013824885,0.875389408099688,0.747673216132368,0.464114832535885,0,0.798329355608592,0.824310520939734,0.608966376089664,0,0.381294964028777,0,0,0,0,0,0,0,0,0,0,0,0,0,0,0,0,0
"Porphyromonas_gulae",0.64203233256351,0.673245614035088,0.186915887850467,0.348338692390139,0.345911949685535,0.41206675224647,0.435840707964602,0.758024691358025,0.589242053789731,0.609341825902335,0.223880597014925,0.572928821470245,0.430639324487334,0.263529411764706,0.52619589977221,0.674568965517241,0.287637698898409,0.305623471882641,0.300645161290323,0.691788526434196,0.738717339667458,0.692480359147026,0.499389499389499,0.961950059453032,0.742255266418835,0,0.446428571428571,0.76536312849162,0.532110091743119,0.904867256637168,0.380073800738007,0.619271445358402,0.438972162740899,0.223280423280423,0.584948688711517,0,0.576323987538941,0,0.275977653631285,0.43409915356711,0.600991325898389,0.644591611479029,0.496124031007752,0.250554323725055,0.675609756097561,0.202643171806167,0.908979089790898,0.296996662958843,0.485515643105446,0.205882352941176,0.466507177033493,0.284688995215311,0,0.420323325635104,0.488063660477454,0.955710955710956,0.866518353726363,0.275031685678074,0.357142857142857,0.492890995260663,0,0.66469893742621,0.21155830753354,0.42247191011236,0.358226371061844,0.539731682146543,0.274058577405858,0.207683073229292,0,0.260770975056689,0.415115005476451,0.393088552915767,0.714285714285714,0.237798546209761,0.501551189245088,0.507177033492823,0.49941792782305,0.379474940334129,0.654749744637385,0.417185554171856,0.450577663671374,0.441247002398082,0.765645805592543,0,0,0,0,0,0,0,0,0,0,0,0,0,0,0,0
"Saccharofermentans_acetigenes",0.577367205542725,0,0,0.502679528403001,0.515723270440252,0,0.415929203539823,0,0,0.343949044585987,0,0.397899649941657,0.240048250904704,0,0,0.549568965517241,0.402692778457772,0,0,0,0,0.703703703703704,0,0,0,0,0,0.284916201117318,0,0.165929203539823,0,0.189189189189189,0.323340471092077,0.544973544973545,0,0,0.187954309449637,0,0.396648044692737,0,0,0,0.465116279069767,0.223946784922395,0.478048780487805,0.82488986784141,0,0,0.517960602549247,0.16289592760181,0,0.839712918660287,0.368998628257888,0.364896073903002,0,0.324009324009324,0.394883203559511,0,0,0,0,0,0.0712074303405573,0,0,0.320949432404541,0.0606694560669456,0,0,0,0.220153340635268,0.166306695464363,0,0.227414330218069,0.280248190279214,0,0,0,0.519918283963228,0,0,0.206235011990408,0,0,0,0,0,0,0,0,0,0,0,0,0,0,0,0,0
"Veillonella_parvula",0.586605080831409,0.625,0.86214953271028,0.691318327974277,0.970649895178197,0.732991014120667,0.440265486725664,0.953086419753086,0.970660146699266,0.518046709129512,0.997703788748565,0.180863477246208,0.659831121833534,0.865882352941176,0.981776765375854,0.926724137931034,0.265605875152999,0.926650366748166,0.896774193548387,0.725534308211474,0.705463182897862,0.301907968574635,0.514041514041514,0.343638525564804,0.261462205700124,0.62037037037037,0.683673469387755,0.879329608938548,0.676605504587156,0.617256637168142,0.918819188191882,0.323149236192714,0.494646680942184,0.176719576719577,0.238312428734322,0.906056860321384,0.277258566978193,0.860776439089692,0.347486033519553,0.639661426844015,0.990086741016109,0.907284768211921,0.811369509043928,0.303769401330377,0.870731707317073,0.654185022026432,0.835178351783518,0.779755283648498,0.986095017381228,0.807692307692308,0.935406698564593,0.595693779904306,0.401920438957476,0.175519630484988,0.970822281167109,0.675990675990676,0.870967741935484,0.728770595690748,0.980295566502463,0.97867298578199,0.874384236453202,0.971664698937426,0.678018575851393,0.642696629213483,0.635939323220537,0.900928792569659,0.859832635983264,0.394957983193277,0.32387706855792,0.800453514739229,0.890470974808324,0.872570194384449,0.914746543778802,0.354101765316719,0.778697001034126,0.992822966507177,0.341094295692666,0.613365155131265,0.609805924412666,0.442092154420922,0.650834403080873,0.858513189448441,0.984021304926764,0.737931034482759,0.954098360655738,0.615141955835962,0.677310924369748,0.89622641509434,0.86908077994429,0.885877318116976,0.567901234567901,0.837758112094395,0.922839506172839,0.927710843373494,0.852899575671853,0.909090909090909,0.941605839416058,0.944687045123726,0.81157469717362
"Actinomyces_cardiffensis",0.658198614318707,0.199561403508772,0.233644859813084,0.191854233654877,0.792452830188679,0.58408215661104,0.780973451327434,0.550617283950617,0.444987775061125,0.441613588110403,0.492537313432836,0.948658109684947,0.440289505428227,0.176470588235294,0.425968109339408,0.834051724137931,0.307221542227662,0.352078239608802,0.618064516129032,0.779527559055118,0.207838479809976,0.874298540965208,0.413919413919414,0.876337693222354,0.308550185873606,0,0.994897959183674,0.58659217877095,0.192660550458716,0.672566371681416,0.264452644526445,0.485311398354877,0.45610278372591,0.164021164021164,0,0,0.561786085150571,0.654618473895582,0.785474860335196,0.813784764207981,0.496902106567534,0.823399558498896,0.426356589147287,0.379157427937916,0.797560975609756,0.145374449339207,0.79089790897909,0.125695216907675,0.687137891077636,0.592760180995475,0.471291866028708,0.73444976076555,0,0.323325635103926,0.602122015915119,0.624708624708625,0.793103448275862,0.863117870722434,0.463054187192118,0.559241706161137,0.591133004926108,0,0.312693498452012,0.440449438202247,0.715285880980163,0.166150670794634,0.502092050209205,0,0,0.199546485260771,0.612267250821468,0.639308855291577,0.476958525345622,0.476635514018692,0.669079627714581,0.502392344497608,0.257275902211874,0.798329355608592,0.67926455566905,0.566625155666252,0.553273427471117,0.666666666666667,0.376830892143808,0.815172413793103,0,0,0,0,0.693593314763231,0.586305278174037,0,0.749262536873156,0,0,0.618104667609618,0,0,0.84570596797671,0.65814266487214
"Rhodococcus_erythropolis",0.214780600461894,0.789473684210526,0.212616822429907,0,0.807127882599581,0,0.103982300884956,0.724691358024691,0.246943765281174,0.938428874734607,0.159586681974742,0.43757292882147,0.264173703256936,0.670588235294118,0.546697038724374,0,0.389228886168911,0,0,0,0,0.382716049382716,0.555555555555556,0,0,0,0,0,0,0.588495575221239,0,0.410105757931845,0.797644539614561,0,0,0,0.183800623052959,0,0.499441340782123,0,0,0,0.454780361757106,0.195121951219512,0,0,0.84009840098401,0,0,0,0.232057416267943,0,0.415637860082305,0.715935334872979,0.511936339522546,0.254079254079254,0.844271412680756,0.695817490494297,0,0,0.54679802955665,0.395513577331759,0.0423116615067079,0,0,0.552115583075335,0.303347280334728,0,0.442080378250591,0.546485260770975,0,0.209503239740821,0,0,0,0,0,0.458233890214797,0.45658835546476,0.636363636363636,0,0,0,0,0,0,0,0,0.462395543175487,0,0,0,0,0,0,0,0,0,0
"Capnocytophaga_sputigena",0.722863741339492,0.339912280701754,0.983644859813084,0.764201500535906,0.494758909853249,0.897304236200257,0.955752212389381,0.293827160493827,0.762836185819071,0.747346072186836,0.774971297359357,0.33022170361727,0.910735826296743,0.964705882352941,0.555808656036446,0.920258620689655,0.630354957160343,0.97799511002445,0.767741935483871,0.835770528683915,0.916864608076009,0.582491582491583,0.963369963369963,0.966706302021403,0.982651796778191,0.95679012345679,0.579081632653061,0.763128491620112,0.977064220183486,0.725663716814159,0.6309963099631,0.969447708578143,0.597430406852248,0.813756613756614,0.771949828962372,0.943139678615575,0.860851505711319,0.959839357429719,0.711731843575419,0.637243047158404,0.712515489467162,0.445916114790287,0.89922480620155,0.758314855875831,0.865853658536585,0.997797356828194,0.490774907749078,0.870967741935484,0.705677867902665,0.873303167420814,0.62200956937799,0.607655502392344,0.876543209876543,0.97459584295612,0.803713527851459,0.766899766899767,0.555061179087875,0.893536121673004,0.901477832512315,0.931279620853081,0.9064039408867,0.747343565525384,0.958720330237358,0.631460674157303,0.554259043173862,0.805985552115583,0.889121338912134,0.894357743097239,0.749408983451537,0.979591836734694,0.964950711938664,0.83585313174946,0.811059907834101,0.894080996884735,0.838676318510858,0.315789473684211,0.50407450523865,0.556085918854415,0.638406537282942,0.504358655043587,0.65596919127086,0.810551558752998,0.914780292942743,0.748965517241379,0.750819672131148,0.867507886435331,0.932773109243697,0.820754716981132,0.754874651810585,0.962910128388017,0.790123456790123,0.654867256637168,0.660493827160494,0.623493975903614,0.971711456859972,0.899350649350649,0.891970802919708,0.901018922852984,0.663526244952894
"Propionibacterium_acnes",0.602771362586605,0.971491228070175,0.378504672897196,0.112540192926045,0.461215932914046,0.401797175866495,0.466814159292035,0.446913580246914,0.787286063569682,0.64968152866242,0.267508610792193,0.731621936989498,0.30518697225573,0.792941176470588,0.148063781321185,0.0969827586206897,0,0.621026894865526,0,0.410573678290214,0,0.288439955106622,0,0.186682520808561,0.571251548946716,0.722222222222222,0.494897959183673,0.798882681564246,0,0.190265486725664,0.970479704797048,0.616921269095182,0.817987152034261,0.95978835978836,0.331812998859749,0,0.617860851505711,0,0.488268156424581,0.680773881499395,0.677819083023544,0.33112582781457,0,0.64079822616408,0.895121951219512,0,0.318573185731857,0.156840934371524,0.592120509849363,0.214932126696833,0.251196172248804,0,0,0.212471131639723,0.652519893899204,0.885780885780886,0.946607341490545,0.889733840304182,0.512315270935961,0.530805687203792,0.322660098522167,0,0.661506707946336,0.548314606741573,0.386231038506418,0.498452012383901,0.184100418410042,0,0.494089834515366,0.600907029478458,0,0,0.788018433179724,0.204569055036345,0.358841778697001,0.449760765550239,0,0.935560859188544,0.146067415730337,0.536737235367372,0.766367137355584,0,0.757656458055925,0.539310344827586,0,0,0,0,0.71866295264624,0.566333808844508,0,0,0,0,0.756718528995757,0,0,0,0.415881561238223
"Mobiluncus_mulieris",0.521939953810624,0.605263157894737,0.691588785046729,0.659163987138264,0.352201257861635,0,0.789823008849557,0,0.405867970660147,0.309978768577495,0.678530424799082,0.278879813302217,0.613992762364294,0.225882352941176,0.62870159453303,0.59698275862069,0.671970624235006,0.618581907090465,0.654193548387097,0,0,0.18294051627385,0,0.533888228299643,0.714993804213135,0,0.489795918367347,0.606703910614525,0.844036697247706,0.584070796460177,0,0.565217391304348,0.340471092077088,0.312169312169312,0.176738882554162,0.668726823238566,0.7466251298027,0.429718875502008,0.410055865921788,0.279322853688029,0.261462205700124,0,0.614987080103359,0.505543237250554,0.458536585365854,0.55726872246696,0.601476014760148,0.526140155728587,0,0.29185520361991,0.205741626794258,0.296650717703349,0.928669410150892,0.672055427251732,0.43236074270557,0.454545454545455,0.219132369299221,0.553865652724968,0.381773399014778,0.37914691943128,0,0.369539551357733,0.657378740970072,0,0.680280046674446,0.529411764705882,0.774058577405858,0,0.300236406619385,0.1859410430839,0.465498357064622,0.375809935205184,0.592165898617512,0.0965732087227414,0.185108583247156,0.535885167464115,0.767171129220023,0.295942720763723,0.748723186925434,0.551681195516812,0.748395378690629,0.364508393285372,0,0,0,0,0,0,0,0,0,0,0,0,0,0,0,0,0
"Escherichia_coli",0.542725173210162,0.942982456140351,0,0.271168274383708,0.406708595387841,0,0.121681415929204,0.85679012345679,0.322738386308068,0.828025477707006,0.354764638346728,0.712952158693116,0.377563329312425,0,0.630979498861048,0.422413793103448,0.389228886168911,0.5440097799511,0,0.250843644544432,0.273159144893112,0.34006734006734,0.330891330891331,0,0,0,0.423469387755102,0.146368715083799,0.811926605504587,0.117256637168142,0,0,0.299785867237687,0.974603174603175,0.475484606613455,0.503090234857849,0.507788161993769,0.692101740294511,0.794413407821229,0.39540507859734,0,0.909492273730684,0.462532299741602,0.534368070953437,0.221951219512195,0.795154185022026,0.768757687576876,0.875417130144605,0.469293163383546,0.457013574660633,0.566985645933014,0.511961722488038,0.635116598079561,0.598152424942263,0.976127320954907,0.778554778554779,0.824249165739711,0,0.238916256157635,0.305687203791469,0.275862068965517,0.190082644628099,0.166150670794634,0.968539325842697,0.243873978996499,0.0773993808049536,0.351464435146443,0.198079231692677,0.205673758865248,0.417233560090703,0.237677984665936,0.280777537796976,0,0.33748701973001,0.356773526370217,0.303827751196172,0.732246798603027,0.577565632458234,0.139938712972421,0,0,0.275779376498801,0,0,0,0,0,0,0.637883008356546,0,0,0,0,0,0,0,0,0.767103347889374,0.647375504710633
"Lactobacillus_vaginalis",0.651270207852194,0.0942982456140351,0.408878504672897,0.605573419078242,0.477987421383648,0.709884467265725,0.256637168141593,0.77037037037037,0.916870415647922,0,0.22617680826636,0.292882147024504,0.208685162846803,0.750588235294118,0.523917995444191,0.521551724137931,0,0.574572127139364,0.374193548387097,0.205849268841395,0.669833729216152,0.804713804713805,0.758241758241758,0.526753864447087,0,0,0.933673469387755,0.376536312849162,0.747706422018349,0.201327433628319,0.596555965559656,0.539365452408931,0,0.737566137566138,0,0,0.227414330218069,0.710843373493976,0.557541899441341,0.313180169286578,0.670384138785626,0.315673289183223,0,0,0.568292682926829,0.829295154185022,0.923739237392374,0.259176863181313,0.3441483198146,0.15158371040724,0.631578947368421,0.978468899521531,0.530864197530864,0.325635103926097,0,0.482517482517482,0.526140155728587,0.922686945500634,0.334975369458128,0.402843601895735,0,0.213695395513577,0.558307533539732,0.878651685393258,0.185530921820303,0.479876160990712,0.539748953974895,0,0.921985815602837,0.192743764172336,0.182913472070099,0.196544276457883,0.601382488479263,0.682242990654206,0.981385729058945,0.61244019138756,0.976717112922002,0.408114558472554,0.795709908069459,0.643835616438356,0.671373555840822,0.796163069544365,0.459387483355526,0,0,0,0,0,0.766016713091922,0.611982881597718,0,0,0,0,0.742574257425743,0,0,0.467248908296943,0.537012113055182
"Mycoplasma_orale",0.168591224018476,0.557017543859649,0.574766355140187,0.631296891747053,0.454926624737945,0.453145057766367,0.674778761061947,0.807407407407407,0,0.222929936305732,0.726750861079219,0.717619603267211,0.611580217129071,0.207058823529412,0,0.398706896551724,0.914320685434517,0.902200488997555,0.313548387096774,0,0,0.784511784511784,0,0.431629013079667,0.672862453531598,0,0,0.550837988826816,0.717889908256881,0.398230088495575,0.633456334563346,0.91069330199765,0.635974304068523,0.714285714285714,0.345496009122007,0.599505562422744,0.792315680166148,0.775100401606426,0.153072625698324,0.250302297460701,0.469640644361834,0,0,0.137472283813747,0,0.753303964757709,0,0.263626251390434,0.464658169177289,0.352941176470588,0.517942583732057,0.277511961722488,0,0,0.485411140583554,0,0,0.47148288973384,0.61576354679803,0.729857819905213,0,0,0.61609907120743,0,0,0.727554179566563,0.751046025104602,0.392557022809124,0.290780141843972,0.566893424036281,0.660460021905805,0.637149028077754,0.248847926267281,0.511941848390447,0.205791106514995,0.301435406698565,0,0,0.47906026557712,0,0,0,0.637816245006658,0,0,0,0,0,0,0,0,0,0,0,0,0,0,0,0
"Treponema_medium",0.8729792147806,0.848684210526316,0.679906542056075,0.834941050375134,0.758909853249476,0.673940949935815,0.805309734513274,0.266666666666667,0.410757946210269,0.556263269639066,0.738231917336395,0.883313885647608,0.527141133896261,0.705882352941177,0.783599088838269,0.892241379310345,0.720930232558139,0.885085574572127,0.329032258064516,0.997750281214848,0.97624703087886,0.928170594837261,0.916971916971917,0.902497027348395,0.586121437422553,0.799382716049383,0.676020408163265,0.597765363128492,0.805045871559633,0.856194690265487,0.340713407134071,0.649823736780259,0.961456102783726,0.0984126984126984,0.945267958950969,0.708281829419036,0.954309449636552,0.405622489959839,0.94413407821229,0.987908101571947,0.762081784386617,0.993377483443709,0.832041343669251,0.966740576496674,0.368292682926829,0.352422907488987,0.859778597785978,0.632925472747497,0.893395133256083,0.993212669683258,0.952153110047847,0.952153110047847,0.753086419753086,0.484988452655889,0.854111405835544,0.41025641025641,0.352614015572859,0.860583016476553,0.886699507389163,0.90521327014218,0.302955665024631,0.919716646989374,0.828689370485036,0.593258426966292,0.955659276546091,0.715170278637771,0.665271966527197,0.82953181272509,0.900709219858156,0.959183673469388,0.785323110624315,0.857451403887689,0.686635944700461,0.148494288681205,0.89865563598759,0.729665071770335,0.830034924330617,0.715990453460621,0.442288049029622,0.748443337484433,0.602053915275995,0.467625899280576,0.848202396804261,0.757241379310345,0,0,0,0.729559748427673,0.501392757660167,0.74037089871612,0.716049382716049,0.75811209439528,0,0.61144578313253,0.903818953323904,0,0.614598540145985,0.656477438136827,0.757738896366083
"Selenomonas_infelix",0.919168591224019,0.719298245614035,0.327102803738318,0.952840300107181,0.878406708595388,0.812580231065469,0.424778761061947,0.303703703703704,0.819070904645477,0.059447983014862,0.970149253731343,0.337222870478413,0.585042219541616,0.2,0.924829157175399,0.984913793103448,0.365973072215422,0.288508557457213,0.396129032258065,0.763779527559055,0.966745843230404,0.625140291806959,0.743589743589744,0.357907253269917,0.469640644361834,0.648148148148148,0.956632653061224,0.899441340782123,0.899082568807339,0.382743362831858,0.904059040590406,0.403055229142186,0.987152034261242,0.185185185185185,0.876852907639681,0.854140914709518,0.975077881619938,0.745649263721553,0.941899441340782,0.92503022974607,0.796778190830235,0.666666666666667,0.953488372093023,0.350332594235033,0.509756097560976,0.143171806167401,0.633456334563346,0.6440489432703,0.643105446118192,0.981900452488688,0.220095693779904,0.87799043062201,0.8079561042524,0.621247113163972,0.73474801061008,0.734265734265734,0.775305895439377,0.61723700887199,0.768472906403941,0.850710900473934,0.852216748768473,0.884297520661157,0.845201238390093,0.182022471910112,0.927654609101517,0.760577915376677,0.673640167364017,0.872749099639856,0.631205673758865,0.852607709750567,0.693318729463308,0.831533477321814,0.771889400921659,0.0654205607476635,0.286452947259566,0.495215311004785,0.727590221187427,0.909307875894988,0.509703779366701,0.489414694894147,0.373555840821566,0.419664268585132,0.715046604527297,0.415172413793103,0,0,0,0,0.487465181058496,0.851640513552068,0,0,0.598765432098765,0.518072289156627,0.677510608203677,0,0.687591240875912,0.668122270742358,0.572005383580081
"Prevotella_corporis",0.685912240184757,0.129385964912281,0.198598130841121,0.787781350482315,0.236897274633124,0.499358151476252,0.486725663716814,0,0.640586797066015,0.573248407643312,0,0.736289381563594,0.454764776839566,0,0,0.0862068965517241,0.7062423500612,0.779951100244499,0.625806451612903,0,0.28978622327791,0.584736251402918,0,0,0,0,0,0.407821229050279,0,0,0.343173431734317,0.445358401880141,0.777301927194861,0.504761904761905,0.712656784492588,0,0.318795430944964,0,0,0.494558645707376,0.548946716232962,0.233995584988962,0,0.425720620842572,0,0.643171806167401,0,0,0,0.690045248868778,0.356459330143541,0.301435406698565,0,0,0,0,0,0.404309252217997,0,0,0.280788177339901,0,0.124871001031992,0.224719101123595,0,0.356037151702786,0.493723849372385,0.774309723889556,0.347517730496454,0,0.393209200438116,0.447084233261339,0.615207373271889,0.35202492211838,0.563598759048604,0,0,0,0.342185903983657,0,0,0,0.472703062583222,0,0,0,0,0,0,0,0,0,0,0,0,0,0,0,0
"Leptotrichia_goodfellowii",0.739030023094688,0.546052631578947,0.700934579439252,0.314040728831726,0.830188679245283,0.509627727856226,0.889380530973451,0.765432098765432,0.310513447432763,0.876857749469214,0.458094144661309,0.509918319719953,0.35102533172497,0.352941176470588,0.952164009111617,0.84698275862069,0.417380660954712,0.682151589242054,0.669677419354839,0.471316085489314,0.72209026128266,0.762065095398429,0.687423687423687,0.873959571938169,0.771995043370508,0.848765432098765,0.466836734693878,0.537430167597765,0.495412844036697,0.70353982300885,0.463714637146371,0.851938895417156,0.69593147751606,0.508994708994709,0.518814139110604,0.713226205191595,0.223260643821391,0.659973226238286,0.372067039106145,0.211608222490931,0.71995043370508,0.593818984547461,0.909560723514212,0.988913525498891,0.814634146341463,0.629955947136564,0.389913899138991,0.919911012235818,0.844727694090382,0.389140271493213,0.557416267942584,0.325358851674641,0.991769547325103,0.662817551963048,0.893899204244032,0.496503496503497,0.744160177975528,0.754119138149556,0.977832512315271,0.924170616113744,0.82512315270936,0.853600944510035,0.816305469556244,0.220224719101124,0.883313885647608,0.651186790505676,0.845188284518828,0.611044417767107,0.390070921985816,0.80952380952381,0.831325301204819,0.818574514038877,0.762672811059908,0.819314641744548,0.635987590486039,0.614832535885168,0.527357392316647,0.193317422434368,0.936670071501532,0.546699875466999,0.732991014120667,0.748201438848921,0.688415446071904,0.423448275862069,0,0,0,0,0.632311977715877,0.423680456490728,0,0.84070796460177,0,0,0.465346534653465,0,0.544525547445255,0,0.383580080753701
"Selenomonas_bovis",0.408775981524249,0.81140350877193,0.726635514018692,0.742765273311897,0.285115303983228,0.722721437740693,0.84070796460177,0.834567901234568,0.273838630806846,0.503184713375796,0.517795637198622,0.239206534422404,0.80940892641737,0.858823529411765,0.580865603644647,0.625,0,0.718826405867971,0.367741935483871,0.325084364454443,0,0.591470258136925,0.582417582417582,0.812128418549346,0.591078066914498,0,0.829081632653061,0.358659217877095,0.222477064220183,0.79646017699115,0.414514145141451,0.835487661574618,0.73661670235546,0.75026455026455,0.730900798175599,0.629171817058096,0.669781931464174,0.48326639892905,0.316201117318436,0.454655380894801,0,0.417218543046358,0,0.667405764966741,0.5,0,0.626076260762608,0.597330367074527,0.300115874855156,0.14027149321267,0.210526315789474,0.332535885167464,0,0.847575057736721,0,0,0.270300333704116,0.340937896070976,0.229064039408867,0.502369668246445,0,0.32939787485242,0.915376676986584,0.534831460674157,0.754959159859977,0.64499484004128,0.631799163179916,0.699879951980792,0.304964539007092,0.727891156462585,0.386637458926616,0.3585313174946,0.776497695852535,0.640706126687435,0.695966907962771,0.296650717703349,0.764842840512224,0.241050119331742,0.720122574055158,0.88293897882939,0.301668806161746,0.45083932853717,0,0,0,0,0,0,0,0,0,0,0,0,0,0,0,0,0
"Chryseobacterium_kwangjuense",0.715935334872979,0.519736842105263,0,0.316184351554126,0,0,0.623893805309734,0,0,0.131634819532909,0,0.912485414235706,0,0,0,0.286637931034483,0,0,0.536774193548387,0.361079865016873,0.494061757719715,0,0,0.438763376932224,0.392812887236679,0,0.313775510204082,0.675977653631285,0,0.495575221238938,0,0,0,0.657142857142857,0,0,0.111111111111111,0,0,0,0,0.258278145695364,0.475452196382429,0.472283813747228,0.54390243902439,0.220264317180617,0.517835178351783,0,0.422943221320973,0.425339366515837,0,0,0,0.533487297921478,0,0,0,0,0,0,0,0.678866587957497,0.320949432404541,0,0.299883313885648,0.403508771929825,0.0878661087866109,0,0.229314420803783,0.294784580498866,0.176341730558598,0.321814254859611,0,0,0.317476732161324,0,0,0,0.613891726251277,0,0,0,0,0,0,0,0,0,0,0,0,0,0,0,0,0,0,0,0
"Lactobacillus_delbrueckii",0.732101616628176,0.907894736842105,0.525700934579439,0.123258306538049,0.115303983228512,0.661103979460847,0.382743362831858,0.854320987654321,0.251833740831296,0.558386411889597,0.779563719862227,0,0.67913148371532,0.188235294117647,0.501138952164009,0.385775862068966,0,0,0.416774193548387,0.391451068616423,0,0.20314253647587,0.240537240537241,0,0.291201982651797,0,0.831632653061224,0.633519553072626,0,0.245575221238938,0.335793357933579,0.647473560517039,0.0963597430406852,0.55978835978836,0.511972633979475,0,0.358255451713396,0,0,0.288996372430472,0,0.326710816777042,0,0.725055432372506,0.958536585365854,0.781938325991189,0.525215252152522,0,0.51332560834299,0.53393665158371,0,0.784688995215311,0,0.445727482678984,0,0,0.294771968854283,0,0.433497536945813,0.265402843601896,0,0.279811097992916,0.143446852425181,0,0.472578763127188,0.308565531475748,0.200836820083682,0,0,0.380952380952381,0.233296823658269,0.181425485961123,0.384792626728111,0.379023883696781,0.944157187176836,0,0,0.400954653937947,0.301327885597549,0.357409713574097,0.632862644415918,0,0,0,0,0,0,0,0.434540389972145,0,0,0,0,0.566265060240964,0,0,0,0.572052401746725,0.569313593539704
"Lactobacillus_fermentum",0.254041570438799,0.421052631578947,0.511682242990654,0.421221864951768,0.888888888888889,0.635430038510911,0.683628318584071,0.802469135802469,0.938875305623472,0.420382165605096,0.322617680826636,0.344224037339557,0.667068757539204,0.804705882352941,0.173120728929385,0.252155172413793,0,0,0.378064516129032,0.199100112485939,0.809976247030879,0.643097643097643,0.721611721611722,0.609988109393579,0.363073110285006,0,0.604591836734694,0.427932960893855,0.665137614678899,0.741150442477876,0.490774907749078,0.779083431257344,0.730192719486081,0.84973544973545,0.359179019384265,0,0.489096573208723,0,0,0.654171704957678,0.814126394052045,0.273730684326711,0.339793281653747,0.126385809312639,0.934146341463415,0.248898678414097,0.591635916359164,0.279199110122358,0.520278099652375,0.617647058823529,0.839712918660287,0.973684210526316,0,0.706697459584296,0,0.256410256410256,0.826473859844271,0,0.591133004926108,0.4739336492891,0,0.341204250295159,0.680082559339525,0.179775280898876,0.58926487747958,0.411764705882353,0.315899581589958,0,0.508274231678487,0.653061224489796,0.323110624315444,0.222462203023758,0.69815668202765,0.717549325025961,0.911065149948294,0.485645933014354,0.79976717112922,0.606205250596659,0.530132788559755,0.838107098381071,0.884467265725289,0.774580335731415,0.73901464713715,0.481379310344828,0,0.839116719242902,0,0,0.846796657381616,0.666191155492154,0,0.51622418879056,0,0,0.748231966053748,0,0,0.595342066957787,0.375504710632571
"Neisseria_elongata",0.785219399538106,0.578947368421053,0.810747663551402,0.573419078242229,0.375262054507338,0.879332477535302,0.964601769911504,0.839506172839506,0.853300733496333,0.588110403397028,0.324913892078071,0.381563593932322,0.966224366706876,0.647058823529412,0.507972665148064,0.756465517241379,0.429620563035496,0.787286063569682,0.393548387096774,0.408323959505062,0,0.961840628507295,0.545787545787546,0.619500594530321,0.898389095415118,0,0.642857142857143,0.957541899441341,0.318807339449541,0.371681415929204,0.505535055350554,0.91304347826087,0.5203426124197,0.718518518518519,0.867730900798176,0.334981458590853,0.709241952232606,0.552878179384203,0.584357541899441,0.939540507859734,0.940520446096654,0.176600441501104,0.917312661498708,0.747228381374723,0.995121951219512,0.651982378854626,0.822878228782288,0.272525027808676,0.483198146002317,0.565610859728507,0.930622009569378,0.655502392344498,0.492455418381344,0.903002309468822,0.769230769230769,0.606060606060606,0.401557285873192,0.399239543726236,0.866995073891626,0.936018957345972,0,0.641086186540732,0.96078431372549,0.38876404494382,0.703617269544924,0.888544891640867,0.786610878661088,0.800720288115246,0.633569739952719,0.272108843537415,0.923329682365827,0.937365010799136,0.599078341013825,0.844236760124611,0.933815925542916,0.26555023923445,0.541327124563446,0.381861575178998,0.658835546475996,0.38480697384807,0.571245186136072,0.388489208633094,0.938748335552597,0.76551724137931,0.665573770491803,0.892744479495268,0.979831932773109,0.773584905660377,0.891364902506964,0.83737517831669,0.817901234567901,0.899705014749263,0.808641975308642,0.713855421686747,0.937765205091938,0.886363636363636,0.897810218978102,0.601164483260553,0.89771197846568
"Oribacterium_sinus",0.953810623556582,0.800438596491228,0.551401869158878,0.657020364415863,0.329140461215933,0.553273427471117,0.725663716814159,0.567901234567901,0.899755501222494,0.823779193205945,0.947187141216992,0.79463243873979,0.930036188178528,0.364705882352941,0.810933940774487,0.831896551724138,0.529987760097919,0.907090464547677,0.664516129032258,0.437570303712036,0.247030878859857,0.156004489337823,0.804639804639805,0.969084423305589,0.68277571251549,0.91358024691358,0.426020408163265,0.874860335195531,0.802752293577982,0.710176991150443,0.76629766297663,0.887191539365452,0.659528907922912,0.724867724867725,0.84036488027366,0.394313967861557,0.11318795430945,0.962516733601071,0.177653631284916,0.929866989117291,0.863692688971499,0.467991169977925,0.997416020671835,0.401330376940133,0.439024390243902,0.693832599118943,0.446494464944649,0.817575083426029,0.842410196987254,0.436651583710407,0.330143540669856,0.866028708133971,0.390946502057613,0.803695150115473,0.86737400530504,0.813519813519814,0.637374860956618,1,0.926108374384236,0.893364928909953,0.963054187192118,0.77331759149941,0.79360165118679,0.368539325842697,0.782963827304551,0.96078431372549,0.924686192468619,0.937575030012005,0.539007092198582,0.591836734693878,0.973713033953998,0.976241900647948,0.951612903225806,0.325025960539979,0.166494312306101,0.889952153110048,0.327124563445867,0.878281622911695,0.814096016343207,0.982565379825654,0.807445442875481,0.860911270983213,0.930758988015979,0.44551724137931,0.826229508196721,0.927444794952681,0,0.927672955974843,0.927576601671309,0.631954350927247,0.564814814814815,0.87905604719764,0.685185185185185,0.746987951807229,0.612446958981612,0.922077922077922,0.959124087591241,0.665211062590975,0.860026917900404
"Solobacterium_moorei",0.87066974595843,0.607456140350877,0.955607476635514,0.717041800643087,0.976939203354298,0.637997432605905,0.975663716814159,0.688888888888889,0.224938875305623,0.804670912951168,0.960964408725603,0.885647607934656,0.961399276236429,0.912941176470588,0.9749430523918,0.676724137931034,0.87515299877601,0.819070904645477,0.860645161290323,0.723284589426322,0.866983372921615,0.120089786756453,0.496947496947497,0.39833531510107,0.942998760842627,0.771604938271605,0.709183673469388,0.470391061452514,0.988532110091743,0.991150442477876,0.832718327183272,0.957696827262045,0.254817987152034,0.798941798941799,0.851767388825542,0.377008652657602,0.557632398753894,0.611780455153949,0.602234636871508,0.748488512696493,0.821561338289963,0.770419426048565,0.963824289405685,0.937915742793792,0.817073170731707,0.60352422907489,0.845018450184502,0.866518353726363,0.821552723059096,0.305429864253394,0.985645933014354,0.779904306220096,0.720164609053498,0.926096997690531,0.925729442970822,0.745920745920746,0.339265850945495,0.376425855513308,0.66256157635468,0.789099526066351,0.982758620689655,0.966942148760331,0.684210526315789,0.507865168539326,0.971995332555426,0.985552115583075,0.99581589958159,0.97358943577431,0.524822695035461,0.716553287981859,0.903614457831325,0.963282937365011,0.32258064516129,0.769470404984424,0.592554291623578,0.937799043062201,0.275902211874272,0.374701670644391,0.940755873340143,0.960149439601494,0.966623876765083,0.865707434052758,0.976031957390146,0.964137931034483,0.918032786885246,0.747634069400631,0.741176470588235,0,0.896935933147632,0.472182596291013,0.966049382716049,0.504424778761062,0.888888888888889,0.882530120481928,0.485148514851485,0.87012987012987,0.883211678832117,0.63901018922853,0.946164199192463
"Eggerthia_catenaformis",0.653579676674365,0.662280701754386,0.651869158878505,0.337620578778135,0.876310272536688,0.360718870346598,0.533185840707965,0,0.371638141809291,0.794055201698514,0.290470723306544,0.617269544924154,0.20627261761158,0.517647058823529,0.658314350797267,0.823275862068966,0.358629130966952,0,0.530322580645161,0.802024746906637,0.857482185273159,0,0.731379731379731,0.828775267538645,0.311028500619579,0,0.905612244897959,0.526256983240223,0.527522935779816,0.853982300884956,0.392373923739237,0.217391304347826,0.710920770877944,0.187301587301587,0.377423033067275,0.925834363411619,0.835929387331256,0.456492637215529,0.91731843575419,0.84764207980653,0.258983890954151,0.940397350993378,0.689922480620155,0.560975609756098,0.690243902439024,0.544052863436123,0.842558425584256,0.39265850945495,0.365005793742758,0.608597285067873,0.545454545454545,0.30622009569378,0,0.302540415704388,0.517241379310345,0.638694638694639,0.225806451612903,0.817490494296578,0.480295566502463,0.540284360189573,0,0.626918536009445,0.601651186790506,0.352808988764045,0.803967327887981,0.47781217750258,0.186192468619247,0,0.680851063829787,0.773242630385488,0.478641840087623,0.611231101511879,0.440092165898617,0.56386292834891,0.648397104446742,0.409090909090909,0.366705471478463,0.367541766109785,0.4341164453524,0.855541718555417,0.743260590500642,0.273381294964029,0.44607190412783,0.710344827586207,0,0,0,0,0.445682451253482,0.663338088445078,0,0.743362831858407,0,0,0.422913719943423,0,0,0,0.717362045760431
"Clostridium_ultunense",0.709006928406467,0.300438596491228,0,0.209003215434084,0,0,0.559734513274336,0,0,0.619957537154989,0,0.682613768961494,0.570566948130277,0.272941176470588,0.300683371298405,0.329741379310345,0.343941248470012,0,0,0.597300337457818,0,0.800224466891134,0,0,0,0,0,0,0.31651376146789,0,0,0,0.556745182012848,0.470899470899471,0,0,0.779854620976116,0,0.93072625698324,0.484885126964934,0,0.657836644591612,0.41343669250646,0.110864745011086,0.219512195121951,0,0.702337023370234,0,0.219003476245655,0.626696832579186,0.555023923444976,0,0.580246913580247,0,0,0,0,0,0,0,0,0,0.26109391124871,0.197752808988764,0.647607934655776,0.0732714138286894,0.389121338912134,0,0,0.555555555555556,0.423877327491785,0.47732181425486,0,0.318795430944964,0.162357807652534,0.478468899521531,0.233993015133877,0,0.444330949948927,0,0.304236200256739,0.206235011990408,0,0,0,0,0,0,0,0,0,0,0,0,0,0,0,0,0
"Granulicatella_elegans",0.61662817551963,0.769736842105263,0.757009345794392,0.678456591639871,0.50104821802935,0.956354300385109,0.878318584070796,0.844444444444444,0.809290953545232,0.668789808917197,0.940298507462687,0.70828471411902,0.896260554885404,0.8,0.829157175398633,0.801724137931034,0.82374541003672,0.337408312958435,0.636129032258064,0.811023622047244,0.66270783847981,0.47699214365881,0.714285714285714,0.236623067776457,0.526641883519207,0.919753086419753,0.400510204081633,0.673743016759777,0.268348623853211,0.95353982300885,0.908979089790898,0.755581668625147,0.610278372591006,0.674074074074074,0.701254275940707,0.512978986402967,0.472481827622015,0.882195448460509,0.369832402234637,0.528415961305925,0.714993804213135,0.335540838852097,0.744186046511628,0.365853658536585,0.807317073170732,0.308370044052863,0.85239852398524,0.408231368186874,0.830822711471611,0.46606334841629,0.875598086124402,0.523923444976077,0.709190672153635,0.921478060046189,0.559681697612732,0.918414918414918,0.966629588431591,0.538656527249683,0.785714285714286,0.755924170616114,0.88423645320197,0.988193624557261,0.760577915376677,0.539325842696629,0.53558926487748,0.948400412796698,0.943514644351464,0.447779111644658,0.806146572104019,0.687074829931973,0.83789704271632,0.730021598272138,0.882488479262673,0.825545171339564,0.702171664943123,0.803827751196172,0.983701979045402,0.677804295942721,0.605720122574055,0.484433374844334,0.494223363286264,0.52757793764988,0.901464713715047,0,0.770491803278688,0.637223974763407,0.959663865546219,0.606918238993711,0.838440111420613,0.452211126961484,0.898148148148148,0.48377581120944,0.87962962962963,0.933734939759036,0.428571428571429,0.883116883116883,0.85985401459854,0.560407569141194,0.722745625841184
"Neisseria_subflava",0.286374133949192,0,0.824766355140187,0.185423365487674,0.171907756813417,0.471116816431322,0.756637168141593,0.422222222222222,0.547677261613692,0.454352441613588,0.370838117106774,0.274212368728121,0.876960193003619,0.437647058823529,0.694760820045558,0.211206896551724,0.233782129742962,0.995110024449878,0.388387096774194,0.484814398200225,0,0.472502805836139,0,0.693222354340071,0.890954151177199,0,0,0.512849162011173,0,0.276548672566372,0.530135301353014,0.207990599294947,0.573875802997859,0.451851851851852,0.40478905359179,0,0.551401869158878,0.989290495314592,0.494972067039106,0.559854897218863,0.425030978934325,0,0,0.419068736141907,0.804878048780488,0.350220264317181,0.72939729397294,0.377085650723026,0.205098493626883,0.972850678733032,0.289473684210526,0.456937799043062,0,0.644341801385681,0.403183023872679,0.608391608391608,0.868743047830923,0.396704689480355,0.46551724137931,0.556872037914692,0,0.730814639905549,0.686274509803922,0.310112359550562,0.327887981330222,0.622291021671827,0.656903765690377,0.6062424969988,0.449172576832151,0.496598639455782,0.809419496166484,0.771058315334773,0.182027649769585,0.87331256490135,0.491209927611169,0.755980861244019,0,0,0.746680286006129,0,0,0.206235011990408,0.709720372836218,0.75448275862069,0.655737704918033,0.735015772870662,0.73109243697479,0.930817610062893,0.816155988857939,0.900142653352354,0.660493827160494,0.713864306784661,0.898148148148148,0.641566265060241,0.892503536067892,0.691558441558442,0.570802919708029,0.75254730713246,0.617765814266487
"Campylobacter_concisus",1,0.890350877192982,0.913551401869159,0.601286173633441,0.867924528301887,0.905006418485237,0.944690265486726,0.898765432098765,0.344743276283619,0.955414012738854,0.974741676234214,0.288214702450408,0.884197828709288,0.809411764705882,0.906605922551253,0.786637931034483,0.547123623011016,0.806845965770171,0.713548387096774,0.601799775028121,0.553444180522565,0.656565656565657,0.750915750915751,0.935790725326992,0.806691449814126,0.746913580246914,0.627551020408163,0.939664804469274,0.823394495412844,0.949115044247788,0.891758917589176,0.927144535840188,0.28051391862955,0.267724867724868,0.92018244013683,0.681087762669963,0.848390446521288,0.694779116465863,0.894972067039106,0.941958887545345,0.526641883519207,0.960264900662252,0.901808785529716,0.698447893569845,0.648780487804878,0.958149779735683,0.478474784747847,0.886540600667408,0.898030127462341,0.239819004524887,0.796650717703349,0.904306220095694,0.640603566529492,0.889145496535797,0.623342175066313,0.284382284382284,0.348164627363737,0.738910012674271,0.933497536945813,0.917061611374408,0.600985221674877,0.570247933884298,0.931888544891641,0.514606741573034,0.908984830805134,0.971104231166151,0.956066945606695,0.939975990396158,0.898345153664303,0.886621315192744,0.910186199342826,0.907127429805616,0.942396313364055,0.821391484942887,0.267838676318511,0.906698564593301,0.355064027939465,0.789976133651551,0.975485188968335,0.342465753424658,0.889602053915276,0.875299760191847,0.933422103861518,0.911724137931034,1,0.634069400630915,0.757983193277311,0.949685534591195,0.924791086350975,0.871611982881598,0.780864197530864,0.882005899705015,0.962962962962963,0.960843373493976,0.496463932107496,0.983766233766234,0.970802919708029,0.755458515283843,0.967698519515478
"Prevotella_melaninogenica",0.939953810623557,0.964912280701754,0.866822429906542,0.804930332261522,0.983228511530398,0.866495507060334,0.924778761061947,0.617283950617284,0.745721271393643,0.912951167728238,0.986222732491389,0.656942823803967,0.985524728588661,0.230588235294118,0.988610478359909,0.987068965517241,0.990208078335373,0.80440097799511,0.925161290322581,0.995500562429696,0.945368171021378,0.773288439955107,0.987789987789988,0.854934601664685,0.938042131350681,1,0.502551020408163,0.984357541899441,0.995412844036697,0.982300884955752,0.707257072570726,0.8213866039953,0.826552462526767,0.875132275132275,0.860889395667047,0.458590852904821,0.433021806853583,0.753681392235609,0.910614525139665,1,0.747211895910781,0.995584988962472,0.808785529715762,0.953436807095344,0.836585365853659,0.162995594713656,0.88929889298893,0.837597330367075,0.466975666280417,0.135746606334842,0.327751196172249,0.933014354066986,0.574759945130315,0.66743648960739,0.96551724137931,0.862470862470862,0.773081201334817,0.885931558935361,0.95320197044335,0.9739336492891,0.958128078817734,0.990554899645809,0.925696594427245,0.721348314606742,0.976662777129522,0.987616099071207,0.968619246861925,0.990396158463385,0.810874704491726,0.82312925170068,0.958378970427163,0.952483801295896,0.956221198156682,0.989615784008307,0.708376421923475,0.880382775119617,0.387660069848661,0.949880668257757,0.920326864147089,0.990037359900374,0.856225930680359,0.393285371702638,0.981358189081225,0.944827586206897,0.977049180327869,0.958990536277603,0.687394957983193,0.959119496855346,0.50974930362117,0.432239657631954,0.54320987654321,0.864306784660767,0.645061728395062,0.918674698795181,0.702970297029703,0.707792207792208,0.608759124087591,0.522561863173217,0.90578734858681
"Megasphaera_micronuciformis",0.979214780600462,0.703947368421053,0.978971962616822,0.993569131832797,0.972746331236897,0.96405648267009,1,0.985185185185185,0.440097799511002,0.978768577494692,0.972445464982778,0.215869311551925,0.971049457177322,0.997647058823529,0.651480637813212,0.879310344827586,0.821297429620563,0.973105134474328,0.806451612903226,0.925759280089989,0.596199524940618,0.973063973063973,0.995115995115995,0.947681331747919,0.975216852540273,0.990740740740741,0.772959183673469,0.736312849162011,0.146788990825688,0.997787610619469,0.977859778597786,0.990599294947121,0.813704496788009,0.983068783068783,0.90193842645382,0.644004944375773,0.906542056074766,0.98661311914324,0.959776536312849,0.990326481257557,0.739776951672863,0.984547461368653,0.532299741602067,0.984478935698448,0.521951219512195,0.991189427312775,0.56949569495695,0.859844271412681,0.997682502896871,0.927601809954751,0.789473684210526,0.54066985645933,0.805212620027435,0.997690531177829,0.93368700265252,0.685314685314685,0.521690767519466,0.76425855513308,0.711822660098522,0.85781990521327,0.768472906403941,0.84887839433294,0.995872033023736,0.460674157303371,0.957992998833139,0.991744066047472,0.989539748953975,0.947178871548619,0.985815602836879,0.968253968253968,0.67579408543264,0.684665226781857,0.981566820276498,0.977154724818276,0.983453981385729,0.777511961722488,0.972060535506403,0.930787589498807,1,0.995018679950187,0.825417201540436,0.808153477218225,1,0.997241379310345,0.865573770491803,0.971608832807571,0,0.974842767295597,0.977715877437326,0.891583452211127,0.990740740740741,0.781710914454277,0.993827160493827,0.993975903614458,0.997171145685997,0.925324675324675,0.67007299270073,0.985443959243086,1
"Cryptobacterium_curtum",0.600461893764434,0.116228070175439,0.759345794392523,0.813504823151125,0.276729559748428,0.632862644415918,0.767699115044248,0.716049382716049,0.733496332518337,0.798301486199575,0.82089552238806,0.269544924154026,0.698431845597105,0.908235294117647,0.790432801822323,0.765086206896552,0.899632802937577,0.87041564792176,0,0.336332958380202,0.527315914489311,0.809203142536476,0.831501831501832,0.265160523186683,0.613382899628253,0.672839506172839,0.885204081632653,0.418994413407821,0.759174311926605,0.845132743362832,0.734317343173432,0.931844888366627,0.88865096359743,0.902645502645503,0.72405929304447,0.745364647713226,0.651090342679128,0.397590361445783,0.173184357541899,0.700120918984281,0.925650557620818,0.47682119205298,0.498708010335917,0.527716186252772,0.35609756097561,0.147577092511013,0.522755227552276,0.592880978865406,0.752027809965238,0.65158371040724,0.980861244019139,0.272727272727273,0.857338820301783,0.868360277136259,0.389920424403183,0.172494172494172,0.664071190211346,0.477820025348542,0.694581280788177,0.677725118483412,0.689655172413793,0.900826446280992,0.756449948400413,0.175280898876404,0.334889148191365,0.737874097007224,0.868200836820084,0.507803121248499,0.962174940898345,0.786848072562358,0.590361445783133,0.578833693304536,0.794930875576037,0.489096573208723,0.921406411582213,0.815789473684211,0.781140861466822,0.713603818615752,0.854954034729316,0.925280199252802,0.745827984595635,0.726618705035971,0.810918774966711,0,0,0,0,0,0,0.874465049928673,0,0.536873156342183,0,0,0.43988684582744,0,0.64963503649635,0.589519650655022,0.639300134589502
"Prevotella_timonensis",0.515011547344111,0.980263157894737,0.621495327102804,0.393354769560557,0.49685534591195,0.706033376123235,0.287610619469027,0.404938271604938,0.481662591687042,0.0743099787685775,0.377726750861079,0.175029171528588,0.471652593486128,0.185882352941176,0,0.303879310344828,0.777233782129743,0.777506112469438,0.581935483870968,0,0,0.212121212121212,0.304029304029304,0.797859690844233,0,0,0,0.416759776536313,0.263761467889908,0.579646017699115,0.84009840098401,0.898942420681551,0.182012847965739,0.528042328042328,0.525655644241733,0,0.160955347871236,0,0.521787709497207,0,0,0.487858719646799,0,0.235033259423503,0,0.443832599118943,0,0.159065628476085,0.791425260718424,0.19683257918552,0.284688995215311,0.897129186602871,0,0.334872979214781,0,0,0,0.447401774397972,0,0.225118483412322,0.339901477832512,0.371900826446281,0.065015479876161,0,0,0.430340557275542,0.108786610878661,0.867947178871549,0.588652482269504,0.464852607709751,0.345016429353779,0.31317494600432,0.490783410138249,0.42263759086189,0.319544984488108,0,0.60186263096624,0,0.258426966292135,0.554171855541719,0,0.213429256594724,0,0,0,0,0,0,0,0,0,0.737463126843658,0,0,0,0,0,0,0.391655450874832
"Atopobium_vaginae",0.736720554272517,0.471491228070175,0.22196261682243,0,0.161425576519916,0.62002567394095,0.29646017699115,0.254320987654321,0.342298288508557,0.123142250530786,0.357060849598163,0.906651108518086,0,0.183529411764706,0.537585421412301,0.575431034482759,0.602203182374541,0,0,0.640044994375703,0.769596199524941,0,0.299145299145299,0.593341260404281,0,0,0.594387755102041,0,0.659403669724771,0.652654867256637,0.562115621156212,0.567567567567568,0.171306209850107,0.326984126984127,0.302166476624857,0,0.524402907580478,0.831325301204819,0.383240223463687,0.240628778718259,0,0.766004415011038,0,0.392461197339246,0.851219512195122,0,0.810578105781058,0,0.202780996523754,0.762443438914027,0.409090909090909,0.736842105263158,0.55281207133059,0.367205542725173,0,0,0.1412680756396,0,0.312807881773399,0.191943127962085,0.310344827586207,0.390791027154664,0.275541795665635,0.775280898876405,0.474912485414236,0.504643962848297,0.205020920502092,0,0,0.46031746031746,0.235487404162103,0.293736501079914,0.207373271889401,0.356178608515057,0.253360910031024,0.703349282296651,0.49708963911525,0.210023866348449,0.323799795709908,0.26027397260274,0.414634146341463,0,0.491344873501997,0.613793103448276,0,0,0,0,0,0.629101283880171,0,0,0,0,0,0,0,0,0.378196500672948
"Sediminibacterium_salmoneum",0.337182448036952,0.75219298245614,0,0.37620578778135,0.392033542976939,0.381258023106547,0.342920353982301,0,0,0.681528662420382,0.591274397244546,0,0,0,0.469248291571754,0.107758620689655,0,0,0,0,0.610451306413302,0.64983164983165,0,0,0,0,0,0.521787709497207,0.38302752293578,0,0,0,0,0.633862433862434,0.210946408209806,0,0,0,0,0,0.396530359355638,0.841059602649007,0.930232558139535,0,0,0.273127753303965,0.603936039360394,0.510567296996663,0,0,0,0.248803827751196,0.873799725651577,0.207852193995381,0,0.687645687645688,0.317018909899889,0,0,0.319905213270142,0.29064039408867,0.208972845336482,0.314757481940144,0.328089887640449,0.465577596266044,0.42827657378741,0.110878661087866,0,0,0,0,0,0.516129032258065,0,0,0,0,0,0.409601634320735,0.387297633872976,0,0,0,0,0,0,0,0,0,0,0,0,0,0,0,0,0,0,0
"Abiotrophia_defectiva",0.321016166281755,0.212719298245614,0.908878504672897,0.89924973204716,0.69601677148847,0.820282413350449,0.880530973451327,0.493827160493827,0.89242053789731,0.0636942675159236,0.809414466130884,0.201866977829638,0.529553679131484,0.882352941176471,0.854214123006834,0.915948275862069,0.314565483476132,0.227383863080685,0.504516129032258,0.797525309336333,0.643705463182898,0.434343434343434,0.887667887667888,0.293697978596908,0.79182156133829,0.888888888888889,0.540816326530612,0.570949720670391,0.935779816513762,0.915929203539823,0.835178351783518,0.823736780258519,0.355460385438972,0.701587301587302,0.740022805017104,0.404202719406675,0.194184839044652,0.785809906291834,0.284916201117318,0.891172914147521,0.910780669144981,0.251655629139073,0.801033591731266,0.130820399113082,0.829268292682927,0.579295154185022,0.690036900369004,0.474972191323693,0.492468134414832,0.319004524886878,0.770334928229665,0.466507177033493,0.98079561042524,0.933025404157044,0.347480106100796,0.808857808857809,0.770856507230256,0.959442332065906,0.746305418719212,0.791469194312796,0.881773399014778,0.485242030696576,0.865841073271414,0.597752808988764,0.871645274212369,0.880288957688338,0.872384937238494,0.942376950780312,0.222222222222222,0.673469387755102,0.772179627601314,0.799136069114471,0.84331797235023,0.646936656282451,0.755946225439504,0.944976076555024,0.909196740395809,0.751789976133652,0.634320735444331,0.671232876712329,0.437740693196406,0.496402877697842,0.944074567243675,0.718620689655172,0,0.649842271293375,0.878991596638655,0,0.724233983286908,0.466476462196862,0.608024691358025,0.669616519174041,0.753086419753086,0.759036144578313,0.57001414427157,0.827922077922078,0.839416058394161,0.941775836972344,0.542395693135935
"Gemella_morbillorum",0.318706697459584,0.394736842105263,0.717289719626168,0.989281886387996,0.909853249475891,0.815147625160462,0.807522123893805,0.871604938271605,0.97799511002445,0.821656050955414,0.91963260619977,0.992998833138857,0.688781664656212,0.924705882352941,0.640091116173121,0.803879310344828,0.689106487148103,0.286063569682152,0.708387096774194,0,0,0.869809203142537,0.467643467643468,0.414982164090369,0.950433705080545,0,0.558673469387755,0.973184357541899,0.887614678899083,0.384955752212389,0.872078720787208,0.475910693301998,0.875802997858672,0.873015873015873,0.870011402508552,0.871446229913473,0.962616822429907,0.908969210174029,0.912849162011173,0.912938331318017,0.804213135068154,0.23841059602649,0.733850129198966,0.152993348115299,0.860975609756098,0.171806167400881,0.832718327183272,0.543937708565072,0.796060254924681,0.69683257918552,0.57177033492823,0.72488038277512,0.614540466392318,0.618937644341801,0.790450928381963,0.988344988344988,0.995550611790879,0.977186311787072,0.812807881773399,0.919431279620853,0.470443349753695,0.423848878394333,0.64499484004128,0.626966292134831,0.717619603267211,0.890608875128999,0.864016736401674,0.915966386554622,0.609929078014184,0.598639455782313,0.912376779846659,0.926565874730022,0.838709677419355,0.748701973001038,0.927611168562565,0.351674641148325,0.231664726426077,0.272076372315036,0.789581205311542,0.646326276463263,0.281129653401797,0.553956834532374,0.912117177097204,0.657931034482759,0.875409836065574,0.640378548895899,0.694117647058824,0.874213836477987,0.899721448467967,0.546362339514979,0.858024691358025,0.625368731563422,0.682098765432099,0.683734939759036,0.521923620933522,0.698051948051948,0.851094890510949,0.516739446870451,0.631224764468372
"Lactococcus_lactis",0.630484988452656,0.344298245614035,0.383177570093458,0.279742765273312,0.974842767295597,0.789473684210526,0.243362831858407,0.644444444444444,0.672371638141809,0.157112526539278,0.359357060849598,0.824970828471412,0.290711700844391,0.369411764705882,0.195899772209567,0.144396551724138,0.777233782129743,0.640586797066015,0.638709677419355,0.633295838020247,0.390736342042755,0.494949494949495,0.601953601953602,0.612366230677765,0.323420074349442,0,0.418367346938776,0.474860335195531,0.596330275229358,0.103982300884956,0.301353013530135,0.224441833137485,0.465738758029979,0.358730158730159,0.286202964652224,0.728059332509271,0.217030114226376,0.700133868808568,0,0.438935912938331,0.244114002478315,0.54083885209713,0.325581395348837,0.254988913525499,0.480487804878049,0.916299559471366,0.933579335793358,0.359288097886541,0,0.312217194570136,0,0,0.454046639231824,0.635103926096998,0.928381962864722,0.447552447552448,0.523915461624027,0.936628643852979,0.41871921182266,0.345971563981043,0.266009852216749,0.435655253837072,0.531475748194014,0.671910112359551,0.528588098016336,0.595459236326109,0.338912133891213,0.41656662665066,0.600472813238771,0.489795918367347,0.504928806133625,0.32829373650108,0.711981566820276,0.0924195223260644,0.536711478800414,0.574162679425837,0.513387660069849,0.780429594272076,0.250255362614913,0.7359900373599,0.353016688061617,0.558752997601918,0,0.611034482758621,0,0,0,0,0.423398328690808,0,0,0,0.669753086419753,0.509036144578313,0,0,0,0,0.353970390309556
"Haemophilus_sputorum",0.972286374133949,0.657894736842105,0.934579439252336,0.491961414790997,0.953878406708595,0.894736842105263,0.876106194690266,0.846913580246914,0.907090464547677,0.596602972399151,0.499425947187141,0.225204200700117,0.785283474065139,0.277647058823529,0.14123006833713,0,0.444308445532436,0.73838630806846,0.780645161290323,0.320584926884139,0,0.840628507295174,0.221001221001221,0.80499405469679,0.824039653035936,0,0,0.91731843575419,0,0.626106194690266,0.542435424354244,0.90834312573443,0.668094218415418,0.773544973544974,0.879133409350057,0,0.649013499480789,0.62516733601071,0.179888268156425,0.864570737605804,0.660470879801735,0,0,0.689578713968958,0.639024390243902,0.605726872246696,0.81549815498155,0.196885428253615,0.886442641946698,0.882352941176471,0.801435406698565,0.37799043062201,0,0,0.864721485411141,0.58041958041958,0.156840934371524,0.814955640050697,0.684729064039409,0.699052132701422,0,0,0.936016511867905,0.314606741573034,0,0.878224974200206,0.629707112970711,0.512605042016807,0.836879432624113,0.462585034013605,0.572836801752464,0.775377969762419,0.778801843317972,0.975077881619938,0.629782833505688,0.576555023923445,0,0,0.859039836567926,0,0,0,0.805592543275632,0.784827586206897,0.980327868852459,0.823343848580442,0.845378151260504,0.915094339622642,0.841225626740947,0.514978601997147,0.58641975308642,0.601769911504425,0.882716049382716,0.52710843373494,0.816124469589816,0.762987012987013,0.944525547445256,0.612809315866084,0.70121130551817
"Veillonella_atypica",0.963048498845266,0.304824561403509,0.94392523364486,0.944265809217578,0.981132075471698,1,0.991150442477876,0.982716049382716,0.577017114914425,0.997876857749469,0.99540757749713,0.561260210035006,0.992762364294331,0.844705882352941,0.428246013667426,0.129310344827586,0.936352509179927,1,0.821935483870968,0.352080989876265,0,0.997755331088664,0.587301587301587,0.971462544589774,0.970260223048327,0,0.607142857142857,0.995530726256983,0.213302752293578,0.814159292035398,0.995079950799508,0.99764982373678,0.965738758029979,0.997883597883598,0.676168757126568,0.595797280593325,0.910695742471443,0.991967871485944,0.993296089385475,0.896009673518742,0.960346964064436,0.560706401766004,0.478036175710594,0.991130820399113,0.91219512195122,0.995594713656388,0.621156211562116,0.659621802002225,0.988412514484357,0.943438914027149,0.744019138755981,0.495215311004785,0,0.678983833718245,0.923076923076923,0.65034965034965,0.806451612903226,0.870722433460076,0.864532019704433,0.798578199052133,0.564039408866995,0.579693034238489,0.987616099071207,0.146067415730337,0.271878646441074,1,0.993723849372385,0.968787515006002,0.84160756501182,0.657596371882086,0.767798466593647,0.786177105831533,0.995391705069124,0.979231568016615,0.997931747673216,0.533492822966507,0.632130384167637,0.782816229116945,0.993871297242084,0.404732254047323,0.666238767650834,0.28537170263789,0.845539280958722,1,0.940983606557377,0.996845425867508,0.86218487394958,0.981132075471698,1,1,0.922839506172839,0.920353982300885,1,0.990963855421687,0.988684582743989,1,0.783941605839416,0.950509461426492,0.997308209959623
"Intestinimonas_butyriciproducens",0.503464203233256,0,0,0.594855305466238,0.628930817610063,0,0.13716814159292,0,0,0.479830148619958,0,0.21120186697783,0,0,0.65375854214123,0.0797413793103448,0.248470012239902,0,0,0.622047244094488,0.342042755344418,0,0.572649572649573,0,0,0,0.813775510204082,0.28268156424581,0.623853211009174,0,0,0,0.370449678800857,0.299470899470899,0.142531356898518,0.401730531520396,0.383177570093458,0,0.832402234636871,0,0,0.337748344370861,0,0.237250554323725,0.602439024390244,0.872246696035242,0,0.933259176863181,0.17728852838934,0,0.373205741626794,0,0,0.577367205542725,0,0,0.764182424916574,0,0,0,0.753694581280788,0,0.486068111455108,0.813483146067416,0.633605600933489,0,0.123430962343096,0,0.522458628841608,0,0,0,0,0.0799584631360332,0.183040330920372,0,0.213038416763679,0.489260143198091,0.0704800817160368,0,0,0.964028776978417,0,0,0,0,0,0,0,0,0,0,0,0,0,0,0,0,0
"Actinomyces_timonensis",0.265588914549654,0.504385964912281,0.170560747663551,0.397642015005359,0.683438155136268,0.706033376123235,0.548672566371681,0.407407407407407,0.396088019559902,0.112526539278132,0.274397244546498,0.738623103850642,0.387213510253317,0.6,0,0.872844827586207,0.236230110159119,0.921760391198044,0,0.862767154105737,0.190023752969121,0.144781144781145,0.702075702075702,0.888228299643282,0.486988847583643,0,0.931122448979592,0.691620111731844,0.513761467889908,0.592920353982301,0.439114391143911,0.283196239717979,0.498929336188437,0.411640211640212,0.550741163055872,0.535228677379481,0.626168224299065,0.892904953145917,0.46145251396648,0.656590084643289,0.335811648079306,0.642384105960265,0,0.30820399113082,0.546341463414634,0.134361233480176,0,0.372636262513904,0.168018539976825,0.300904977375566,0.717703349282297,0.650717703349282,0,0.565819861431871,0.379310344827586,0.375291375291375,0.724137931034483,0.94169835234474,0.298029556650246,0.362559241706161,0.692118226600985,0.530106257378985,0.364293085655315,0.130337078651685,0.628938156359393,0.424148606811146,0.209205020920502,0.31812725090036,0.716312056737589,0.63718820861678,0.463307776560789,0.613390928725702,0.285714285714286,0.198338525441329,0.52430196483971,0.492822966507177,0.69732246798603,0.77326968973747,0.186925434116445,0.770859277708593,0,0.565947242206235,0.826897470039947,0,0,0,0,0,0,0,0,0,0,0,0,0,0,0,0
"Campylobacter_gracilis",0.928406466512702,0.552631578947368,0.626168224299065,0.995712754555198,0.180293501048218,0.922978177150193,0.573008849557522,0.940740740740741,0.84841075794621,0.35031847133758,0.802525832376579,0.873978996499417,0.94692400482509,0.971764705882353,0.514806378132118,0.866379310344828,0.97062423500612,0.89242053789731,0.852903225806452,0.892013498312711,0.983372921615202,0.820426487093154,0.897435897435897,0.774078478002378,0.519206939281289,0.759259259259259,0.395408163265306,0.883798882681564,0.86697247706422,0.946902654867257,0.66789667896679,0.663924794359577,0.310492505353319,0.352380952380952,0.76054732041049,0.735475896168109,0.632398753894081,0.51004016064257,0.870391061452514,0.81136638452237,0.997521685254027,0.536423841059603,0.89405684754522,0.946784922394678,0.839024390243902,0.156387665198238,0.335793357933579,0.441601779755284,0.789107763615295,0.959276018099548,0.899521531100478,0.610047846889952,0.396433470507545,0.829099307159353,0.779840848806366,0.939393939393939,0.933259176863181,0.655259822560203,0.844827586206897,0.976303317535545,0.775862068965517,0.910271546635183,0.791537667698658,0.476404494382022,0.899649941656943,0.942208462332301,0.857740585774059,0.951980792316927,0.382978723404255,0.952380952380952,0.87513691128149,0.863930885529158,0.870967741935484,0.268951194184839,0.621509824198552,0.543062200956938,0.844004656577416,0.995226730310263,0.895812053115424,0.997509339975093,0.424903722721438,0.232613908872902,0.419440745672437,0.693793103448276,0,0,0,0,0.785515320334262,0.897289586305278,0.666666666666667,0.672566371681416,0.66358024691358,0.69578313253012,0.567185289957567,0,0.658394160583942,0.863173216885007,0.706594885598923
"Streptococcus_australis",0.863741339491917,0.144736842105263,0.649532710280374,0.511254019292605,0.50314465408805,0.79204107830552,0.752212389380531,0.901234567901235,0.562347188264059,0.498938428874735,0.898966704936854,0.652275379229872,0.72496984318456,0.494117647058824,0.767653758542141,0.260775862068966,0.223990208078335,0.953545232273839,0.700645161290323,0.536557930258718,0.390736342042755,0.315375982042649,0.787545787545788,0.595719381688466,0.340768277571252,0,0.380102040816327,0.711731843575419,0.938073394495413,0.940265486725664,0.626076260762608,0.793184488836663,0.11134903640257,0.356613756613757,0.450399087799316,0.65389369592089,0.717549325025961,0.472556894243641,0.664804469273743,0.58645707376058,0.459727385377943,0.929359823399558,0.968992248062015,0.11529933481153,0.946341463414634,0.634361233480176,0.854858548585486,0.830923248053393,0.353418308227115,0.703619909502262,0.755980861244019,0.533492822966507,0.684499314128944,0.441108545034642,0.848806366047745,0.715617715617716,0.308120133481646,0.38149556400507,0.692118226600985,0.732227488151659,0.532019704433498,0.914994096812279,0.226006191950464,0.361797752808989,0,0.391124871001032,0.47071129707113,0.584633853541417,0.361702127659574,0.709750566893424,0.945235487404162,0.948164146868251,0.647465437788018,0.852544132917965,0.687693898655636,0.578947368421053,0.478463329452852,0.41527446300716,0.274770173646578,0.469489414694894,0.697047496790757,0.544364508393285,0.691078561917443,0.83448275862069,0.731147540983607,0.652996845425868,0,0.79559748427673,0.997214484679666,0.931526390870185,0.771604938271605,0.887905604719764,0.771604938271605,0.798192771084337,0.909476661951909,0.75,0.798540145985401,0.647743813682678,0.725437415881561
"Phocaeicola_abscessus",0.879907621247113,0.741228070175439,0.184579439252336,0.935691318327974,0.557651991614256,0.72785622593068,0.462389380530973,0.441975308641975,0.748166259168704,0.45859872611465,0.703788748564868,0.323220536756126,0.338962605548854,0.468235294117647,0.904328018223235,0.22198275862069,0.892288861689106,0.447432762836186,0.316129032258064,0.894263217097863,0.931116389548694,0.741863075196408,0.843711843711844,0.790725326991677,0.558859975216852,0,0.619897959183674,0.44804469273743,0.227064220183486,0.842920353982301,0.771217712177122,0.522914218566393,0.762312633832976,0.293121693121693,0.160775370581528,0.868974042027194,0.804776739356179,0,0.919553072625698,0.651753325272068,0.655514250309789,0.913907284768212,0.731266149870801,0.827050997782705,0.617073170731707,0.36784140969163,0.830258302583026,0.32146829810901,0.928157589803013,0.947963800904977,0.5311004784689,0.590909090909091,0,0.422632794457275,0.684350132625995,0,0.196885428253615,0.741444866920152,0.504926108374384,0.585308056872038,0,0.58913813459268,0.504643962848297,0.359550561797753,0.96732788798133,0.18266253869969,0.644351464435146,0.399759903961585,0.434988179669031,0.877551020408163,0.575027382256298,0.632829373650108,0.612903225806452,0.175493250259605,0.431230610134436,0.722488038277512,0.550640279394645,0.329355608591885,0.80388151174668,0.663760896637609,0.658536585365854,0.563549160671463,0.611185086551265,0,0,0,0,0,0,0,0,0,0,0,0,0,0,0,0
"Acinetobacter_calcoaceticus",0.341801385681293,0.364035087719298,0,0.153269024651661,0.744234800838574,0,0.327433628318584,0,0,0.369426751592357,0.380022962112514,0,0,0.430588235294118,0.207289293849658,0.551724137931034,0,0,0,0.46681664791901,0,0.214365881032548,0.313797313797314,0,0.244114002478315,0,0,0.754189944134078,0.502293577981651,0.566371681415929,0,0.482961222091657,0,0,0,0,0.622014537902388,0,0.141899441340782,0,0,0.56953642384106,0.715762273901809,0,0,0,0.724477244772448,0.114571746384872,0,0.51131221719457,0,0,0,0.457274826789838,0.952254641909814,0.344988344988345,0.721913236929922,0,0.625615763546798,0.40521327014218,0,0.289256198347107,0.475748194014448,0.719101123595506,0,0.0567595459236326,0.232217573221757,0.486194477791116,0.250591016548463,0.390022675736961,0.318729463307777,0.334773218142549,0,0.160955347871236,0.402275077559462,0.217703349282297,0,0,0.0725229826353422,0,0,0,0,0,0,0,0,0,0,0,0,0,0,0,0,0,0,0,0
"Campylobacter_rectus",0.381062355658199,0.324561403508772,0.822429906542056,0.72561629153269,0.834381551362683,0.668806161745828,0.734513274336283,0.412345679012346,0.288508557457213,0.772823779193206,0.536165327210103,0.759626604434072,0.408926417370326,0.637647058823529,0.457858769931663,0.495689655172414,0.615667074663403,0.454767726161369,0.491612903225806,0.948256467941507,0.914489311163896,0.977553310886644,0.443223443223443,0.66230677764566,0.724907063197026,0,0.673469387755102,0.660335195530726,0.162844036697248,0.929203539823009,0.564575645756458,0.320799059929495,0.732334047109208,0.847619047619048,0.906499429874572,0.96044499381953,0.842159916926272,0.427041499330656,0.360893854748603,0.818621523579202,0.573729863692689,0.370860927152318,0.501291989664083,0.8980044345898,0.348780487804878,0.431718061674009,0.259532595325953,0.699666295884316,0.441483198146002,0.757918552036199,0.38755980861244,0.490430622009569,0.728395061728395,0.709006928406467,0.713527851458886,0.533799533799534,0.850945494994438,0.508238276299113,0.716748768472906,0.684834123222749,0,0.754427390791027,0.764705882352941,0.325842696629214,0.801633605600933,0.884416924664603,0.757322175732218,0.899159663865546,0.321513002364066,0.795918367346939,0.791894852135816,0.85097192224622,0.529953917050691,0.713395638629283,0.714581178903826,0.873205741626794,0.790454016298021,0.852028639618138,0.575076608784474,0.561643835616438,0.815147625160462,0.839328537170264,0.366178428761651,0.928275862068966,0,0.687697160883281,0.905882352941176,0.836477987421384,0.760445682451253,0.794579172610556,0,0.604719764011799,0.716049382716049,0.789156626506024,0.977369165487977,0.743506493506494,0.681751824817518,0.496360989810771,0.954239569313594
"Corynebacterium_kroppenstedtii",0.482678983833718,0.866228070175439,0.656542056074766,0.65058949624866,0.169811320754717,0.65596919127086,0.214601769911504,0.241975308641975,0.682151589242054,0,0.230769230769231,0.306884480746791,0.44270205066345,0.378823529411765,0.482915717539863,0.288793103448276,0,0.422982885085575,0,0,0.437054631828979,0.230078563411897,0,0.307966706302021,0,0,0,0,0.690366972477064,0.367256637168142,0.471094710947109,0.717978848413631,0.167023554603854,0.219047619047619,0.204104903078677,0.595797280593325,0.250259605399792,0,0.490502793296089,0.361547762998791,0,0.145695364238411,0,0,0,0,0.348093480934809,0.519466073414905,0,0.375565610859729,0.600478468899522,0.361244019138756,0,0.561200923787529,0,0,0,0,0.280788177339901,0.246445497630332,0,0.204250295159386,0.43859649122807,0,0.236872812135356,0.203302373581011,0.211297071129707,0,0,0.655328798185941,0.369112814895947,0.289416846652268,0,0.447559709241952,0.133402275077559,0.260765550239234,0.427240977881257,0,0.193054136874362,0.601494396014944,0.876765083440308,0.366906474820144,0,0,0,0,0,0,0.506963788300836,0,0,0,0,0,0,0,0,0,0
"Streptococcus_constellatus",0.914549653579677,0.162280701754386,0.179906542056075,0.922829581993569,0.385744234800839,0.571245186136072,0.626106194690266,0.439506172839506,0.647921760391198,0.602972399150743,0.690011481056257,0.878646441073512,0.519903498190591,0.543529411764706,0.908883826879271,0.931034482758621,0.363525091799266,0.493887530562347,0.489032258064516,0.655793025871766,0.57957244655582,0.90347923681257,0.504273504273504,0.41973840665874,0.385377942998761,0,0.74234693877551,0.387709497206704,0.73394495412844,0.5,0.274292742927429,0.306698002350176,0.76017130620985,0.403174603174603,0.844925883694413,0.639060568603214,0.808930425752856,0.349397590361446,0.381005586592179,0.714631197097944,0.286245353159851,0.794701986754967,0.602067183462532,0.835920177383592,0.28780487804878,0.348017621145374,0.758917589175892,0.650723025583982,0.904982618771727,0.223981900452489,0.22488038277512,0.669856459330144,0.786008230452675,0.418013856812933,0.36604774535809,0.855477855477855,0.96440489432703,0.837769328263625,0.564039408866995,0.71563981042654,0.379310344827586,0.735537190082645,0.673890608875129,0.712359550561798,0.869311551925321,0.512899896800826,0.742677824267782,0.668667466986795,0.791962174940898,0.848072562358277,0.715224534501643,0.732181425485961,0.172811059907834,0.744548286604361,0.243019648397104,0.490430622009569,0.485448195576251,0.599045346062053,0.617977528089888,0.922789539227895,0.79204107830552,0.539568345323741,0.374167776298269,0,0,0,0,0,0,0,0,0,0,0,0,0,0,0,0
"Prevotella_nigrescens",0.725173210161663,0.155701754385965,0.724299065420561,0.472668810289389,0.241090146750524,0.694480102695764,0.358407079646018,0.809876543209877,0.797066014669927,0.56687898089172,0.892078071182549,0.4049008168028,0.802171290711701,0.898823529411765,0.562642369020501,0.65301724137931,0.94124847001224,0.515892420537897,0.470967741935484,0.658042744656918,0.814726840855107,0.425364758698092,0.7997557997558,0.740784780023781,0.358116480793061,0.691358024691358,0.665816326530612,0.915083798882682,0.860091743119266,0.263274336283186,0.980319803198032,0.54641598119859,0.569593147751606,0.492063492063492,0.765108323831243,0.624227441285538,0.628245067497404,0.408299866131191,0.608938547486033,0.881499395405079,0.608426270136307,0.635761589403974,0.904392764857881,0.352549889135255,0.619512195121951,0.290748898678414,0.90159901599016,0.746384872080089,0.765932792584009,0.868778280542986,0.72488038277512,0.62200956937799,0.925925925925926,0.685912240184757,0.419098143236074,0.48951048951049,0.32146829810901,0.634980988593156,0.931034482758621,0.954976303317536,0.736453201970443,0.785123966942149,0.820433436532508,0.782022471910112,0.792298716452742,0.851393188854489,0.711297071129707,0.841536614645858,0.33806146572104,0.941043083900227,0.610076670317634,0.788336933045356,0.456221198156682,0.273104880581516,0.518097207859359,0.787081339712919,0.951105937136205,0.899761336515513,0.85291113381001,0.835616438356164,0.614890885750963,0.577937649880096,0.712383488681758,0.804137931034483,0.829508196721311,0.77602523659306,0,0.877358490566038,0.476323119777159,0.860199714693295,0.885802469135803,0.805309734513274,0.626543209876543,0.698795180722892,0.951909476661952,0.844155844155844,0.932846715328467,0.621542940320233,0.835800807537012
"Corynebacterium_matruchotii",0.625866050808314,0.677631578947368,0.521028037383178,0.470525187566988,0.59748427672956,0.861360718870347,0.946902654867257,0.525925925925926,0.816625916870416,0.24416135881104,0.903559127439724,0.481913652275379,0.973462002412545,0.696470588235294,0.369020501138952,0.842672413793103,0.760097919216646,0.704156479217604,0.956129032258065,0.739032620922385,0.517814726840855,0.921436588103255,0.975579975579976,0.189060642092747,0.360594795539033,0.947530864197531,0.88265306122449,0.812290502793296,0.931192660550459,0.27212389380531,0.940959409594096,0.579318448883666,0.903640256959315,0.549206349206349,0.413911060433295,0.723114956736712,0.856697819314642,0.491298527443106,0.77877094972067,0.617896009673519,0.789343246592317,0.637969094922737,0.878552971576227,0.42350332594235,0.909756097560976,0.493392070484582,0.953259532595326,0.492769744160178,0.670915411355736,0.228506787330317,0.921052631578947,0.547846889952153,0.489711934156379,0.960739030023095,0.596816976127321,0.326340326340326,0.668520578420467,0.713561470215463,0.874384236453202,0.940758293838863,0.445812807881773,0.898465171192444,0.956656346749226,0.575280898876405,0.852975495915986,0.876160990712074,0.899581589958159,0.971188475390156,0.74468085106383,0.825396825396825,0.897042716319825,0.924406047516199,0.974654377880184,0.765316718587747,0.329886246122027,0.990430622009569,0.941792782305006,0.983293556085919,0.411644535240041,0.86052303860523,0.501925545571245,0.34052757793765,0.752330226364847,0.67448275862069,0.662295081967213,0.712933753943218,0.969747899159664,0.827044025157233,0.498607242339833,0.660485021398003,0.824074074074074,0.843657817109145,0.839506172839506,0.876506024096386,0.861386138613861,0.818181818181818,0.757664233576642,0.671033478893741,0.800807537012113
"Eikenella_corrodens",0.431870669745958,0.846491228070175,0.703271028037383,0.982851018220793,0.626834381551363,0.738125802310655,0.904867256637168,0.562962962962963,0.867970660146699,0.322717622080679,0.855338691159587,0.74095682613769,0.90832328106152,0.981176470588235,0.958997722095672,0.911637931034483,0.476132190942472,0.867970660146699,0.561290322580645,0.865016872890889,0.743467933491686,0.966329966329966,0.829059829059829,0.607609988109394,0.87360594795539,0.697530864197531,0.693877551020408,0.968715083798883,0.711009174311927,0.519911504424779,0.714637146371464,0.861339600470035,0.970021413276231,0.748148148148148,0.343215507411631,0.948084054388133,0.821391484942887,0.850066934404284,0.454748603351955,0.487303506650544,0.705080545229244,0.695364238410596,0.855297157622739,0.70509977827051,1,0.462555066079295,0.820418204182042,0.957730812013348,0.511008111239861,0.776018099547511,0.983253588516746,0.758373205741627,0.827160493827161,0.877598152424942,0.822281167108753,0.958041958041958,0.926585094549499,0.652724968314322,0.928571428571429,0.900473933649289,0.344827586206897,0.693034238488784,0.964912280701754,0.752808988764045,0.876312718786464,0.828689370485036,0.803347280334728,0.846338535414166,0.569739952718676,0.984126984126984,0.951807228915663,0.965442764578834,0.841013824884793,0.896157840083074,0.906928645294726,0.327751196172249,0.669383003492433,0.579952267303103,0.632277834525026,0.740971357409714,0.591784338896021,0.793764988009592,0.890812250332889,0.591724137931035,0.763934426229508,0.630914826498423,0.949579831932773,0.572327044025157,0.802228412256267,0.971469329529244,0.842592592592593,0.79646017699115,0.799382716049383,0.617469879518072,0.943422913719943,0,0.748905109489051,0.717612809315866,0.736204576043069
"Parvimonas_micra",0.441108545034642,0.885964912280702,0.661214953271028,0.884244372990354,0.672955974842767,0.774069319640565,0.566371681415929,0.733333333333333,0.948655256723716,0.94692144373673,0.896670493685419,0.976662777129522,0.891435464414958,0.783529411764706,0.933940774487471,0.974137931034483,0.921664626682987,0.963325183374083,0.816774193548387,0.743532058492688,0.876484560570071,0.537598204264871,0.924297924297924,0.97384066587396,0.888475836431227,0.858024691358025,0.895408163265306,0.83463687150838,0.795871559633027,0.825221238938053,0.847478474784748,0.593419506462985,0.931477516059957,0.652910052910053,0.356898517673888,0.720642768850433,0.966770508826584,0.847389558232932,0.501675977653631,0.903264812575574,0.628252788104089,0.900662251655629,0.940568475452196,0.53880266075388,0.6,0.636563876651982,0.483394833948339,0.917686318131257,0.809965237543453,0.710407239819005,0.91866028708134,0.992822966507177,0.978052126200274,0.866050808314088,0.549071618037135,0.976689976689977,0.973303670745273,0.88339670468948,0.923645320197044,0.909952606635071,0.938423645320197,0.818181818181818,0.929824561403509,0.689887640449438,0.894982497082847,0.857585139318885,0.566945606694561,0.623049219687875,0.730496453900709,0.970521541950113,0.894852135815991,0.88768898488121,0.933179723502304,0.777777777777778,0.803516028955533,0.308612440191388,0.317811408614668,0.737470167064439,0.589376915219612,0.895392278953923,0.879332477535302,0.836930455635492,0.973368841544607,0.853793103448276,0,0.662460567823344,0,0.817610062893082,0.752089136490251,0.942938659058488,0.759259259259259,0.946902654867257,0.641975308641975,0.602409638554217,0.425742574257426,0.714285714285714,0.918248175182482,0.787481804949054,0.873485868102288
"Streptococcus_pyogenes",0.554272517321016,0.405701754385965,0.605140186915888,0.682743837084673,0.861635220125786,0.353016688061617,0.172566371681416,0.261728395061728,0.349633251833741,0,0.878300803673938,0,0,0.472941176470588,0.287015945330296,0.241379310344828,0,0,0,0.372328458942632,0.444180522565321,0.362514029180696,0.423687423687424,0.771700356718193,0,0,0,0,0.165137614678899,0.480088495575221,0,0.36545240893067,0.366167023554604,0,0.418472063854048,0,0.109034267912773,0,0,0.825876662636034,0.947955390334573,0.165562913907285,0.416020671834625,0,0,0,0,0.361512791991101,0.3117033603708,0.445701357466063,0,0,0,0.152424942263279,0,0,0,0,0.236453201970443,0.504739336492891,0,0,0.0732714138286894,0.141573033707865,0,0.27141382868937,0.422594142259414,0.546218487394958,0.66548463356974,0,0.502738225629792,0.330453563714903,0.278801843317972,0.349948078920042,0.236814891416753,0,0,0,0.562819203268641,0.364881693648817,0,0,0,0,0,0,0,0,0,0,0,0,0,0,0,0,0,0,0.480484522207268
"Scardovia_wiggsiae",0.780600461893764,0.25,0.567757009345794,0.744908896034298,0.429769392033543,0,0.710176991150443,0.948148148148148,0.960880195599022,0.762208067940552,0.545350172215844,0.752625437572929,0.864897466827503,0.943529411764706,0.34624145785877,0.34698275862069,0.716034271725826,0.409535452322738,0.790967741935484,0.78177727784027,0.304038004750594,0.925925925925926,0.902319902319902,0.700356718192628,0.801734820322181,0.981481481481482,0.737244897959184,0.66927374301676,0.919724770642202,0.767699115044248,0.608856088560886,0.764982373678026,0.747323340471092,0.331216931216931,0.895096921322691,0.851668726823239,0.565939771547248,0.670682730923695,0.162011173184358,0.738814993954051,0.942998760842627,0.45916114790287,0.837209302325581,0.563192904656319,0.448780487804878,0.398678414096916,0.402214022140221,0.590656284760845,0.923522595596756,0.221719457013575,0.822966507177033,0.885167464114832,0.761316872427984,0.863741339491917,0,0.361305361305361,0.421579532814238,0.518377693282636,0.421182266009852,0.644549763033175,0.416256157635468,0.652892561983471,0.682146542827657,0.186516853932584,0.372228704784131,0.77296181630547,0.838912133891213,0.21968787515006,0.709219858156028,0.761904761904762,0.570646221248631,0.406047516198704,0.861751152073733,0.617860851505711,0.710444674250258,0.799043062200957,0.362048894062864,0.897374701670644,0.869254341164454,0.845579078455791,0.645699614890886,0.856115107913669,0.664447403462051,0.564137931034483,0.701639344262295,0.845425867507886,0,0,0.832869080779944,0.497860199714693,0.645061728395062,0.572271386430678,0.564814814814815,0.692771084337349,0.734087694483734,0.711038961038961,0.836496350364964,0.892285298398836,0.580080753701211
"Fusobacterium_nucleatum",0.674364896073903,0.875,0.336448598130841,0.997856377277599,0.853249475890985,0.974326059050064,0.52212389380531,0.720987654320988,0.643031784841076,0.326963906581741,0.958668197474168,0.563593932322054,0.623642943305187,0.974117647058824,0.895216400911162,0.870689655172414,0.951040391676867,0.359413202933985,0.703225806451613,0.991001124859393,0.997624703087886,1,0.919413919413919,0.586206896551724,0.759603469640644,0.623456790123457,0.637755102040816,0.859217877094972,0.837155963302752,0.973451327433628,0.798277982779828,0.576968272620447,0.950749464668094,0.908994708994709,0.93842645381984,0.559950556242274,0.970924195223261,0.435073627844712,0.982122905027933,0.997581620314389,0.935563816604709,0.973509933774834,0.950904392764858,0.977827050997783,0.880487804878049,0.627753303964758,0.638376383763838,0.781979977753059,0.979142526071842,0.861990950226244,0.964114832535885,0.913875598086124,0.84636488340192,0.886836027713626,0.755968169761273,0.883449883449883,0.955506117908788,0.812420785804816,0.992610837438424,0.992890995260663,0.935960591133005,0.825265643447462,0.971104231166151,0.653932584269663,1,0.8328173374613,0.805439330543933,0.995198079231693,0.966903073286052,0.963718820861678,0.270536692223439,0.24622030237581,0.587557603686636,0.399792315680166,0.865563598759049,0.842105263157895,0.743888242142026,0.952267303102625,0.791624106230848,0.932752179327522,0.820282413350449,0.311750599520384,0.832223701731025,0.922758620689655,0.688524590163934,0.589905362776025,0.872268907563025,0.767295597484277,0.671309192200557,0.920114122681883,0.873456790123457,0.855457227138643,0.70679012345679,0.704819277108434,0.912305516265912,0.74025974025974,0.833576642335766,0.554585152838428,0.943472409152086
"Prevotella_saccharolytica",0.224018475750577,0.425438596491228,0.619158878504673,0.903536977491961,0.670859538784067,0.424903722721438,0.654867256637168,0.464197530864198,0.875305623471883,0.51380042462845,0.706084959816303,0.540256709451575,0.674306393244873,0.583529411764706,0.785876993166287,0.782327586206897,0.500611995104039,0.721271393643032,0.932903225806452,0.907761529808774,0.94061757719715,0.557800224466891,0.868131868131868,0.234244946492271,0.576208178438662,0,0.456632653061224,0.608938547486033,0.704128440366973,0.882743362831858,0.64329643296433,0.2737955346651,0.852248394004283,0.841269841269841,0.810718358038769,0.552533992583436,0.582554517133956,0.820615796519411,0.968715083798883,0.920193470374849,0.415117719950434,0.609271523178808,0.813953488372093,0.450110864745011,0.424390243902439,0.319383259911894,0.943419434194342,0.717463848720801,0.66396292004635,0.846153846153846,0.416267942583732,0.741626794258373,0.511659807956104,0.831408775981524,0.811671087533157,0.249417249417249,0.341490545050056,0.994930291508238,0.87192118226601,0.860189573459716,0.847290640394089,0.917355371900826,0.779153766769866,0.420224719101124,0.561260210035006,0.799793601651187,0.635983263598326,0.975990396158463,0.40661938534279,0.845804988662131,0.859802847754655,0.812095032397408,0.76036866359447,0.387331256490135,0.685625646328852,0.220095693779904,0.760186263096624,0.665871121718377,0.752808988764045,0.339975093399751,0.34788189987163,0.84652278177458,0.864181091877497,0.437241379310345,0,0,0.781512605042017,0,0.428969359331476,0.617689015691869,0.682098765432099,0.569321533923304,0,0.774096385542169,0.688826025459689,0,0.705109489051095,0,0.46971736204576
"Catonella_morbi",0.810623556581986,0.75,0.761682242990654,0.873526259378349,0.654088050314465,0.458279845956354,0.526548672566372,0.777777777777778,0.574572127139364,0.700636942675159,0.990815154994259,0.864644107351225,0.594692400482509,0.585882352941177,0.85876993166287,0.976293103448276,0.503059975520196,0.875305623471883,0.672258064516129,0.853768278965129,0.852731591448931,0.748597081930415,0.726495726495726,0.988109393579073,0.794299876084263,0.864197530864197,0.413265306122449,0.928491620111732,0.864678899082569,0.223451327433628,0.549815498154982,0.753231492361927,0.828693790149893,0.843386243386243,0.990877993158495,0.574783683559951,0.964693665628245,0.56091030789826,0.950837988826816,0.801692865779927,0.283767038413879,0.951434878587196,0.979328165374677,0.858093126385809,0.280487804878049,0.182819383259912,0.372693726937269,0.799777530589544,0.453070683661645,0.963800904977376,0.598086124401914,0.564593301435407,0.393689986282579,0.94919168591224,0.445623342175066,0.848484848484849,0.939933259176863,0.840304182509506,0.889162561576355,0.933649289099526,0.448275862068966,0.969303423848878,0.500515995872033,0.530337078651685,0.764294049008168,0.0815273477812178,0.133891213389121,0.7046818727491,0.26241134751773,0.562358276643991,0.989047097480832,0.928725701943845,0.923963133640553,0.144340602284528,0.809720785935884,0.34688995215311,0.993015133876601,0.284009546539379,0.891726251276813,0.686176836861768,0.946084724005135,0.800959232613909,0.898801597869507,0.663448275862069,0,0,0.825210084033613,0,0.601671309192201,0.674750356633381,0,0.651917404129793,0,0.58433734939759,0.620933521923621,0,0.781021897810219,0.455604075691412,0.771197846567968
"Moraxella_boevrei",0.443418013856813,0.171052631578947,0.55607476635514,0.759914255091104,0.761006289308176,0.332477535301669,0.148230088495575,0.355555555555556,0.537897310513447,0.331210191082803,0.260619977037887,0,0.334137515078408,0.567058823529412,0,0.599137931034483,0.331701346389229,0.452322738386308,0.468387096774194,0.748031496062992,0.220902612826603,0.420875420875421,0.35042735042735,0,0.298636926889715,0,0.497448979591837,0,0.467889908256881,0.464601769911504,0.91389913899139,0.797884841363102,0.674518201284797,0.792592592592593,0.696693272519954,0.957972805933251,0.403946002076843,0,0.271508379888268,0,0.432465923172243,0.465783664459161,0.409560723514212,0.190687361419069,0.524390243902439,0.683920704845815,0,0.390433815350389,0.19351100811124,0.160633484162896,0.473684210526316,0,0,0.535796766743649,0,0,0.508342602892102,0.776932826362484,0.315270935960591,0.386255924170616,0,0.360094451003542,0.543859649122807,0.447191011235955,0.348891481913652,0.459236326109391,0.364016736401674,0,0,0.224489795918367,0.349397590361446,0.388768898488121,0.3963133640553,0.680166147455867,0.412616339193382,0,0.587892898719441,0.871121718377088,0.21144024514811,0.247820672478207,0,0,0,0,0,0,0,0,0,0,0,0,0,0,0,0,0,0,0
"Micrococcus_luteus",0.394919168591224,0.969298245614035,0.357476635514019,0.211146838156484,0.639412997903564,0,0.497787610619469,0,0.332518337408313,0.645435244161359,0.428243398392652,0.712952158693116,0,0.204705882352941,0.610478359908884,0.504310344827586,0.231334149326805,0,0,0.822272215973003,0.427553444180523,0.468013468013468,0.448107448107448,0,0.581164807930607,0.716049382716049,0.482142857142857,0.293854748603352,0.610091743119266,0.327433628318584,0,0,0,0.100529100529101,0.461801596351197,0.873918417799753,0.61993769470405,0,0.211173184357542,0,0,0.362030905077263,0.366925064599483,0,0.539024390243902,0.433920704845815,0.495694956949569,0.432703003337041,0.640787949015064,0.665158371040724,0.88755980861244,0.454545454545455,0,0.459584295612009,0,0.671328671328671,0.888765294771969,0.513307984790874,0.482758620689655,0.194312796208531,0.253694581280788,0.433293978748524,0.217750257997936,0.692134831460674,0.285880980163361,0.232198142414861,0.299163179916318,0.531812725090036,0,0.514739229024943,0.485213581599124,0.397408207343413,0,0.179646936656282,0.135470527404343,0.607655502392344,0.29685681024447,0.767303102625298,0.799795709908069,0.439601494396015,0.535301668806162,0,0,0.586206896551724,0,0,0,0,0,0,0,0,0,0,0,0,0,0,0
"Morococcus_cerebrosus",0.237875288683603,0,0.838785046728972,0.213290460878885,0.733752620545073,0,0.597345132743363,0.469135802469136,0.312958435207824,0.316348195329087,0.157290470723307,0.801633605600933,0.462002412545235,0.275294117647059,0.441913439635535,0,0.241126070991432,0,0.783225806451613,0,0,0.580246913580247,0,0.548156956004756,0.685254027261462,0,0,0.781005586592179,0,0.657079646017699,0.837638376383764,0.332549941245593,0.997858672376874,0.346031746031746,0.290763968072976,0,0.298026998961578,0.35475234270415,0.231284916201117,0.417170495767836,0.273853779429988,0.304635761589404,0,0.381374722838137,0.529268292682927,0.570484581497797,0.5079950799508,0.833147942157953,0.61297798377752,0.692307692307692,0.779904306220096,0.34688995215311,0,0.290993071593533,0,0.664335664335664,0.733036707452725,0.320659062103929,0,0,0,0,0.135190918472652,0.662921348314607,0,0.370485036119711,0.228033472803347,0.320528211284514,0.238770685579196,0.297052154195011,0.242059145673604,0.429805615550756,0.746543778801843,0.833852544132918,0.540847983453981,0.488038277511962,0,0,0.372829417773238,0,0,0,0,0.644137931034483,0.645901639344262,0.703470031545741,0.865546218487395,0.575471698113208,0.562674094707521,0.683309557774608,0.62962962962963,0.510324483775811,0.768518518518518,0.66566265060241,0.671852899575672,0.837662337662338,0.456934306569343,0.577874818049491,0.56393001345895
"Actinomyces_massiliensis",0.314087759815243,0.407894736842105,0.404205607476636,0.12540192926045,0.563941299790356,0.676508344030809,0.893805309734513,0.641975308641975,0.518337408312958,0.815286624203822,0.455797933409874,0.859976662777129,0.852834740651387,0.665882352941176,0.703872437357631,0.739224137931034,0.495716034271726,0.860635696821516,0.940645161290323,0.554555680539933,0.539192399049881,0.735129068462402,0.948717948717949,0.690844233055886,0.660470879801735,0.975308641975309,0.512755102040816,0.843575418994413,0.798165137614679,0.29646017699115,0.862238622386224,0.231492361927145,0.882226980728051,0.684656084656085,0.580387685290764,0.913473423980222,0.671858774662513,0.357429718875502,0.191061452513966,0.530834340991536,0.625774473358117,0.589403973509934,0.749354005167959,0.778270509977827,0.304878048780488,0.601321585903084,0.985239852398524,0.461624026696329,0.684820393974508,0.694570135746606,0.961722488038278,0.488038277511962,0.703703703703704,0.861431870669746,0.877984084880637,0.738927738927739,0.797552836484983,0.269961977186312,0.719211822660099,0.758293838862559,0,0.907910271546635,0.799793601651187,0.492134831460674,0.752625437572929,0.667698658410733,0.604602510460251,0.836734693877551,0.673758865248227,0.671201814058957,0.92552026286966,0.904967602591793,0.834101382488479,0.927310488058152,0.290589451913133,0.940191387559809,0.813736903376019,0.832935560859189,0.765066394279877,0.2453300124533,0.34017971758665,0.299760191846523,0.762982689747004,0.398620689655172,0.691803278688525,0.627760252365931,0,0.59748427672956,0.827298050139276,0.706134094151213,0.87037037037037,0.958702064896755,0,0.608433734939759,0.926449787835926,0.678571428571429,0.538686131386861,0.473071324599709,0.445491251682369
"Streptococcus_salivarius",0.762124711316397,0.739035087719298,0.990654205607477,0.406216505894962,0.90146750524109,0.881899871630295,0.911504424778761,0.896296296296296,0.877750611246944,0.925690021231423,0.988518943742824,0.339556592765461,0.691194209891435,0.247058823529412,0.24373576309795,0.0883620689655172,0.640146878824969,0.965770171149144,0.987096774193548,0.348706411698538,0,0.257014590347924,0.431013431013431,0.788347205707491,0.947955390334573,0,0,1,0.688073394495413,0.792035398230089,0.80319803198032,0.920094007050529,0.905781584582441,0.985185185185185,0.505131128848347,0,0.892004153686397,0.975903614457831,0.506145251396648,0.8863361547763,0.955390334572491,0.600441501103753,0,0.933481152993348,0.98780487804878,0.988986784140969,0.813038130381304,0.50166852057842,0.749710312862109,0.794117647058823,0.650717703349282,0.944976076555024,0,0.602771362586605,0.758620689655172,0.575757575757576,0.982202447163515,0.414448669201521,0.773399014778325,0.819905213270142,0.248768472906404,0.268004722550177,0.787409700722394,0.143820224719101,0,0.977296181630547,0.960251046025105,0.956782713085234,0.91016548463357,0.226757369614512,0.91894852135816,0.803455723542117,0.976958525345622,0.997923156801661,0.950361944157187,0.892344497607656,0.718277066356228,0.767303102625298,0.914198161389173,0.344956413449564,0.922978177150193,0,0.986684420772304,0.864827586206897,0.777049180327869,0.993690851735016,0,0.971698113207547,0.986072423398329,0.960057061340941,0.975308641975309,0.646017699115044,0.947530864197531,0.873493975903614,0.841584158415842,0.99025974025974,0.92992700729927,0.88646288209607,0.886944818304172
"Elizabethkingia_meningoseptica",0.598152424942263,0,0.586448598130841,0.412647374062165,0.207547169811321,0.532734274711168,0.245575221238938,0,0.327628361858191,0.191082802547771,0.710677382319173,0,0,0.56,0.293849658314351,0.627155172413793,0,0.251833740831296,0,0.514060742407199,0,0.551066217732884,0,0.258026159334126,0,0,0,0,0,0.336283185840708,0.424354243542435,0.595769682726204,0,0.407407407407407,0.600912200684151,0,0.607476635514019,0,0.541899441340782,0,0,0.161147902869757,0,0,0,0.116740088105727,0,0.314794215795328,0,0,0,0,0,0.450346420323326,0.750663129973475,0,0,0,0.618226600985222,0.587677725118483,0,0.445100354191263,0.149638802889577,0.8,0,0.686274509803922,0.112970711297071,0,0.5,0.344671201814059,0.110624315443593,0.306695464362851,0.186635944700461,0.410176531671859,0.174767321613237,0,0,0,0.354443309499489,0,0,0,0.382157123834887,0,0,0,0,0,0,0,0,0,0,0,0,0,0,0,0
"Prevotella_buccae",0.193995381062356,0.901315789473684,0.401869158878505,0.882100750267953,0.213836477987421,0.650834403080873,0.515486725663717,0.711111111111111,0.545232273838631,0.488322717622081,0.65097588978186,0.465577596266044,0.367913148371532,0.703529411764706,0.865603644646925,0.318965517241379,0.965728274173807,0.76039119804401,0.798709677419355,0.354330708661417,0.907363420427553,0.160493827160494,0.794871794871795,0.636147443519619,0.573729863692689,0,0.719387755102041,0.349720670391061,0.564220183486238,0.800884955752212,0.407134071340713,0.18213866039953,0.591006423982869,0.17037037037037,0.949828962371722,0.473423980222497,0.543094496365524,0.34136546184739,0.633519553072626,0.876662636033857,0.66542750929368,0.754966887417219,0.777777777777778,0.964523281596452,0.329268292682927,0.960352422907489,0.837638376383764,0.568409343715239,0.895712630359212,0.463800904977376,0.854066985645933,0.935406698564593,0,0.427251732101617,0.793103448275862,0,0,0.855513307984791,0.682266009852217,0.746445497630332,0.517241379310345,0.631641086186541,0.708978328173375,0.274157303370787,0.901983663943991,0.647058823529412,0.518828451882845,0.690276110444178,0.553191489361702,0.891156462585034,0.544359255202629,0.691144708423326,0.435483870967742,0.0820353063343718,0.489141675284385,0.748803827751196,0.643771827706636,0.436754176610979,0.840653728294178,0.818181818181818,0.979460847240051,0.254196642685851,0.44340878828229,0.630344827586207,0,0,0.828571428571429,0,0.618384401114206,0.803138373751783,0.851851851851852,0.725663716814159,0.672839506172839,0,0.818953323903819,0,0.854014598540146,0.624454148471616,0.674293405114401
"Fusobacterium_russii",0.551963048498845,0.506578947368421,0.815420560747664,0.356913183279743,0.519916142557652,0.622593068035943,0.491150442477876,0,0.295843520782396,0.195329087048832,0,0.901983663943991,0,0.52,0.667425968109339,0.118534482758621,0.632802937576499,0,0.605161290322581,0.595050618672666,0.368171021377672,0.353535353535354,0.428571428571429,0.319857312722949,0.615861214374225,0.796296296296296,0.563775510204082,0.651396648044693,0.188073394495413,0.849557522123894,0.928659286592866,0,0.820128479657388,0.746031746031746,0.251995438996579,0.579728059332509,0.148494288681205,0.65194109772423,0.662569832402235,0.262394195888755,0.387856257744734,0.152317880794702,0,0.565410199556541,0.234146341463415,0.20704845814978,0.58179581795818,0.341490545050056,0.559675550405562,0.54524886877828,0.294258373205742,0,0,0.648960739030023,0,0.641025641025641,0.690767519466073,0.416983523447402,0,0.289099526066351,0.687192118226601,0.388429752066116,0.498452012383901,0.512359550561798,0.190198366394399,0.843137254901961,0.809623430962343,0.567827130852341,0.933806146572104,0.662131519274376,0.39539978094195,0.524838012958963,0.679723502304147,0.470404984423676,0.532574974146846,0,0.627473806752037,0.236276849642005,0.511746680286006,0.36986301369863,0.797175866495507,0.407673860911271,0,0,0,0,0,0,0,0,0,0,0,0,0,0,0,0,0
"Neisseria_meningitidis",0.540415704387991,0.710526315789474,0.742990654205608,0.129689174705252,0.775681341719078,0.627727856225931,0.617256637168142,0.701234567901235,0.555012224938875,0.817409766454352,0.56142365097589,0.673278879813302,0.749095295536791,0.376470588235294,0.765375854214123,0.295258620689655,0.412484700122399,0.9119804400978,0.401290322580645,0.889763779527559,0.71021377672209,0.771043771043771,0.377289377289377,0.329369797859691,0.623296158612144,0,0.50765306122449,0.979888268156425,0.754587155963303,0.676991150442478,0.544895448954489,0.72972972972973,0.815845824411135,0.62962962962963,0.361459521094641,0.582200247218789,0.781931464174455,0.536813922356091,0.229050279329609,0.557436517533253,0.779429987608426,0.207505518763797,0.806201550387597,0.671840354767184,0.326829268292683,0.180616740088106,0.817958179581796,0.864293659621802,0.27694090382387,0.187782805429864,0.411483253588517,0.411483253588517,0.519890260631001,0.695150115473441,0.726790450928382,0.372960372960373,0.708565072302558,0.726235741444867,0.990147783251232,0.990521327014218,0.908866995073892,0.90318772136954,0.92156862745098,0.70561797752809,0.687281213535589,0.550051599587203,0.238493723849372,0.43577430972389,0.217494089834515,0.36281179138322,0.662650602409639,0.658747300215983,0.910138248847926,0.952232606438214,0.247156153050672,0.313397129186603,0.653084982537835,0.355608591885442,0.844739530132789,0.651307596513076,0.768934531450578,0.673860911270983,0.896138482023968,0.459310344827586,0,0,0,0,0,0,0,0,0,0,0.632248939179632,0,0.55036496350365,0,0.502018842530283
"Alloscardovia_omnicolens",0.468822170900693,0.401315789473684,0.731308411214953,0.579849946409432,0.551362683438155,0,0.615044247787611,0.797530864197531,0.308068459657702,0.626326963906582,0.21239954075775,0.607934655775963,0.872135102533173,0.821176470588235,0.460136674259681,0.734913793103448,0.505507955936353,0.342298288508557,0.563870967741935,0.286839145106862,0.795724465558195,0.937149270482604,0.672771672771673,0.781212841854935,0.263940520446097,0,0.548469387755102,0.425698324022346,0.509174311926605,0.90929203539823,0.539975399753998,0.72737955346651,0.895074946466809,0.885714285714286,0.660205245153934,0.794808405438813,0.528556593977155,0.740294511378849,0.452513966480447,0.308343409915357,0.957868649318463,0.671081677704194,0.493540051679587,0.749445676274945,0.875609756097561,0.552863436123348,0.293972939729397,0.508342602892102,0.719582850521437,0.647058823529412,0.526315789473684,0.239234449760766,0,0.967667436489607,0,0.708624708624709,0.290322580645161,0.338403041825095,0.509852216748768,0.348341232227488,0,0.230224321133412,0.812177502579979,0.410112359550562,0.649941656942824,0.547987616099071,0.571129707112971,0,0.877068557919622,0.91156462585034,0.355969331872946,0.462203023758099,0.755760368663594,0.603322949117342,0.9358841778697,0.566985645933014,0.79743888242142,0.60381861575179,0.899897854954035,0.285180572851806,0.704749679075738,0.65947242206235,0.462050599201065,0.68551724137931,0,0,0,0,0.874651810584958,0.894436519258203,0,0.554572271386431,0.802469135802469,0.743975903614458,0.813295615275813,0,0.471532846715328,0.61863173216885,0.768506056527591
"Staphylococcus_epidermidis",0.690531177829099,0.984649122807018,0.310747663551402,0.309753483386924,0.578616352201258,0.417201540436457,0.451327433628319,0.577777777777778,0.603911980440098,0.341825902335456,0.529276693455798,0.299883313885648,0,0.465882352941176,0,0.405172413793103,0.855569155446756,0.276283618581907,0.572903225806452,0.201349831271091,0,0.459034792368126,0.338217338217338,0.669441141498216,0.643122676579926,0,0,0.577653631284916,0,0.307522123893805,0.638376383763838,0.299647473560517,0.207708779443255,0.968253968253968,0.673888255416192,0,0.106957424714434,0,0.11731843575419,0.511487303506651,0.34820322180917,0,0.315245478036176,0.268292682926829,0.274390243902439,0.328193832599119,0,0.419354838709677,0.251448435689455,0.479638009049774,0.533492822966507,0.241626794258373,0,0.579676674364896,0.862068965517241,0.853146853146853,0.839822024471635,0,0.440886699507389,0.523696682464455,0.620689655172414,0.541912632821724,0.614035087719298,0,0.166861143523921,0.481940144478844,0.320083682008368,0.750300120048019,0.352245862884161,0.410430839002268,0.40197152245345,0.490280777537797,0.705069124423963,0.59086188992731,0.127197518097208,0.782296650717703,0.590221187427241,0,0.219611848825332,0.524283935242839,0,0,0.675099866844208,0.420689655172414,0,0,0,0,0,0.686162624821683,0,0,0,0,0,0,0,0,0.41049798115747
"Neisseria_lactamica",0.558891454965358,0,0.670560747663551,0.219721329046088,0,0.37612323491656,0.31858407079646,0,0,0.278131634819533,0.701492537313433,0.229871645274212,0,0.235294117647059,0,0.112068965517241,0.498164014687883,0.330073349633252,0.52,0,0,0.521885521885522,0,0.248513674197384,0.491945477075589,0,0,0.743016759776536,0,0.533185840707965,0.682656826568266,0.795534665099882,0.708779443254818,0.26984126984127,0.890535917901938,0,0.246105919003115,0,0,0.269649334945586,0.40272614622057,0,0,0.305986696230599,0.270731707317073,0.539647577092511,0.441574415744157,0,0.409038238702202,0.230769230769231,0,0,0,0,0,0.466200466200466,0.132369299221357,0.491761723700887,0.352216748768473,0.182464454976303,0,0,0.523219814241486,0.384269662921348,0,0.632610939112487,0.263598326359833,0.654261704681873,0,0,0.627601314348302,0.60475161987041,0.523041474654378,0.480789200415369,0.44364012409514,0,0,0,0.432073544433095,0,0,0,0.360852197070573,0.533793103448276,0,0,0.697478991596639,0,0,0,0,0,0,0.593373493975904,0.785007072135785,0,0.71970802919708,0,0.413189771197847
"Mannheimia_haemolytica",0.859122401847575,0.140350877192982,0.242990654205607,0.496248660235798,0.412997903563941,0,0.143805309734513,0,0,0.133757961783439,0,0.696616102683781,0,0.505882352941176,0.362186788154898,0.642241379310345,0,0,0,0.669291338582677,0.675771971496437,0.158249158249158,0,0.733650416171225,0,0,0.306122448979592,0.383240223463687,0,0.230088495575221,0,0,0,0.631746031746032,0.607753705815279,0,0.119418483904465,0,0,0.542926239419589,0,0.194260485651214,0.357881136950904,0.716186252771619,0,0.187224669603524,0.552275522755228,0.483870967741935,0.962920046349942,0.739819004524887,0,0,0,0.452655889145497,0,0.351981351981352,0.35706340378198,0.351077313054499,0,0,0.588669950738916,0.778040141676505,0,0,0,0.560371517027864,0.403765690376569,0.870348139255702,0.5,0,0.336254107338445,0.399568034557235,0,0.262720664589823,0.468459152016546,0.675837320574163,0,0,0.644535240040858,0,0,0,0,0,0,0,0,0,0,0,0,0,0,0,0,0,0,0,0
"Pseudoramibacter_alactolyticus",0.489607390300231,0.513157894736842,0.436915887850467,0.860664523043944,0.589098532494759,0.537869062901155,0.692477876106195,0.718518518518519,0.779951100244499,0.473460721868365,0.754305396096441,0.183197199533256,0.452352231604343,0.444705882352941,0.455580865603645,0.836206896551724,0.84577723378213,0.540342298288509,0.481290322580645,0.768278965129359,0.410926365795724,0.732884399551066,0.531135531135531,0.671819262782402,0.415117719950434,0,0.979591836734694,0.51731843575419,0.346330275229358,0.358407079646018,0.289052890528905,0.537015276145711,0.56745182012848,0.775661375661376,0.144811858608894,0,0.696780893042575,0.673360107095047,0.924022346368715,0.226118500604595,0.653035935563817,0.640176600441501,0.604651162790698,0.481152993348115,0.673170731707317,0.275330396475771,0,0.317018909899889,0.698725376593279,0.773755656108597,0.787081339712919,0.255980861244019,0.679012345679012,0,0.480106100795756,0.627039627039627,0.719688542825362,0.277566539923954,0.657635467980296,0.606635071090047,0,0.201889020070838,0.653250773993808,0.148314606741573,0.757292882147025,0.223942208462332,0.527196652719665,0.279711884753902,0.685579196217494,0.498866213151927,0.621029572836802,0.557235421166307,0.474654377880184,0.495327102803738,0.586349534643226,0.767942583732057,0.748544819557625,0.439140811455847,0.787538304392237,0.728518057285181,0.69191270860077,0.508393285371703,0.342210386151798,0.583448275862069,0,0,0,0,0.615598885793872,0,0,0.911504424778761,0,0,0,0,0,0,0.448183041722746
"Mogibacterium_timidum",0.660508083140878,0.883771929824561,0.385514018691589,0.457663451232583,0.433962264150943,0.768934531450578,0.519911504424779,0.659259259259259,0.789731051344743,0.522292993630573,0.47187141216992,0.757292882147025,0.727382388419783,0.915294117647059,0.970387243735763,0.933189655172414,0.696450428396573,0.677261613691931,0.878709677419355,0.804274465691789,0.883610451306413,0.750841750841751,0.851037851037851,0.193816884661118,0.377942998760843,0,0.862244897959184,0.602234636871508,0.692660550458716,0.712389380530973,0.362853628536285,0.54876615746181,0.63169164882227,0.28042328042328,0.493728620296465,0.522867737948084,0.850467289719626,0.558232931726908,0.640223463687151,0.970979443772672,0.643122676579926,0.701986754966887,0.82687338501292,0.913525498891353,0.492682926829268,0.455947136563877,0.874538745387454,0.588431590656285,0.582850521436848,0.481900452488688,0.638755980861244,0.95933014354067,0.555555555555556,0.200923787528868,0,0.727272727272727,0.810901001112347,0.91128010139417,0.603448275862069,0.651658767772512,0.684729064039409,0.624557260920897,0.814241486068111,0.334831460674157,0.981330221703617,0.473684210526316,0.52092050209205,0.342136854741897,0.234042553191489,0.988662131519274,0.805038335158817,0.773218142548596,0.543778801843318,0.341640706126687,0.522233712512927,0.38755980861244,0.708963911525029,0.761336515513127,0.744637385086823,0.967621419676214,0.568677792041078,0.470023980815348,0.435419440745672,0.627586206896552,0.757377049180328,0,0,0,0.688022284122563,0.774607703281027,0.740740740740741,0.731563421828909,0,0,0.623762376237624,0.737012987012987,0.564963503649635,0.636098981077147,0.652759084791386
"Streptococcus_mutans",0.533487297921478,0.166666666666667,0.628504672897196,0.560557341907824,0.050314465408805,0.856225930680359,0.670353982300885,0.992592592592593,0.975550122249389,0.452229299363057,0.83467278989667,0.593932322053676,0.218335343787696,0.654117647058824,0.642369020501139,0.829741379310345,0.280293757649939,0.889975550122249,0.452903225806452,0.604049493813273,0.665083135391924,0.952861952861953,0.882783882783883,0.724137931034483,0.482032218091698,0.987654320987654,0.39030612244898,0.814525139664804,0.922018348623853,0.860619469026549,0.726937269372694,0.941245593419506,0.650963597430407,0.845502645502646,0.911060433295325,0.844252163164401,0.846313603322949,0.825970548862115,0.148603351955307,0.668681983071342,0.9454770755886,0.578366445916115,0.467700258397933,0.587583148558758,0.704878048780488,0.696035242290749,0.635916359163592,0.664071190211346,0.9837775202781,0.583710407239819,0.849282296650718,0.633971291866029,0.632373113854595,0.810623556581986,0.376657824933687,0.37995337995338,0.208008898776418,0.974651457541191,0.448275862068966,0.440758293838863,0.903940886699507,0.645808736717828,0.785345717234262,0.150561797752809,0.309218203033839,0.69453044375645,0.797071129707113,0.289315726290516,0.973995271867612,0.895691609977324,0.325301204819277,0.449244060475162,0.887096774193548,0.611630321910696,0.596690796277146,0.952153110047847,0.373690337601863,0.83054892601432,0.893769152196119,0.952677459526775,0.943517329910141,0.537170263788969,0.861517976031957,0.52,0,0.766561514195584,0,0.610062893081761,0.807799442896936,0.723252496433666,0.787037037037037,0.926253687315634,0,0.728915662650602,0.968882602545969,0,0.535766423357664,0.761280931586608,0.561238223418573
"Streptococcus_thermophilus",0.773672055427252,0.923245614035088,0.957943925233645,0.785637727759914,0.89937106918239,0.725288831835687,0.929203539823009,0.997530864197531,0.929095354523227,0.974522292993631,0.908151549942595,0.584597432905484,0.903498190591074,0.889411764705882,0.683371298405467,0.918103448275862,0.784577723378213,0.951100244498778,0.92,0.667041619797525,0.382422802850356,0.438832772166106,0.985347985347985,0.78359096313912,0.881040892193309,0.959876543209877,0.73469387755102,0.997765363128492,0.951834862385321,0.86283185840708,0.82779827798278,0.976498237367803,0.858672376873662,0.993650793650794,0.553021664766249,0.834363411619283,0.933541017653167,0.941097724230254,0.879329608938548,0.492140266021765,0.938042131350681,0.84326710816777,0.638242894056848,0.592017738359202,0.975609756097561,0.986784140969163,0.535055350553506,0.815350389321468,0.675550405561993,0.554298642533937,0.777511961722488,0.380382775119617,0.939643347050754,0.993071593533487,0.978779840848806,0.286713286713287,0.942157953281424,0.313054499366286,0.588669950738916,0.462085308056872,0.975369458128079,0.874852420306966,0.981424148606811,0.570786516853933,0.773628938156359,0.983488132094943,0.981171548117155,0.908763505402161,0.988179669030733,0.947845804988662,0.95618838992333,0.736501079913607,0.836405529953917,0.991692627206646,0.991726990692865,0.76555023923445,0.890570430733411,0.732696897374702,0.979570990806946,0.691158156911582,0.958921694480103,0.76978417266187,0.941411451398136,0,0,0.854889589905363,0,0.676100628930818,0.479108635097493,0.455064194008559,0,0.967551622418879,0.746913580246914,0.533132530120482,0.833097595473833,0.62987012987013,0,0,0.36742934051144
"Propionibacterium_propionicum",0.221709006928406,0.567982456140351,0.219626168224299,0.251875669882101,0.415094339622642,0.822849807445443,0.949115044247788,0.602469135802469,0.354523227383863,0.515923566878981,0.522388059701492,0.981330221703617,0.392038600723764,0.837647058823529,0.309794988610478,0.875,0,0.501222493887531,0.465806451612903,0.480314960629921,0.655581947743468,0.824915824915825,0,0.552913198573127,0.784386617100372,0.592592592592593,0.747448979591837,0.953072625698324,0.772935779816514,0.168141592920354,0.781057810578106,0.896592244418331,0.605995717344754,0.771428571428571,0.881413911060433,0.779975278121137,0.775700934579439,0.518072289156627,0.827932960893855,0.581620314389359,0.551425030978934,0.567328918322296,0,0.674057649667406,0.821951219512195,0.511013215859031,0.261992619926199,0.523915461624027,0.348783314020857,0.475113122171946,0,0,0,0.591224018475751,0.917771883289125,0.841491841491842,0.919911012235818,0.989860583016477,0.600985221674877,0.713270142180095,0.598522167487685,0,0.86171310629515,0.786516853932584,0.759626604434072,0.775025799793602,0.822175732217573,0.56062424969988,0.83451536643026,0.136054421768707,0.380065717415115,0.475161987041037,0.845622119815668,0.892004153686397,0.834539813857291,0.971291866028708,0.762514551804424,0.720763723150358,0.350357507660878,0.374844333748443,0.576379974326059,0,0.957390146471372,0.553103448275862,0,0,0,0,0.796657381615599,0.880171184022825,0.623456790123457,0.578171091445428,0.666666666666667,0.668674698795181,0.895332390381895,0.753246753246753,0.494890510948905,0.65938864628821,0.776581426648721
"Porphyromonas_asaccharolytica",0.175519630484988,0,0.294392523364486,0,0.230607966457023,0,0,0,0.232273838630807,0,0.788748564867968,0,0,0.421176470588235,0,0.131465517241379,0,0.354523227383863,0,0,0,0.355780022446689,0,0.545778834720571,0,0,0,0,0.715596330275229,0.331858407079646,0,0.499412455934195,0.665952890792291,0.430687830687831,0,0.322620519159456,0.505711318795431,0.451137884872825,0,0,0,0.17439293598234,0,0,0,0,0,0.312569521690768,0,0,0.782296650717703,0,0,0.337182448036952,0,0,0,0.44233206590621,0.4064039408867,0.417061611374408,0.246305418719212,0,0.195046439628483,0,0,0.254901960784314,0.098326359832636,0,0.184397163120567,0.419501133786848,0.257393209200438,0.248380129589633,0,0,0.0506721820062048,0,0.522700814901048,0,0,0.579078455790785,0.994865211810013,0,0,0,0,0,0,0,0,0.62339514978602,0,0,0,0,0,0,0,0,0.46164199192463
"Treponema_pectinovorum",0.565819861431871,0.432017543859649,0,0.708467309753483,0.0817610062893082,0,0.61283185840708,0,0,0.329087048832272,0.763490241102181,0.367561260210035,0.696019300361882,0.388235294117647,0,0.101293103448276,0.586291309669523,0.409535452322738,0,0.487064116985377,0.776722090261283,0.483726150392817,0.518925518925519,0.833531510107015,0.241635687732342,0,0,0.208938547486034,0.655963302752294,0.705752212389381,0.257072570725707,0.280846063454759,0.775160599571734,0.437037037037037,0.427594070695553,0.686032138442522,0.875389408099688,0,0.812290502793296,0.419588875453446,0.479553903345725,0.498896247240618,0,0.39689578713969,0.38780487804878,0.607929515418502,0,0.401557285873192,0.673232908458864,0.624434389140271,0.909090909090909,0.679425837320574,0,0.228637413394919,0,0,0,0.510773130544994,0.285714285714286,0.409952606635071,0,0.593860684769776,0.512899896800826,0.253932584269663,0.52392065344224,0.457172342621259,0.357740585774059,0,0,0.442176870748299,0.266155531215772,0.384449244060475,0.202764976958525,0.202492211838006,0.553257497414685,0,0.585564610011641,0.317422434367542,0.579162410623085,0,0,0,0.467376830892144,0,0,0,0,0,0,0,0,0,0,0,0,0,0,0,0
"Neisseria_flavescens",0.926096997690531,0.68640350877193,0.766355140186916,0.888531618435155,0.941299790356394,0.75609756097561,0.920353982300885,0.891358024691358,0.728606356968215,0.651804670912951,0.187141216991963,0.290548424737456,0.232810615199035,0.527058823529412,0.564920273348519,0.364224137931034,0.510403916768666,0.982885085574572,0.646451612903226,0.901012373453318,0.562945368171021,0.898989898989899,0.321123321123321,0.885850178359096,0.895910780669145,0.546296296296296,0.415816326530612,0.970949720670391,0.536697247706422,0.798672566371681,0.461254612546125,0.875440658049354,0.539614561027837,0.866666666666667,0.710376282782212,0.648949320148331,0.703011422637591,0.788487282463186,0.539664804469274,0.221281741233374,0.838909541511772,0.512141280353201,0.576227390180879,0.87139689578714,0.921951219512195,0.140969162995595,0.559655596555966,0.1412680756396,0.763615295480881,0.656108597285068,0.389952153110048,0.58133971291866,0.547325102880658,0.612009237875289,0.607427055702918,0.895104895104895,0.899888765294772,0.391634980988593,0.945812807881773,0.985781990521327,0.697044334975369,0.926800472255018,0.855521155830753,0.431460674157303,0.72928821470245,0.896800825593395,0.897489539748954,0.358943577430972,0.931442080378251,0.378684807256236,0.861993428258488,0.892008639308855,0.905529953917051,0.889927310488058,0.890382626680455,0.349282296650718,0.706635622817229,0.914081145584726,0.916241062308478,0.280199252801993,0.702182284980745,0.683453237410072,0.928095872170439,0.779310344827586,0.842622950819672,0.981072555205047,0.848739495798319,0.990566037735849,0.991643454038997,0.977175463623395,0.95679012345679,0.952802359882006,0.984567901234568,0.978915662650602,0.949080622347949,0.905844155844156,0.982481751824818,0.921397379912664,0.989232839838493
"Streptococcus_anginosus",0.699769053117783,0.368421052631579,0.712616822429907,0.367631296891747,0.926624737945493,0.666238767650834,0.743362831858407,0.97037037037037,0.222493887530562,0.819532908704883,0.384615384615385,0.666277712952159,0.411338962605549,0.910588235294118,0.79498861047836,0.8125,0.91187270501836,0.603911980440098,0.633548387096774,0.635545556805399,0.522565320665083,0.622895622895623,0.760683760683761,0.745541022592152,0.63816604708798,0.595679012345679,0.892857142857143,0.347486033519553,0.768348623853211,0.805309734513274,0.677736777367774,0.562867215041128,0.676659528907923,0.301587301587302,0.929304446978335,0.391841779975278,0.725856697819315,0.531459170013387,0.226815642458101,0.760580411124547,0.786864931846345,0.58719646799117,0.79328165374677,0.485587583148559,0.702439024390244,0.964757709251101,0.869618696186962,0.657397107897664,0.995365005793743,0.735294117647059,0.861244019138756,0.990430622009569,0.717421124828532,0.704387990762125,0.421750663129974,0.827505827505827,0.848720800889878,0.290240811153359,0.916256157635468,0.869668246445498,0.482758620689655,0.943329397874852,0.797729618163055,0.442696629213483,0.887981330221704,0.70485036119711,0.824267782426778,0.831932773109244,0.650118203309693,0.791383219954649,0.807228915662651,0.72354211663067,0.785714285714286,0.877466251298027,0.482936918304033,0.822966507177033,0.436554132712456,0.902147971360382,0.887640449438202,0.820672478206725,0.540436456996149,0.779376498800959,0.339547270306258,0,0,0,0,0,0,0,0,0,0,0,0,0,0,0,0
"Leptotrichia_trevisanii",0.240184757505774,0.822368421052632,0.799065420560748,0.869239013933548,0.825995807127883,0.419768934531451,0.699115044247788,0.4,0.731051344743276,0.845010615711253,0.634902411021814,0.88098016336056,0.539203860072376,0.976470588235294,0.603644646924829,0.969827586206897,0.89718482252142,0.308068459657702,0.620645161290323,0.921259842519685,0.684085510688836,0.364758698092031,0.792429792429792,0.721759809750297,0.930607187112763,0.79320987654321,0.99234693877551,0.906145251396648,0.545871559633027,0.880530973451327,0.323493234932349,0.212690951821387,0.809421841541756,0.540740740740741,0.619156214367161,0.980222496909765,0.840083073727934,0.836680053547523,0.653631284916201,0.349455864570738,0.707558859975217,0.938189845474614,0.994832041343669,0.141906873614191,0.978048780487805,0.45374449339207,0.387453874538745,0.626251390433815,0.703360370799537,0.84841628959276,0.949760765550239,0.911483253588517,0.596707818930041,0.891454965357968,0.344827586206897,0.902097902097902,0.902113459399333,0.531051964512041,0.714285714285714,0.720379146919431,0.738916256157635,0.962219598583235,0.775025799793602,0.710112359550562,0.673278879813302,0.640866873065015,0.372384937238494,0.490996398559424,0.784869976359338,0.888888888888889,0.822562979189485,0.814254859611231,0.852534562211982,0.798546209761163,0.869700103412616,0.42822966507177,0.962747380675204,0.224343675417661,0.577119509703779,0.544209215442092,0.594351732991014,0.196642685851319,0.842876165113182,0,0,0,0,0,0,0,0,0,0,0,0,0,0,0,0
"Treponema_putidum",0.166281755196305,0.410087719298246,0.282710280373832,0.339764201500536,0.218029350104822,0,0.495575221238938,0,0,0.0976645435244161,0,0.680280046674446,0.589867310012063,0.404705882352941,0.535307517084282,0.196120689655172,0.304773561811506,0.594132029339853,0,0.761529808773903,0.574821852731591,0.885521885521885,0.38949938949939,0.624256837098692,0.296158612143742,0,0.915816326530612,0.42122905027933,0.272935779816514,0.619469026548673,0,0.172737955346651,0.396145610278373,0.274074074074074,0.4230330672748,0,0.609553478712357,0.681392235609103,0.376536312849162,0.501813784764208,0.878562577447336,0.880794701986755,0,0.279379157427938,0.253658536585366,0.955947136563877,0,0.388209121245829,0.374275782155272,0.764705882352941,0.406698564593301,0.827751196172249,0.462277091906722,0.401847575057737,0,0,0,0,0.307881773399015,0.393364928909953,0,0.415584415584416,0.273477812177503,0.410112359550562,0.614935822637106,0.376676986584107,0.581589958158996,0,0,0.603174603174603,0.23986856516977,0.544276457883369,0.658986175115207,0.125649013499481,0.516028955532575,0,0,0,0.340143003064351,0,0,0,0.344873501997337,0.409655172413793,0,0,0,0,0,0,0,0,0,0,0.482319660537482,0,0,0,0.526244952893674
"Leptotrichia_wadei",0.976905311778291,0.728070175438597,0.901869158878505,0.826366559485531,0.473794549266247,0.969191270860077,0.957964601769911,0.88641975308642,0.425427872860636,0.953290870488323,0.894374282433984,0.486581096849475,0.949336550060314,0.762352941176471,0.845102505694761,0.683189655172414,0.434516523867809,0.814180929095355,0.726451612903226,0.678290213723285,0.73396674584323,0.753086419753086,0.819291819291819,0.95243757431629,0.920693928128872,0.598765432098765,0.775510204081633,0.856983240223464,0.486238532110092,0.292035398230089,0.81549815498155,0.708578143360752,0.87152034261242,0.720634920634921,0.527936145952109,0.480840543881335,0.624091381100727,0.566265060240964,0.932960893854749,0.521160822249093,0.771995043370508,0.763796909492274,0.591731266149871,0.960088691796009,0.336585365853659,0.561674008810573,0.931119311193112,0.764182424916574,0.872537659327926,0.796380090497738,0.480861244019139,0.196172248803828,0.49519890260631,0.799076212471132,0.830238726790451,0.79020979020979,0.741935483870968,0.667934093789607,0.679802955665025,0.876777251184834,0.236453201970443,0.775678866587957,0.95046439628483,0.276404494382022,0.789964994165694,0.929824561403509,0.945606694560669,0.882352941176471,0.695035460992908,0.854875283446712,0.723986856516977,0.628509719222462,0.891705069124424,0.846313603322949,0.90899689762151,0.222488038277512,0.934807916181607,0.749403341288783,0.963227783452503,0.880448318804483,0.871630295250321,0.822541966426859,0.840213049267643,0.931034482758621,0.911475409836066,0.67192429022082,0.72436974789916,0.786163522012579,0.857938718662953,0.843081312410842,0.938271604938272,0.622418879056047,0.876543209876543,0.662650602409639,0.793493635077793,0,0.824817518248175,0.842794759825327,0.932705248990579
"Streptococcus_mitis",0.847575057736721,0.456140350877193,0.922897196261682,0.676312968917471,0.333333333333333,0.843388960205392,0.891592920353982,0.71358024691358,0.799511002444988,0.9447983014862,1,0.458576429404901,0.90108564535585,0.957647058823529,0.911161731207289,0.359913793103448,0.71358629130967,0.481662591687042,0.969032258064516,0.8785151856018,0.365795724465558,0.712682379349046,0.692307692307692,0.550535077288942,0.977695167286245,0.58641975308642,0.520408163265306,0.707262569832402,0.88302752293578,0.639380530973451,0.820418204182042,0.341950646298472,0.222698072805139,0.892063492063492,0.445838084378563,0.671199011124845,0.555555555555556,0.911646586345382,0.622346368715084,0.717049576783555,0.571251548946716,0.735099337748344,0.739018087855297,0.113082039911308,0.682926829268293,0.110132158590308,0.921279212792128,0.842046718576196,0.170336037079954,0.493212669683258,0.956937799043062,0.294258373205742,0.566529492455418,0.963048498845266,0.912466843501326,0.965034965034965,0.234705228031146,0.602027883396705,0.987684729064039,0.983412322274882,0.231527093596059,0.744982290436836,0.603715170278638,0.734831460674157,0.841306884480747,0.907120743034056,0.847280334728033,0.351740696278511,0.888888888888889,0.528344671201814,0.848849945235487,0.98488120950324,0.672811059907834,0.968847352024922,0.377456049638056,0.830143540669856,0.30151338766007,0.744630071599045,0.816138917262513,0.584059775840598,0.925545571245186,0.601918465227818,0.648468708388815,0.715862068965517,0.99016393442623,0.646687697160883,0.99327731092437,0.833333333333333,0.437325905292479,0.908701854493581,0.626543209876543,0.501474926253687,0.966049382716049,1,0.431400282885431,0.987012987012987,0.935766423357664,0.909752547307133,0.827725437415882
"Dialister_micraerophilus",0.228637413394919,0.359649122807018,0.308411214953271,0.817792068595927,0.0482180293501048,0.486521181001284,0.502212389380531,0.330864197530864,0.713936430317848,0.220806794055202,0.572904707233065,0.633605600933489,0.466827503015682,0.823529411764706,0.232346241457859,0.484913793103448,0.608323133414933,0.393643031784841,0,0.433070866141732,0.598574821852732,0.602693602693603,0.816849816849817,0.286563614744352,0,0,0.431122448979592,0.477094972067039,0.401376146788991,0.707964601769911,0.623616236162362,0.929494712103408,0.211991434689507,0.900529100529101,0.995438996579247,0.799752781211372,0.69055036344756,0.930388219544846,0.331843575418994,0.596130592503023,0.539033457249071,0.240618101545254,0,0.361419068736142,0.441463414634146,0.513215859030837,0.93849938499385,0.546162402669633,0.79837775202781,0.809954751131222,0.947368421052632,0.507177033492823,0,0.849884526558891,0,0.461538461538462,0.345939933259177,0.368821292775665,0.374384236453202,0.364928909952607,0.300492610837438,0.265643447461629,0.595459236326109,0.30561797752809,0,0.568627450980392,0.623430962343096,0,0.981087470449173,0.594104308390023,0.36473165388828,0.287257019438445,0.15668202764977,0.547248182762201,0.832471561530507,0.227272727272727,0.471478463329453,0.572792362768496,0.726251276813075,0.347447073474471,0.974326059050064,0.741007194244604,0.672436750998668,0.572413793103448,0,0,0,0,0.540389972144847,0.526390870185449,0,0.587020648967552,0.725308641975309,0,0.915134370579915,0,0,0.770014556040757,0.402422611036339
"Prevotella_oris",0.471131639722864,0.809210526315789,0.77803738317757,0.740621650589496,0.339622641509434,0.874197689345314,0.34070796460177,0.980246913580247,0.987775061124694,0.43312101910828,0.823191733639495,0.418903150525088,0.375150784077201,0.952941176470588,0.943052391799544,0.275862068965517,0.88984088127295,0.246943765281174,0.778064516129032,0.435320584926884,0.513064133016627,0.474747474747475,0.89010989010989,0.847800237812128,0.662949194547708,0.941358024691358,0.49234693877551,0.941899441340782,0.94954128440367,0.723451327433628,0.96309963099631,0.767332549941246,0.614561027837259,0.515343915343915,0.963511972633979,0.364647713226205,0.831775700934579,0.646586345381526,0.318435754189944,0.96130592503023,0.563816604708798,0.737306843267108,0.883720930232558,0.503325942350333,0.295121951219512,0.169603524229075,0.699876998769988,0.773081201334817,0.993047508690614,0.839366515837104,0.92822966507177,0.751196172248804,0.934156378600823,0.896073903002309,0.787798408488064,0.198135198135198,0.588431590656285,0.52851711026616,0.975369458128079,0.966824644549763,0.849753694581281,0.860684769775679,0.905056759545924,0.746067415730337,0.864644107351225,0.909184726522188,0.817991631799163,0.776710684273709,0.293144208037825,0.934240362811791,0.886089813800657,0.766738660907127,0.502304147465438,0.183800623052959,0.842812823164426,0.834928229665072,0.217694994179278,0.940334128878282,0.709908069458631,0.99252801992528,0.894736842105263,0.709832134292566,0.707057256990679,0.743448275862069,0.79344262295082,0.690851735015773,0.74453781512605,0.871069182389937,0.740947075208914,0.808844507845934,0.867283950617284,0.675516224188791,0.561728395061728,0.545180722891566,0.81046676096181,0.668831168831169,0.769343065693431,0.641921397379913,0.838492597577389
"Chryseobacterium_piscicola",0.383371824480369,0,0,0.352625937834941,0.174004192872117,0,0.68141592920354,0,0.63080684596577,0.336518046709129,0,0.843640606767795,0.486127864897467,0,0,0,0.441860465116279,0,0.731612903225806,0,0,0.378226711560045,0,0.807372175980975,0.541511771995043,0,0,0,0,0,0.377613776137761,0.384253819036428,0,0.291005291005291,0.393386545039909,0,0.0467289719626168,0,0,0.383313180169287,0.472118959107807,0,0,0.232815964523282,0,0,0,0,0.339513325608343,0.251131221719457,0,0.425837320574163,0,0,0,0,0,0.358681875792142,0,0,0,0,0,0.226966292134831,0,0.754385964912281,0.54602510460251,0.735894357743097,0,0,0.548740416210296,0.362850971922246,0.352534562211982,0.53478712357217,0.391933815925543,0.624401913875598,0,0,0.248212461695608,0,0,0,0,0,0,0,0,0,0,0,0,0,0,0,0,0,0,0,0
"Porphyromonas_catoniae",0.916859122401848,0.93859649122807,0.997663551401869,0.978563772775991,0.966457023060797,0.876765083440308,0.971238938053097,0.977777777777778,0.995110024449878,0.987261146496815,0.800229621125144,0.348891481913652,0.913148371531966,0.992941176470588,0.986332574031891,0.997844827586207,0.419828641370869,0.931540342298289,1,0.957255343082115,0.969121140142518,0.777777777777778,1,0.945303210463734,0.990086741016109,0.635802469135803,0.823979591836735,0.921787709497207,0.901376146788991,0.986725663716814,0.997539975399754,0.99529964747356,0.832976445396146,0.951322751322751,0.685290763968073,0.940667490729295,0.997923156801661,0.983935742971888,0.897206703910615,0.833131801692866,0.977695167286245,0.545253863134658,0.86046511627907,0.995565410199557,0.963414634146341,1,0.82779827798278,0.766407119021135,0.974507531865585,0.97737556561086,0.851674641148325,0.834928229665072,0.662551440329218,0.995381062355658,0.326259946949602,0.974358974358974,0.997775305895439,0.82509505703422,0.995073891625616,0.997630331753555,0.950738916256158,0.959858323494687,1,0.89438202247191,0.17852975495916,0.995872033023736,0.702928870292887,0.673469387755102,1,1,0.991237677984666,0.991360691144708,0.997695852534562,0.981308411214953,0.97311271975181,0.519138755980861,0.9953434225844,0.992840095465394,0.989785495403473,0.320049813200498,0.758664955070603,0.851318944844125,0.970705725699068,0.713103448275862,0.695081967213115,0.829652996845426,0,0.616352201257862,0.793871866295265,0.714693295292439,0.83641975308642,0.890855457227139,0.774691358024691,0.530120481927711,0.725601131541726,0.730519480519481,0.754744525547445,0.676855895196507,0.711978465679677
"Fusobacterium_canifelinum",0.826789838337182,0,0.182242990654206,0.822079314040729,0.542976939203354,0.525032092426187,0.161504424778761,0.419753086419753,0.557457212713936,0,0.292766934557979,0.407234539089848,0.510253317249698,0,0,0,0.80171358629131,0.809290953545232,0,0,0,0.609427609427609,0,0.25089179548157,0,0,0,0.412290502793296,0,0,0.321033210332103,0.233842538190364,0.685224839400428,0.487830687830688,0.220068415051311,0,0.474558670820353,0,0,0.216444981862152,0.447335811648079,0,0,0.467849223946785,0.882926829268293,0.400881057268722,0,0,0,0,0.610047846889952,0,0,0,0.885941644562334,0,0,0,0.502463054187192,0.665876777251185,0,0,0.254901960784314,0,0,0.353973168214654,0.271966527196653,0.8031212484994,0,0,0.647316538882804,0.565874730021598,0.629032258064516,0.451713395638629,0.106514994829369,0.397129186602871,0,0,0.366700715015322,0,0,0,0.781624500665779,0,0,0,0,0,0,0,0,0,0,0,0,0,0,0,0
"Aggregatibacter_aphrophilus",0.346420323325635,0.418859649122807,0.780373831775701,0.783494105037513,0.752620545073375,0.912708600770218,0.960176991150443,0.340740740740741,0.902200488997555,0.273885350318471,0.177956371986223,0.76196032672112,0.413751507840772,0.727058823529412,0.539863325740319,0.769396551724138,0.625458996328029,0.430317848410758,0.865806451612903,0.937007874015748,0.973871733966746,0.640852974186307,0.616605616605617,0.702734839476813,0.915737298636927,0.783950617283951,0.762755102040816,0.962011173184358,0.740825688073395,0.433628318584071,0.972939729397294,0.64042303172738,0.486081370449679,0.805291005291005,0.639680729760547,0.634116192830655,0.698857736240914,0.890227576974565,0.278212290502793,0.799274486094317,0.73729863692689,0.748344370860927,0.674418604651163,0.796008869179601,0.997560975609756,0.464757709251101,0.421894218942189,0.303670745272525,0.955967555040556,0.785067873303167,0.923444976076555,0.688995215311005,0.731138545953361,0.879907621247113,0.557029177718833,0.601398601398601,0.833147942157953,0.315589353612167,0.507389162561576,0.568720379146919,0.423645320197044,0.338842975206612,0.917440660474716,0.471910112359551,0.428238039673279,0.95046439628483,0.901673640167364,0.819927971188475,0.41371158392435,0.764172335600907,0.947426067907996,0.922246220302376,0.866359447004608,0.842159916926272,0.900723888314374,0.617224880382775,0.636786961583236,0.43436754176611,0.362614913176711,0.778331257783313,0.486521181001284,0.266187050359712,0.733688415446072,0.646896551724138,0.685245901639344,0,0.98655462184874,0.569182389937107,0.467966573816156,0.429386590584879,0.592592592592593,0.563421828908555,0.635802469135803,0.653614457831325,0.847241867043847,0,0.953284671532847,0.574963609898108,0.693135935397039
"Lachnoanaerobaculum_umeaense",0.990762124711316,0.87719298245614,0.981308411214953,0.22615219721329,0.958071278825996,0.591784338896021,0.179203539823009,0.859259259259259,0.992665036674817,0.900212314225053,0.850746268656716,0.421236872812135,0.223160434258142,0.948235294117647,0.298405466970387,0.989224137931034,0.987760097919217,0.735941320293399,0.403870967741935,0.532058492688414,0.954869358669834,0.198653198653199,0.938949938949939,1,0.980173482032218,0.932098765432099,0.783163265306122,0.948603351955307,0.98394495412844,0.924778761061947,0.965559655596556,0.988249118683901,0.595289079229122,0.938624338624339,0.530216647662486,0.775030902348579,0.356178608515057,0.609103078982597,0.644692737430168,0.28174123337364,0.866171003717472,0.355408388520971,1,0.773835920177384,0.953658536585366,0.403083700440529,0.70479704797048,0.735261401557286,0.860950173812283,0.893665158371041,0.397129186602871,0.772727272727273,0.906721536351166,0.988452655889146,0.909814323607427,0.967365967365967,0.363737486095662,0.901140684410646,0.736453201970443,0.670616113744076,0.95320197044335,0.981109799291617,0.884416924664603,0.573033707865168,0.638273045507585,0.940144478844169,0.97489539748954,0.635054021608643,0.754137115839243,0.99546485260771,0.997809419496167,0.995680345572354,0.935483870967742,0.507788161993769,0.81799379524302,0.863636363636364,0.322467986030268,0.892601431980907,0.883554647599591,0.897882938978829,0.866495507060334,0.872901678657074,0.869507323568575,0.68,0,0.71608832807571,0,0.682389937106918,0.799442896935933,0.657631954350927,0.950617283950617,0.932153392330384,0.731481481481482,0.77710843373494,0.555869872701556,0.685064935064935,0.924087591240876,0.615720524017467,0.857335127860027
"Eubacterium_infirmum",0.882217090069284,0.767543859649123,0.593457943925234,0.753483386923901,0.914046121593291,0.391527599486521,0.457964601769911,0.565432098765432,0.833740831295844,0.142250530785563,0.435132032146958,0.190198366394399,0.249698431845597,0.684705882352941,0.649202733485194,0.790948275862069,0.574051407588739,0.462102689486553,0.685161290322581,0.448818897637795,0.957244655581948,0.308641975308642,0.636141636141636,0.695600475624257,0.853779429987608,0.570987654320988,0.910714285714286,0.539664804469274,0.720183486238532,0.402654867256637,0.670356703567036,0.330199764982374,0.768736616702355,0.35026455026455,0.470923603192702,0.414091470951792,0.91484942886812,0.622489959839357,0.544134078212291,0.796856106408706,0.390334572490706,0.896247240618102,0.914728682170543,0.811529933481153,0.317073170731707,0.26431718061674,0.906519065190652,0.810901001112347,0.397450753186559,0.771493212669683,0.363636363636364,0.641148325358852,0.829903978052126,0.665127020785219,0.522546419098143,0.547785547785548,0.28587319243604,0.614702154626109,0.822660098522167,0.883886255924171,0.842364532019704,0.478158205430933,0.651186790505676,0.728089887640449,0.850641773628938,0.700722394220846,0.744769874476987,0.721488595438175,0.385342789598109,0.882086167800454,0.739320920043812,0.861771058315335,0.716589861751152,0.0508826583592939,0.234746639089969,0.631578947368421,0.583236321303842,0.675417661097852,0.336057201225741,0.795765877957659,0.653401797175867,0.24220623501199,0.683089214380826,0.633103448275862,0,0.943217665615142,0.771428571428571,0,0.707520891364902,0.57774607703281,0.904320987654321,0.607669616519174,0.657407407407407,0.710843373493976,0.476661951909477,0.672077922077922,0.842335766423358,0.708879184861718,0.798115746971736
"Neisseria_mucosa",0.327944572748268,0.12719298245614,0.845794392523365,0.369774919614148,0.119496855345912,0.989730423620026,0.553097345132743,0.476543209876543,0.54278728606357,0.292993630573248,0.469575200918484,0.428238039673279,0.464414957780458,0.367058823529412,0.849658314350797,0.547413793103448,0.708690330477356,0.904645476772616,0.610322580645161,0.617547806524185,0.332541567695962,0.432098765432099,0.452991452991453,0.809750297265161,0.781908302354399,0.657407407407407,0.354591836734694,0.946368715083799,0.731651376146789,0.758849557522124,0.478474784747847,0.750881316098707,0.297644539614561,0.796825396825397,0.363740022805017,0.812113720642769,0.752855659397715,0.724230254350736,0.340782122905028,0.465538089480048,0.695167286245353,0.554083885209713,0.48062015503876,0.48780487804878,0.631707317073171,0.312775330396476,0.503075030750307,0.619577308120133,0.47856315179606,0.880090497737557,0.76555023923445,0.65311004784689,0.465020576131687,0.755196304849885,0,0.82051282051282,0.136818687430478,0.700887198986058,0.859605911330049,0.827014218009479,0,0.952774498229044,0.702786377708978,0.265168539325843,0.213535589264877,0.543859649122807,0.192468619246862,0.860744297719088,0.418439716312057,0.512471655328798,0.759036144578313,0.751619870410367,0.829493087557604,0.501557632398754,0.578076525336091,0.423444976076555,0.520372526193248,0.9618138424821,0.0194075587334014,0.559153175591532,0.835686777920411,0.815347721822542,0.784287616511318,0.624827586206897,0.652459016393443,0.593059936908517,0.929411764705882,0.694968553459119,0.763231197771588,0.6490727532097,0.753086419753086,0.480825958702065,0.827160493827161,0.524096385542169,0.547383309759547,0.811688311688312,0.477372262773723,0.965065502183406,0.588156123822342
"Neisseria_dentiae",0.279445727482679,0.644736842105263,0.843457943925234,0.521972132904609,0.10272536687631,0,0.391592920353982,0,0.530562347188264,0.282377919320594,0,0.64294049008168,0.63329312424608,0.251764705882353,0.4874715261959,0.581896551724138,0.667074663402693,0,0.458064516129032,0.473565804274466,0.496437054631829,0.26374859708193,0.345543345543346,0.743162901307967,0.407682775712515,0.651234567901235,0,0.519553072625698,0.323394495412844,0.81858407079646,0.512915129151292,0.407755581668625,0.4796573875803,0.883597883597884,0.507411630558723,0.243510506798517,0.208722741433022,0.544846050870147,0,0.535671100362757,0.439900867410161,0.618101545253863,0.664082687338501,0.545454545454545,0.831707317073171,0.466960352422908,0.530135301353014,0.426028921023359,0.390498261877173,0.615384615384615,0,0.476076555023923,0.725651577503429,0.736720554272517,0,0.400932400932401,0.543937708565072,0.96958174904943,0,0,0.894088669950739,0.801652892561983,0.628482972136223,0.31685393258427,0.360560093348891,0.541795665634675,0.445606694560669,0.663865546218487,0.245862884160756,0.72562358276644,0.579408543263965,0.511879049676026,0.149769585253456,0.308411214953271,0.422957600827301,0.471291866028708,0.685681024447031,0.286396181384248,0.254341164453524,0.429638854296389,0.612323491655969,0,0,0,0,0,0,0,0,0,0,0,0,0,0,0,0,0,0
"Haemophilus_pittmaniae",0.921478060046189,0.81359649122807,0.827102803738318,0.359056806002144,0.809224318658281,0.31193838254172,0.473451327433628,0.755555555555556,0.550122249388753,0.934182590233546,0.244546498277842,0.894982497082847,0.814234016887817,0.190588235294118,0.239179954441913,0.474137931034483,0.512851897184822,0.772616136919315,0.894193548387097,0,0,0.813692480359147,0.253968253968254,0.933412604042806,0.987608426270136,0,0,0.863687150837989,0,0.420353982300885,0.426814268142681,0.830787309048179,0.678800856531049,0.51957671957672,0.375142531356899,0,0.231568016614746,0.346720214190094,0.470391061452514,0.605804111245466,0.71003717472119,0.549668874172185,0,0.720620842572062,0.960975609756098,0.244493392070485,0,0.337041156840934,0.937427578215527,0.875565610859729,0.574162679425837,0.399521531100478,0,0.321016166281755,0.413793103448276,0.925407925407925,0.959955506117909,0.465145754119138,0.300492610837438,0.341232227488152,0,0.365997638724911,0.647058823529412,0.152808988764045,0,0.723426212590299,0.476987447698745,0.270108043217287,0.621749408983452,0.385487528344671,0.864184008762322,0.833693304535637,0.970046082949309,0.925233644859813,0.590486039296794,0.337320574162679,0,0.566825775656325,0.820224719101124,0,0,0,0.336884154460719,0.542068965517241,0.809836065573771,0,0,0.679245283018868,0.643454038997215,0.543509272467903,0.614197530864197,0.59882005899705,0.830246913580247,0.512048192771084,0.768033946251768,0,0.947445255474453,0.746724890829694,0.372812920592194
"Prevotella_micans",0.766743648960739,0.655701754385965,0.602803738317757,0.772775991425509,0.574423480083857,0.671373555840822,0.475663716814159,0.232098765432099,0.523227383863081,0.26963906581741,0.793340987370838,0.425904317386231,0.650180940892642,0.635294117647059,0.608200455580866,0.726293103448276,0.86780905752754,0.361858190709046,0.992258064516129,0.615298087739033,0.819477434679335,0.503928170594837,0.68986568986569,0.391200951248514,0.620817843866171,0.87037037037037,0.584183673469388,0.758659217877095,0.337155963302752,0.665929203539823,0.685116851168512,0.238542890716804,0.880085653104925,0.441269841269841,0.596351197263398,0.945611866501854,0.896157840083074,0.742971887550201,0.626815642458101,0.888754534461911,0.474597273853779,0.803532008830022,0.708010335917313,0.206208425720621,0.597560975609756,0.451541850220264,0.675276752767528,0.563959955506118,0.877172653534183,0.287330316742081,0.669856459330144,0.528708133971292,0.742112482853224,0.766743648960739,0.856763925729443,0.195804195804196,0.710789766407119,0.956907477820025,0.830049261083744,0.630331753554502,0.477832512315271,0.598583234946871,0.535603715170279,0.364044943820225,0.843640606767795,0.696594427244582,0.472803347280335,0.887154861944778,0.531914893617021,0.471655328798186,0.789704271631982,0.816414686825054,0.241935483870968,0.136033229491173,0.859358841778697,0.375598086124402,0.392316647264261,0.739856801909308,0.356486210418795,0.332503113325031,0.396662387676508,0.529976019184652,0.786950732356858,0.699310344827586,0,0,0.774789915966387,0,0.484679665738162,0.689015691868759,0.66358024691358,0.761061946902655,0.592592592592593,0.756024096385542,0.73974540311174,0,0.62043795620438,0.580786026200873,0.553162853297443
"Treponema_succinifaciens",0.713625866050808,0.664473684210526,0.254672897196262,0.710610932475884,0.727463312368973,0,0.493362831858407,0,0,0.382165605095541,0,0.815635939323221,0.293124246079614,0.745882352941176,0.437357630979499,0.698275862068966,0.649938800489596,0,0.811612903225806,0.815523059617548,0.859857482185273,0.737373737373737,0,0,0,0,0.528061224489796,0.472625698324022,0.543577981651376,0,0.348093480934809,0.356051703877791,0.256959314775161,0.496296296296296,0.174458380843786,0.354758961681088,0.682242990654206,0.649263721552878,0.573184357541899,0.808948004836759,0.630731102850062,0.827814569536424,0.534883720930233,0.809312638580931,0,0.151982378854626,0.719557195571956,0.403781979977753,0.388180764774044,0.791855203619909,0.392344497607655,0.624401913875598,0.609053497942387,0.415704387990762,0,0,0.375973303670745,0.693282636248416,0,0,0,0,0.145510835913313,0.337078651685393,0.915985997666278,0.285861713106295,0.401673640167364,0,0.976359338061466,0.680272108843537,0.430449069003286,0.460043196544276,0.670506912442396,0.333333333333333,0.62564632885212,0,0.573923166472643,0.9236276849642,0.0214504596527068,0.658779576587796,0,0.50599520383693,0,0,0,0,0,0,0,0,0,0,0,0,0,0,0,0,0
"Kingella_denitrificans",0.561200923787529,0.56140350877193,0.754672897196262,0.627009646302251,0.251572327044025,0.92811296534018,0.86283185840708,0.264197530864198,0.427872860635697,0.585987261146497,0.683122847301952,0.831971995332555,0.268998793727382,0.256470588235294,0,0.490301724137931,0.571603427172583,0.513447432762836,0.729032258064516,0,0,0.346801346801347,0,0.793103448275862,0.767038413878563,0,0.299744897959184,0.982122905027933,0,0.435840707964602,0.286592865928659,0.473560517038778,0.670235546038544,0.801058201058201,0.936145952109464,0,0.580477673935618,0.761713520749665,0.635754189944134,0.644498186215236,0.908302354399009,0,0,0.802660753880266,0.8,0.1784140969163,0,0.243604004449388,0.362688296639629,0.712669683257919,0.758373205741627,0.389952153110048,0,0.780600461893764,0.514588859416446,0.615384615384615,0.568409343715239,0.987325728770596,0.748768472906404,0.62085308056872,0.396551724137931,0,0.888544891640867,0.132584269662921,0.547257876312719,0.777089783281734,0.761506276150628,0.627851140456183,0.690307328605201,0.485260770975057,0.667031763417306,0.844492440604752,0.817972350230415,0.362409138110073,0.640124095139607,0.760765550239234,0.536670547147846,0,0.215526046986721,0,0.58793324775353,0,0.531291611185086,0.668965517241379,0,0.851735015772871,0.966386554621849,0.654088050314465,0.676880222841226,0.443651925820257,0,0.489675516224189,0.679012345679012,0.629518072289157,0.553041018387553,0,0.722627737226277,0.583697234352256,0.690444145356662
"Veillonella_denticariosi",0.325635103926097,0.37280701754386,0.735981308411215,0.254019292604502,0.427672955974843,0.301668806161746,0.117256637168142,0.920987654320988,0.699266503667482,0.617834394904459,0.882893226176808,0.845974329054842,0.476477683956574,0,0,0,0.258261933904529,0.731051344743276,0.483870967741935,0,0,0.306397306397306,0,0.800237812128419,0.603469640644362,0,0.299744897959184,0.403351955307263,0,0,0.375153751537515,0.344300822561692,0.582441113490364,0.204232804232804,0.48460661345496,0,0.516095534787124,0.630522088353414,0.287150837988827,0.869407496977025,0.868649318463445,0,0,0.292682926829268,0.263414634146341,0.973568281938326,0,0,0.942062572421784,0.748868778280543,0.672248803827751,0.373205741626794,0,0,0.464190981432361,0.692307692307692,0.655172413793103,0.480354879594423,0.54679802955665,0.658767772511848,0,0,0.323013415892673,0.537078651685393,0,0.649122807017544,0.585774058577406,0.346938775510204,0.945626477541371,0,0.487404162102957,0.39524838012959,0.799539170506912,0.592938733125649,0.487073422957601,0.356459330143541,0,0,0.628192032686415,0.462017434620174,0,0,0,0.671724137931034,0,0,0.835294117647059,0,0.782729805013928,0,0,0,0,0,0.578500707213578,0,0,0,0.364737550471063
"Corynebacterium_durum",0.33256351039261,0.635964912280702,0.904205607476635,0.732047159699893,0.505241090146751,0.976893453145058,0.865044247787611,0.34320987654321,0.794621026894866,0.732484076433121,0.237657864523536,0.936989498249708,0.922798552472859,0.574117647058824,0.61503416856492,0.907327586206897,0.880048959608323,0.271393643031785,0.984516129032258,0.716535433070866,0.211401425178147,0.517396184062851,0.929181929181929,0.883472057074911,0.474597273853779,0.935185185185185,0.474489795918367,0.810055865921788,0.967889908256881,0.45353982300885,0.665436654366544,0.917743830787309,0.421841541755889,0.398941798941799,0.755986316989738,0.278121137206428,0.867082035306334,0.852744310575636,0.512849162011173,0.69770253929867,0.52912019826518,0.43046357615894,0.886304909560723,0.862527716186253,0.739024390243902,0.596916299559471,0.977859778597786,0.793103448275862,0.888760139049826,0.490950226244344,0.657894736842105,0.502392344497608,0.796982167352538,0.986143187066975,0.938992042440318,0.473193473193473,0.434927697441602,0.842839036755387,0.911330049261084,0.796208530805687,0.827586206896552,0.69775678866588,0.919504643962848,0.591011235955056,0.88098016336056,0.752321981424149,0.826359832635983,0.253301320528211,0.950354609929078,0.746031746031746,0.888280394304491,0.894168466522678,0.896313364055299,0.966770508826584,0.638055842812823,0.602870813397129,0.867287543655413,0.362768496420048,0.55464759959142,0.681195516811955,0.499358151476252,0.832134292565947,0.760319573901465,0.746206896551724,0.698360655737705,0.678233438485804,0,0.60062893081761,0.860724233983287,0.560627674750357,0.895061728395062,0.893805309734513,0.756172839506173,0.75,0.75954738330976,0.847402597402597,0.465693430656934,0.592430858806405,0.598923283983849
"Neisseria_bacilliformis",0.258660508083141,0.179824561403509,0.782710280373832,0.879957127545552,0.616352201257862,0.684210526315789,0.38716814159292,0.57037037037037,0.506112469437653,0.692144373673036,0.56601607347876,0.250875145857643,0.645355850422195,0.842352941176471,0.246013667425968,0.689655172413793,0.647490820073439,0.936430317848411,0.303225806451613,0.122609673790776,0.695961995249406,0.661054994388328,0.536019536019536,0.346016646848989,0.400247831474597,0.87962962962963,0.744897959183674,0.888268156424581,0.389908256880734,0.754424778761062,0.318573185731857,0.934195064629847,0.982869379014989,0.523809523809524,0.591790193842645,0.295426452410383,0.397715472481828,0.386880856760375,0.329608938547486,0.24546553808948,0.933085501858736,0.401766004415011,0.656330749354005,0.609756097560976,0.468292682926829,0.612334801762115,0.266912669126691,0.53503893214683,0.800695249130939,0.131221719457014,0.811004784688995,0.344497607655502,0,0.842956120092379,0.575596816976127,0.557109557109557,0.566184649610678,0.683143219264892,0.62807881773399,0.618483412322275,0.568965517241379,0.548996458087367,0.692466460268318,0.525842696629213,0.274212368728121,0.698658410732714,0.353556485355649,0.224489795918367,0.252955082742317,0.448979591836735,0.55750273822563,0.423326133909287,0.783410138248848,0.322949117341641,0.718717683557394,0.691387559808612,0.20139697322468,0.39618138424821,0.646578140960163,0.74346201743462,0.969191270860077,0.369304556354916,0.77896138482024,0.497931034482759,0.681967213114754,0,0,0.584905660377358,0.557103064066852,0.69472182596291,0,0.486725663716814,0.777777777777778,0.587349397590361,0.544554455445545,0.675324675324675,0.889051094890511,0.938864628820961,0.472409152086137
"Kingella_oralis",0.748267898383372,0.899122807017544,0.30607476635514,0.519828510182208,0.148846960167715,0.833119383825417,0.400442477876106,0.91358024691358,0.894865525672372,0.592356687898089,0.807118254879449,0.645274212368728,0.737032569360676,0.863529411764706,0.697038724373576,0.905172413793103,0.86046511627907,0.43520782396088,0.845161290322581,0.190101237345332,0.472684085510689,0.683501683501683,0.648351648351648,0.44589774078478,0.236679058240397,0.873456790123457,0.275510204081633,0.836871508379888,0.635321100917431,0.900442477876106,0.933579335793358,0.901292596944771,0.942184154175589,0.424338624338624,0.863169897377423,0.856613102595797,0.547248182762201,0.475234270414993,0.320670391061453,0.318016928657799,0.965303593556382,0.328918322295806,0.863049095607235,0.818181818181818,0.826829268292683,0.773127753303965,0.234932349323493,0.788654060066741,0.710312862108922,0.144796380090498,0.937799043062201,0.645933014354067,0.550068587105624,0.907621247113164,0.694960212201592,0.96037296037296,0.828698553948832,0.325728770595691,0.74384236453202,0.73696682464455,0.926108374384236,0.813459268004723,0.867905056759546,0.501123595505618,0.605600933488915,0.874097007223942,0.870292887029289,0.51500600240096,0.706855791962175,0.789115646258503,0.649507119386637,0.73866090712743,0.898617511520737,0.439252336448598,0.729058945191313,0.241626794258373,0.529685681024447,0.821002386634845,0.716036772216547,0.947696139476961,0.887034659820282,0.522781774580336,0.70439414114514,0.588965517241379,0,0,0,0.669811320754717,0.62116991643454,0.863052781740371,0.722222222222222,0.619469026548673,0.722222222222222,0.849397590361446,0.855728429985856,0,0.862773722627737,0.542940320232897,0.50471063257066
"Cardiobacterium_hominis",0.711316397228637,0.763157894736842,0.698598130841122,0.0846730975348339,0.916142557651992,0.699614890885751,0.935840707964602,0.301234567901235,0.76039119804401,0.868365180467091,0.832376578645235,1,0.85524728588661,0.767058823529412,0.881548974943052,0.894396551724138,0.260709914320685,0.440097799511002,0.556129032258065,0.8177727784027,0.6270783847981,0.789001122334456,0.814407814407814,0.776456599286564,0.848822800495663,0.876543209876543,0.586734693877551,0.892737430167598,0.254587155963303,0.311946902654867,0.736777367773678,0.866039952996475,0.978586723768737,0.758730158730159,0.838084378563284,0.515451174289246,0.750778816199377,0.534136546184739,0.562011173184358,0.845223700120919,0.987608426270136,0.150110375275938,0.976744186046512,0.815964523281596,0.936585365853659,0.297356828193833,0.554735547355474,0.595105672969967,0.606025492468134,0.563348416289593,0.880382775119617,0.700956937799043,0.758573388203018,0.854503464203233,0.705570291777188,0.972027972027972,0.986651835372636,0.992395437262357,0.810344827586207,0.886255924170616,0.421182266009852,0.865407319952775,0.938080495356037,0.889887640449438,0.598599766627771,0.894736842105263,0.709205020920502,0.815126050420168,0.534278959810875,0.494331065759637,0.96276013143483,0.943844492440605,0.80184331797235,0.684319833852544,0.929679420889349,0.483253588516746,0.345750873108265,0.937947494033413,0.711950970377937,0.265255292652553,0.309370988446727,0.592326139088729,0.627163781624501,0.6,0.744262295081967,0.668769716088328,0.946218487394958,0.635220125786163,0.871866295264624,0.825962910128388,0.827160493827161,0.634218289085546,0.783950617283951,0.590361445783133,0.954738330975955,0.63961038961039,0.813138686131387,0.764192139737991,0.741588156123822
"Fretibacterium_fastidiosum",0.967667436489607,0.633771929824561,0.581775700934579,0.97427652733119,0.935010482180293,0.753530166880616,0.676991150442478,0.402469135802469,0.836185819070905,0.628450106157112,0.74052812858783,0.766627771295216,0.640530759951749,0.861176470588235,0.876993166287016,0.978448275862069,0.943696450428397,0.525672371638142,0.334193548387097,0.905511811023622,0.605700712589074,0.939393939393939,0.941391941391941,0.909631391200951,0.588599752168525,0.814814814814815,0.670918367346939,0.716201117318436,0.756880733944954,0.889380530973451,0.70479704797048,0.687426556991774,0.963597430406852,0.439153439153439,0.917901938426454,0.710754017305315,0.973001038421599,0.464524765729585,0.98659217877095,0.992744860943168,0.700123915737299,0.947019867549669,0.775193798449612,0.971175166297118,0.558536585365854,0.555066079295154,0.76629766297663,0.739710789766407,0.981460023174971,1,0.799043062200957,0.966507177033493,0.931412894375857,0.438799076212471,0.774535809018568,0.953379953379953,0.830923248053393,0.703422053231939,0.630541871921182,0.848341232227488,0.512315270935961,0.629279811097993,0.849329205366357,0.546067415730337,0.990665110851809,0.791537667698658,0.884937238493724,0.752701080432173,0.964539007092199,0.981859410430839,0.704271631982475,0.790496760259179,0.223502304147465,0.391484942886812,0.904860392967942,0.27511961722488,0.809080325960419,0.257756563245823,0.773237997957099,0.950186799501868,0.661103979460847,0.561151079136691,0.539280958721704,0.92551724137931,0,0.577287066246057,0,0.660377358490566,0.685236768802228,0.888730385164051,0,0.964601769911504,0,0,0.490806223479491,0,0,0.723435225618632,0.911170928667564
"Streptococcus_peroris",0.764434180138568,0.550438596491228,0.658878504672897,0.536977491961415,0.788259958071279,0.491655969191271,0.47787610619469,0.691358024691358,0.437652811735941,0.208067940552017,0.795637198622273,0.409568261376896,0.522316043425814,0.327058823529412,0.792710706150342,0.224137931034483,0.576499388004896,0.633251833740831,0.747096774193548,0.453318335208099,0.315914489311164,0.780022446689113,0.628815628815629,0.762187871581451,0.828996282527881,0,0.770408163265306,0.11731843575419,0.857798165137615,0.404867256637168,0.276752767527675,0.555816686251469,0.974304068522484,0.655026455026455,0.573546180159635,0.389369592088999,0.833852544132918,0.400267737617135,0.37877094972067,0.600967351874244,0.51177199504337,0.796909492273731,0.297157622739018,0.583148558758315,0.607317073170732,0.174008810572687,0.918819188191882,0.470522803114572,0.793742757821553,0.169683257918552,0.502392344497608,0.358851674641148,0.474622770919067,0.806004618937644,0.482758620689655,0.389277389277389,0.42825361512792,0.475285171102662,0.655172413793103,0.654028436018957,0.955665024630542,0.87012987012987,0.18266253869969,0.737078651685393,0.677946324387398,0.294117647058824,0.449790794979079,0.649459783913565,0.671394799054373,0.160997732426304,0.982475355969332,0.939524838012959,0.682027649769585,0.462097611630322,0.398138572905894,0.361244019138756,0.173457508731083,0.978520286396181,0.468845760980592,0.676214196762142,0.31193838254172,0.721822541966427,0.432756324900133,0.428965517241379,0,0,0,0.776729559748428,0.590529247910863,0.751783166904422,0.555555555555556,0.710914454277286,0.845679012345679,0.575301204819277,0.765205091937765,0.655844155844156,0.804379562043796,0.868995633187773,0.510094212651413
"Olsenella_profusa",0.886836027713626,0.43859649122807,0.705607476635514,0.912111468381565,0.651991614255765,0.535301668806162,0.873893805309734,0.864197530864197,0.625916870415648,0.418259023354565,0.719862227324914,0.185530921820303,0.889022919179735,0.88,0.687927107061503,0.691810344827586,0.762545899632803,0,0.690322580645161,0.824521934758155,0.486935866983373,0.636363636363636,0.682539682539683,0.598097502972652,0.648079306071871,0.790123456790123,0.826530612244898,0.646927374301676,0.873853211009174,0.603982300884956,0.79089790897909,0.807285546415981,0.84796573875803,0.6,0.610034207525656,0.911001236093943,0.786085150571132,0.895582329317269,0.524022346368715,0.35912938331318,0.50185873605948,0.178807947019868,0.850129198966408,0.496674057649667,0.578048780487805,0.438325991189427,0.466174661746617,0.675194660734149,0.946697566628042,0.723981900452489,0.483253588516746,0.901913875598086,0.772290809327846,0.521939953810624,0,0.508158508158508,0.802002224694105,0.979721166032953,0.519704433497537,0.381516587677725,0.5935960591133,0.520661157024793,0.69453044375645,0.366292134831461,0.505250875145858,0.5562435500516,0.855648535564854,0.788715486194478,0.907801418439716,0.222222222222222,0.640744797371303,0.714902807775378,0.334101382488479,0.823468328141225,0.84488107549121,0.854066985645933,0.857974388824214,0.98090692124105,0.848825331971399,0.594022415940224,0.422336328626444,0.877697841726619,0.478029294274301,0,0,0,0,0,0.593314763231198,0.609129814550642,0.833333333333333,0.734513274336283,0,0,0,0,0.468613138686131,0.834061135371179,0.60699865410498
"Agrobacterium_tumefaciens",0.584295612009238,0.743421052631579,0,0.277599142550911,0.538784067085954,0.450577663671374,0.331858407079646,0,0.290953545232274,0.320594479830149,0.336394948335247,0,0,0.501176470588235,0,0.176724137931034,0.771113831089351,0,0,0,0,0.611672278338945,0,0,0,0,0,0.394413407821229,0,0.18141592920354,0,0,0.78372591006424,0.707936507936508,0.183580387685291,0,0,0,0.36536312849162,0.58403869407497,0.410161090458488,0.28476821192053,0.666666666666667,0.509977827050998,0,0.269823788546255,0,0.112347052280311,0.534183082271147,0.31447963800905,0.708133971291866,0,0.596707818930041,0.720554272517321,0,0.818181818181818,0.922135706340378,0,0.450738916256158,0.383886255924171,0,0.239669421487603,0.39938080495356,0.680898876404494,0,0.448916408668731,0.784518828451883,0.478991596638655,0,0,0.268346111719606,0.272138228941685,0,0,0.209927611168563,0,0,0,0.552604698672114,0,0,0,0.427430093209055,0,0,0,0,0,0,0,0,0,0,0,0.68033946251768,0,0,0,0
"Lactobacillus_gasseri",0.406466512702079,0.118421052631579,0.642523364485981,0.614147909967846,0.316561844863732,0.679075738125802,0.652654867256637,0.938271604938272,0.936430317848411,0.203821656050955,0.694603903559127,0,0.244873341375151,0.571764705882353,0.193621867881549,0.185344827586207,0,0.386308068459658,0,0,0,0.151515151515152,0,0.747919143876338,0,0,0.316326530612245,0.343016759776536,0.708715596330275,0.183628318584071,0.60639606396064,0.701527614571093,0.23982869379015,0.77989417989418,0.521094640820981,0,0.275181723779855,0,0,0.608222490931076,0.521685254027262,0,0,0,0.917073170731707,0.949339207048458,0.383763837638376,0.332591768631813,0.552723059096176,0.484162895927602,0.866028708133971,0.940191387559809,0,0.655889145496536,0,0,0.646273637374861,0.579214195183777,0.561576354679803,0.464454976303318,0,0.430932703659976,0.327141382868937,0.853932584269663,0,0.61609907120743,0.278242677824268,0.200480192076831,0.602836879432624,0.748299319727891,0.263964950711939,0.386609071274298,0.576036866359447,0.740394600207684,0.96277145811789,0.662679425837321,0.394644935972061,0.628878281622912,0.689479060265577,0.603985056039851,0.848523748395379,0.798561151079137,0.635153129161119,0,0,0,0,0,0.715877437325905,0,0,0.528023598820059,0,0,0.745403111739745,0,0,0.548762736535662,0.442799461641992
"Prevotella_albensis",0.464203233256351,0.254385964912281,0.481308411214953,0.558413719185423,0.689727463312369,0,0.168141592920354,0,0.466992665036675,0.0955414012738854,0,0,0.616405307599518,0.618823529411765,0,0.620689655172414,0.392900856793146,0,0,0.849268841394826,0.235154394299287,0.313131313131313,0,0.429250891795482,0,0,0.727040816326531,0.262569832402235,0,0.440265486725664,0,0.737955346650999,0.537473233404711,0.111111111111111,0.281641961231471,0,0.214953271028037,0,0.208938547486034,0,0,0.529801324503311,0,0.470066518847007,0,0.449339207048458,0,0.437152391546162,0.174971031286211,0.567873303167421,0.296650717703349,0,0,0.498845265588915,0,0,0,0,0.241379310344828,0.298578199052133,0,0,0.859649122807018,0,0,0.554179566563467,0.0753138075313808,0,0,0.469387755102041,0.338444687842278,0.282937365010799,0.589861751152074,0.497403946002077,0.0672182006204757,0,0.265424912689173,0,0.662921348314607,0.569115815691158,0.391527599486521,0,0,0,0,0,0,0,0,0,0,0,0,0,0,0,0,0,0
"Selenomonas_artemidis",0.755196304849885,0.815789473684211,0.488317757009346,0.794212218649518,0.945492662473795,0.609756097560976,0.20353982300885,0.674074074074074,0.814180929095355,0.259023354564756,0.756601607347876,0.313885647607935,0.746682750301568,0.764705882352941,0.366742596810934,0.775862068965517,0.83843329253366,0.623471882640587,0.667096774193548,0.293588301462317,0.63895486935867,0.5331088664422,0.77045177045177,0.464922711058264,0.598513011152416,0.861111111111111,0.785714285714286,0.622346368715084,0.80045871559633,0.902654867256637,0.854858548585486,0.252643948296122,0.522483940042827,0.475132275132275,0.283922462941847,0.737948084054388,0.441329179646937,0.528781793842035,0.132960893854749,0.852478839177751,0.836431226765799,0.410596026490066,0.671834625322997,0.787139689578714,0.941463414634146,0,0.771217712177122,0.406006674082314,0.972190034762457,0.929864253393665,0.820574162679426,0.244019138755981,0.849108367626886,0.727482678983834,0.49867374005305,0.881118881118881,0.675194660734149,0.406844106463878,0.650246305418719,0.779620853080569,0.91871921182266,0.622195985832349,0.789473684210526,0.617977528089888,0.341890315052509,0.82249742002064,0.820083682008368,0.9015606242497,0.515366430260047,0.501133786848073,0.780941949616648,0.347732181425486,0.93778801843318,0.129802699896158,0.66287487073423,0.9688995215311,0.220023282887078,0.887828162291169,0.501532175689479,0.394769613947696,0.982028241335045,0.280575539568345,0.400798934753662,0.555862068965517,0,0,0,0,0.565459610027855,0.517831669044223,0.719135802469136,0.775811209439528,0,0.771084337349398,0.674681753889675,0,0.582481751824818,0.48471615720524,0.421265141318977
"Streptococcus_infantis",0.422632794457275,0.133771929824561,0.320093457943925,0.408360128617363,0.89727463312369,0.763799743260591,0.610619469026549,0.291358024691358,0.430317848410758,0.653927813163482,0.669345579793341,0.596266044340724,0.247285886610374,0.475294117647059,0.394077448747153,0.478448275862069,0.436964504283966,0.9559902200489,0.434838709677419,0.331833520809899,0.187648456057007,0.250280583613917,0.318681318681319,0.348394768133175,0.420074349442379,0,0.836734693877551,0.33854748603352,0.419724770642202,0.61283185840708,0.330873308733087,0.262044653349001,0.329764453961456,0.822222222222222,0.432155074116306,0.695920889987639,0.532710280373832,0.550200803212851,0.242458100558659,0.762998790810157,0.519206939281289,0.278145695364238,0.612403100775194,0.106430155210643,0.931707317073171,0.123348017621145,0.867158671586716,0.566184649610678,0.309385863267671,0.142533936651584,0.643540669856459,0.303827751196172,0.530864197530864,0.782909930715935,0.872679045092838,0.545454545454545,0.170189098998888,0.596958174904943,0.847290640394089,0.947867298578199,0.37192118226601,0.442739079102715,0.620227038183695,0.660674157303371,0.19953325554259,0.281733746130031,0.575313807531381,0.222088835534214,0.767139479905437,0.215419501133787,0.673603504928806,0.848812095032397,0.889400921658986,0.840083073727934,0.700103412616339,0.69377990430622,0.925494761350407,0,0.0439223697650664,0.354919053549191,0.545571245186136,0.621103117505995,0.978695073235686,0.884137931034483,0.767213114754098,0.659305993690852,0,0.622641509433962,0.974930362116992,0.902995720399429,0.987654320987654,0.970501474926254,0.861111111111111,0.852409638554217,0.864214992927864,0.892857142857143,0.912408759124088,0.807860262008734,0.808882907133244
"Prevotella_histicola",0.822170900692841,0.774122807017544,0.953271028037383,0.937834941050375,0.9979035639413,0.948652118100128,0.973451327433628,0.767901234567901,0.559902200488998,0.993630573248408,0.859931113662457,0.598599766627771,0.968636911942099,0.995294117647059,0.646924829157175,0.993534482758621,0.865361077111383,0.872860635696821,0.770322580645161,0.919010123734533,1,0.950617283950617,0.970695970695971,0.985731272294887,0.957868649318463,0.891975308641975,0.75,0.988826815642458,0.582568807339449,0.995575221238938,0.98769987699877,0.967097532314924,0.704496788008565,1,0.833523375142531,0.903584672435105,0.989615784008307,0.58768406961178,1,0.857315598548972,0.928128872366791,0.82560706401766,0.62015503875969,0.973392461197339,0.904878048780488,0.977973568281938,0.289052890528905,0.826473859844271,0.833140208574739,0.895927601809955,0.368421052631579,0.550239234449761,0.766803840877915,0.983833718244804,0.960212201591512,0.913752913752914,0.265850945494994,0.515842839036755,0.805418719211823,0.656398104265403,0.980295566502463,0.497048406139315,0.997936016511868,0.656179775280899,0.936989498249708,0.979360165118679,0.97907949790795,0.992797118847539,0.955082742316785,0.986394557823129,0.671412924424973,0.688984881209503,0.993087557603687,0.995846313603323,0.995863495346432,0.444976076555024,0.892898719441211,0.873508353221957,0.961184882533197,0.564134495641345,0.833119383825417,0.894484412470024,0.994673768308921,0.99448275862069,0.957377049180328,0.990536277602524,0,0.933962264150943,0.983286908077994,0.985734664764622,0.932098765432099,0.687315634218289,0.990740740740741,0.981927710843373,1,0.977272727272727,0.710948905109489,0.988355167394469,0.981157469717362
"Aggregatibacter_segnis",0.330254041570439,0.68859649122807,0.831775700934579,0.766345123258307,0.685534591194969,0.984595635430038,0.984513274336283,0.760493827160494,0.838630806845966,0.212314225053079,0.161882893226177,0.72928821470245,0.565741857659831,0.771764705882353,0.681093394077449,0.954741379310345,0.782129742962056,0.400977995110024,0.950967741935484,0.959505061867267,0.453681710213777,0.723905723905724,0.802197802197802,0.555291319857313,0.841387856257745,0.549382716049383,0.635204081632653,0.881564245810056,0.681192660550459,0.896017699115044,0.699876998769988,0.837837837837838,0.546038543897216,0.80952380952381,0.847206385404789,0.545117428924598,0.790238836967809,0.633199464524766,0.394413407821229,0.729141475211608,0.967781908302354,0.76158940397351,0.937984496124031,0.931263858093126,0.809756097560976,0.537444933920705,0.64329643296433,0.561735261401557,0.758980301274623,0.658371040723982,0.925837320574163,0.69377990430622,0.871056241426612,0.953810623556582,0.891246684350133,0.459207459207459,0.853170189098999,0.310519645120406,0.972906403940887,0.981042654028436,0.921182266009852,0.881936245572609,0.952528379772962,0.444943820224719,0.710618436406068,0.944272445820433,0.907949790794979,0.884753901560624,0.825059101654846,0.875283446712018,0.960569550930997,0.971922246220302,0.753456221198157,0.908618899273105,0.828335056876939,0.669856459330144,0.59487776484284,0.708830548926014,0.376915219611849,0.312577833125778,0.427471116816431,0.827338129496403,0.856191744340879,0.691034482758621,0.832786885245902,0.744479495268139,0.852100840336134,0.647798742138365,0.818941504178273,0.475035663338088,0.808641975308642,0.772861356932153,0.734567901234568,0.539156626506024,0.683168316831683,0.87987012987013,0.605839416058394,0.513828238719068,0.814266487213997
"Rothia_terrae",0.293302540415704,0,0.684579439252336,0.0696677384780279,0.0712788259958071,0,0.398230088495575,0,0,0.373673036093418,0,0.775962660443407,0.628468033775633,0.698823529411765,0.252847380410023,0.204741379310345,0,0,0,0.275590551181102,0,0.398428731762065,0,0,0,0,0.505102040816326,0,0.357798165137615,0.396017699115044,0,0,0.800856531049251,0.784126984126984,0,0,0.16926272066459,0.801874163319946,0,0,0,0.384105960264901,0.343669250645995,0,0,0.378854625550661,0.39360393603936,0.139043381535039,0,0,0,0,0.802469135802469,0.702078521939954,0,0.317016317016317,0.539488320355951,0,0,0.260663507109005,0,0.591499409681228,0.401444788441692,0.164044943820225,0.493582263710618,0.21155830753354,0.255230125523013,0.282112845138055,0,0,0.375684556407448,0.41036717062635,0.428571428571429,0.541017653167186,0.222337125129266,0.289473684210526,0.462165308498254,0.267303102625298,0.540347293156282,0.295143212951432,0.997432605905006,0.270983213429257,0,0,0,0,0,0,0,0,0,0,0,0,0,0,0,0,0
"Streptococcus_suis",0.579676674364896,0.638157894736842,0.948598130841122,0.721329046087889,0.350104821802935,0,0.694690265486726,0,0.447432762836186,0.575371549893843,0.632606199770379,0.898483080513419,0.753920386007238,0.967058823529412,0.578587699316629,0.629310344827586,0.723378212974296,0,0.953548387096774,0.167604049493813,0.311163895486936,0.429854096520763,0.333333333333333,0.70986920332937,0.494423791821561,0,0.625,0.121787709497207,0.238532110091743,0.969026548672566,0.269372693726937,0.259694477085781,0.749464668094218,0.88994708994709,0.261117445838084,0.977750309023486,0.95846313603323,0,0,0.767835550181379,0.722428748451053,0.441501103752759,0.320413436692506,0.41019955654102,0.763414634146341,0.733480176211454,0.510455104551045,0.775305895439377,0.812282734646582,0.841628959276018,0.497607655502392,0.401913875598086,0,0.914549653579677,0.529177718832891,0.477855477855478,0.323692992213571,0,0,0.390995260663507,0.583743842364532,0.974025974025974,0.727554179566563,0.37752808988764,0.691948658109685,0.919504643962848,0.941422594142259,0.505402160864346,0.767139479905437,0.476190476190476,0.818181818181818,0.695464362850972,0.205069124423963,0.970924195223261,0.851085832471562,0.92822966507177,0.911525029103609,0.615751789976134,0.953013278855976,0.870485678704857,0.96405648267009,0.323741007194245,0,0,0,0,0,0,0,0,0,0,0,0,0,0,0,0,0
"Achromobacter_xylosoxidans",0.484988452655889,0.807017543859649,0.257009345794392,0.661307609860665,0.719077568134172,0,0.188053097345133,0,0,0,0.253731343283582,0,0,0.329411764705882,0,0.0926724137931035,0,0,0,0.556805399325084,0.280285035629454,0.571268237934905,0,0.379310344827586,0,0,0,0,0,0.376106194690265,0,0,0,0.553439153439153,0,0,0.395638629283489,0,0,0,0,0,0,0.51219512195122,0,0.269823788546255,0,0.123470522803115,0,0,0,0,0,0,0,0.839160839160839,0.886540600667408,0,0.428571428571429,0.428909952606635,0,0.310507674144038,0.277605779153767,0.197752808988764,0.696616102683781,0.688338493292054,0.573221757322176,0.767106842737095,0,0,0.340635268346112,0.274298056155508,0,0,0.0899689762150982,0.600478468899522,0,0.47255369928401,0.168539325842697,0,0,0,0,0,0,0,0,0,0,0,0,0,0,0,0,0,0,0,0
"Ruminofilibacter_xylanolyticum",0.491916859122402,0.399122807017544,0.539719626168224,0.672025723472669,0.817610062893082,0,0.5,0,0,0.562632696390658,0,0.551925320886814,0.703256936067551,0.416470588235294,0,0.5625,0.75030599755202,0,0,0.741282339707537,0.703087885985748,0.207631874298541,0.435897435897436,0,0.30359355638166,0,0.941326530612245,0,0.5,0.865044247787611,0,0,0.687366167023555,0.602116402116402,0.888255416191562,0.791100123609394,0.777777777777778,0,0,0.339782345828295,0.545229244114003,0.653421633554084,0.490956072351421,0.656319290465632,0,0.54625550660793,0,0.497219132369299,0,0,0.58133971291866,0.921052631578947,0,0.237875288683603,0,0.731934731934732,0.563959955506118,0,0,0,0.263546798029557,0.258559622195986,0.46749226006192,0.303370786516854,0.84830805134189,0.510835913312694,0.589958158995816,0.404561824729892,0.832151300236407,0.732426303854875,0.542168674698795,0.550755939524838,0,0.11318795430945,0,0.648325358851675,0.736903376018626,0.928400954653938,0.287027579162411,0.464508094645081,0.527599486521181,0.717026378896882,0,0,0,0,0,0,0,0,0,0,0,0,0,0,0,0,0
"Finegoldia_magna",0.429561200923788,0.892543859649123,0.345794392523364,0,0.312368972746331,0.337612323491656,0.263274336283186,0.333333333333333,0.679706601466993,0.656050955414013,0.363949483352468,0,0.358262967430639,0.28,0,0.46551724137931,0.324357405140759,0,0,0.158605174353206,0,0.268237934904602,0.247863247863248,0.30321046373365,0.422552664188352,0,0,0,0.327981651376147,0.446902654867257,0,0.175088131609871,0.717344753747323,0,0.407069555302166,0.325092707045735,0.0550363447559709,0,0.300558659217877,0.47279322853688,0,0.103752759381898,0,0,0.536585365853659,0,0,0.385984427141268,0,0.294117647058824,0.449760765550239,0,0,0.593533487297921,0,0.503496503496504,0.717463848720801,0,0,0,0.435960591133005,0,0.529411764705882,0,0,0.289989680082559,0.405857740585774,0,0.617021276595745,0.360544217687075,0.147864184008762,0,0.481566820276498,0.358255451713396,0.0734229576008273,0,0.820721769499418,0,0.0847803881511747,0,0.37612323491656,0.211031175059952,0,0,0,0,0,0,0,0,0,0,0,0,0,0,0,0,0
"Prevotella_multiformis",0.517321016166282,0.31140350877193,0.801401869158878,0.551982851018221,0.327044025157233,0.427471116816431,0.152654867256637,0.437037037037037,0.584352078239609,0.639065817409766,0.249138920780712,0.227537922987165,0.794933655006031,0.362352941176471,0.89749430523918,0.375,0.348837209302326,0.374083129584352,0.553548387096774,0.462317210348706,0.862232779097387,0.286195286195286,0.509157509157509,0.246135552913199,0.462205700123916,0,0.76530612244898,0.687150837988827,0.646788990825688,0.621681415929204,0.749077490774908,0.494712103407756,0.15203426124197,0.0666666666666667,0.352337514253136,0,0.322949117341641,0.697456492637216,0.349720670391061,0.743651753325272,0.254027261462206,0.71523178807947,0.581395348837209,0.399113082039911,0.248780487804878,0.204845814977974,0.785977859778598,0.228031145717464,0.689455388180765,0.728506787330317,0.255980861244019,0.583732057416268,0.975308641975309,0.35796766743649,0.339522546419098,0,0.379310344827586,0.29277566539924,0.571428571428571,0.57345971563981,0.352216748768473,0.671782762691854,0.413828689370485,0.262921348314607,0.568261376896149,0.39938080495356,0.50418410041841,0.294117647058824,0.555555555555556,0.492063492063492,0.334063526834611,0.645788336933045,0.290322580645161,0.397715472481828,0.760082730093071,0.741626794258373,0.185098952270081,0.255369928400955,0.828396322778345,0.721046077210461,0.722721437740693,0.649880095923261,0.358189081225033,0.762758620689655,0,0.61198738170347,0,0.688679245283019,0.401114206128134,0.840228245363766,0.845679012345679,0,0,0.674698795180723,0.83026874115983,0.694805194805195,0.743065693430657,0.569141193595342,0.763122476446837
"Neisseria_canis",0.20554272517321,0.62280701754386,0.817757009345794,0.847802786709539,0.29979035639413,0,0.77212389380531,0.237037037037037,0.606356968215159,0.683651804670913,0.402985074626866,0.698949824970828,0.799758745476478,0.691764705882353,0.480637813211845,0.771551724137931,0.238678090575275,0,0.421935483870968,0.734533183352081,0.714964370546318,0.162738496071829,0.763125763125763,0.498216409036861,0.804213135068154,0.768518518518518,0.433673469387755,0.734078212290503,0.55045871559633,0.716814159292035,0,0,0.468950749464668,0.458201058201058,0.667046750285063,0.510506798516687,0.578400830737279,0,0.224581005586592,0.332527206771463,0.407682775712515,0.472406181015453,0.607235142118863,0.201773835920177,0.968292682926829,0.52863436123348,0.599015990159902,0.412680756395996,0.501738122827346,0.486425339366516,0.803827751196172,0.375598086124402,0.481481481481481,0.732101616628176,0,0.804195804195804,0.328142380422692,0.70595690747782,0,0,0.529556650246305,0.726092089728453,0.8328173374613,0.339325842696629,0.281213535589265,0.708978328173375,0.608786610878661,0.402160864345738,0.659574468085106,0.560090702947846,0.761226725082147,0.742980561555076,0.152073732718894,0.551401869158878,0.801447776628749,0.23444976076555,0.639115250291036,0.649164677804296,0.313585291113381,0.452054794520548,0.609756097560976,0.712230215827338,0,0,0,0,0,0,0,0,0,0,0,0,0.417256011315417,0,0,0,0.55585464333782
"Centipeda_periodontii",0.801385681293303,0.611842105263158,0.950934579439252,0.959271168274384,0.624737945492662,0.507060333761232,0.869469026548673,0.851851851851852,0.400977995110024,0.936305732484076,0.983926521239954,0.542590431738623,0.840772014475271,0.397647058823529,0.931662870159453,0.881465517241379,0.73561811505508,0.970660146699266,0.383225806451613,0.689538807649044,0.218527315914489,0.575757575757576,0.824175824175824,0.705112960760999,0.903345724907063,0.589506172839506,0.89030612244898,0.667039106145251,0.76605504587156,0.115044247787611,0.571955719557196,0.746180963572268,0.578158458244111,0.665608465608466,0.587229190421893,0.841779975278121,0.854620976116303,0.783132530120482,0.979888268156425,0.806529625151149,0.449814126394052,0.598233995584989,0.55297157622739,0.869179600886918,0.258536585365854,0.477973568281938,0.886838868388684,0.521690767519466,0.925840092699884,0.877828054298643,0.543062200956938,0.727272727272727,0.764060356652949,0.304849884526559,0.946949602122016,0.552447552447552,0.701890989988877,0.723700887198986,0.704433497536946,0.808056872037915,0,0.889020070838253,0.0939112487100103,0.128089887640449,0.565927654609102,0.79360165118679,0.748953974895398,0.858343337334934,0.969267139479905,0.623582766439909,0.529025191675794,0.740820734341253,0.63594470046083,0.659397715472482,0.679420889348501,0.925837320574163,0.89755529685681,0.52744630071599,0.967313585291113,0.287671232876712,0.566110397946085,0.37410071942446,0.62982689747004,0.393103448275862,0,0,0,0,0.45125348189415,0.717546362339515,0,0,0.62037037037037,0,0.595473833097595,0,0.588321167883212,0.778748180494905,0.507402422611036
"Actinomyces_israelii",0.191685912240185,0.214912280701754,0.292056074766355,0.905680600214362,0.484276729559748,0.550706033376123,0.809734513274336,0.597530864197531,0.32518337408313,0.118895966029724,0.196326061997704,0.253208868144691,0.925211097708082,0.689411764705882,0.396355353075171,0.342672413793103,0.578947368421053,0,0,0.754780652418448,0,0.560044893378227,0.704517704517705,0.574316290130797,0.596034696406444,0.583333333333333,0.897959183673469,0.693854748603352,0.206422018348624,0.530973451327434,0.510455104551045,0.804935370152762,0.944325481798715,0.415873015873016,0.714937286202965,0.339925834363412,0.455867082035306,0.576974564926372,0.367597765363128,0.688029020556227,0.380421313506815,0.520971302428256,0.571059431524548,0.831485587583149,0.660975609756098,0.224669603524229,0.353013530135301,0.53726362625139,0.990730011587486,0.212669683257919,0.9688995215311,0.449760765550239,0.614540466392318,0.471131639722864,0.740053050397878,0.235431235431235,0.777530589543938,0.878326996197719,0.551724137931034,0.571090047393365,0,0.759149940968123,0.78328173374613,0.386516853932584,0.780630105017503,0.440660474716202,0.510460251046025,0.791116446578631,0.260047281323877,0.698412698412698,0.752464403066813,0.842332613390929,0.559907834101382,0.931464174454829,0.547052740434333,0.366028708133971,0.722933643771828,0.809069212410501,0.834525025536262,0.900373599003736,0.689345314505777,0.453237410071942,0.640479360852197,0,0,0,0,0,0,0,0,0,0,0,0,0,0,0,0
"Actinomyces_naeslundii",0.66743648960739,0.337719298245614,0.672897196261682,0.318327974276527,0.679245283018868,0.807445442875481,0.856194690265487,0.669135802469136,0.753056234718826,0.86411889596603,0.246842709529277,0.647607934655776,0.790108564535585,0.903529411764706,0.325740318906606,0.448275862068966,0.99265605875153,0.757946210268949,0.99741935483871,0.574803149606299,0,0.658810325476992,0.675213675213675,0.47205707491082,0.962825278810409,0,0.839285714285714,0.816759776536313,0.378440366972477,0.933628318584071,0.845018450184502,0.734430082256169,0.713062098501071,0.365079365079365,0.815279361459521,0.57725587144623,0.518172377985462,0.756358768406961,0.146368715083799,0.678355501813785,0.417596034696406,0.397350993377483,0.339793281653747,0.729490022172949,0.890243902439024,0.665198237885463,0.948339483394834,0.82202447163515,0.907300115874855,0.149321266968326,0.748803827751196,0.722488038277512,0,0.741339491916859,0.880636604774536,0.776223776223776,0.890989988876529,0.913814955640051,0.770935960591133,0.601895734597156,0.268472906403941,0.603305785123967,0.805985552115583,0.62247191011236,0.227537922987165,0.725490196078431,0.893305439330544,0.747899159663866,0.465721040189125,0.290249433106576,0.916757940854326,0.956803455723542,0.877880184331797,0.775700934579439,0.28852119958635,0.995215311004785,0.39930151338766,0.916467780429594,0.699693564862104,0.805728518057285,0.804878048780488,0,0.328894806924101,0.732413793103448,0.649180327868852,0.873817034700315,0,0.79874213836478,0.465181058495822,0.671897289586305,0.861111111111111,0.884955752212389,0.595679012345679,0.894578313253012,0.708628005657709,0.821428571428571,0.751824817518248,0.458515283842795,0.596231493943472
"Actinomyces_turicensis",0.842956120092379,0.31359649122807,0.231308411214953,0.687031082529475,0.136268343815514,0.363286264441592,0.110619469026549,0,0.420537897310513,0.367303609341826,0,0.171528588098016,0.515078407720145,0.289411764705882,0.339407744874715,0.443965517241379,0.292533659730722,0,0,0.21259842519685,0.268408551068884,0.265993265993266,0.623931623931624,0.334126040428062,0.325898389095415,0,0.589285714285714,0.320670391061453,0.428899082568807,0.597345132743363,0.584255842558426,0.534665099882491,0.119914346895075,0.817989417989418,0.805017103762828,0.567367119901112,0.559709241952233,0,0,0.480048367593712,0,0.710816777041943,0,0,0.695121951219512,0.894273127753304,0.783517835178352,0.661846496106785,0.158748551564311,0.496606334841629,0.394736842105263,0.311004784688995,0,0.309468822170901,0,0.850815850815851,0.492769744160178,0.673003802281369,0,0.210900473933649,0.948275862068966,0.187721369539551,0.219814241486068,0.170786516853933,0,0.48813209494324,0.435146443514644,0.522208883553421,0.855791962174941,0.365079365079365,0.437020810514786,0.371490280777538,0.19815668202765,0.374870197300104,0.567735263702172,0.452153110047847,0.29918509895227,0.45346062052506,0.564862104187947,0.282689912826899,0,0.513189448441247,0.411451398135819,0,0,0,0,0,0,0,0,0,0,0,0,0,0,0,0
"Lactobacillus_oris",0.415704387990762,0.131578947368421,0.546728971962617,0,0,0.614890885750963,0.639380530973451,0.792592592592593,0.696821515892421,0.462845010615711,0.256027554535017,0.691948658109685,0.21351025331725,0,0,0,0,0,0.886451612903226,0,0,0.768799102132436,0,0,0,0,0,0,0,0,0.448954489544895,0.560517038777908,0,0.638095238095238,0,0,0.412253374870197,0,0.555307262569832,0.252720677146312,0.809169764560099,0,0,0,0.951219512195122,0.33920704845815,0,0,0.497103128621089,0.454751131221719,0.825358851674641,0.949760765550239,0,0,0,0,0.303670745272525,0,0.467980295566502,0.274881516587678,0,0,0,0.865168539325843,0,0.455108359133127,0.416317991631799,0,0,0,0.222343921139102,0.241900647948164,0.460829493087558,0.698857736240914,0.931747673216132,0,0,0,0.650663942798774,0,0,0,0.541944074567244,0.395862068965517,0,0,0,0.783018867924528,0.813370473537604,0.614835948644793,0,0,0,0,0,0,0,0,0.399730820995962
"Streptococcus_lactarius",0.995381062355658,0.949561403508772,0.836448598130841,0.178992497320472,0.882599580712788,0.5198973042362,0.90929203539823,0.827160493827161,0.334963325183374,0.917197452229299,0.7451205510907,0.414235705950992,0.956574185765983,0.258823529411765,0.751708428246014,0.543103448275862,0.623011015911873,0.295843520782396,0.793548387096774,0.520809898762655,0,0.739618406285073,0,0.83115338882283,0.995043370508054,0,0.405612244897959,0.792178770949721,0,0.174778761061947,0.722017220172202,0.891891891891892,0.126338329764454,0.735449735449735,0.229190421892816,0,0.881619937694704,0.563587684069612,0.823463687150838,0.779927448609432,0.491945477075589,0.22075055187638,0.521963824289406,0.407982261640798,0.331707317073171,0.105726872246696,0.640836408364084,0.365962180200222,0.668597914252607,0.760180995475113,0.318181818181818,0.648325358851675,0,0.515011547344111,0.586206896551724,0.986013986013986,0.957730812013348,0.520912547528517,0.266009852216749,0.241706161137441,0.374384236453202,0.655253837072019,0.541795665634675,0.568539325842697,0,0.533539731682147,0.460251046025105,0.73109243697479,0.319148936170213,0.147392290249433,0.868565169769989,0.909287257019438,0.758064516129032,0.960539979231568,0.789038262668046,0.605263157894737,0.308498253783469,0,0.97752808988764,0,0,0.633093525179856,0,0,0,0,0,0,0,0,0,0,0,0,0,0,0,0,0
"Capnocytophaga_gingivalis",0.672055427251732,0.528508771929825,0.976635514018692,0.770632368703108,0.922431865828092,0.776636713735558,0.942477876106195,0.466666666666667,0.71638141809291,0.526539278131635,0.82548794489093,0.435239206534422,0.951749095295537,0.731764705882353,0.708428246013667,0.767241379310345,0.997552019583843,0.968215158924205,0.881290322580645,0.880764904386952,0.783847980997625,0.984287317620651,0.684981684981685,0.341260404280618,0.952912019826518,0.688271604938272,0.767857142857143,0.901675977653631,0.981651376146789,0.256637168141593,0.958179581795818,0.938895417156287,0.837259100642398,0.894179894179894,0.719498289623717,0.955500618046972,0.707165109034268,0.603748326639893,0.805586592178771,0.789600967351874,0.776951672862453,0.556291390728477,0.992248062015504,0.873614190687361,0.95609756097561,0.892070484581498,0.338253382533825,0.655172413793103,0.772885283893395,0.604072398190045,0.84688995215311,0.703349282296651,0.912208504801097,0.875288683602771,0.628647214854111,0.743589743589744,0.71523915461624,0.756653992395437,0.948275862068966,0.971563981042654,0.475369458128079,0.97874852420307,0.975232198142415,0.503370786516854,0.248541423570595,0.797729618163055,0.769874476987448,0.361344537815126,0.683215130023641,0.943310657596372,0.967141292442497,0.982721382289417,0.947004608294931,0.790238836967809,0.758014477766287,0.212918660287081,0.559953434225844,0.591885441527446,0.918283963227783,0.496886674968867,0.953786906290116,0.623501199040767,0.922769640479361,0.793103448275862,0.790163934426229,0.864353312302839,0.939495798319328,0.89937106918239,0.84958217270195,0.854493580599144,0.907407407407407,0.648967551622419,0.848765432098765,0.924698795180723,0.932107496463932,0.814935064935065,0.962043795620438,0.79330422125182,0.916554508748318
"Prevotella_loescheii",0.531177829099307,0.74780701754386,0.469626168224299,0.931404072883173,0.828092243186583,0.910141206675225,0.785398230088496,0.451851851851852,0.921760391198044,0.0828025477707006,0.869115958668197,0.841306884480747,0.867310012062726,0.870588235294118,0.644646924829157,0.806034482758621,0.684210526315789,0.503667481662592,0.832258064516129,0.795275590551181,0.429928741092637,0.858585858585859,0.821733821733822,0.462544589774078,0.81908302354399,0.780864197530864,0.576530612244898,0.991061452513966,0.472477064220183,0.54646017699115,0.849938499384994,0.198589894242068,0.576017130620985,0.712169312169312,0.58266818700114,0.826946847960445,0.852544132917965,0.868808567603748,0.863687150837989,0.944377267230955,0.239157372986369,0.392935982339956,0.92764857881137,0.80709534368071,0.473170731707317,0.447136563876652,0.795817958179582,0.668520578420467,0.392815758980301,0.984162895927602,0.966507177033493,0.748803827751196,0.577503429355281,0.882217090069284,0.745358090185676,0.293706293706294,0.670745272525028,0.716096324461344,0.985221674876847,0.964454976303318,0.923645320197044,0.863046044864227,0.91124871001032,0.71685393258427,0.920653442240373,0.86171310629515,0.719665271966527,0.980792316926771,0.340425531914894,0.696145124716553,0.914567360350493,0.946004319654428,0.552995391705069,0.649013499480789,0.952430196483971,0.4688995215311,0.90454016298021,0.94272076372315,0.718079673135853,0.534246575342466,0.604621309370988,0.412470023980815,0.802929427430093,0.379310344827586,0,0,0,0,0.412256267409471,0.834522111269615,0.805555555555556,0.631268436578171,0.611111111111111,0.599397590361446,0.45968882602546,0,0.684671532846715,0.566229985443959,0.636608344549125
"Bergeriella_denitrificans",0.184757505773672,0.570175438596491,0.264018691588785,0.702036441586281,0.190775681341719,0.681643132220796,0.115044247787611,0,0,0.114649681528662,0.329506314580941,0.605600933488915,0.599517490952955,0.4,0.170842824601367,0.381465517241379,0.645042839657283,0.39119804400978,0.298064516129032,0.417322834645669,0.793349168646081,0.598204264870932,0.614163614163614,0.643281807372176,0.707558859975217,0,0,0.300558659217877,0.26605504587156,0.473451327433628,0.446494464944649,0.63807285546416,0.552462526766595,0.373544973544974,0.721778791334094,0,0.185877466251298,0,0.244692737430168,0.690447400241838,0,0.333333333333333,0.483204134366925,0.403547671840355,0.641463414634146,0.469162995594714,0.242312423124231,0.270300333704116,0.460023174971031,0.515837104072398,0,0,0,0.759815242494226,0.676392572944297,0.242424242424242,0.274749721913237,0,0.517241379310345,0.639810426540284,0.492610837438424,0.447461629279811,0.33952528379773,0.451685393258427,0.337222870478413,0.583075335397317,0.583682008368201,0.387755102040816,0.775413711583924,0.179138321995465,0.656078860898138,0.496760259179266,0,0.233644859813084,0.0920372285418821,0.284688995215311,0,0,0.319713993871297,0,0,0,0.834886817576565,0,0,0,0,0,0,0,0,0,0,0,0,0,0,0,0
"Paludibacter_propionicigenes",0.632794457274827,0.361842105263158,0.226635514018692,0.807073954983923,0.469601677148847,0,0.11283185840708,0.654320987654321,0.78239608801956,0,0,0.310385064177363,0.683956574185766,0.743529411764706,0.58997722095672,0.693965517241379,0.771113831089351,0,0,0.775028121484814,0.978622327790974,0.14702581369248,0,0.298454221165279,0,0,0.727040816326531,0.244692737430168,0.455275229357798,0.575221238938053,0,0,0.563169164882227,0.73968253968254,0.842645381984036,0,0.765316718587747,0.641231593038822,0.416759776536313,0.322853688029021,0.545229244114003,0,0.987080103359173,0.135254988913525,0.863414634146341,0.73568281938326,0.39360393603936,0.468298109010011,0.436848203939745,0.506787330316742,0.339712918660287,0.827751196172249,0.536351165980796,0.25635103926097,0.572944297082228,0,0,0.930291508238276,0,0.28436018957346,0,0.291617473435655,0.77296181630547,0,0,0.657378740970072,0.374476987447699,0.517406962785114,0,0.156462585034014,0.577217962760131,0.488120950323974,0.211981566820276,0,0.284384694932782,0,0.187427240977881,0,0.470888661899898,0.255292652552927,0,0,0,0,0,0,0,0,0,0,0,0,0,0,0,0,0,0,0
"Veillonella_tobetsuensis",0.792147806004619,0.267543859649123,0.969626168224299,0.290460878885316,0.872117400419287,0.920410783055199,0.803097345132743,0.409876543209877,0.60880195599022,0.184713375796178,0.154994259471871,0.950991831971995,0.406513872135103,0.383529411764706,0.674259681093394,0.452586206896552,0.884944920440636,0.833740831295844,0.590967741935484,0.343082114735658,0,0.595959595959596,0.37973137973138,0.633769322235434,0.752168525402726,0,0.908163265306122,0.894972067039106,0,0.559734513274336,0.822878228782288,0.431257344300823,0.252676659528908,0.837037037037037,0.236031927023945,0,0.0737279335410177,0.502008032128514,0.450279329608939,0.315598548972189,0.662949194547708,0,0,0.878048780487805,0.358536585365854,0.149779735682819,0.281672816728167,0.276974416017798,0.195828505214368,0.355203619909502,0.279904306220096,0.208133971291866,0,0.431870669745958,0.673740053050398,0.948717948717949,0.761957730812013,0.944233206590621,0.793103448275862,0.767772511848341,0,0.648170011806375,0.298245614035088,0.78876404494382,0,0.614035087719298,0.832635983263598,0.466986794717887,0.940898345153664,0,0.745892661555312,0.8207343412527,0.668202764976959,0.88785046728972,0.485005170630817,0.897129186602871,0.19674039580908,0.861575178997613,0.87538304392237,0.556662515566625,0.735558408215661,0,0.952063914780293,0.873103448275862,0.819672131147541,0.914826498422713,0,0.852201257861635,0.883008356545961,0.495007132667618,0.941358024691358,0.716814159292035,0.907407407407407,0.503012048192771,0.564356435643564,0.857142857142857,0.967883211678832,0.735080058224163,0.851951547779273
"Prevotella_oulorum",0.965357967667437,0.787280701754386,0.91588785046729,0.886387995712755,0.234800838574423,0.938382541720154,0.986725663716814,0.967901234567901,0.476772616136919,0.951167728237792,0.956371986222732,0.451575262543757,1,0.249411764705882,0.567198177676538,0.9375,0.711138310893513,0.691931540342298,0.809032258064516,0.813273340832396,0.855106888361045,0.982042648709315,0.775335775335775,0.869203329369798,0.955390334572491,0.734567901234568,0.420918367346939,0.897206703910615,0.412844036697248,0.838495575221239,0.74169741697417,0.858989424206816,0.916488222698073,0.479365079365079,0.575826681870011,0.433868974042027,0.85877466251298,0.925033467202142,0.991061452513966,0.588875453446191,0.281288723667906,0.7439293598234,0.723514211886305,0.957871396895787,0.260975609756098,0.951541850220264,0.311193111931119,0.808676307007786,0.858632676709154,0.798642533936652,0.277511961722488,0.198564593301435,0.909465020576132,0.856812933025404,0.782493368700265,0.603729603729604,0.49944382647386,0.665399239543726,0.96551724137931,0.834123222748815,0.830049261083744,0.867768595041322,0.933952528379773,0.215730337078652,0.845974329054842,0.925696594427245,0.895397489539749,0.85594237695078,0.657210401891253,0.893424036281179,0.877327491785323,0.794816414686825,0.797235023041475,0.95846313603323,0.917269906928645,0.916267942583732,0.969732246798603,0.840095465393795,0.930541368743616,0.785803237858032,0.329910141206675,0.6810551558753,0.882822902796272,0.936551724137931,0.868852459016393,0.886435331230284,0.734453781512605,0.716981132075472,0.777158774373259,0.771754636233951,0.959876543209877,0.852507374631268,0.941358024691358,0.846385542168675,0.575671852899576,0.727272727272727,0.886131386861314,0.976710334788937,0.865410497981157
"Sneathia_sanguinegens",0.581986143187067,0.157894736842105,0.352803738317757,0.755627009646302,0.125786163522013,0.607188703465982,0.165929203539823,0.279012345679012,0.293398533007335,0.73036093418259,0.152698048220436,0.397899649941657,0,0.623529411764706,0,0.612068965517241,0.78702570379437,0.894865525672372,0,0.59955005624297,0.838479809976247,0.881032547699214,0.238095238095238,0.678953626634958,0.301115241635688,0.567901234567901,0.346938775510204,0,0.284403669724771,0.654867256637168,0,0.459459459459459,0.250535331905782,0.142857142857143,0.927023945267959,0.641532756489493,0.66147455867082,0,0.291620111731844,0.431680773881499,0.729863692688972,0.527593818984547,0.303617571059432,0.760532150776053,0.239024390243902,0.848017621145374,0.527675276752767,0.697441601779755,0.232908458864426,0.217194570135747,0.54066985645933,0.995215311004785,0,0.235565819861432,0.448275862068966,0,0.236929922135706,0.297845373891001,0.497536945812808,0.580568720379147,0,0,0.234262125902993,0,0.785297549591599,0.393188854489164,0.45397489539749,0.303721488595438,0,0.54875283446712,0.480832420591457,0.390928725701944,0.373271889400922,0.47871235721703,0.420889348500517,0,0.431897555296857,0.431980906921241,0.897854954034729,0.449564134495641,0.640564826700899,0,0.549933422103862,0,0,0,0,0,0,0,0,0,0,0,0,0,0,0,0
"Atopobium_rimae",0.806004618937644,0.583333333333333,0.418224299065421,0.159699892818864,0.446540880503145,0.781771501925546,0.763274336283186,0.881481481481482,0.943765281173594,0.830148619957537,0.765786452353617,0.236872812135356,0.572979493365501,0.531764705882353,0.735763097949886,0.407327586206897,0.422276621787026,0.823960880195599,0.870967741935484,0.784026996625422,0.885985748218527,0.827160493827161,0.956043956043956,0.583828775267539,0.729863692688972,0.901234567901235,0.971938775510204,0.541899441340782,0.958715596330275,0.789823008849557,0.943419434194342,0.762632197414806,0.877944325481799,0.384126984126984,0.904218928164196,0.698393077873918,0.838006230529595,0.338688085676037,0.477094972067039,0.830713422007255,0.824039653035936,0.249448123620309,0.829457364341085,0.636363636363636,0.678048780487805,0.414096916299559,0.375153751537515,0.695216907675195,0.599073001158749,0.733031674208145,0.844497607655502,0.354066985645933,0.917695473251029,0.771362586605081,0.411140583554377,0.433566433566434,0.604004449388209,0.629911280101394,0.798029556650246,0.682464454976303,0.554187192118227,0.707201889020071,0.719298245614035,0.606741573033708,0.906651108518086,0.766769865841073,0.876569037656904,0.536614645858343,0.583924349881797,0.829931972789116,0.765607886089814,0.708423326133909,0.691244239631336,0.694704049844237,0.795243019648397,0.454545454545455,0.60419091967404,0.976133651551313,0.697650663942799,0.965130759651308,0.897304236200257,0.501199040767386,0.40878828229028,0.859310344827586,0.737704918032787,0.924290220820189,0.831932773109244,0,0.534818941504178,0.708987161198288,0.79320987654321,0.876106194690266,0,0.686746987951807,0.513437057991513,0.75974025974026,0.818978102189781,0.77292576419214,0.784656796769852
"Bryobacter_aggregatus",0.399538106235566,0.958333333333333,0,0,0.255765199161426,0,0,0,0,0,0,0,0,0,0,0,0,0,0,0,0.441805225653207,0,0,0,0,0,0,0.653631284916201,0,0,0,0,0.788008565310492,0.955555555555556,0.254275940706956,0,0,0,0.631284916201117,0,0,0.34878587196468,0.956072351421189,0.394678492239468,0,0.933920704845815,0,0.205784204671858,0,0,0,0,0.451303155006859,0.254041570438799,0.437665782493369,0.93006993006993,0.897664071190211,0,0,0,0,0,0.27141382868937,0,0,0.409700722394221,0,0.334933973589436,0,0,0,0,0,0,0.0982419855222337,0,0,0,0.550561797752809,0,0,0,0,0,0,0,0,0,0,0,0,0,0,0,0,0,0,0,0
"Scardovia_inopinata",0.25635103926097,0.263157894736842,0.518691588785047,0.607717041800643,0,0,0.418141592920354,0.385185185185185,0.689486552567237,0.197452229299363,0.818599311136625,0.295215869311552,0,0.788235294117647,0.42369020501139,0.586206896551724,0,0,0,0.316085489313836,0.201900237529691,0.274971941638608,0.223443223443223,0.400713436385256,0.283767038413879,0,0.369897959183673,0,0.36697247706422,0,0.601476014760148,0.278495887191539,0.293361884368308,0.13015873015873,0,0,0.389408099688474,0.520749665327979,0.33854748603352,0.412333736396614,0.400247831474597,0.399558498896247,0,0.465631929046563,0.334146341463415,0.519823788546256,0.958179581795818,0,0.399768250289687,0.253393665158371,0.229665071770335,0.253588516746411,0,0,0,0,0,0,0,0.42654028436019,0,0.468713105076741,0.490196078431373,0.157303370786517,0.640606767794632,0.155830753353973,0.437238493723849,0,0.191489361702128,0.174603174603175,0.388828039430449,0.421166306695464,0.375576036866359,0.445482866043614,0.49741468459152,0.811004784688995,0.90221187427241,0,0.63023493360572,0.89041095890411,0.786906290115533,0,0,0.401379310344828,0,0,0,0,0.788300835654596,0,0,0.519174041297935,0,0,0,0,0,0,0.566621803499327
"Selenomonas_dianae",0.706697459584296,0.668859649122807,0.427570093457944,0.841371918542337,0.610062893081761,0.7201540436457,0.307522123893805,0.57283950617284,0.567237163814181,0.751592356687898,0.841561423650976,0.187864644107351,0.597104945717732,0.296470588235294,0.671981776765376,0.952586206896552,0.373317013463892,0.855745721271394,0.406451612903226,0.874015748031496,0.69833729216152,0.600448933782267,0.645909645909646,0.422116527942925,0.355638166047088,0.820987654320988,0.803571428571429,0.635754189944134,0.522935779816514,0.469026548672566,0.768757687576876,0.480611045828437,0.952890792291221,0.172486772486772,0.787913340935006,0.814585908529048,0.927310488058152,0.676037483266399,0.675977653631285,0.73397823458283,0.781908302354399,0.790286975717439,0.589147286821705,0.339246119733925,0.502439024390244,0.314977973568282,0.763837638376384,0.150166852057842,0.603707995365006,0.936651583710407,0.834928229665072,0.717703349282297,0.525377229080933,0.503464203233256,0.931034482758621,0.634032634032634,0.911012235817575,0.799746514575412,0.669950738916256,0.862559241706161,0.317733990147783,0.586776859504132,0.60577915376677,0.238202247191011,0.857642940490082,0.653250773993808,0.456066945606695,0.745498199279712,0.787234042553192,0.705215419501134,0.561883899233297,0.619870410367171,0.366359447004608,0.258566978193146,0.292657704239917,0.832535885167464,0.939464493597206,0.594272076372315,0.660878447395301,0.713574097135741,0.627727856225931,0.258992805755396,0.736351531291611,0,0,0,0,0,0,0,0,0,0,0,0,0,0,0,0
"Streptococcus_pseudopneumoniae",0.459584295612009,0,0.514018691588785,0.481243301178992,0.268343815513627,0,0.508849557522124,0.382716049382716,0.43520782396088,0,0.931113662456946,0.310385064177363,0,0,0,0.234913793103448,0,0,0.476129032258065,0.38132733408324,0,0.526374859708193,0,0,0.635687732342007,0,0,0.195530726256983,0.19954128440367,0.528761061946903,0,0,0.477516059957173,0.428571428571429,0.571265678449259,0,0.611630321910696,0,0,0.567110036275695,0.355638166047088,0,0.320413436692506,0,0.795121951219512,0,0,0.121245828698554,0,0,0,0,0,0.277136258660508,0,0.342657342657343,0.216907675194661,0,0,0.281990521327014,0,0,0.597523219814242,0,0,0.537667698658411,0.424686192468619,0.375750300120048,0,0.188208616780045,0.426067907995619,0.377969762419006,0.483870967741935,0.372793354101765,0,0,0,0,0.295199182839632,0,0,0,0,0.707586206896552,0,0,0.714285714285714,0.578616352201258,0.520891364902507,0.831669044222539,0.743827160493827,0.820058997050148,0.805555555555556,0.957831325301205,0.462517680339463,0.626623376623377,0.88029197080292,0.508005822416303,0.80349932705249
"Treponema_maltophilum",0.501154734411085,0.649122807017544,0.565420560747664,0.95069667738478,0.779874213836478,0.630295250320924,0.792035398230089,0.288888888888889,0.415647921760391,0.443736730360934,0.400688863375431,0.941656942823804,0.355850422195416,0.832941176470588,0.726651480637813,0.75,0.676866585067319,0.398533007334963,0.36,0.977502812148481,0.98812351543943,0.964085297418631,0.841269841269841,0.907253269916766,0.24907063197026,0.825617283950617,0.844387755102041,0.575418994413408,0.41743119266055,0.807522123893805,0.635916359163592,0.466509988249119,0.993576017130621,0.132275132275132,0.988597491448119,0.715698393077874,0.912772585669782,0.352074966532798,0.691620111731844,0.985489721886336,0.811648079306072,0.814569536423841,0.803617571059432,0.904656319290466,0.453658536585366,0.299559471365639,0.493234932349323,0.581757508342603,0.425260718424102,0.986425339366516,0.73444976076555,0.870813397129187,0.755829903978052,0.267898383371824,0.615384615384615,0.24009324009324,0.652947719688543,0.964512040557668,0.817733990147783,0.822274881516588,0.342364532019704,0.804014167650531,0.810113519091847,0.725842696629214,0.929988331388565,0.607843137254902,0.679916317991632,0.716686674669868,0.67612293144208,0.956916099773243,0.721796276013143,0.669546436285097,0.732718894009217,0.241952232606438,0.8717683557394,0.813397129186603,0.937136204889406,0.835322195704057,0.599591419816139,0.877957658779577,0.684210526315789,0.637889688249401,0.59254327563249,0.660689655172414,0,0.753943217665615,0,0,0.612813370473538,0.777460770328103,0,0.76401179941003,0,0.680722891566265,0.635077793493635,0,0.489051094890511,0.461426491994178,0.676985195154778
"Treponema_vincentii",0.782909930715935,0.510964912280702,0.899532710280374,0.577706323687031,0.823899371069182,0.540436456996149,0.849557522123894,0,0,0.853503184713376,0.430539609644087,0.619603267211202,0.235223160434258,0.515294117647059,0.30751708428246,0.959051724137931,0.90452876376989,0.887530562347188,0.354838709677419,0.955005624296963,0.938242280285036,0.542087542087542,0.797313797313797,0.990487514863258,0.55638166047088,0.712962962962963,0.854591836734694,0.845810055865922,0.869266055045872,0.829646017699115,0.527675276752767,0.471210340775558,0.766595289079229,0.0751322751322751,0.899657924743444,0.928306551297899,0.902388369678089,0.946452476572959,0.629050279329609,0.968561064087062,0.888475836431227,0.898454746136865,0.868217054263566,0.600886917960089,0.426829268292683,0.422907488986784,0.264452644526445,0.439377085650723,0.594438006952491,0.979638009049774,0.696172248803828,0.569377990430622,0.711934156378601,0.859122401847575,0.687002652519894,0,0.305895439377086,0.731305449936629,0.741379310344828,0.824644549763033,0.58128078817734,0.515938606847698,0.847265221878225,0.602247191011236,0.82730455075846,0.570691434468524,0.633891213389121,0.810324129651861,0.607565011820331,0.807256235827664,0.743702081051479,0.673866090712743,0.721198156682028,0.231568016614746,0.797311271975181,0.763157894736842,0.839348079161816,0.668257756563246,0.315628192032686,0.359900373599004,0.709884467265725,0.199040767386091,0.544607190412783,0.462068965517241,0,0.763406940063092,0,0.742138364779874,0.543175487465181,0.557774607703281,0,0,0,0,0.753889674681754,0,0.640875912408759,0.531295487627365,0.66621803499327
"Butyrivibrio_proteoclasticus",0.637413394919169,0.348684210526316,0.591121495327103,0.798499464094319,0.687631027253669,0,0.738938053097345,0.535802469135802,0.281173594132029,0.728237791932059,0,0.663943990665111,0.787696019300362,0.331764705882353,0.451025056947608,0.109913793103448,0.368421052631579,0,0.873548387096774,0.300337457817773,0.641330166270784,0.586980920314254,0.323565323565324,0.360285374554102,0.871127633209418,0,0.918367346938776,0.137430167597765,0,0.884955752212389,0.338253382533825,0.774383078730905,0.376873661670236,0.699470899470899,0.578107183580388,0,0.15472481827622,0,0.193296089385475,0.385731559854897,0.296158612143742,0.834437086092715,0.372093023255814,0.882483370288248,0.721951219512195,0.68942731277533,0,0.370411568409344,0.221320973348783,0.619909502262443,0.906698564593301,0.545454545454545,0,0,0,0.757575757575758,0.296996662958843,0.503168567807351,0,0,0,0,0.545923632610939,0,0.668611435239207,0.847265221878225,0.874476987447699,0.930372148859544,0.3451536643026,0.480725623582766,0.518072289156627,0.548596112311015,0.506912442396313,0.561786085150571,0.813857290589452,0.629186602870813,0,0,0.9244126659857,0.305105853051059,0,0,0,0,0,0,0,0,0,0,0,0,0,0,0,0,0,0,0
"Haemophilus_haemolyticus",0.833718244803695,0.508771929824561,0.668224299065421,0.530546623794212,0.59538784067086,0.987163029525032,0.829646017699115,0.750617283950617,0.845965770171149,0.549893842887473,0.951779563719862,0.920653442240373,0.720144752714113,0.581176470588235,0.701594533029613,0.15948275862069,0.642594859241126,0.799511002444988,0.994838709677419,0.365579302587177,0.34916864608076,0.652076318742985,0.621489621489622,0.288941736028537,0.831474597273854,0.740740740740741,0.686224489795918,0.637988826815643,0.380733944954128,0.570796460176991,0.537515375153752,0.670975323149236,0.698072805139186,0.879365079365079,0.489167616875713,0.443757725587145,0.0758047767393562,0.93574297188755,0.150837988826816,0.835550181378476,0.687732342007435,0.437086092715232,0.625322997416021,0.847006651884701,0.44390243902439,0.176211453744493,0.658056580565806,0.343715239154616,0.578215527230591,0.470588235294118,0.791866028708134,0.602870813397129,0,0.584295612009238,0.875331564986737,0.752913752913753,0.817575083426029,0.424588086185044,0.82512315270936,0.902843601895735,0.916256157635468,0.912632821723731,0.898864809081527,0.647191011235955,0.411901983663944,0.936016511867905,0.878661087866109,0.36374549819928,0.881796690307329,0.478458049886621,0.63855421686747,0.652267818574514,0.827188940092166,0.879543094496365,0.811789038262668,0.526315789473684,0.862630966239814,0.62291169451074,0.691521961184883,0.701120797011208,0.89216944801027,0.371702637889688,0.36884154460719,0.856551724137931,0.947540983606557,0.608832807570978,0.87563025210084,0.754716981132076,0.710306406685237,0.654778887303852,0.598765432098765,0.47787610619469,0.925925925925926,0.939759036144578,0.629420084865629,0.967532467532468,0.927007299270073,0.697234352256186,0.843876177658143
"Lactobacillus_iners",0.48729792147806,0.565789473684211,0.768691588785047,0.189710610932476,0.918238993710692,0.442875481386393,0.106194690265487,0.496296296296296,0.303178484107579,0.932059447983015,0.361653272101033,0.813302217036173,0,0.209411764705882,0.220956719817768,0.530172413793103,0,0.740831295843521,0,0.304836895388077,0.432304038004751,0.391694725028058,0.36996336996337,0.486325802615933,0,0,0.341836734693878,0.242458100558659,0.185779816513761,0.365044247787611,0.923739237392374,0.257344300822562,0.785867237687366,0.663492063492063,0.559863169897377,0,0.0384215991692627,0.469879518072289,0.548603351955307,0.424425634824667,0.61090458488228,0.342163355408389,0,0.343680709534368,0,0,0.397293972939729,0.292547274749722,0.515643105446118,0.398190045248869,0.712918660287081,0.538277511961722,0.965706447187929,0.378752886836028,0,0,0.592880978865406,0.782002534854246,0.322660098522167,0.258293838862559,0,0,0.552115583075335,0,0.229871645274212,0.145510835913313,0.334728033472803,0.356542617046819,0,0.45578231292517,0.143483023001095,0.200863930885529,0.737327188940092,0.530633437175493,0.466390899689762,0.73444976076555,0.245634458672875,0,0.137895812053115,0.302615193026152,0.630295250320924,0,0,0,0.734426229508197,0,0,0,0,0,0,0,0,0,0,0,0,0,0.348586810228802
"Johnsonella_ignava",0.79445727482679,0.598684210526316,0.240654205607477,0.170418006430868,0.937106918238994,0.55584082156611,0.816371681415929,0.353086419753086,0.237163814180929,0.569002123142251,0.320321469575201,0.990665110851809,0.404101326899879,0.557647058823529,0.517084282460137,0.810344827586207,0.833537331701346,0.444987775061125,0.496774193548387,0.988751406074241,0.961995249406176,0.811447811447811,0.667887667887668,0.712247324613555,0.48451053283767,0.825617283950617,0.801020408163265,0.644692737430168,0.341743119266055,0.938053097345133,0.350553505535055,0.398354876615746,0.80728051391863,0.33968253968254,0.931584948688712,0.611866501854141,0.877466251298027,0.480589022757697,0.472625698324022,0.538089480048368,0.848822800495663,0.611479028697572,0.568475452196382,0.920177383592018,0.94390243902439,0.667400881057269,0.448954489544895,0.557285873192436,0.900347624565469,0.923076923076923,0.42822966507177,0.832535885167464,0.681755829903978,0.58891454965358,0.668435013262599,0.706293706293706,0.924360400444939,0.581749049429658,0.642857142857143,0.722748815165877,0.665024630541872,0.761511216056671,0.781217750257998,0.355056179775281,0.988331388564761,0.801857585139319,0.763598326359833,0.373349339735894,0.820330969267139,0.770975056689342,0.811610076670318,0.749460043196544,0.707373271889401,0.636552440290758,0.880041365046536,0.318181818181818,0.410942956926659,0.651551312649165,0.246169560776302,0.798256537982565,0.532734274711168,0.652278177458034,0.533954727030626,0.508965517241379,0,0,0,0,0.459610027855153,0.606276747503566,0,0,0,0,0.411598302687412,0,0,0,0.528936742934051
"Lactobacillus_helveticus",0.242494226327945,0.482456140350877,0.69392523364486,0,0.417190775681342,0.437740693196406,0.705752212389381,0.703703703703704,0.885085574572127,0.91932059447983,0.407577497129736,0.838973162193699,0.317249698431846,0.849411764705882,0,0.103448275862069,0,0,0.374193548387097,0.322834645669291,0,0.797979797979798,0.272283272283272,0.32461355529132,0.266418835192069,0,0.655612244897959,0.564245810055866,0,0.241150442477876,0.650676506765068,0.518213866039953,0.822269807280514,0.695238095238095,0,0.426452410383189,0.335410176531672,0,0.246927374301676,0.325272067714631,0.841387856257745,0.214128035320088,0,0.323725055432373,0,0.83920704845815,0,0.17686318131257,0.471610660486674,0.380090497737557,0.894736842105263,0.956937799043062,0.821673525377229,0.64203233256351,0.992042440318302,0.20979020979021,0.78420467185762,0,0.231527093596059,0.251184834123223,0.312807881773399,0.296340023612751,0.417956656346749,0.885393258426966,0,0.461300309597523,0.428870292887029,0,0,0.675736961451247,0.248630887185104,0.323974082073434,0.338709677419355,0.329179646936656,0.954498448810755,0,0.953434225844005,0,0.440245148110317,0.591531755915318,0,0.541966426858513,0,0,0,0,0,0,0,0,0,0,0,0,0,0,0,0,0.493943472409152
"Moryella_indoligenes",0.480369515011547,0.219298245614035,0.675233644859813,0.260450160771704,0.511530398322851,0,0.836283185840708,0.65679012345679,0.801955990220049,0.893842887473461,0,0.218203033838973,0.310012062726176,0.748235294117647,0.574031890660592,0.862068965517241,0.569155446756426,0,0.292903225806452,0.90326209223847,0.489311163895487,0.490460157126824,0.56043956043956,0.764565992865636,0.640644361833953,0.679012345679012,0.410714285714286,0.327374301675978,0.770642201834862,0.831858407079646,0,0.760282021151586,0.753747323340471,0.682539682539683,0.605473204104903,0.908529048207664,0.293873312564901,0.759036144578313,0.852513966480447,0.629987908101572,0.893432465923172,0.704194260485651,0.627906976744186,0.968957871396896,0.265853658536585,0.616740088105727,0.77859778597786,0.688542825361513,0.443800695249131,0,0.464114832535885,0.473684210526316,0.832647462277092,0.722863741339492,0,0.916083916083916,0.152391546162403,0.543726235741445,0,0,0,0.43801652892562,0.748194014447884,0,0.731621936989498,0.892672858617131,0.918410041841004,0.551020408163265,0.219858156028369,0.834467120181406,0.750273822562979,0.58963282937365,0.767281105990783,0.885773624091381,0.948293691830403,0.394736842105263,0.720605355064028,0.653937947494033,0.957099080694586,0.853051058530511,0.673940949935815,0.745803357314149,0,0,0,0,0,0,0,0,0,0,0,0,0,0,0,0,0
"Pseudomonas_putida",0.177829099307159,0.146929824561404,0,0.157556270096463,0.920335429769392,0,0.460176991150442,0.762962962962963,0.28361858190709,0.399150743099788,0.595866819747417,0,0.445114595898673,0.452941176470588,0.83371298405467,0.743534482758621,0.995104039167687,0,0,0,0,0.867564534231201,0,0,0,0,0,0,0,0.668141592920354,0,0.4524089306698,0,0.576719576719577,0.156214367160775,0,0.304257528556594,0,0.579888268156425,0,0,0.121412803532009,0.640826873385013,0.270509977827051,0.741463414634146,0.8215859030837,0.665436654366544,0.145717463848721,0.188876013904983,0.536199095022624,0.588516746411483,0.289473684210526,0.920438957475994,0,0.997347480106101,0.678321678321678,0.64182424916574,0,0.342364532019704,0.528436018957346,0.25615763546798,0.322314049586777,0.192982456140351,0.395505617977528,0.453908984830805,0.746130030959752,0.912133891213389,0.723889555822329,0.236406619385343,0.53968253968254,0,0.295896328293737,0.569124423963134,0,0.218200620475698,0,0.462165308498254,0.217183770883055,0.2829417773238,0,0,0,0,0,0,0,0,0,0,0,0,0,0,0,0,0,0,0,0
"Stomatobaculum_longum",0.933025404157044,0.609649122807018,0.939252336448598,0.121114683815648,0.960167714884696,0.586649550706033,0.938053097345133,0.883950617283951,0.655256723716381,0.532908704883227,0.938002296211251,0.23220536756126,0.898673100120627,0.795294117647059,0.963553530751708,0.650862068965517,0.507955936352509,0.877750611246944,0.432258064516129,0.898762654668167,0.61520190023753,0.914702581369248,0.877899877899878,0.992865636147443,0.905824039653036,0.950617283950617,0.461734693877551,0.535195530726257,0.302752293577982,0.922566371681416,0.59409594095941,0.924794359576968,0.890792291220557,0.79047619047619,0.603192702394527,0.456118665018541,0.279335410176532,0.970548862115127,0.206703910614525,0.782345828295042,0.962825278810409,0.95364238410596,0.736434108527132,0.514412416851441,0.246341463414634,0.416299559471366,0.291512915129151,0.78642936596218,0.884125144843569,0.678733031674208,0.990430622009569,0.842105263157895,0.706447187928669,0.796766743648961,0.716180371352785,0.846153846153846,0.154616240266963,0.835234474017744,0.79064039408867,0.815165876777251,0.859605911330049,0.929161747343565,0.923632610939113,0.608988764044944,0.736289381563594,0.954592363261094,0.95397489539749,0.925570228091236,0.460992907801418,0.820861678004535,0.879518072289157,0.838012958963283,0.859447004608295,0.848390446521288,0.925542916235781,0.868421052631579,0.876600698486612,0.54653937947494,0.944841675178754,0.858032378580324,0.82798459563543,0.731414868105516,0.794940079893475,0.953103448275862,0.973770491803279,0.962145110410095,0,0.908805031446541,0.955431754874652,0.937232524964337,0.864197530864197,0.988200589970501,0.929012345679012,0.936746987951807,0.824611032531825,0.928571428571429,0.462773722627737,0.994177583697234,0.951547779273217
"Murdochiella_asaccharolytica",0.612009237875289,0.333333333333333,0,0.693461950696677,0.633123689727463,0.394094993581515,0.314159292035398,0,0.359413202933985,0.469214437367304,0,0.84830805134189,0.457177322074789,0,0.411161731207289,0.435344827586207,0.605875152998776,0,0.398709677419355,0.673790776152981,0.230403800475059,0,0.465201465201465,0,0,0,0,0,0,0,0.431734317343173,0.515863689776733,0,0.149206349206349,0.197263397947548,0,0,0,0.389944134078212,0.598548972188634,0,0,0,0.647450110864745,0.595121951219512,0,0.520295202952029,0,0.228273464658169,0.350678733031674,0.263157894736842,0.464114832535885,0,0,0,0,0,0,0,0,0.273399014778325,0,0.484004127966976,0,0,0.128998968008256,0.190376569037657,0,0,0.23469387755102,0.145673603504929,0.254859611231102,0,0.499480789200415,0.110651499482937,0,0,0,0.172625127681307,0,0.715019255455712,0,0,0,0,0,0,0,0,0,0,0,0,0,0,0,0,0,0
"Veillonella_caviae",0.300230946882217,0.195175438596491,0.462616822429907,0.734190782422294,0.771488469601677,0,0.747787610619469,0,0,0.530785562632696,0.696900114810563,0.439906651108518,0.705669481302774,0.682352941176471,0.612756264236902,0.588362068965517,0.566707466340269,0.770171149144254,0,0.340832395950506,0.660332541567696,0.829405162738496,0.538461538461538,0.697978596908442,0.563816604708798,0,0.530612244897959,0.850279329608939,0.451834862385321,0.794247787610619,0.476014760147601,0.844888366627497,0.436830835117773,0.826455026455026,0.24515393386545,0.520395550061805,0.88785046728972,0,0,0.228536880290206,0.301115241635688,0.271523178807947,0,0.47450110864745,0.636585365853659,0,0.424354243542435,0.744160177975528,0.840092699884125,0.80316742081448,0.235645933014354,0,0.474622770919067,0.824480369515012,0,0.657342657342657,0.127919911012236,0.378960709759189,0.416256157635468,0.613744075829384,0.635467980295567,0.756788665879575,0.469556243550052,0.229213483146067,0.176196032672112,0.814241486068111,0.642259414225941,0.733493397358944,0.813238770685579,0.151927437641723,0.596933187294633,0.678185745140389,0.237327188940092,0.804776739356179,0.857290589451913,0.684210526315789,0.864959254947613,0.553699284009546,0.903983656792646,0.25280199252802,0.910141206675225,0,0,0,0,0,0,0,0,0,0,0,0,0,0,0,0,0,0
"Actinobaculum_schaalii",0,0,0.5,0.22400857449089,0,0.281129653401797,0.285398230088496,0,0,0.271762208067941,0.205510907003444,0,0.630880579010856,0,0,0,0,0,0,0,0,0.22334455667789,0,0.212841854934602,0,0,0,0,0,0,0.281672816728167,0.400705052878966,0,0,0.632839224629418,0,0.503634475597092,0,0,0.613059250302297,0.499380421313507,0,0,0,0,0.341409691629956,0,0,0,0,0.665071770334928,0,0,0,0,0,0.281423804226919,0.930291508238276,0,0,0,0,0,0,0,0.521155830753354,0.161087866108787,0.262905162064826,0,0.396825396825397,0.377875136911281,0.427645788336933,0,0.298026998961578,0.394002068252327,0.248803827751196,0,0,0.227783452502554,0,0,0,0,0,0,0,0,0,0,0,0,0,0,0,0,0,0,0,0
"Gemmiger_formicilis",0,0.316885964912281,0,0,0.811320754716981,0,0,0,0,0.380042462845011,0,0,0,0.564705882352941,0.489749430523918,0.247844827586207,0,0,0,0.550056242969629,0.294536817102138,0,0,0,0,0,0,0.177653631284916,0.605504587155963,0.369469026548673,0,0,0.481798715203426,0.307936507936508,0,0.747836835599506,0.341640706126687,0,0.702793296089385,0,0,0.675496688741722,0,0.181818181818182,0,0.506607929515419,0,0,0.480880648899189,0.340497737556561,0,0,0,0.526558891454965,0,0.424242424242424,0.706340378197998,0,0,0,0.625615763546798,0.742621015348288,0.126934984520124,0.943820224719101,0.50291715285881,0.186790505675955,0.0941422594142259,0.696278511404562,0.208037825059102,0.585034013605442,0.139101861993428,0.11231101511879,0,0.246105919003115,0.410548086866598,0,0.408614668218859,0.352028639618138,0.127681307456588,0,0,0.479616306954436,0,0.470344827586207,0,0,0,0,0,0,0,0,0,0,0,0,0,0,0
"Roseburia_hominis",0,0.462719298245614,0,0,0.614255765199161,0,0,0,0,0.101910828025478,0,0,0,0,0.266514806378132,0.150862068965517,0,0,0,0.313835770528684,0.524940617577197,0,0,0,0,0,0,0,0.743119266055046,0.628318584070796,0,0,0.488222698072805,0.534391534391534,0,0,0.0674974039460021,0,0.687150837988827,0,0,0.209713024282561,0,0.117516629711752,0,0,0,0.85761957730812,0.183082271147161,0,0,0,0,0,0,0.27039627039627,0,0,0,0,0.655172413793103,0,0.446852425180599,0.838202247191011,0.320886814469078,0,0,0,0.775413711583924,0.244897959183673,0,0.0907127429805616,0.271889400921659,0.152647975077882,0.168562564632885,0,0.285215366705471,0,0.144024514811032,0,0,0.997601918465228,0,0.536551724137931,0,0,0,0,0,0,0,0,0,0,0,0,0,0,0
"Eubacterium_coprostanoligenes",0,0.135964912280702,0,0.436227224008574,0.612159329140461,0,0,0,0.256723716381418,0.148619957537155,0.621125143513203,0.325554259043174,0,0,0.788154897494305,0.640086206896552,0,0.23960880195599,0,0.489313835770529,0.532066508313539,0,0,0,0,0,0,0.334078212290503,0.552752293577982,0.225663716814159,0,0,0.586723768736617,0.322751322751323,0.826681870011402,0.508034610630408,0.175493250259605,0,0.727374301675978,0,0,0.730684326710817,0,0.16629711751663,0,0.856828193832599,0,0.935483870967742,0.541135573580533,0.330316742081448,0,0,0,0,0,0.193473193473193,0.494994438264739,0,0,0,0.399014778325123,0.40495867768595,0.430340557275542,0.966292134831461,0.41656942823804,0.226006191950464,0.326359832635983,0.456182472989196,0.400709219858156,0.217687074829932,0,0.185745140388769,0.28110599078341,0.644859813084112,0.300930713547053,0,0.70430733410943,0.515513126491647,0.0398365679264556,0,0,0.635491606714628,0,0,0,0,0,0,0,0,0,0,0,0,0,0,0,0,0
"Bacteroides_plebeius",0,0.260964912280702,0,0.138263665594855,0.138364779874214,0,0,0,0,0.390658174097665,0,0,0,0,0.312072892938497,0.540948275862069,0,0.498777506112469,0,0.628796400449944,0.275534441805226,0,0,0.590963139120095,0,0,0,0.53072625698324,0,0.573008849557522,0,0,0.233404710920771,0.367195767195767,0.568985176738883,0.541409147095179,0.476635514018692,0,0.716201117318436,0,0,0.359823399558499,0.363049095607235,0.203991130820399,0,0.70704845814978,0,0,0,0,0,0,0,0,0.663129973474801,0.48018648018648,0.67741935483871,0,0,0.196682464454976,0.810344827586207,0.194805194805195,0.186790505675955,0.410112359550562,0.47024504084014,0.347781217750258,0.336820083682008,0,0.566193853427896,0.167800453514739,0.209200438116101,0.302375809935205,0.305299539170507,0.389408099688474,0.145811789038263,0,0.178114086146682,0.233890214797136,0.123595505617978,0,0,0.41726618705036,0.754993342210386,0,0,0,0,0,0,0,0,0,0,0,0,0,0,0,0.432032301480485
"Bacteroides_vulgatus",0,0.701754385964912,0,0.206859592711683,0.781970649895178,0,0,0,0.662591687041565,0.753715498938429,0.724454649827784,0.544924154025671,0,0.312941176470588,0.861047835990888,0.512931034482759,0,0.371638141809291,0,0.676040494938133,0.551068883610451,0.205387205387205,0.311355311355311,0.510107015457788,0,0.737654320987654,0,0.159776536312849,0.584862385321101,0.413716814159292,0,0,0.158458244111349,0.856084656084656,0.277080957810718,0.475896168108776,0.206645898234683,0,0.803351955307263,0,0,0.818984547461369,0,0.228381374722838,0,0.610132158590308,0.972939729397294,0.973303670745273,0.274623406720742,0.549773755656109,0,0.777511961722488,0.821673525377229,0.464203233256351,0,0.554778554778555,0.639599555061179,0,0,0,0.758620689655172,0.180637544273908,0.403508771929825,0.993258426966292,0.250875145857643,0.382868937048504,0.602510460251046,0.498199279711885,0.408983451536643,0.369614512471655,0.231106243154436,0.170626349892009,0.251152073732719,0.208722741433022,0.046535677352637,0.466507177033493,0.443538998835856,0.348448687350835,0.0745658835546476,0,0,0.899280575539568,0,0,0,0,0,0,0,0,0,0,0,0.548192771084337,0,0,0.52992700729927,0,0
"Fusobacterium_necrophorum",0,0.390350877192982,0.614485981308411,0.198285101822079,0.0524109014675052,0.358151476251605,0.210176991150442,0.392592592592593,0.474327628361858,0.089171974522293,0.586681974741676,0,0,0.24,0.150341685649203,0.172413793103448,0,0.581907090464548,0.513548387096774,0.196850393700787,0.675771971496437,0.373737373737374,0.492063492063492,0.571938168846611,0,0,0.438775510204082,0,0.176605504587156,0.553097345132743,0.298892988929889,0.487661574618096,0.790149892933619,0.246560846560847,0.986316989737742,0.750309023485785,0.0612668743509865,0.57429718875502,0.29608938547486,0.301088270858525,0.365551425030979,0.364238410596026,0,0,0.231707317073171,0.394273127753304,0.328413284132841,0.110122358175751,0,0.35972850678733,0.4688995215311,0.442583732057416,0,0.33256351039261,0.384615384615385,0.599067599067599,0.416017797552836,0.432192648922687,0.310344827586207,0.317535545023697,0,0,0.496388028895769,0,0,0.192982456140351,0.198744769874477,0,0.843971631205674,0.213151927437642,0.152245345016429,0.218142548596112,0.405529953917051,0.553478712357217,0.427094105480869,0.370813397129187,0.506402793946449,0.429594272076372,0.566905005107252,0.37733499377335,0.676508344030809,0,0.494007989347537,0,0,0,0,0.70440251572327,0,0.492154065620542,0,0,0,0,0.42008486562942,0,0.602919708029197,0,0.496635262449529
"Streptococcus_uberis",0,0.793859649122807,0.224299065420561,0.855305466237942,0,0,0.223451327433628,0,0,0.660297239915074,0,0,0,0.807058823529412,0.569476082004556,0,0.356181150550796,0,0,0,0,0.331088664421998,0.25030525030525,0,0.546468401486989,0,0,0,0.659403669724771,0.787610619469027,0,0,0,0.189417989417989,0,0.897404202719407,0.640706126687435,0,0,0,0,0.324503311258278,0.320413436692506,0,0,0,0.284132841328413,0.579532814238042,0,0,0.490430622009569,0.232057416267943,0,0.669745958429561,0.870026525198939,0,0.365962180200222,0,0,0,0.458128078817734,0.844155844155844,0.128998968008256,0,0,0.368421052631579,0.552301255230126,0.259303721488595,0,0,0.371303395399781,0.345572354211663,0,0.796469366562825,0.528438469493278,0.825358851674641,0.913853317811409,0.804295942720764,0.558733401430031,0.581569115815691,0.861360718870347,0,0,0,0,0,0,0,0,0,0,0,0,0,0,0,0,0,0
"Turicibacter_sanguinis",0,0,0,0.528403001071811,0.0545073375262055,0,0,0,0,0.424628450106157,0,0,0,0,0.883826879271071,0.323275862068966,0,0.606356968215159,0,0.24859392575928,0,0,0.521367521367521,0,0,0,0,0.26927374301676,0.612385321100917,0.524336283185841,0,0,0.550321199143469,0.97037037037037,0.240592930444698,0.755253399258344,0.244029075804777,0,0.646927374301676,0,0,0.218543046357616,0,0.529933481152993,0,0.801762114537445,0,0,0,0,0,0,0.388203017832647,0,0.827586206896552,0,0,0,0,0,0.815270935960591,0,0.450980392156863,0.319101123595506,0.787631271878646,0,0.171548117154812,0,0.210401891252955,0.387755102040816,0,0,0.314516129032258,0.582554517133956,0.094105480868666,0,0,0.322195704057279,0.485188968335036,0,0,0.932853717026379,0.632490013315579,0,0,0,0,0,0,0,0,0,0,0,0,0,0,0,0
"Dialister_succinatiphilus",0,0.473684210526316,0.252336448598131,0.361200428724544,0.226415094339623,0,0.212389380530973,0,0.503667481662592,0.704883227176221,0.602755453501722,0,0.348612786489747,0.630588235294118,0.624145785876993,0.336206896551724,0,0,0,0.493813273340832,0.807600950118765,0.620650953984287,0.218559218559219,0.305588585017836,0,0,0.75765306122449,0.658100558659218,0.376146788990826,0.150442477876106,0,0.26909518213866,0.447537473233405,0.564021164021164,0,0.260815822002472,0.146417445482866,0,0.693854748603352,0.20677146311971,0,0.227373068432671,0,0.376940133037694,0,0,0.849938499384994,0.288097886540601,0.677867902665122,0.766968325791855,0.535885167464115,0.937799043062201,0,0.374133949191686,0,0.797202797202797,0.403781979977753,0,0.251231527093596,0.244075829383886,0,0.461629279811098,0.659442724458204,0.950561797752809,0.425904317386231,0.184726522187822,0.468619246861925,0,0.257683215130024,0.634920634920635,0.12157721796276,0.226781857451404,0.299539170506912,0.538940809968847,0.352637021716649,0,0.930151338766007,0.816229116945107,0.129724208375894,0.270236612702366,0.399229781771502,0.551558752997602,0,0,0,0,0,0,0,0,0,0,0,0,0,0,0,0,0
"Bacteroides_uniformis",0,0.537280701754386,0,0.203644158628081,0.666666666666667,0,0,0,0.535452322738386,0.286624203821656,0.304247990815155,0.175029171528588,0,0,0.733485193621868,0.105603448275862,0,0.523227383863081,0,0.583802024746907,0.693586698337292,0,0.308913308913309,0.282996432818074,0,0,0,0.175418994413408,0.275229357798165,0.451327433628319,0,0.81433607520564,0.276231263383298,0.31005291005291,0.623717217787913,0.359703337453646,0.80269989615784,0,0.432402234636871,0,0,0.470198675496689,0,0.696230598669623,0,0.658590308370044,0.617466174661747,0.968854282536151,0,0,0,0.782296650717703,0.821673525377229,0.545034642032333,0,0.582750582750583,0.81979977753059,0,0,0,0.770935960591133,0,0.564499484004128,0.903370786516854,0.260210035005834,0.304437564499484,0.188284518828452,0,0.477541371158392,0.510204081632653,0.226725082146769,0.319654427645788,0.228110599078341,0.416407061266874,0.338159255429162,0.270334928229665,0.331781140861467,0.393794749403341,0.33197139938713,0,0,0.669064748201439,0,0,0,0,0,0,0,0,0,0,0,0,0,0,0.515328467153285,0,0.429340511440108
"Flavonifractor_plautii",0,0.853070175438597,0,0.596998928188639,0.559748427672956,0,0.316371681415929,0,0,0.144373673036093,0,0.855309218203034,0,0,0.772209567198178,0.506465517241379,0.254589963280294,0.464547677261614,0,0.192350956130484,0,0,0.398046398046398,0.505350772889417,0,0,0,0.188826815642458,0.557339449541284,0.154867256637168,0,0.614571092831962,0.0856531049250535,0.37989417989418,0.222348916761688,0.305315203955501,0.0841121495327103,0,0.939664804469274,0,0,0.211920529801325,0,0.146341463414634,0.592682926829268,0.878854625550661,0.547355473554736,0.966629588431591,0.179606025492468,0.278280542986425,0.461722488038278,0,0.422496570644719,0,0,0.328671328671329,0.728587319243604,0,0,0,0.487684729064039,0,0.405572755417957,0.835955056179775,0.652275379229872,0.0361197110423117,0.0690376569037657,0.214885954381753,0.546099290780142,0.263038548752834,0,0,0.305299539170507,0.165109034267913,0.511892450879007,0.732057416267943,0.254947613504075,0.541766109785203,0.481103166496425,0,0,0.906474820143885,0,0,0,0,0,0,0,0,0,0,0,0,0,0,0,0,0
"Parabacteroides_merdae",0,0.929824561403509,0,0.453376205787781,0.366876310272537,0,0,0,0,0.205944798301486,0.568312284730195,0,0.365500603136309,0,0.592255125284738,0.52801724137931,0,0.378973105134474,0,0.219347581552306,0.700712589073634,0,0,0.374554102259215,0,0,0,0.124022346368715,0.745412844036697,0.232300884955752,0,0,0.460385438972163,0,0.646522234891676,0.470951792336218,0.601246105919003,0,0.772067039106145,0,0,0.147902869757174,0,0.108647450110865,0,0.729074889867841,0,0.922135706340378,0,0.671945701357466,0,0,0.694101508916324,0,0,0,0.150166852057842,0,0.33743842364532,0.234597156398104,0.551724137931034,0,0.345717234262126,0.912359550561798,0.316219369894983,0.0588235294117647,0.106694560669456,0,0.456264775413712,0.44671201814059,0.215772179627601,0,0.497695852534562,0.632398753894081,0.600827300930714,0.741626794258373,0.324796274738068,0.426014319809069,0.0234933605720123,0,0,0.896882494004796,0,0,0,0,0,0,0,0,0,0,0,0,0,0,0,0,0
"Ruminococcus_gnavus",0,0.780701754385965,0,0,0.452830188679245,0,0,0,0,0.407643312101911,0.242250287026406,0,0,0,0.416856492027335,0.446120689655172,0,0,0,0.338582677165354,0.617577197149644,0,0,0,0,0,0,0.132960893854749,0.481651376146789,0.316371681415929,0,0,0.199143468950749,0.473015873015873,0,0,0.414330218068536,0,0.836871508379888,0,0,0.317880794701987,0,0.334811529933481,0,0.744493392070485,0.458794587945879,0.741935483870968,0,0,0,0.77511961722488,0,0.383371824480369,0,0.247086247086247,0.699666295884316,0,0,0.21563981042654,0.657635467980296,0,0.0980392156862745,0.831460674157303,0.220536756126021,0,0.301255230125523,0,0.794326241134752,0.249433106575964,0,0,0,0.395638629283489,0.102378490175801,0.277511961722488,0.194412107101281,0.22673031026253,0.197139938712972,0,0,0.940047961630695,0,0,0,0,0,0,0,0,0,0,0,0,0,0,0,0,0
"Coprococcus_eutactus",0,0.111842105263158,0,0.45123258306538,0.773584905660377,0,0,0,0.701711491442543,0.481953290870488,0.616532721010333,0.387397899649942,0,0,0.380410022779043,0.142241379310345,0,0.459657701711491,0,0.718785151856018,0.923990498812352,0,0.253968253968254,0,0,0,0,0.162011173184358,0.61697247706422,0,0,0,0.374732334047109,0.153439153439153,0.425313568985177,0.285537700865266,0.0799584631360332,0,0.745251396648045,0,0,0.883002207505519,0,0,0,0.724669603524229,0,0,0.497103128621089,0,0,0,0,0,0,0.321678321678322,0.130144605116796,0,0,0,0.773399014778325,0.28689492325856,0.110423116615067,0.48314606741573,0.234539089848308,0.256965944272446,0.138075313807531,0.238895558223289,0.536643026004728,0.281179138321995,0.161007667031763,0,0,0.565939771547248,0.31540847983454,0,0.483119906868452,0.247016706443914,0.111338100102145,0,0,0.235011990407674,0,0.500689655172414,0,0,0,0,0,0,0,0,0,0,0,0,0,0,0.345895020188425
"Pseudomonas_fluorescens",0,0.149122807017544,0.191588785046729,0.311897106109325,0.947589098532495,0,0,0.506172839506173,0,0.696390658174098,0.478760045924225,0,0,0.202352941176471,0.71753986332574,0.616379310344828,0,0,0,0,0,0.217732884399551,0.335775335775336,0.717003567181926,0,0,0,0,0.910550458715596,0.110619469026549,0,0,0,0.987301587301587,0,0.878862793572311,0,0.526104417670683,0.170949720670391,0,0,0.171081677704194,0.452196382428941,0.210643015521064,0,0.835903083700441,0.367773677736777,0,0.172653534183082,0.361990950226244,0.528708133971292,0.205741626794258,0,0,1,0,0,0,0.293103448275862,0.447867298578199,0,0.553719008264463,0.353973168214654,0,0.574095682613769,0.407636738906089,0.916317991631799,0,0,0,0.178532311062432,0.105831533477322,0.54147465437788,0,0.0858324715615305,0,0,0,0.223697650663943,0,0,0,0,0,0,0,0,0,0,0,0,0,0,0,0,0,0,0,0
"Ruminococcus_bromii",0,0,0,0.419078242229368,0.622641509433962,0,0,0,0,0.624203821656051,0.582089552238806,0.533255542590432,0,0,0.806378132118451,0.519396551724138,0,0.36919315403423,0,0.147356580427447,0.529691211401425,0,0.398046398046398,0,0,0,0,0.524022346368715,0.894495412844037,0.59070796460177,0,0.653349001175088,0.845824411134904,0.235978835978836,0.589509692132269,0.238566131025958,0.376947040498442,0,0.398882681564246,0,0,0.717439293598234,0,0.157427937915743,0,0.766519823788546,0.589175891758918,0.946607341490545,0,0,0,0,0,0.217090069284065,0.645888594164456,0.412587412587413,0.512791991101224,0,0,0,0.798029556650246,0.192443919716647,0.159958720330237,0.21123595505618,0.540256709451575,0.190918472652219,0.104602510460251,0,0.425531914893617,0.412698412698413,0.132530120481928,0.172786177105832,0.391705069124424,0.376947040498442,0.383660806618407,0,0.40162980209546,0.711217183770883,0.0377936670071502,0,0,0.968824940047962,0,0,0,0,0,0,0,0,0,0,0,0,0,0,0,0,0.423956931359354
"Lactobacillus_casei",0,1,0.535046728971963,0.609860664523044,0.343815513626834,0,0.634955752212389,0.94320987654321,0.872860635696821,0,0.48564867967853,0,0,0.447058823529412,0.505694760820046,0.125,0.596083231334149,0,0.370322580645161,0,0,0.519640852974186,0,0.491082045184304,0,0,0.721938775510204,0.450279329608939,0,0.40929203539823,0.387453874538745,0.63572267920094,0,0.422222222222222,0.213226909920182,0,0.102803738317757,0,0,0.376058041112455,0.55638166047088,0,0,0.164079822616408,0.654878048780488,0.889867841409692,0.960639606396064,0.323692992213571,0,0,0.260765550239234,0.337320574162679,0,0.625866050808314,0.358090185676393,0.407925407925408,0.432703003337041,0,0.408866995073892,0.388625592417062,0,0.182998819362456,0.380804953560372,0.582022471910112,0.451575262543757,0.46749226006192,0.305439330543933,0,0,0.45124716553288,0.112814895947426,0.0799136069114471,0.594470046082949,0.709241952232606,0.855222337125129,0.791866028708134,0.557625145518044,0.315035799522673,0.311542390194076,0.927770859277709,0.92811296534018,0.786570743405276,0,0,0,0,0,0,0,0,0,0,0,0,0,0,0,0,0
"Anaerostipes_hadrus",0,0.745614035087719,0,0,0.421383647798742,0,0,0.51358024691358,0,0.388535031847134,0.235361653272101,0,0,0,0.760820045558087,0.383620689655172,0,0.437652811735941,0,0.505061867266592,0.756532066508314,0,0,0,0,0,0,0.588826815642458,0.598623853211009,0.172566371681416,0,0,0.246252676659529,0.343915343915344,0,0.362175525339926,0.588785046728972,0,0.249162011173184,0,0,0.876379690949227,0,0.767184035476718,0,0.718061674008811,0,0,0.341830822711472,0.504524886877828,0,0,0,0.517321016166282,0,0,0.488320355951057,0,0,0,0.834975369458128,0.381345926800472,0.151702786377709,0.975280898876404,0.430571761960327,0.170278637770898,0.173640167364017,0,0.281323877068558,0.23469387755102,0,0,0.305299539170507,0.784008307372793,0.615305067218201,0.796650717703349,0.166472642607683,0.418854415274463,0.0888661899897855,0,0,0.942446043165468,0,0,0,0,0,0,0,0,0,0,0,0,0,0,0,0,0
"Actinomyces_funkei",0,0,0.371495327102804,0.384780278670954,0.322851153039832,0,0.345132743362832,0.676543209876543,0.486552567237164,0.67515923566879,0.343283582089552,0.456242707117853,0.302774427020507,0,0,0,0.326805385556916,0,0,0,0,0.133557800224467,0,0,0.477075588599752,0,0,0.6,0,0,0.456334563345633,0.685076380728555,0.289079229122056,0.216931216931217,0,0,0.42263759086189,0,0.425698324022346,0,0.271375464684015,0,0,0.644124168514412,0.321951219512195,0.218061674008811,0,0.223581757508343,0.337195828505214,0.57579185520362,0.904306220095694,0,0,0.251732101616628,0,0.780885780885781,0.795328142380423,0.711026615969582,0,0,0,0,0.147574819401445,0.3,0,0.634674922600619,0.548117154811716,0.755102040816326,0,0,0.555312157721796,0.42548596112311,0,0.401869158878505,0.104446742502585,0.57177033492823,0.534342258440047,0.482100238663485,0.40755873340143,0,0,0,0.616511318242344,0,0,0,0,0,0,0,0,0,0,0,0,0,0,0,0
"Bacillus_subtilis",0,0.177631578947368,0.47196261682243,0.57556270096463,0.0649895178197065,0,0.157079646017699,0,0,0.490445859872611,0.405281285878301,0,0,0,0,0.349137931034483,0,0,0,0,0,0.647586980920314,0,0.260404280618312,0.690210656753408,0,0,0.389944134078212,0,0.508849557522124,0,0,0,0.976719576719577,0.381984036488027,0,0.254413291796469,0,0.119553072625698,0,0,0,0.503875968992248,0.354767184035477,0,0.900881057268722,0,0.902113459399333,0,0,0,0,0.769547325102881,0,0.984084880636605,0,0,0,0,0,0.33743842364532,0.21133412042503,0.347781217750258,0,0,0.0712074303405573,0.52928870292887,0.577430972388956,0.724586288416076,0.421768707482993,0.329682365826944,0.205183585313175,0,0.187954309449637,0.0548086866597725,0.80622009569378,0.462165308498254,0.933174224343675,0.221654749744637,0,0,0,0.48069241011984,0,0,0,0,0,0,0,0,0,0,0,0,0,0,0,0
"Peptostreptococcus_anaerobius",0,0.62719298245614,0.876168224299065,0.751339764201501,0.754716981132076,0,0.252212389380531,0.367901234567901,0.356968215158924,0.726114649681529,0.827784156142365,0.892648774795799,0,0.284705882352941,0,0.418103448275862,0.659730722154223,0.611246943765281,0,0.280089988751406,0.320665083135392,0.384960718294052,0.658119658119658,0.426872770511296,0.568773234200744,0,0,0.287150837988827,0.270642201834862,0.194690265486726,0.444034440344403,0.309048178613396,0.205567451820128,0.377777777777778,0,0,0.769470404984424,0,0,0.264812575574365,0.318463444857497,0,0,0.634146341463415,0.785365853658537,0.237885462555066,0.547355473554736,0.281423804226919,0.566628041714948,0.409502262443439,0,0.797846889952153,0,0.258660508083141,0,0.904428904428904,0.931034482758621,0.43979721166033,0.403940886699507,0.436018957345972,0,0,0.331269349845201,0.640449438202247,0.467911318553092,0.325077399380805,0.397489539748954,0.762304921968788,0.566193853427896,0.587301587301587,0.653888280394304,0.332613390928726,0.412442396313364,0.0737279335410177,0.724922440537746,0.870813397129187,0.79511059371362,0,0.77732379979571,0.444582814445828,0,0,0,0,0,0,0,0,0,0,0,0,0,0,0,0,0,0,0.4185733512786
"Lactobacillus_amylovorus",0,0.236842105263158,0,0,0,0,0.570796460176991,0.62962962962963,0.755501222493888,0,0.30654420206659,0,0,0.651764705882353,0,0.256465517241379,0,0,0,0,0,0.72615039281706,0.594627594627595,0,0,0,0.285714285714286,0,0.639908256880734,0,0.675276752767528,0.421856639247944,0.316916488222698,0.445502645502646,0,0,0.241952232606438,0.70281124497992,0,0,0.268897149938042,0,0,0,0,0.819383259911894,0,0.174638487208009,0.504055619930475,0.708144796380091,0.739234449760766,0.291866028708134,0,0,0,0,0,0,0,0.478672985781991,0,0,0.599587203302374,0,0,0.178534571723426,0.288702928870293,0,0,0.691609977324263,0.174151150054765,0.138228941684665,0,0.109034267912773,0.875904860392968,0,0.357392316647264,0,0.595505617977528,0.678704856787049,0.843388960205392,0,0,0,0,0,0,0,0,0,0,0,0,0,0,0,0,0,0
"Lactobacillus_rhamnosus",0,0.517543859649123,0.217289719626168,0,0.742138364779874,0,0.396017699115044,0.935802469135802,0.667481662591687,0,0.30195177956372,0,0,0,0.236902050113895,0.133620689655172,0,0,0,0,0,0.705948372615039,0.611721611721612,0,0,0,0,0.620111731843575,0,0.356194690265487,0.552275522755228,0.757931844888367,0,0.433862433862434,0,0,0,0,0,0,0.568773234200744,0.171081677704194,0,0,0.939024390243902,0,0.296432964329643,0.134593993325918,0,0,0.320574162679426,0.282296650717703,0,0.62933025404157,0,0,0,0,0.339901477832512,0.438388625592417,0,0.305785123966942,0.502579979360165,0,0,0.395252837977296,0.53347280334728,0,0,0.659863945578231,0.28368017524644,0.265658747300216,0.465437788018433,0.792315680166148,0.888314374353671,0.655502392344498,0.310826542491269,0.539379474940334,0.466802860061287,0.803237858032379,0.905006418485237,0.645083932853717,0,0,0,0,0,0,0.805013927576602,0,0,0.542772861356932,0,0,0,0,0,0.46433770014556,0
"Neisseria_perflava",0,0,0,0,0,0.514762516046213,0,0,0,0,0.350172215843858,0,0,0,0,0.646551724137931,0,0,0,0,0,0.173961840628507,0,0,0,0,0,0,0,0,0.261992619926199,0.653349001175088,0,0.71005291005291,0,0,0,0,0,0,0,0,0,0,0,0,0,0,0,0,0.375598086124402,0,0,0.170900692840647,0,0,0,0,0,0.248815165876777,0,0,0.547987616099071,0,0,0.151702786377709,0.433054393305439,0.471788715486194,0,0,0.27710843373494,0.103671706263499,0.191244239631336,0,0,0,0,0,0.346271705822268,0,0,0,0,0.489655172413793,0.914754098360656,0.694006309148265,0.963025210084034,0.855345911949686,0.646239554317549,0.797432239657632,0.777777777777778,0.530973451327434,0.743827160493827,0.930722891566265,0.598302687411598,0.704545454545455,0.594160583941606,0.563318777292576,0.816958277254374
"Blautia_luti",0,0.603070175438597,0,0.647374062165059,0.373165618448637,0,0,0.306172839506173,0,0.796178343949045,0,0,0,0,0.316628701594533,0.219827586206897,0,0.264058679706601,0,0.356580427446569,0.745843230403801,0,0,0,0,0,0,0.331843575418994,0.307339449541284,0.615044247787611,0,0,0.967880085653105,0.276190476190476,0,0.342398022249691,0.289719626168224,0,0.787709497206704,0,0,0.860927152317881,0,0.184035476718404,0,0.975770925110132,0,0.844271412680756,0.571263035921205,0.416289592760181,0,0.805023923444976,0,0.284064665127021,0,0,0.53726362625139,0,0,0,0.724137931034483,0.428571428571429,0.106295149638803,0.986516853932584,0.369894982497083,0.141382868937049,0.215481171548117,0,0.416075650118203,0.292517006802721,0,0,0.403225806451613,0.383177570093458,0.0361944157187177,0,0.424912689173458,0.386634844868735,0.0296220633299285,0,0,0.961630695443645,0,0,0,0,0,0,0,0,0,0,0,0,0,0,0,0,0
"Eubacterium_hallii",0,0.973684210526316,0,0.387995712754555,0.863731656184486,0,0,0,0,0.0721868365180467,0.549942594718714,0,0,0,0.271070615034169,0.189655172413793,0,0.696821515892421,0,0.140607424071991,0.465558194774347,0,0,0,0,0,0,0.385474860335196,0.204128440366972,0.504424778761062,0,0,0.625267665952891,0.2,0,0.683559950556242,0.14018691588785,0,0.660335195530726,0,0,0.788079470198676,0,0,0,0.814977973568282,0.316113161131611,0.897664071190211,0.318655851680185,0.52262443438914,0,0.805023923444976,0.965706447187929,0,0,0,0.503893214682981,0,0,0,0.763546798029557,0.415584415584416,0.285861713106295,0.982022471910112,0.519253208868145,0.197110423116615,0,0.210084033613445,0.591016548463357,0.393424036281179,0.166484118291347,0.187904967602592,0.21889400921659,0.734164070612669,0.12306101344364,0,0.265424912689173,0.696897374701671,0.16241062308478,0,0,0.973621103117506,0,0,0,0,0,0,0,0,0,0,0,0,0,0,0,0,0
"Roseburia_faecis",0,0.245614035087719,0,0.15112540192926,0.60377358490566,0,0,0,0,0.685774946921444,0.880597014925373,0,0,0,0.595671981776765,0.116379310344828,0,0.625916870415648,0,0.511811023622047,0.731591448931116,0,0,0,0,0,0,0.854748603351955,0.396788990825688,0.221238938053097,0,0,0.758029978586724,0.0941798941798942,0.270239452679589,0.77008652657602,0.133956386292835,0,0.776536312849162,0,0,0.11037527593819,0,0.532150776053215,0,0.859030837004405,0,0.991101223581758,0.624565469293163,0.340497737556561,0,0,0,0,0,0.65967365967366,0.619577308120133,0,0,0.33175355450237,0,0.206611570247934,0.376676986584107,0.842696629213483,0.432905484247375,0.124871001031992,0,0,0.713947990543735,0.327664399092971,0,0.0885529157667387,0.391705069124424,0.754932502596054,0.298862461220269,0,0.385331781140861,0.628878281622912,0.103166496424923,0,0,0.992805755395683,0,0.531034482758621,0,0,0,0,0,0,0,0,0,0,0,0,0,0,0
"Peptostreptococcus_russellii",0,0,0.341121495327103,0.27545551982851,0.857442348008386,0,0.294247787610619,0,0,0.174097664543524,0,0.898483080513419,0,0.195294117647059,0,0,0.468788249694002,0,0,0,0,0.674523007856341,0.528693528693529,0.268727705112961,0.370508054522924,0,0,0,0,0,0.53259532595326,0.386603995299647,0.465738758029979,0.396825396825397,0,0,0.453790238836968,0,0,0,0,0,0,0.644124168514412,0,0,0,0,0.324449594438007,0.671945701357466,0,0.222488038277512,0,0,0,0,0.263626251390434,0.389100126742712,0,0,0,0,0.539731682146543,0,0,0.366357069143447,0.225941422594142,0,0.66548463356974,0,0.347207009857612,0.341252699784017,0,0.302180685358255,0.327817993795243,0.41866028708134,0,0,0.881511746680286,0,0,0,0,0,0,0,0,0,0,0,0,0,0,0,0,0,0,0,0
"Dorea_longicatena",0,0.692982456140351,0,0.42550911039657,0.157232704402516,0,0,0,0,0.806794055201699,0,0,0,0,0.744874715261959,0.206896551724138,0,0.415647921760391,0,0.262092238470191,0.36104513064133,0,0,0,0,0,0,0.36536312849162,0.520642201834862,0.196902654867257,0,0,0.860813704496788,0.0687830687830688,0,0.661310259579728,0.059190031152648,0,0.810055865921788,0,0,0.894039735099338,0,0.155210643015521,0,0.883259911894273,0,0,0,0.138009049773756,0,0,0,0.295612009237875,0,0,0.472747497219132,0,0,0,0.780788177339901,0.293978748524203,0.12280701754386,0.919101123595506,0.194865810968495,0.131062951496388,0.261506276150628,0.327731092436975,0.550827423167849,0.639455782312925,0,0,0,0.806853582554517,0.396070320579111,0.461722488038278,0.480791618160652,0.610978520286396,0.0827374872318693,0,0,0.930455635491607,0,0.442758620689655,0,0,0,0,0,0,0,0,0,0,0,0,0,0,0
"Bifidobacterium_breve",0,0.896929824561403,0.376168224299065,0,0.167714884696017,0,0.482300884955752,0.753086419753086,0.266503667481663,0.825902335456476,0,0,0,0.607058823529412,0.595671981776765,0,0,0,0,0,0,0,0,0,0,0,0,0.725139664804469,0.422018348623853,0,0,0.297297297297297,0,0.928042328042328,0.267958950969213,0,0.283489096573209,0,0,0.66142684401451,0.486988847583643,0.582781456953642,0,0,0,0.835903083700441,0,0.528364849833148,0.506373117033604,0.27262443438914,0.842105263157895,0.868421052631579,0,0,0,0,0.372636262513904,0,0,0,0,0,0.42827657378741,0.856179775280899,0,0.205366357069143,0.0460251046025105,0.495798319327731,0,0,0,0.08207343412527,0.324884792626728,0.0529595015576324,0.946225439503619,0.294258373205742,0.70197904540163,0,0.671092951991828,0.760896637608966,0.617458279845956,0.980815347721823,0,0,0,0,0,0,0,0,0,0,0,0,0,0,0,0,0
"Alistipes_putredinis",0,0,0,0.455519828510182,0.394129979035639,0,0,0,0,0.354564755838641,0.784156142365098,0.327887981330222,0,0,0.824601366742597,0.579741379310345,0,0.709046454767726,0,0.174353205849269,0.836104513064133,0,0.523809523809524,0,0,0,0,0.731843575418994,0.277522935779817,0.342920353982301,0,0,0.0985010706638116,0.295238095238095,0,0.740420271940668,0.372793354101765,0,0.25586592178771,0,0,0.309050772626932,0,0.259423503325942,0.290243902439024,0.777533039647577,0,0.701890989988877,0,0,0,0,0,0,0.645888594164456,0.524475524475524,0.430478309232481,0,0,0,0.751231527093596,0,0.463364293085655,0.755056179775281,0.67561260210035,0.0629514963880289,0.330543933054393,0,0.371158392434988,0.433106575963719,0.171960569550931,0,0.391705069124424,0.516095534787124,0.141675284384695,0,0.338766006984866,0.201670644391408,0.413687436159346,0,0,0.534772182254197,0,0,0,0,0,0,0,0,0,0,0,0.557228915662651,0,0,0.521167883211679,0,0
"Staphylococcus_aureus",0,0.870614035087719,0.196261682242991,0.136120042872454,0.249475890985325,0.594351732991014,0.367256637168142,0.634567901234568,0.669926650366748,0.813163481953291,0.382319173363949,0.284714119019837,0,0.254117647058824,0.175398633257403,0.40301724137931,0,0.713936430317848,0,0,0,0.708193041526375,0,0.231866825208086,0.427509293680297,0,0.323979591836735,0.258100558659218,0,0.285398230088496,0.515375153751538,0.435957696827262,0.36830835117773,0.964021164021164,0.473204104903079,0,0.495327102803738,0,0.508379888268156,0.859733978234583,0.439900867410161,0,0.348837209302326,0.458980044345898,0,0,0.617466174661747,0.192436040044494,0.330243337195828,0.27262443438914,0.911483253588517,0.369617224880383,0,0,0.554376657824934,0.741258741258741,0.915461624026696,0.847908745247148,0.379310344827586,0.336492890995261,0.495073891625616,0.185360094451004,0.0340557275541796,0,0,0.126934984520124,0.347280334728033,0,0.517730496453901,0.467120181405896,0.410733844468784,0.380129589632829,0.571428571428571,0.522326064382139,0.0754912099276112,0.344497607655502,0,0,0.268641470888662,0,0,0,0,0,0,0,0,0,0,0.532097004279601,0,0,0.549382716049383,0,0,0,0,0,0.394347240915209
"Veillonella_magna",0,0,0.490654205607477,0.371918542336549,0.0859538784067086,0,0.230088495575221,0.350617283950617,0,0,0.91044776119403,0.360560093348891,0,0,0,0,0,0.508557457212714,0,0.178852643419573,0,0.389450056116723,0,0.224732461355529,0.506815365551425,0,0,0,0,0.121681415929204,0.694956949569496,0.294947121034078,0,0,0.655644241733181,0,0.470404984423676,0,0,0.704957678355502,0.744733581164808,0,0,0,0.226829268292683,0,0,0,0.214368482039397,0.638009049773756,0,0.313397129186603,0,0.210161662817552,0.370026525198939,0,0,0.363751584283904,0.549261083743842,0.549763033175355,0,0,0.292053663570691,0,0,0.434468524251806,0.163179916317992,0.476590636254502,0,0,0.285870755750274,0.0842332613390929,0.209677419354839,0.206645898234683,0.526370217166494,0,0,0,0.225740551583248,0,0,0,0,0,0,0,0,0,0,0,0,0,0,0,0,0,0,0,0
"Prevotella_jejuni",0,0.353070175438596,0.355140186915888,0.811361200428725,0.0964360587002096,0.946084724005135,0.65929203539823,0.434567901234568,0,0,0.901262916188289,0,0,0.310588235294118,0,0,0,0.794621026894866,0,0,0,0.687991021324355,0,0.331747919143876,0.444857496902107,0,0,0.360893854748603,0,0.134955752212389,0.333333333333333,0.290246768507638,0.264453961456103,0.354497354497354,0.486887115165336,0,0.43717549325026,0,0.311731843575419,0.482466747279323,0.593556381660471,0,0,0,0,0,0,0,0.265353418308227,0,0,0,0,0,0.824933687002653,0,0,0,0.721674876847291,0.727488151658768,0,0,0.153766769865841,0,0,0.789473684210526,0.349372384937238,0.456182472989196,0,0,0,0.127429805615551,0.168202764976959,0.115264797507788,0.538779731127198,0,0,0,0.325842696629214,0,0,0,0.917443408788282,0.942068965517241,0.986885245901639,0.946372239747634,0.788235294117647,0.965408805031447,0.930362116991644,0.934379457917261,0.935185185185185,0.539823008849557,0.987654320987654,0.626506024096386,0.985855728429986,0.980519480519481,0.591240875912409,0.967976710334789,0.978465679676985
"Dolosigranulum_pigrum",0,0,0.530373831775701,0.39978563772776,0,0.482670089858793,0.265486725663717,0.74320987654321,0.234718826405868,0.409766454352442,0,0.365227537922987,0,0.592941176470588,0,0,0,0,0,0.145106861642295,0.567695961995249,0.270482603815937,0.262515262515263,0.73602853745541,0,0,0,0,0.314220183486239,0.43141592920354,0,0.250293772032902,0.0706638115631692,0.93015873015873,0,0,0.285565939771547,0,0,0.443772672309553,0.30359355638166,0.298013245033113,0,0.614190687361419,0.385365853658537,0,0,0,0.307068366164542,0.386877828054299,0.452153110047847,0.349282296650718,0,0.424942263279446,0,0.636363636363636,0.895439377085651,0,0,0.322274881516588,0.426108374384236,0.258559622195986,0.04437564499484,0,0.253208868144691,0.228070175438596,0.345188284518828,0.338535414165666,0,0.429705215419501,0.246440306681271,0.304535637149028,0,0.368639667705088,0.631851085832472,0.636363636363636,0.885913853317811,0,0.0602655771195097,0.571606475716065,0,0.26378896882494,0,0,0,0,0,0,0,0,0,0,0,0,0,0,0,0,0.51278600269179
"Eubacterium_siraeum",0,0.0986842105263158,0,0.526259378349411,0.580712788259958,0,0,0,0,0.199575371549894,0.547646383467279,0.374562427071179,0.493365500603136,0,0.314350797266515,0.183189655172414,0,0.310513447432763,0,0.169853768278965,0.555819477434679,0,0.438339438339438,0,0,0,0,0.593296089385475,0.784403669724771,0.539823008849557,0,0,0.184154175588865,0,0,0.357231149567367,0.156801661474559,0,0.14413407821229,0,0,0.726269315673289,0,0.121951219512195,0,0.797356828193833,0,0.806451612903226,0,0,0,0,0.775034293552812,0,0,0.165501165501166,0.490545050055617,0,0,0,0.603448275862069,0,0.0835913312693498,0.82247191011236,0.577596266044341,0.265221878224974,0.115062761506276,0,0.400709219858156,0.301587301587302,0,0,0.254608294930876,0.158878504672897,0.307135470527404,0,0.378346915017462,0.510739856801909,0.115423901940756,0,0,0.904076738609113,0,0,0,0,0,0,0,0,0,0,0,0,0,0,0,0,0
"Akkermansia_muciniphila",0,0.287280701754386,0,0.616291532690247,0.513626834381551,0.368421052631579,0,0,0,0.288747346072187,0,0,0,0,0.92255125284738,0.27801724137931,0,0,0,0.572553430821147,0.339667458432304,0,0.374847374847375,0,0,0,0,0.153072625698324,0.961009174311927,0,0.239852398523985,0.244418331374853,0.423982869379015,0.828571428571429,0.231470923603193,0.80716934487021,0.131879543094496,0,0.6,0,0,0.673289183222958,0,0.363636363636364,0,0.345814977973568,0,0.962180200222469,0,0,0,0,0,0.501154734411085,0,0.431235431235431,0.46384872080089,0,0,0,0.805418719211823,0.334120425029516,0.624355005159959,0.22247191011236,0.414235705950992,0.0670794633642931,0.248953974895398,0,0.215130023640662,0.346938775510204,0,0,0,0.752855659397715,0.147880041365047,0,0.457508731082654,0.341288782816229,0.417773237997957,0,0,0.920863309352518,0,0,0,0,0,0,0,0,0,0,0,0,0,0,0,0,0
"Blautia_faecis",0,0.596491228070175,0,0,0.911949685534591,0,0,0,0,0.129511677282378,0,0.850641773628938,0,0,0.808656036446469,0.508620689655172,0,0,0,0.253093363329584,0.790973871733967,0,0.416361416361416,0,0,0,0,0.184357541899441,0.220183486238532,0.418141592920354,0,0,0.561027837259101,0.250793650793651,0,0.915945611866502,0.522326064382139,0,0.798882681564246,0,0,0.573951434878587,0,0,0,0.746696035242291,0,0.89321468298109,0.497103128621089,0,0,0,0,0.339491916859122,0,0.226107226107226,0.240266963292547,0,0,0,0.766009852216749,0.393152302243211,0.362229102167183,0.970786516853933,0.442240373395566,0.0464396284829721,0.121338912133891,0,0.742316784869976,0.429705215419501,0,0,0.225806451612903,0.723779854620976,0.249224405377456,0,0.455180442374854,0.68019093078759,0.180796731358529,0,0,0.985611510791367,0,0,0,0,0,0,0,0,0,0,0,0,0,0,0,0,0
"Bacteroides_caccae",0,0.489035087719298,0,0.168274383708467,0.721174004192872,0,0,0,0,0.231422505307856,0.425947187141217,0,0,0.221176470588235,0.724373576309795,0.439655172413793,0,0.281173594132029,0,0.518560179977503,0.959619952494062,0,0.501831501831502,0.500594530321046,0,0,0,0.363128491620112,0.944954128440367,0.265486725663717,0,0,0.237687366167024,0.464550264550265,0.158494868871152,0.369592088998764,0.595015576323987,0,0.566480446927374,0,0,0.847682119205298,0,0,0,0.711453744493392,0,0.868743047830923,0,0,0,0,0,0,0,0.358974358974359,0.517241379310345,0,0,0,0.32512315270936,0,0.550051599587203,0.964044943820225,0.276546091015169,0.0319917440660475,0.219665271966527,0,0,0.340136054421769,0,0,0.254608294930876,0.433021806853583,0.296794208893485,0,0.210710128055879,0.566825775656325,0.436159346271706,0,0,0.882494004796163,0,0,0,0,0,0,0,0,0,0,0,0,0,0,0,0,0
"Campylobacter_lanienae",0,0.5,0.322429906542056,0.294748124330118,0.318658280922432,0.558408215661104,0.141592920353982,0,0,0.855626326963907,0.207807118254879,0.397899649941657,0.751507840772014,0,0,0,0.602203182374541,0.657701711491443,0,0.183352080989876,0,0.62962962962963,0,0,0.739776951672863,0,0,0,0,0,0,0.464159811985899,0.0942184154175589,0.536507936507936,0.749144811858609,0,0.262720664589823,0,0.624581005586592,0,0,0,0,0.144124168514412,0,0.709251101321586,0,0,0,0,0.703349282296651,0.557416267942584,0,0,0,0,0.174638487208009,0,0,0.291469194312796,0,0,0.465428276573787,0,0,0.0980392156862745,0.671548117154812,0.683073229291717,0,0,0.432639649507119,0.326133909287257,0,0.771547248182762,0,0.921052631578947,0,0,0.90194075587334,0,0,0,0.414114513981358,0,0,0,0,0,0,0,0,0,0,0,0,0,0,0,0
"Phascolarctobacterium_succinatutens",0,0.24780701754386,0,0.20042872454448,0.526205450733753,0,0,0,0,0.146496815286624,0.421354764638347,0,0,0,0.601366742596811,0.217672413793103,0,0.753056234718826,0,0.363329583802025,0.425178147268409,0,0,0,0,0,0,0.313966480446927,0.208715596330275,0,0,0,0.100642398286938,0,0,0,0.0944963655244029,0,0.159776536312849,0.373639661426844,0,0.878587196467991,0,0.385809312638581,0,0,0,0.71523915461624,0.286210892236385,0.599547511312217,0,0,0,0,0,0.163170163170163,0.470522803114572,0,0,0,0,0,0.174406604747162,0.878651685393258,0.514585764294049,0.30030959752322,0.179916317991632,0,0,0.23469387755102,0,0,0,0.142263759086189,0.0444674250258532,0,0.785797438882421,0.303102625298329,0.378958120531154,0,0,0.928057553956835,0,0.492413793103448,0,0,0,0,0,0,0,0,0,0,0,0,0,0,0
"Ruminococcus_flavefaciens",0,0.228070175438596,0,0.228295819935691,0.591194968553459,0,0,0,0,0.125265392781316,0.614236509758898,0.397899649941657,0,0,0.355353075170843,0.0991379310344828,0.777233782129743,0.5880195599022,0,0.379077615298088,0.344418052256532,0,0,0,0,0,0,0.302793296089385,0.153669724770642,0.475663716814159,0,0,0.548179871520343,0.555555555555556,0,0.676143386897404,0.22533748701973,0,0.260335195530726,0,0,0.30242825607064,0,0.133037694013304,0,0.812775330396476,0,0.904338153503893,0.712630359212051,0.434389140271493,0,0.251196172248804,0,0.274826789838337,0,0,0,0,0,0,0.788177339901478,0,0.562435500515996,0.271910112359551,0.2975495915986,0.147574819401445,0.0711297071129707,0,0.378250591016548,0.183673469387755,0,0.157667386609071,0,0.827622014537902,0.346432264736298,0,0.285215366705471,0,0.0316649642492339,0,0,0.237410071942446,0,0,0,0,0,0,0,0,0,0,0,0,0,0,0,0,0
"Faecalibacterium_prausnitzii",0,0.975877192982456,0,0.335476956055734,0.668763102725367,0.482670089858793,0,0.479012345679012,0,0.583864118895966,0.448909299655568,0.17852975495916,0.331724969843185,0,0.815489749430524,0.515086206896552,0,0.711491442542787,0,0.203599550056243,0.786223277909739,0,0.301587301587302,0.215219976218787,0,0,0,0.157541899441341,0.48394495412844,0.449115044247788,0,0,0.141327623126338,0.807407407407407,0.438996579247434,0.438813349814586,0.721703011422638,0,0.705027932960894,0,0,0.924944812362031,0,0.188470066518847,0,0.57488986784141,0.416974169741697,0.971078976640712,0.487833140208575,0.441176470588235,0,0,0,0.48729792147806,0.70159151193634,0.89044289044289,0.561735261401557,0,0,0,0.706896551724138,0.539551357733176,0.289989680082559,0.934831460674157,0.376896149358226,0.463364293085655,0.148535564853556,0.613445378151261,0.373522458628842,0.306122448979592,0.316538882803943,0.213822894168467,0.158986175115207,0.536863966770509,0.642192347466391,0.643540669856459,0.445867287543655,0.35799522673031,0.150153217568948,0,0,0.916067146282974,0,0.473103448275862,0,0,0,0,0,0,0,0,0,0,0,0,0.597080291970803,0,0
"Vagococcus_lutrae",0,0,0.654205607476635,0.584137191854234,0.0985324947589098,0,0.146017699115044,0.308641975308642,0.623471882640587,0.70276008492569,0,0.719953325554259,0,0.317647058823529,0.435079726651481,0.706896551724138,0.400244798041616,0,0,0.671541057367829,0.401425178147268,0.217732884399551,0.604395604395604,0.481569560047562,0.454770755885998,0,0.487244897959184,0.443575418994413,0.763761467889908,0.632743362831858,0,0,0.620985010706638,0.288888888888889,0,0.236093943139679,0.638629283489097,0,0.168715083798883,0,0,0.584988962472406,0.472868217054264,0.494456762749446,0.251219512195122,0,0.419434194341943,0.550611790878754,0.543453070683662,0.460407239819004,0.815789473684211,0,0,0.61431870669746,0,0.748251748251748,0.74860956618465,0.930291508238276,0,0,0.721674876847291,0.650531286894923,0.0485036119711042,0,0.239206534422404,0.318885448916409,0.0564853556485356,0.450180072028812,0,0.142857142857143,0.734939759036145,0.561555075593952,0.58294930875576,0.0571131879543094,0.505687693898656,0,0.655413271245634,0.293556085918854,0.405515832482125,0,0.509627727856226,0.251798561151079,0,0,0,0,0,0,0,0,0,0,0,0,0,0,0,0,0
"Enterococcus_faecalis",0,0.868421052631579,0.532710280373832,0.097534833869239,0.949685534591195,0,0.126106194690265,0,0,0.336518046709129,0,0,0,0,0,0,0,0,0,0.66029246344207,0,0,0,0.448275862068966,0,0,0.566326530612245,0.246927374301676,0.455275229357798,0.13716814159292,0,0.244418331374853,0,0.627513227513227,0.616875712656785,0,0.29595015576324,0,0,0,0.325898389095415,0,0,0,0.55609756097561,0.82488986784141,0,0.855394883203559,0,0,0,0.805023923444976,0,0,0.70159151193634,0.566433566433566,0.766407119021135,0.485424588086185,0,0.23696682464455,0,0.237308146399055,0.0402476780185759,0.791011235955056,0,0.242518059855521,0.341004184100418,0.471788715486194,0,0,0.384446878422782,0.352051835853132,0,0.256490134994808,0.156153050672182,0,0,0.582338902147971,0.374872318692543,0,0.386392811296534,0.302158273381295,0,0,0,0,0,0,0.649025069637883,0,0,0,0,0,0,0,0,0,0
"Bacteroides_pyogenes",0,0.392543859649123,0.39018691588785,0.363344051446945,0.735849056603774,0.489088575096277,0.205752212389381,0.627160493827161,0.376528117359413,0.605095541401274,0,0,0.604342581423402,0,0.332574031890661,0.469827586206897,0.818849449204406,0,0,0,0,0.194163860830528,0,0.412604042806183,0.51177199504337,0,0,0.223463687150838,0.713302752293578,0,0.589175891758918,0.863689776733255,0.30406852248394,0.839153439153439,0.249714937286203,0,0.613707165109034,0,0,0.426844014510278,0.372986369268897,0.426048565121413,0,0.762749445676275,0.746341463414634,0,0,0.684093437152392,0.805330243337196,0.932126696832579,0,0,0,0,0,0,0.240266963292547,0.82256020278834,0.278325123152709,0.495260663507109,0,0,0.203302373581011,0.29438202247191,0,0.729618163054696,0.650627615062761,0.843937575030012,0,0.208616780045351,0.44578313253012,0.436285097192225,0.410138248847926,0.420560747663551,0.987590486039297,0,0,0,0.419816138917262,0,0,0,0,0,0,0,0,0,0,0,0,0,0,0,0,0,0,0,0
"Actinomyces_suimastitidis",0,0,0.266355140186916,0,0.39622641509434,0,0.432522123893805,0,0,0.690021231422505,0,0.691948658109685,0,0.529411764705882,0,0.181034482758621,0.872705018359853,0,0,0,0,0.326599326599327,0.48962148962149,0,0.251548946716233,0,0.924744897959184,0,0,0,0.547355473554736,0.301997649823737,0,0.547089947089947,0,0,0.229491173416407,0,0,0,0,0.406181015452539,0,0,0,0,0,0.185761957730812,0.608342989571263,0.460407239819004,0.344497607655502,0,0,0,0,0.377622377622378,0.601779755283648,0.743979721166033,0,0,0.960591133004926,0,0,0,0,0.620227038183695,0.223849372384937,0.709483793517407,0,0,0.296823658269441,0.419006479481641,0,0.254413291796469,0.78076525336091,0.504784688995215,0.265424912689173,0,0.683350357507661,0,0,0,0,0,0,0,0,0,0,0,0,0,0,0,0,0,0,0,0
"Prevotella_bergensis",0,0.105263157894737,0,0.588424437299035,0.090146750524109,0.309370988446727,0,0.772839506172839,0.528117359413203,0.475583864118896,0.853042479908152,0,0.256936067551267,0.268235294117647,0.165148063781321,0.553879310344828,0,0,0,0.507311586051744,0.33729216152019,0.41638608305275,0.753357753357753,0,0.27633209417596,0,0.329081632653061,0,0.479357798165138,0.20353982300885,0,0,0.319057815845824,0,0.797035347776511,0,0.653167185877466,0,0.327374301675978,0,0,0.646799116997792,0.334625322997416,0,0,0,0.255842558425584,0.310344827586207,0.183082271147161,0.402714932126697,0.235645933014354,0.793062200956938,0,0.607390300230947,0,0,0,0,0.233990147783251,0.355450236966825,0.354679802955665,0.258559622195986,0.178534571723426,0,0.187864644107351,0.306501547987616,0.127615062761506,0,0,0.138321995464853,0.391018619934283,0.354211663066955,0.470046082949309,0.0778816199376947,0.276111685625646,0,0.359720605355064,0.806682577565632,0.26046986721144,0.668742216687422,0,0.700239808153477,0.728362183754993,0,0,0,0,0,0,0,0,0,0,0,0,0,0,0,0
"Eubacterium_eligens",0,0.328947368421053,0,0.187566988210075,0.490566037735849,0,0,0,0,0.0870488322717622,0,0.387397899649942,0,0,0.822323462414579,0.198275862068966,0,0.476772616136919,0,0.619797525309336,0.477434679334917,0,0,0,0,0,0,0.119553072625698,0.594036697247706,0.252212389380531,0,0,0.558886509635974,0.248677248677249,0,0.849196538936959,0.129802699896158,0,0.736312849162011,0,0,0.682119205298013,0,0.161862527716186,0.568292682926829,0.911894273127753,0.72939729397294,0.993325917686318,0,0.340497737556561,0,0,0,0,0,0.501165501165501,0.288097886540601,0,0,0,0.682266009852217,0.197166469893743,0.244582043343653,0.910112359550562,0.444574095682614,0.207430340557276,0,0.555822328931573,0.8274231678487,0,0,0,0.184331797235023,0.719626168224299,0.381592554291624,0,0.555296856810244,0.426014319809069,0.131767109295199,0,0,1,0,0.52551724137931,0,0,0,0,0,0,0,0,0,0,0,0,0,0,0
"Parabacteroides_distasonis",0,0.993421052631579,0,0.897106109324759,0.524109014675052,0,0,0,0.244498777506112,0.738853503184713,0.644087256027555,0,0,0,0.890660592255125,0.556034482758621,0,0.488997555012225,0,0.334083239595051,0.869358669833729,0,0.294261294261294,0.282996432818074,0,0,0,0.671508379888268,0.573394495412844,0.254424778761062,0,0,0.616702355460385,0.557671957671958,0.54618015963512,0.300370828182942,0.266874350986501,0,0.698324022346369,0,0,0.777041942604856,0,0.277161862527716,0,0.704845814977974,0.972939729397294,1,0,0,0,0,0,0,0,0.438228438228438,0.557285873192436,0,0,0,0.559113300492611,0,0.120743034055728,0.925842696629213,0.612602100350058,0.13312693498452,0.259414225941423,0.202881152460984,0.423167848699764,0.575963718820862,0.244249726177437,0.250539956803456,0,0.131879543094496,0.302998965873837,0.339712918660287,0.292200232828871,0.343675417661098,0.0459652706843718,0,0,0.719424460431655,0,0,0,0,0,0,0,0,0,0,0,0,0,0,0,0,0
"Anaerococcus_octavius",0,0.49780701754386,0.495327102803738,0.77491961414791,0.620545073375262,0,0.371681415929204,0.358024691358025,0.579462102689487,0.375796178343949,0.331802525832377,0.484247374562427,0.423401688781665,0.628235294117647,0.200455580865604,0.157327586206897,0,0,0,0.62429696287964,0.451306413301663,0.279461279461279,0.289377289377289,0.205707491082045,0,0,0.331632653061224,0,0.786697247706422,0.38716814159292,0.690036900369004,0.424206815511163,0.149892933618844,0.210582010582011,0,0,0.570093457943925,0,0.28268156424581,0.721886336154776,0.477075588599752,0.1280353200883,0.369509043927649,0,0,0,0.968019680196802,0.339265850945495,0.555040556199305,0.524886877828054,0.342105263157895,0.729665071770335,0,0.480369515011547,0,0.75990675990676,0.661846496106785,0,0,0.229857819905213,0.497536945812808,0.351829988193625,0.0959752321981424,0,0,0.415892672858617,0.0648535564853557,0,0.803782505910166,0.693877551020408,0,0.19438444924406,0.539170506912442,0.214953271028037,0.30506721820062,0,0.988358556461001,0.625298329355609,0.0806945863125638,0.315068493150685,0.817715019255456,0,0.725699067909454,0,0,0,0,0,0,0,0,0,0,0,0,0,0,0,0
"Roseburia_inulinivorans",0,0.594298245614035,0,0.633440514469453,0.737945492662474,0,0,0,0,0.0806794055201698,0.47646383467279,0,0,0,0.519362186788155,0.321120689655172,0,0.694376528117359,0,0.16310461192351,0.888361045130641,0.375982042648709,0,0,0,0,0,0.562011173184358,0.325688073394495,0.484513274336283,0,0,0.177730192719486,0.551322751322751,0,0.918417799752781,0.511941848390447,0,0.76536312849162,0,0,0.902869757174393,0,0.148558758314856,0,0.755506607929515,0,0.709677419354839,0,0,0,0.797846889952153,0,0,0,0.17016317016317,0.139043381535039,0,0,0,0.618226600985222,0,0.494324045407637,0.937078651685393,0.197199533255543,0.358101135190918,0.0857740585774059,0,0.799054373522459,0,0,0.192224622030238,0,0.730010384215992,0.445708376421923,0,0.313154831199069,0.360381861575179,0.160367722165475,0,0,0.954436450839328,0,0.475862068965517,0,0,0,0,0,0,0,0,0,0,0,0,0.527007299270073,0,0
"Streptococcus_massiliensis",0,0,0.710280373831776,0,0.849056603773585,0.293966623876765,0,0.380246913580247,0.596577017114914,0,0.559127439724455,0,0,0.487058823529412,0.157175398633257,0.21551724137931,0,0.317848410757946,0.590967741935484,0,0,0.129068462401796,0.846153846153846,0,0,0.694444444444444,0.443877551020408,0.410055865921788,0.181192660550459,0.738938053097345,0.230012300123001,0.776733254994125,0.856531049250535,0.794708994708995,0.523375142531357,0,0.0363447559709242,0,0,0.233373639661427,0.853779429987608,0.39514348785872,0,0,0,0,0.255842558425584,0.167964404894327,0.191193511008111,0.357466063348416,0.311004784688995,0.588516746411483,0,0.496535796766744,0,0,0.201334816462736,0.335868187579214,0,0,0.507389162561576,0,0.232198142414861,0,0,0.432404540763674,0.207112970711297,0.236494597839136,0.24113475177305,0.27437641723356,0.187294633077766,0.220302375809935,0.617511520737327,0.63447559709242,0.325749741468459,0,0.192083818393481,0.391408114558473,0.195097037793667,0.434620174346202,0.458279845956354,0.556354916067146,0.557922769640479,0,0,0,0,0,0,0,0,0,0,0,0,0,0,0,0
"Lactobacillus_plantarum",0,0.734649122807018,0.285046728971963,0.17470525187567,0.865828092243187,0.640564826700899,0.300884955752212,0.708641975308642,0.67481662591687,0,0.506314580941447,0,0.495778045838359,0,0.216400911161731,0.431034482758621,0,0,0,0.590551181102362,0,0.295173961840628,0.343101343101343,0.56718192627824,0,0,0,0,0.839449541284404,0.460176991150442,0,0.200940070505288,0.169164882226981,0.433862433862434,0.297605473204105,0,0.150571131879543,0,0.289385474860335,0.463119709794438,0,0.291390728476821,0.423772609819121,0.325942350332594,0,0.927312775330396,0.55719557195572,0,0,0,0,0,0.434842249657064,0.674364896073903,0,0.82983682983683,0.510567296996663,0,0,0.419431279620853,0.460591133004926,0.220779220779221,0.341589267285862,0,0.290548424737456,0.296181630546956,0.0899581589958159,0,0,0.317460317460317,0.104052573932092,0.315334773218143,0.467741935483871,0.622014537902388,0.493278179937952,0.619617224880383,0.660069848661234,0.763723150357995,0.203268641470889,0.693648816936488,0.686777920410783,0,0,0,0,0,0,0,0.749303621169916,0,0,0.492625368731563,0,0,0,0,0,0,0
"Eubacterium_biforme",0,0.618421052631579,0,0.647374062165059,0.289308176100629,0,0,0,0,0.218683651804671,0,0,0,0,0.599088838268793,0,0,0,0,0.271091113610799,0.59144893111639,0,0,0,0,0,0,0.148603351955307,0.405963302752294,0,0,0,0.700214132762313,0.108994708994709,0,0.606922126081582,0.0446521287642783,0,0.729608938547486,0,0,0.891832229580574,0,0,0,0.907488986784141,0,0,0.476245654692932,0.190045248868778,0,0,0,0,0,0,0.459399332591769,0,0,0,0,0.685950413223141,0.397316821465428,0.997752808988764,0.397899649941657,0.0608875128998968,0.265690376569038,0,0,0,0.166484118291347,0,0.36405529953917,0.133956386292835,0.199586349534643,0,0.816065192083818,0,0.528089887640449,0,0,0.976019184652278,0,0.464827586206897,0,0,0,0,0,0,0,0,0,0,0,0,0,0,0
"Prevotella_disiens",0,0.296052631578947,0.245327102803738,0.284030010718114,0.224318658280922,0,0.506637168141593,0.28641975308642,0.220048899755501,0.477707006369427,0.315729047072331,0.397899649941657,0,0.757647058823529,0.530751708428246,0.594827586206897,0.828641370869033,0.244498777506112,0,0.662542182227222,0.634204275534442,0.57351290684624,0.58974358974359,0.835909631391201,0.442379182156134,0,0,0.336312849162011,0.158256880733945,0.736725663716814,0.645756457564576,0.553466509988249,0.755888650963597,0.447619047619048,0.498289623717218,0,0.0488058151609553,0.84471218206158,0.553072625698324,0.504232164449819,0.256505576208178,0.479028697571744,0,0,0,0.522026431718062,0.805658056580566,0.60845383759733,0.304750869061414,0.595022624434389,0.287081339712919,0.480861244019139,0,0.53810623556582,0.408488063660477,0,0,0,0.596059113300493,0.516587677725118,0.440886699507389,0,0.302373581011352,0,0.423570595099183,0.659442724458204,0.096234309623431,0,0.645390070921986,0.149659863945578,0.290251916757941,0.339092872570194,0.361751152073733,0.217030114226376,0.602895553257497,0.700956937799043,0.578579743888242,0.334128878281623,0.170582226762002,0.696139476961395,0,0.294964028776978,0.645805592543276,0,0,0,0,0,0.448467966573816,0.446504992867332,0,0,0,0,0,0,0,0,0.483176312247645
"Coprococcus_comes",0,0.236842105263158,0.424065420560748,0.556270096463023,0.641509433962264,0,0.45353982300885,0,0,0.363057324840764,0,0,0,0.371764705882353,0.257403189066059,0.267241379310345,0,0,0,0.282339707536558,0.261282660332542,0,0,0.317479191438763,0,0,0,0.168715083798883,0.211009174311927,0.294247787610619,0,0,0.805139186295503,0.614814814814815,0,0.80964153275649,0.541017653167186,0,0.763128491620112,0,0,0.662251655629139,0,0.215077605321508,0,0.832599118942731,0,0.931034482758621,0,0,0,0,0.470507544581619,0,0,0.836829836829837,0.479421579532814,0,0,0,0,0,0.384932920536636,0.829213483146067,0.388564760793466,0.087719298245614,0.361924686192469,0,0.626477541371158,0.327664399092971,0,0.0777537796976242,0,0.181723779854621,0.274043433298862,0,0.776484284051222,0,0.205311542390194,0,0,0.702637889688249,0,0,0,0,0,0,0,0,0,0,0,0,0,0,0,0,0
"Bifidobacterium_longum",0,0.925438596491228,0.61214953271028,0.203644158628081,0.40461215932914,0,0,0.632098765432099,0.677261613691931,0.719745222929936,0.942594718714122,0,0.317249698431846,0.663529411764706,0.403189066059225,0.732758620689655,0,0,0.630967741935484,0,0,0.791245791245791,0.291819291819292,0.602853745541023,0,0,0.924744897959184,0.649162011173184,0.16743119266055,0,0.744157441574416,0.884841363102233,0.629550321199143,0.966137566137566,0.372862029646522,0.786155747836836,0.260643821391485,0.981258366800535,0.166480446927374,0.448609431680774,0.749690210656753,0.456953642384106,0,0,0,0.63215859030837,0,0.906562847608454,0.527230590961761,0.680995475113122,0.997607655502392,0.327751196172249,0,0.764434180138568,0,0.244755244755245,0.519466073414905,0.384030418250951,0.527093596059113,0,0.566502463054187,0.454545454545455,0.25077399380805,0.81123595505618,0,0.426212590299278,0.558577405857741,0.306122448979592,0.747044917257683,0.816326530612245,0.154435925520263,0.125269978401728,0.56221198156682,0.779854620976116,0.942088934850052,0.299043062200957,0.750873108265425,0.229116945107399,0.793667007150153,0.833125778331258,0.707317073170732,0.956834532374101,0,0.688275862068966,0.721311475409836,0.83596214511041,0,0,0.738161559888579,0.805991440798859,0.570987654320988,0.941002949852507,0.712962962962963,0.737951807228916,0.872701555869873,0,0.512408759124088,0.877729257641921,0.351278600269179
"Oscillibacter_valericigenes",0,0.346491228070175,0,0.47481243301179,0.740041928721174,0,0,0,0,0.210191082802548,0.200918484500574,0,0,0,0.856492027334852,0.605603448275862,0,0.268948655256724,0,0.37007874015748,0.422802850356295,0,0,0,0,0,0,0.164245810055866,0.488532110091743,0.128318584070796,0,0,0.400428265524625,0.360846560846561,0.201824401368301,0.786155747836836,0.0861889927310488,0,0.700558659217877,0,0,0.231788079470199,0,0.241685144124169,0,0.775330396475771,0,0.951056729699666,0,0,0,0,0,0,0.583554376657825,0.188811188811189,0.256952169076752,0,0,0,0.716748768472906,0,0.118679050567595,0.97752808988764,0.353558926487748,0,0.0543933054393305,0,0.375886524822695,0,0,0,0,0.487019730010384,0.216132368148914,0.794258373205742,0.168800931315483,0.201670644391408,0.0623084780388151,0,0,0.688249400479616,0,0,0,0,0,0,0,0,0,0,0,0,0,0,0,0,0
"Necropsobacter_rosorum",0,0,0.41588785046729,0.0803858520900322,0.553459119496855,0,0.504424778761062,0,0,0,0,0.918319719953326,0,0.534117647058823,0.411161731207289,0.4375,0.254589963280294,0,0,0.232845894263217,0.629453681710214,0.261503928170595,0.494505494505495,0.5410225921522,0,0,0,0.223463687150838,0.506880733944954,0.763274336283186,0,0,0.361884368308351,0.832804232804233,0.199543899657925,0,0.744548286604361,0,0,0,0,0.344370860927152,0.294573643410853,0.454545454545455,0.892682926829268,0.261013215859031,0.451414514145141,0.305895439377086,0.71494785631518,0.364253393665158,0,0,0,0.556581986143187,0,0.268065268065268,0.319243604004449,0,0,0,0.293103448275862,0,0.283797729618163,0.58876404494382,0.558926487747958,0.638802889576883,0.596234309623431,0.625450180072029,0.775413711583924,0.530612244897959,0.47645125958379,0.455723542116631,0,0.526479750778816,0.544984488107549,0.633971291866029,0.545983701979045,0.247016706443914,0.797752808988764,0.275217932752179,0,0,0,0,0,0,0,0,0,0,0,0,0,0,0,0,0,0,0
"Riemerella_anatipestifer",0,0.289473684210526,0.207943925233645,0.193997856377278,0.0670859538784067,0,0.584070796460177,0,0,0.16135881104034,0,0.284714119019837,0,0.545882352941176,0,0,0,0,0,0.469066366704162,0,0.604938271604938,0,0.27705112960761,0,0,0,0,0,0.176991150442478,0.653136531365314,0.903642773207991,0.925053533190578,0.506878306878307,0.758266818700114,0,0.900311526479751,0,0,0,0,0,0,0,0,0.303964757709251,0,0.397107897664071,0,0.182126696832579,0,0,0,0.475750577367206,0,0,0,0,0,0.329383886255924,0.349753694581281,0.258559622195986,0.184726522187822,0.251685393258427,0,0.758513931888545,0.535564853556485,0,0.614657210401891,0,0.419496166484118,0.453563714902808,0,0.277258566978193,0,0.258373205741627,0,0,0.640449438202247,0,0,0,0,0,0,0,0,0,0,0,0,0,0,0,0,0,0,0,0
"Bacteroides_coprocola",0,0.396929824561404,0.72196261682243,0.133976420150054,0.566037735849057,0.573812580231066,0.305309734513274,0.325925925925926,0,0.0615711252653928,0,0,0.474065138721351,0,0.722095671981777,0.370689655172414,0.341493268053856,0.273838630806846,0,0.214848143982002,0,0.367003367003367,0,0.217598097502973,0,0,0,0.46145251396648,0.591743119266055,0.391592920353982,0.613776137761378,0.696827262044653,0.661670235546039,0.765079365079365,0.366020524515393,0,0.368639667705088,0,0.302793296089385,0.765417170495768,0.732342007434944,0.260485651214128,0,0.297117516629712,0,0.905286343612335,0,0,0,0.671945701357466,0,0,0,0.554272517321016,0,0.815850815850816,0.448275862068966,0.645120405576679,0,0,0.480295566502463,0,0.236326109391125,0.820224719101124,0.304550758459743,0.665634674922601,0.615062761506276,0.397358943577431,0.699763593380615,0.569160997732426,0.417305585980285,0.336933045356371,0.341013824884793,0.150571131879543,0.125129265770424,0,0.238649592549476,0.687350835322196,0.82635342185904,0,0,0.911270983213429,0,0,0,0,0,0,0,0,0,0,0,0,0,0,0.486131386861314,0,0
"Ottowia_pentelensis",0,0.142543859649123,0,0.665594855305466,0.0838574423480084,0.89987163029525,0.606194690265487,0,0,0,0.483352468427095,0,0,0,0,0,0,0.684596577017115,0,0,0,0,0,0,0,0,0,0,0,0,0.237392373923739,0.433607520564042,0.933618843683084,0,0,0,0.258566978193146,0,0,0.620314389359129,0.509293680297398,0,0,0,0,0,0,0,0.367323290845886,0.171945701357466,0,0,0,0,0.541114058355438,0,0,0,0.807881773399015,0.687203791469194,0,0,0,0,0,0.174406604747162,0.0502092050209205,0,0,0,0,0,0,0,0,0,0,0,0.383043922369765,0,0,0,0.85352862849534,0,0,0,0,0,0,0,0,0,0,0,0,0,0,0,0
"Alistipes_shahii",0,0,0,0.618435155412647,0.545073375262054,0,0,0,0,0.0679405520169851,0,0,0,0,0.804100227790433,0.428879310344828,0,0.669926650366748,0,0.570303712035996,0.534441805225653,0,0,0,0,0,0,0.166480446927374,0,0.123893805309735,0,0,0.426124197002141,0.934391534391534,0,0.38442521631644,0.100726895119418,0,0.841340782122905,0,0,0.63355408388521,0,0.283813747228381,0,0.86784140969163,0,0.915461624026696,0,0,0,0,0.503429355281207,0,0,0,0,0,0,0,0.75615763546798,0,0.382868937048504,0.849438202247191,0.500583430571762,0.135190918472652,0.102510460251046,0,0.576832151300236,0.327664399092971,0,0,0,0.0404984423676012,0.14994829369183,0,0.469150174621653,0,0.0480081716036772,0,0,0,0,0,0,0,0,0,0,0,0,0,0,0,0,0,0,0,0
"Enterococcus_faecium",0,0.914473684210526,0.19392523364486,0.446945337620579,0.475890985324948,0.314505776636714,0,0,0,0.180467091295117,0.607347876004592,0.37806301050175,0,0.181176470588235,0.542141230068337,0.502155172413793,0.537331701346389,0,0,0.295838020247469,0.503562945368171,0.31986531986532,0.474969474969475,0,0,0,0.303571428571429,0.291620111731844,0,0.236725663716814,0,0,0,0.803174603174603,0,0,0.349948078920042,0,0.439106145251397,0,0,0,0,0.186252771618625,0,0.854625550660793,0,0.721913236929922,0,0,0,0,0.596707818930041,0.300230946882217,0.387267904509284,0.564102564102564,0.586206896551724,0,0,0.312796208530806,0.298029556650246,0.227863046044864,0.170278637770898,0.793258426966292,0,0.215686274509804,0.246861924686192,0.493397358943577,0,0.437641723356009,0.406352683461117,0.401727861771058,0,0.173416407061267,0.0837642192347466,0,0,0.470167064439141,0.38100102145046,0,0.58793324775353,0.405275779376499,0,0,0,0,0,0,0,0,0,0,0,0,0,0,0,0,0
"Alistipes_finegoldii",0,0,0,0,0.517819706498952,0,0,0,0,0.717622080679405,0.285878300803674,0,0,0,0.774487471526196,0.165948275862069,0,0.547677261613692,0,0.547806524184477,0.546318289786223,0,0,0,0,0,0,0.568715083798883,0.33256880733945,0.278761061946903,0,0,0.428265524625268,0.619047619047619,0.461801596351197,0.804697156983931,0.381100726895119,0,0.671508379888268,0,0,0.19205298013245,0,0.516629711751663,0,0.740088105726872,0,0.979977753058954,0,0,0,0,0.637860082304527,0.38568129330254,0,0.34032634032634,0,0,0,0,0,0,0.424148606811146,0.206741573033708,0.537922987164527,0.137254901960784,0,0,0.472813238770686,0.439909297052154,0,0,0,0.742471443406023,0.373319544984488,0,0.171129220023283,0.352028639618138,0.252298263534219,0,0,0.532374100719424,0,0,0,0,0,0,0,0,0,0,0,0,0,0,0.556204379562044,0,0
"Catenibacterium_mitsuokai",0,0,0,0,0.750524109014675,0,0,0,0,0.13588110403397,0,0,0,0,0,0,0,0.5880195599022,0,0.613048368953881,0.622327790973872,0,0,0,0,0,0,0.155307262569832,0.963302752293578,0,0,0,0.603854389721627,0.265608465608466,0,0.42150803461063,0.730010384215992,0,0,0,0,0.93598233995585,0,0,0,0,0,0,0.383545770567787,0.282805429864253,0,0,0,0,0,0,0.457174638487208,0,0,0,0.633004926108374,0.608028335301063,0.256965944272446,0.930337078651685,0.810968494749125,0.0526315789473684,0.202928870292887,0.322929171668667,0,0,0.163198247535597,0.114470842332613,0,0.692627206645898,0.0423991726990693,0,0.981373690337602,0,0.264555669050051,0,0,0.988009592326139,0,0,0,0,0,0,0,0,0,0,0,0,0,0,0,0,0
"Acidaminococcus_intestini",0,0,0,0.262593783494105,0.0691823899371069,0,0.376106194690265,0,0,0,0,0,0,0,0,0.657327586206897,0,0.47921760391198,0,0.391451068616423,0,0,0,0,0,0,0.924744897959184,0,0,0.170353982300885,0.776137761377614,0.304347826086957,0.134903640256959,0.932275132275132,0.516533637400228,0.541409147095179,0.325025960539979,0,0,0,0.288723667905824,0.269315673289183,0,0,0.553658536585366,0,0,0,0,0,0,0.805023923444976,0,0,0,0,0,0,0,0.18957345971564,0.251231527093596,0,0.308565531475748,0.480898876404494,0,0.114551083591331,0.368200836820084,0,0,0,0,0,0.329493087557604,0.347871235721703,0.211995863495346,0,0.336437718277066,0,0.0582226762002043,0.810709838107098,0,0.326139088729017,0,0,0,0,0,0,0,0,0,0,0,0,0,0,0,0,0.499327052489906
"Granulicatella_balaenopterae",0,0.221491228070175,0.413551401869159,0.468381564844587,0,0,0.123893805309735,0,0,0.740976645435244,0,0.341890315052509,0,0.407058823529412,0.375854214123007,0.396551724137931,0.297429620563036,0,0.59741935483871,0,0,0,0,0.268727705112961,0.650557620817844,0,0.982142857142857,0.935195530726257,0,0.688053097345133,0,0,0.235546038543897,0.940740740740741,0,0.765142150803461,0.256490134994808,0,0,0,0,0,0.594315245478036,0,0,0,0.773677736777368,0.42825361512792,0,0.705882352941177,0.569377990430622,0.447368421052632,0,0.690531177829099,0,0.587412587412587,0.550611790878754,0.607097591888466,0,0,0.315270935960591,0.638724911452184,0.407636738906089,0,0.292882147024504,0.244582043343653,0.324267782426778,0.696278511404562,0,0.435374149659864,0.677984665936473,0.593952483801296,0,0.484942886812046,0.47052740434333,0.239234449760766,0.39697322467986,0,0.256384065372829,0.327521793275218,0.507060333761232,0,0,0,0,0,0,0,0,0,0,0,0,0,0,0,0,0,0
"Parasutterella_excrementihominis",0,0.383771929824561,0,0,0.266247379454927,0,0,0,0,0.456475583864119,0.313432835820896,0.492415402567095,0.329312424607961,0,0.328018223234624,0.353448275862069,0,0.745721271393643,0,0,0,0,0.609279609279609,0,0,0,0,0.340782122905028,0.25802752293578,0.11283185840708,0,0,0.241970021413276,0.591534391534392,0.678449258836944,0.663782447466007,0.144340602284528,0,0.769832402234637,0,0,0.125827814569536,0,0.372505543237251,0,0.788546255506608,0,0.984427141268076,0,0,0,0,0,0,0,0.834498834498835,0.254727474972191,0,0,0,0.4064039408867,0.301062573789847,0.442724458204334,0.701123595505618,0.591598599766628,0,0,0,0,0,0,0,0,0.119418483904465,0.271975180972079,0,0.206053550640279,0.410501193317422,0.262512768130746,0,0,0.755395683453237,0,0,0,0,0,0,0,0,0,0,0,0,0,0,0,0,0
"Bacteroides_dorei",0,0.758771929824561,0,0,0.576519916142558,0,0,0,0.271393643031785,0.10828025477707,0.462686567164179,0.628938156359393,0.317249698431846,0,0.5125284738041,0.314655172413793,0,0.256723716381418,0,0.266591676040495,0.756532066508314,0,0.296703296703297,0,0.608426270136307,0,0,0.141899441340782,0.548165137614679,0.52212389380531,0,0,0.381156316916488,0.261375661375661,0.256556442417332,0.233621755253399,0.177570093457944,0,0.725139664804469,0,0,0.163355408388521,0,0.414634146341463,0,0.76431718061674,0.547355473554736,0.913236929922136,0,0.340497737556561,0,0,0,0,0,0.181818181818182,0.388209121245829,0,0,0,0,0,0.162022703818369,0.161797752808989,0.771295215869312,0.0753353973168215,0.387029288702929,0.205282112845138,0.342789598108747,0.399092970521542,0.189485213581599,0,0.314516129032258,0.441329179646937,0.425025853154085,0.569377990430622,0.182770663562282,0.418854415274463,0.0970377936670072,0,0,0.3621103117506,0,0,0,0,0,0,0,0,0,0,0,0,0,0,0,0,0
"Clostridium_disporicum",0,0.460526315789474,0,0.539121114683816,0.605870020964361,0,0,0,0,0.384288747346072,0.637198622273249,0.492415402567095,0,0,0.250569476082005,0.163793103448276,0,0.229828850855746,0,0.525309336332958,0,0.667789001122334,0.282051282051282,0,0,0,0,0.479329608938547,0.724770642201835,0.199115044247788,0,0,0.19271948608137,0,0,0.446229913473424,0.287642782969886,0,0.774301675977654,0,0,0.264900662251656,0,0.523281596452328,0,0.966960352422907,0,0,0.161066048667439,0.64027149321267,0,0,0.443072702331962,0.157043879907621,0.63395225464191,0.319347319347319,0.477196885428254,0,0,0,0,0.596221959858323,0.0608875128998968,0,0.269544924154026,0.240454076367389,0.0669456066945607,0,0.182033096926714,0,0,0,0,0.66147455867082,0.414684591520165,0,0,0.497613365155131,0.0357507660878447,0,0,0.949640287769784,0,0,0,0,0,0,0,0,0,0,0,0,0,0,0,0,0
"Ruminococcus_torques",0,0.804824561403509,0,0.230439442658092,0.813417190775681,0.355584082156611,0.407079646017699,0,0,0.662420382165605,0.814006888633754,0,0,0,0.211845102505695,0.672413793103448,0,0.750611246943765,0,0.460067491563555,0.448931116389549,0,0,0,0,0,0,0.604469273743017,0.25,0.488938053097345,0,0,0.278372591006424,0.282539682539683,0.548460661345496,0.49814585908529,0.615784008307373,0,0.720670391061452,0.460701330108827,0.392812887236679,0.916114790286976,0,0.558758314855876,0,0.748898678414097,0,0.997775305895439,0,0,0,0,0,0,0.604774535809019,0.822843822843823,0.474972191323693,0,0.386699507389163,0.509478672985782,0.83743842364532,0.412042502951594,0.131062951496388,0.896629213483146,0.21120186697783,0.273477812177503,0.236401673640167,0,0.394799054373522,0.283446712018141,0,0,0,0.707165109034268,0.25129265770424,0,0.161816065192084,0.310262529832936,0.387129724208376,0,0,0.887290167865707,0.589880159786951,0.486896551724138,0,0,0,0,0,0,0,0,0,0,0,0,0,0,0
"Mycoplasma_spermatophilum",0,0.429824561403509,0,0,0.354297693920335,0.283697047496791,0.241150442477876,0,0,0.227176220806794,0,0,0.503015681544029,0.569411764705882,0,0,0.246022031823745,0.672371638141809,0.566451612903226,0.415073115860517,0.199524940617577,0.470258136924804,0.409035409035409,0,0,0,0,0.546368715083799,0.511467889908257,0,0.453874538745387,0.623971797884841,0.0792291220556745,0.15978835978836,0.441277080957811,0,0.462097611630322,0.684069611780455,0.175418994413408,0.400241837968561,0,0,0,0.52549889135255,0,0.497797356828194,0,0.136818687430478,0,0,0,0,0,0,0,0,0,0.491761723700887,0,0.372037914691943,0,0,0.087719298245614,0,0.325554259043174,0.209494324045408,0.414225941422594,0,0.486997635933806,0.337868480725624,0,0.27645788336933,0.26036866359447,0,0.464322647362978,0,0,0,0,0,0,0.335731414868106,0.624500665778961,0,0,0,0,0,0,0,0,0,0,0,0,0,0,0,0
"Enterococcus_italicus",0,0.960526315789474,0.25,0.517684887459807,0.471698113207547,0,0.238938053097345,0,0,0,0,0.614935822637106,0.498190591073583,0.508235294117647,0.585421412300683,0.368534482758621,0.414932680538556,0,0,0.34533183352081,0.311163895486936,0.578002244668911,0.663003663003663,0,0.866171003717472,0,0.545918367346939,0.318435754189944,0.871559633027523,0.407079646017699,0,0,0.638115631691649,0.0814814814814815,0,0,0.73208722741433,0.4190093708166,0,0,0,0.415011037527594,0.560723514211886,0.434589800443459,0,0.676211453744493,0.611316113161132,0.381535038932147,0,0.5,0.244019138755981,0,0,0.360277136258661,0.954907161803713,0.34965034965035,0.621802002224694,0.498098859315589,0,0,0,0.471074380165289,0.223942208462332,0.3,0.750291715285881,0.323013415892673,0.194560669456067,0.423769507803121,0,0.35827664399093,0.559693318729463,0.598272138228942,0,0.607476635514019,0.40641158221303,0.385167464114833,0.236321303841676,0,0.240040858018386,0.447073474470735,0.830551989730424,0.426858513189448,0,0,0,0,0,0,0,0,0,0,0,0,0,0,0,0,0
"Actinomyces_radicidentis",0,0,0.542056074766355,0.466237942122186,0.331236897274633,0,0.170353982300885,0.619753086419753,0.711491442542787,0.250530785562633,0.593570608495982,0.712952158693116,0.394451145958987,0.261176470588235,0.305239179954442,0.394396551724138,0,0,0,0,0,0.717171717171717,0,0.241379310344828,0.330855018587361,0,0.318877551020408,0,0.653669724770642,0.548672566371681,0,0.215041128084606,0.779443254817987,0.11957671957672,0,0,0.312564901349948,0,0,0.378476420798065,0,0.320088300220751,0,0,0.507317073170732,0,0.911439114391144,0.17908787541713,0,0,0,0.315789473684211,0,0.219399538106236,0,0,0,0,0,0.343601895734597,0.381773399014778,0.662337662337662,0.519091847265222,0,0.418903150525088,0.168214654282766,0.177824267782427,0.553421368547419,0,0,0.305585980284775,0.252699784017279,0.216589861751152,0.786085150571132,0.164426059979317,0.368421052631579,0.247962747380675,0.585918854415274,0.297242083758938,0.823163138231631,0.761232349165597,0,0,0,0,0,0,0,0.426183844011142,0,0,0,0,0,0,0,0,0.493449781659389,0.464333781965007
"Actinomyces_johnsonii",0,0,0,0,0,0.342747111681643,0,0,0,0,0.752009184845006,0,0,0,0,0,0,0,0,0,0,0,0,0,0,0,0,0,0,0,0,0,0,0,0.735461801596351,0,0,0,0,0.50906892382104,0,0,0,0,0,0,0,0,0,0,0,0,0,0,0.392572944297082,0,0,0,0.665024630541872,0.535545023696682,0,0,0.411764705882353,0,0,0.139318885448916,0,0,0,0,0,0,0,0.0384215991692627,0,0,0,0,0,0,0,0,0.88814913448735,0.387586206896552,0,0,0,0,0.442896935933148,0.426533523537803,0.783950617283951,0.592920353982301,0,0.536144578313253,0.606789250353607,0.623376623376623,0.772262773722628,0.694323144104803,0.343203230148048
"Clostridium_lactatifermentans",0,0.796052631578947,0,0.387995712754555,0.549266247379455,0,0,0,0,0.365180467091295,0.673938002296211,0,0,0,0.57630979498861,0.174568965517241,0,0,0,0.210348706411699,0.510688836104513,0,0,0,0,0,0,0.664804469273743,0.571100917431193,0.234513274336283,0,0,0.282655246252677,0.610582010582011,0.698973774230331,0.572311495673671,0.0716510903426791,0,0.883798882681564,0,0,0.693156732891832,0,0.432372505543237,0.568292682926829,0.89647577092511,0,0.92880978865406,0,0,0,0.793062200956938,0.422496570644719,0,0.641909814323607,0.2004662004662,0.450500556173526,0,0,0,0.539408866995074,0,0.426212590299278,0.973033707865169,0.4049008168028,0,0.0794979079497908,0,0.654846335697399,0.253968253968254,0,0.101511879049676,0,0.235721703011423,0.371251292657704,0,0.59720605355064,0.497613365155131,0.209397344228805,0,0,0.491606714628297,0,0,0,0,0,0,0,0,0,0,0,0,0,0,0,0,0
"Bacteroides_ovatus",0,0.940789473684211,0,0,0.465408805031447,0,0,0,0,0.736730360934183,0,0,0,0,0.26879271070615,0.456896551724138,0,0.425427872860636,0,0.230596175478065,0.287410926365796,0,0,0,0,0,0,0.615642458100559,0.825688073394495,0.577433628318584,0,0,0.154175588865096,0.513227513227513,0.304446978335234,0.488257107540173,0.200415368639668,0,0.707262569832402,0,0,0.108167770419426,0,0,0,0.808370044052863,0,0.986651835372636,0,0,0,0,0,0.272517321016166,0,0.529137529137529,0.412680756395996,0,0,0,0,0,0.207430340557276,0.955056179775281,0.435239206534422,0.279669762641899,0.142259414225941,0,0.66903073286052,0.376417233560091,0,0,0.368663594470046,0.335410176531672,0.18717683557394,0.392344497607655,0.383003492433062,0.517899761336515,0.213483146067416,0,0,0.249400479616307,0,0,0,0,0,0,0,0,0,0,0,0,0,0,0,0,0
"Bacteroides_eggerthii",0,0.864035087719298,0,0,0.716981132075472,0,0,0.648148148148148,0,0.265392781316348,0,0,0,0,0.264236902050114,0.230603448275862,0,0.312958435207824,0,0.464566929133858,0.390736342042755,0,0,0,0,0,0,0.235754189944134,0.436926605504587,0.373893805309735,0,0,0.203426124197002,0,0.641961231470924,0.436341161928307,0.221183800623053,0,0.298324022346369,0,0,0.388520971302428,0,0,0,0,0,0,0,0,0,0,0,0,0,0.680652680652681,0.2146829810901,0,0,0,0.455665024630542,0.348288075560803,0.267285861713106,0.815730337078652,0.663943990665111,0,0.152719665271967,0,0.231678486997636,0,0,0.1792656587473,0,0.813084112149533,0.0692864529472596,0,0.227008149010477,0,0.174668028600613,0,0,0.772182254196643,0,0,0,0,0,0,0,0,0,0,0,0,0,0,0,0,0
"Collinsella_aerofaciens",0,0.855263157894737,0,0.464094319399786,0.30188679245283,0,0,0,0,0.834394904458599,0.412169919632606,0.908984830805134,0,0,0.715261958997722,0.301724137931034,0,0.831295843520782,0,0.421822272215973,0.912114014251782,0,0,0,0,0,0,0.173184357541899,0.69954128440367,0.219026548672566,0,0,0.387580299785867,0.252910052910053,0,0.320148331273177,0.163032191069574,0,0.767597765363129,0,0,0.885209713024283,0,0.452328159645233,0,0,0,0,0.320973348783314,0.420814479638009,0,0.851674641148325,0,0.279445727482679,0,0.305361305361305,0.506117908787542,0,0,0,0.608374384236453,0.811097992916175,0.242518059855521,0.907865168539326,0.393232205367561,0.199174406604747,0.165271966527197,0.327731092436975,0.678486997635934,0.405895691609977,0.108433734939759,0.257019438444924,0,0.759086188992731,0.555325749741468,0,0.606519208381839,0.238663484486873,0.0500510725229826,0,0,0.97841726618705,0,0.506206896551724,0,0,0,0,0,0,0,0,0,0,0,0,0,0,0
"Eubacterium_desmolans",0,0.629385964912281,0,0.106109324758842,0.943396226415094,0,0,0,0,0.348195329087049,0,0,0,0,0.621867881548975,0.269396551724138,0,0,0,0.302587176602925,0.225653206650831,0,0,0,0,0,0,0.381005586592179,0.174311926605505,0.15929203539823,0,0,0.231263383297645,0.102645502645503,0.669327251995439,0.797280593325093,0.142263759086189,0,0.684916201117318,0,0,0.699779249448124,0,0.713968957871397,0,0.94273127753304,0,0.884315906562848,0,0,0,0,0,0,0,0.578088578088578,0.25027808676307,0,0,0,0,0,0.409700722394221,1,0.407234539089848,0.2218782249742,0,0,0.380614657210402,0,0,0.107991360691145,0,0.327102803738318,0.408479834539814,0,0,0,0.076608784473953,0,0,0.990407673860911,0,0,0,0,0,0,0,0,0,0,0,0,0,0,0,0,0
"Clostridium_hylemonae",0,0.114035087719298,0.33411214953271,0,0.587002096436059,0,0.139380530973451,0,0,0.312101910828025,0,0,0.481302774427021,0.211764705882353,0.277904328018223,0.28448275862069,0,0,0,0,0.192399049881235,0.324354657687991,0.543345543345543,0,0,0,0,0,0.23394495412844,0.274336283185841,0,0,0.194860813704497,0,0,0.310259579728059,0.457943925233645,0,0.345251396648045,0,0,0.503311258278146,0.449612403100775,0.341463414634146,0,0.625550660792952,0.72939729397294,0.911012235817575,0,0,0,0.811004784688995,0,0.542725173210162,0,0,0.446051167964405,0,0,0,0.669950738916256,0.423848878394333,0.176470588235294,0.991011235955056,0.409568261376896,0.149638802889577,0.144351464435146,0.338535414165666,0.635933806146572,0.589569160997732,0.255202628696605,0.239740820734341,0,0.271028037383178,0.152016546018614,0,0.774155995343423,0,0.13585291113381,0,0,0.995203836930456,0,0,0,0,0,0,0,0,0,0,0,0,0,0,0,0,0
"Fusicatenibacter_saccharivorans",0,0.236842105263158,0,0,0.693920335429769,0,0,0,0,0.774946921443737,0.600459242250287,0,0,0,0.261958997722096,0.170258620689655,0,0.474327628361858,0,0.255343082114736,0,0,0,0,0,0,0,0.14413407821229,0.305045871559633,0.535398230088496,0,0.511163337250294,0.533190578158458,0.517460317460318,0,0.315203955500618,0.264797507788162,0,0.680446927374302,0,0,0.373068432671082,0,0,0,0.863436123348018,0,0.127919911012236,0,0,0,0,0,0.242494226327945,0.437665782493369,0.230769230769231,0.483870967741935,0,0,0,0.733990147783251,0,0.114551083591331,0.959550561797753,0.381563593932322,0.246646026831785,0,0,0.354609929078014,0.244897959183673,0,0,0,0.584631360332295,0.203722854188211,0,0.566938300349243,0.696897374701671,0.18488253319714,0,0,0.947242206235012,0,0,0,0,0,0,0,0,0,0,0,0,0,0,0,0,0
"Kingella_kingae",0,0.835526315789474,0.677570093457944,0.266881028938907,0.132075471698113,0.445442875481386,0.311946902654867,0,0,0.256900212314225,0.265212399540758,0,0,0,0,0.724137931034483,0,0.533007334963325,0,0.766029246344207,0.363420427553444,0.164983164983165,0.482295482295482,0.491082045184304,0,0,0,0,0.403669724770642,0.513274336283186,0.72939729397294,0,0.50321199143469,0,0.785632839224629,0,0.410176531671859,0,0.430167597765363,0.422007255139057,0.306071871127633,0.105960264900662,0,0.543237250554324,0,0,0,0,0.249130938586327,0,0,0,0,0.168591224018476,0.689655172413793,0,0,0,0.637931034482759,0.481042654028436,0.24384236453202,0.423848878394333,0.723426212590299,0,0.491248541423571,0.106295149638803,0.0439330543933054,0.241296518607443,0,0.551020408163265,0.224534501642935,0.259179265658747,0.345622119815668,0.306334371754932,0.120992761116856,0.282296650717703,0,0,0.182839632277835,0.763387297633873,0,0,0.81358189081225,0,0,0,0.747899159663866,0,0.576601671309192,0.509272467902996,0,0,0.580246913580247,0.840361445783133,0.751060820367751,0,0,0,0.623149394347241
"Phascolarctobacterium_faecium",0,0.995614035087719,0,0.378349410503751,0.645702306079665,0,0,0,0,0.138004246284501,0,0,0,0,0.678815489749431,0.532327586206897,0,0.579462102689487,0,0.412823397075366,0.256532066508314,0,0,0,0,0,0,0.2,0.722477064220184,0.486725663716814,0,0,0.0899357601713062,0.136507936507936,0,0.88627935723115,0.345794392523364,0,0.796648044692737,0,0,0.845474613686534,0,0.172949002217295,0,0,0,0.96440489432703,0,0,0,0,0,0,0,0.398601398601399,0.259176863181313,0,0,0,0.783251231527094,0,0.279669762641899,0.928089887640449,0.738623103850642,0.262125902992776,0,0,0.203309692671395,0.335600907029478,0,0,0.504608294930876,0.22533748701973,0.118924508790072,0.741626794258373,0.369033760186263,0.331742243436754,0.166496424923391,0,0,0.460431654676259,0,0,0,0,0,0,0,0,0,0,0,0,0,0,0,0,0
"Sutterella_wadsworthensis",0,0.99780701754386,0,0.0739549839228296,0.232704402515723,0,0,0,0,0.471337579617834,0.768082663605052,0,0,0,0.747152619589977,0.390086206896552,0,0.232273838630807,0,0.246344206974128,0.299287410926366,0,0,0,0,0,0,0.170949720670391,0,0,0,0,0.21627408993576,0.106878306878307,0,0.755253399258344,0.514018691588785,0,0,0,0,0.706401766004415,0,0,0,0.343612334801762,0.972939729397294,0.977753058954394,0.536500579374276,0.450226244343891,0,0.366028708133971,0,0,0,0.58974358974359,0.17686318131257,0,0,0,0,0,0.17234262125903,0.121348314606742,0.460910151691949,0.0381836945304438,0,0,0.438534278959811,0.303854875283447,0.200438116100767,0,0,0.85877466251298,0.112719751809721,0.210526315789474,0,0.696897374701671,0.10929519918284,0,0,0.983213429256595,0,0,0,0,0,0,0,0,0,0,0,0,0,0,0,0,0
"Bacteroides_fragilis",0,0.991228070175439,0,0.401929260450161,0.184486373165618,0,0.283185840707965,0,0,0.464968152866242,0.191733639494834,0.691948658109685,0,0,0.177676537585421,0.566810344827586,0,0.841075794621027,0,0.43082114735658,0.60332541567696,0,0,0,0,0,0,0.253631284916201,0.972477064220184,0,0,0.428907168037603,0.0749464668094218,0.155555555555556,0,0.626699629171817,0.320872274143302,0,0.637988826815643,0,0,0.114790286975717,0,0,0,0.843612334801762,0.383763837638376,0.959955506117909,0,0,0,0,0,0.344110854503464,0,0.445221445221445,0.123470522803115,0,0,0,0.623152709359606,0.284533648170012,0.155830753353973,0.77752808988764,0.479579929988331,0.143446852425181,0.221757322175732,0,0.704491725768322,0.327664399092971,0.213581599123768,0.203023758099352,0.47926267281106,0.314641744548287,0.172699069286453,0.626794258373206,0.20372526193248,0.570405727923628,0.507660878447395,0,0,0.671462829736211,0,0,0,0,0,0,0,0,0,0,0,0,0,0,0,0,0
"Ruminococcus_albus",0,0.291666666666667,0,0.796355841371919,0.582809224318658,0.327342747111682,0,0,0,0.579617834394904,0.758897818599311,0,0,0,0.186788154897494,0.362068965517241,0,0.665036674816626,0,0.40607424071991,0,0.67003367003367,0,0,0,0,0,0.506145251396648,0.672018348623853,0.334070796460177,0,0,0.359743040685225,0,0,0.705809641532756,0.21079958463136,0,0.443575418994413,0,0,0.339955849889625,0,0.19290465631929,0,0.742290748898678,0,0.704115684093437,0,0.330316742081448,0,0,0,0,0.506631299734748,0.561771561771562,0,0,0.344827586206897,0.52132701421801,0,0,0.230134158926729,0.946067415730337,0,0.360165118679051,0,0,0.404255319148936,0,0,0,0,0.651090342679128,0.0486039296794209,0,0,0,0.0255362614913177,0,0,0.484412470023981,0.597869507323569,0,0,0,0,0,0,0,0,0,0,0,0,0,0,0,0
"Bacteroides_massiliensis",0,0.203947368421053,0,0.441586280814577,0.647798742138365,0,0,0,0,0.422505307855626,0.687715269804822,0,0,0,0.710706150341686,0.299568965517241,0,0.469437652811736,0,0.298087739032621,0.570071258907363,0,0,0.222354340071344,0,0,0,0.367597765363128,0.669724770642202,0.351769911504425,0,0,0.39186295503212,0,0,0.280593325092707,0.406022845275182,0,0,0,0,0.41280353200883,0,0.119733924611973,0,0.803964757709251,0,0.953281423804227,0,0,0,0,0,0,0,0.540792540792541,0.648498331479422,0,0,0,0,0,0.30030959752322,0,0.61026837806301,0.0835913312693498,0.292887029288703,0.243697478991597,0,0.426303854875283,0.130339539978094,0,0.370967741935484,0.711318795430945,0.176835573940021,0,0.376018626309662,0.412887828162291,0.464759959141982,0,0,0.705035971223022,0,0,0,0,0,0,0,0,0,0,0,0,0,0,0,0,0
"Prevotella_stercorea",0,0.831140350877193,0.507009345794392,0.166130760986066,0,0.581514762516046,0.254424778761062,0,0,0.842887473460722,0.29735935706085,0,0,0,0,0.193965517241379,0,0.775061124694376,0,0.610798650168729,0.774346793349169,0,0,0.648038049940547,0,0,0,0,0.924311926605505,0,0,0,0.259100642398287,0.0772486772486772,0.384264538198404,0,0.416407061266874,0,0.734078212290503,0,0,0.91832229580574,0,0,0,0.79295154185022,0,0,0.24449594438007,0.438914027149321,0,0,0,0,0.350132625994695,0.522144522144522,0.18020022246941,0,0.396551724137931,0.407582938388626,0.46551724137931,0.315230224321133,0.351909184726522,0.952808988764045,0.346557759626604,0.259029927760578,0.307531380753138,0.529411764705882,0,0,0,0.155507559395248,0,0.794392523364486,0.170630816959669,0,0.688009313154831,0.696897374701671,0.119509703779367,0,0,0.609112709832134,0,0.503448275862069,0,0,0,0,0,0,0,0,0,0,0,0,0,0,0.434724091520861
"Clostridium_symbiosum",0,0.824561403508772,0.644859813084112,0,0.280922431865828,0,0,0,0,0.176220806794055,0,0,0,0,0,0.780172413793103,0,0,0,0,0,0.409652076318743,0.286935286935287,0,0.32094175960347,0,0,0.369832402234637,0.580275229357798,0,0.434194341943419,0,0.102783725910064,0.468783068783069,0.562143671607754,0.765142150803461,0.123572170301142,0,0.754189944134078,0,0,0.267108167770419,0,0.764966740576497,0,0.790748898678414,0,0.988876529477197,0,0,0,0,0.657064471879287,0.23094688221709,0,0,0,0,0,0,0.70935960591133,0,0.378740970072239,0.860674157303371,0,0.108359133126935,0.284518828451883,0,0,0,0.279299014238773,0.278617710583153,0,0.283489096573209,0.50775594622544,0.246411483253589,0,0.486873508353222,0.53217568947906,0,0,0.220623501199041,0,0,0,0,0,0,0,0,0,0,0,0,0,0,0,0,0
"Dorea_formicigenerans",0,0.778508771929825,0,0,0.272536687631027,0,0,0,0,0.745222929936306,0,0.514585764294049,0,0,0,0.306034482758621,0,0,0,0.194600674915636,0.736342042755344,0,0,0,0,0,0,0.398882681564246,0.385321100917431,0.238938053097345,0,0,0.528907922912206,0.157671957671958,0,0.651421508034611,0.748701973001038,0,0.740782122905028,0,0,0.865342163355408,0,0,0,0.845814977973568,0,0,0,0.340497737556561,0,0,0,0.362586605080831,0,0.703962703962704,0.53503893214683,0,0,0,0.74384236453202,0,0.209494324045408,0.98876404494382,0.582263710618436,0.351909184726522,0.167364016736402,0.327731092436975,0.51063829787234,0.473922902494331,0,0.118790496760259,0,0.252336448598131,0.189245087900724,0,0,0,0.117466802860061,0,0,0.357314148681055,0,0,0,0,0,0,0,0,0,0,0,0,0,0,0,0,0
"Ruminococcus_obeum",0,0.640350877192982,0.315420560747664,0.828510182207931,0.593291404612159,0,0,0,0,0.743099787685775,0.251435132032147,0,0,0.192941176470588,0.769931662870159,0.441810344827586,0,0.518337408312958,0,0.131608548931384,0.631828978622328,0,0.347985347985348,0,0,0,0,0.229050279329609,0.561926605504587,0.68141592920354,0,0,0.644539614561028,0.502645502645503,0,0.317676143386897,0.233644859813084,0,0.801117318435754,0,0,0.708609271523179,0,0.212860310421286,0,0.799559471365639,0,0.908787541713014,0.246813441483198,0,0,0,0,0,0,0.559440559440559,0.426028921023359,0,0,0,0.793103448275862,0.449822904368359,0.304437564499484,0.995505617977528,0.593932322053676,0.195046439628483,0,0,0.366430260047281,0.393424036281179,0,0.120950323974082,0.305299539170507,0.700934579439252,0.751809720785936,0,0.208381839348079,0.696897374701671,0.141981613891726,0,0,0.94484412470024,0,0,0,0,0,0,0,0,0,0,0,0,0,0,0,0,0
"Oscillospira_guilliermondii",0,0.316885964912281,0,0.0996784565916399,0.547169811320755,0,0,0,0,0.280254777070064,0,0,0,0,0.870159453302961,0.379310344827586,0,0,0,0.124859392575928,0.413301662707838,0,0.267399267399267,0,0,0,0,0.532960893854749,0.644495412844037,0.47787610619469,0,0,0.449678800856531,0,0,0.332509270704574,0.248182762201454,0,0.731843575418994,0,0,0.390728476821192,0,0.598669623059867,0,0.770925110132159,0,0.975528364849833,0,0.242081447963801,0,0,0.64883401920439,0,0,0,0.626251390433815,0,0,0,0.79064039408867,0,0.2218782249742,0.90561797752809,0.257876312718786,0.164086687306502,0,0,0.359338061465721,0.310657596371882,0,0.143628509719222,0.314516129032258,0.460020768431983,0.0382626680455016,0,0,0,0.125638406537283,0,0,0.616306954436451,0,0,0,0,0,0,0,0,0,0,0,0,0,0,0,0,0
"Roseburia_intestinalis",0,0.175438596491228,0,0.441586280814577,0.79664570230608,0,0,0,0,0.764331210191083,0.504018369690011,0.208868144690782,0,0,0,0.372844827586207,0,0.726161369193154,0,0,0,0,0,0,0,0,0,0.278212290502793,0.541284403669725,0.393805309734513,0,0,0.162740899357602,0,0,0.829419035846724,0.360332294911734,0,0,0,0,0.52317880794702,0,0,0,0.671806167400881,0,0.709677419354839,0,0,0,0,0,0,0,0.538461538461538,0.50166852057842,0,0,0,0,0,0.0567595459236326,0.348314606741573,0.306884480746791,0.298245614035088,0,0,0.276595744680851,0,0,0,0,0.248182762201454,0.375387797311272,0,0.224679860302678,0.508353221957041,0.0909090909090909,0,0,0.92326139088729,0,0.44,0,0,0,0,0,0,0,0,0,0,0,0,0.532846715328467,0,0
"Actinobacillus_succinogenes",0,0.184210526315789,0,0.341907824222937,0,0,0.207964601769911,0,0,0.339702760084926,0,0,0,0.355294117647059,0,0.25,0.290085679314565,0,0,0.707536557930259,0.377672209026128,0.221099887766554,0.550671550671551,0.491082045184304,0,0,0,0.548603351955307,0.685779816513762,0.550884955752212,0,0,0.137044967880086,0,0,0,0.152647975077882,0,0,0,0,0.538631346578366,0.441860465116279,0,0,0.251101321585903,0,0.119021134593993,0,0.182126696832579,0,0,0,0.330254041570439,0,0,0,0,0,0,0.428571428571429,0.351829988193625,0.663570691434469,0.197752808988764,0.241540256709452,0.675954592363261,0.282426778242678,0.63265306122449,0.724586288416076,0.487528344671202,0.35815991237678,0.468682505399568,0,0.578400830737279,0.313340227507756,0,0.348079161816065,0.532219570405728,0.23391215526047,0,0,0.398081534772182,0,0,0,0,0,0,0,0,0,0,0,0,0,0,0,0,0
"Bacteroides_thetaiotaomicron",0,0.879385964912281,0,0,0.618448637316562,0,0.278761061946903,0,0,0.229299363057325,0,0.495915985997666,0,0,0,0.497844827586207,0,0.530562347188264,0,0.444319460067492,0,0,0.426129426129426,0,0,0,0,0.233519553072626,0,0.106194690265487,0,0,0.143468950749465,0.729100529100529,0,0,0.333333333333333,0,0.722905027932961,0,0,0.116997792494481,0,0.286031042128603,0,0.920704845814978,0,0.955506117908788,0,0,0,0,0,0,0,0.363636363636364,0.183537263626251,0,0.288177339901478,0,0.652709359605911,0,0.329205366357069,0.887640449438202,0.768961493582264,0.201238390092879,0.378661087866109,0,0,0.23469387755102,0,0,0.258064516129032,0.36656282450675,0.0527404343329886,0,0.285215366705471,0.482100238663485,0.403472931562819,0,0,0.342925659472422,0,0,0,0,0,0,0,0,0,0,0,0,0,0,0,0,0.426648721399731
"Clostridium_ramosum",0,0.837719298245614,0,0.380493033226152,0.10062893081761,0,0,0,0,0.687898089171974,0,0,0,0,0.334851936218679,0,0,0,0,0.149606299212598,0.503562945368171,0,0,0,0,0,0,0.231284916201117,0.93348623853211,0,0,0,0.413276231263383,0.0603174603174603,0,0.606922126081582,0.121495327102804,0,0.756424581005587,0,0,0.187637969094923,0,0,0,0,0,0.71301446051168,0,0,0,0,0,0.348729792147806,0,0,0.541713014460512,0,0,0,0.660098522167488,0,0.157894736842105,0.817977528089888,0.659276546091015,0,0,0,0.58628841607565,0,0,0,0,0.345794392523364,0.323681489141675,0.736842105263158,0.623981373690338,0,0.389172625127681,0,0,0.884892086330935,0,0,0,0,0,0,0,0,0,0,0,0,0,0,0,0,0
"Haemophilus_parasuis",0,0.342105263157895,0.228971962616822,0.562700964630225,0.842767295597484,0.612323491655969,0.309734513274336,0,0,0,0.579793340987371,0.912485414235706,0,0.778823529411765,0.165148063781321,0.338362068965517,0.282741738066095,0.616136919315403,0.513548387096774,0.820022497187851,0.874109263657957,0.890011223344557,0.316239316239316,0.453032104637337,0,0,0,0,0,0.438053097345133,0,0,0.224839400428266,0.731216931216931,0.630558722919042,0,0.925233644859813,0,0,0,0,0.196467991169978,0,0,0.707317073170732,0.5,0.345633456334563,0.488320355951057,0,0.158371040723982,0,0,0,0.203233256351039,0,0,0.134593993325918,0,0.514778325123153,0.701421800947867,0.357142857142857,0.690672963400236,0.238390092879257,0,0,0.702786377708978,0.675732217573222,0.666266506602641,0,0.154195011337868,0.428258488499452,0.520518358531317,0,0.76116303219107,0.594622543950362,0,0,0.86873508353222,0.395301327885598,0.780821917808219,0.430038510911425,0.484412470023981,0.66711051930759,0,0,0,0,0,0,0,0,0,0,0,0,0,0,0,0
"Veillonella_criceti",0,0.274122807017544,0.509345794392523,0.592711682743837,0,0.296534017971759,0.15929203539823,0,0,0,0.577497129735936,0.169194865810968,0,0,0,0.0948275862068965,0,0.496332518337408,0,0,0,0.479236812570146,0,0.262782401902497,0.628252788104089,0,0,0.37877094972067,0,0.497787610619469,0.92619926199262,0.612220916568743,0,0.834920634920635,0.46636259977195,0,0.165109034267913,0,0,0.516324062877872,0.657992565055762,0,0,0,0.319512195121951,0,0,0.25027808676307,0,0,0,0,0,0.353348729792148,0.493368700265252,0,0,0,0.283251231527094,0.445497630331754,0.67487684729064,0.258559622195986,0.533539731682147,0.138202247191011,0.507584597432906,0.386996904024768,0.380753138075314,0.608643457382953,0,0.145124716553288,0.228915662650602,0.0950323974082073,0.430875576036866,0.0716510903426791,0.418821096173733,0,0,0,0.863125638406537,0,0,0,0,0,0,0,0,0,0,0,0,0,0,0,0,0,0,0,0
"Parabacteroides_goldsteinii",0,0.978070175438597,0.485981308411215,0.639871382636656,0.109014675052411,0,0.444690265486726,0,0,0.21656050955414,0.708381171067738,0,0,0,0.302961275626424,0.377155172413793,0.321909424724602,0,0,0.259842519685039,0.197149643705463,0,0,0.676575505350773,0,0,0,0,0,0.126106194690265,0,0.443008225616921,0.886509635974304,0.297354497354497,0.172177879133409,0.606922126081582,0.754932502596054,0.817938420348059,0.363128491620112,0,0,0.262693156732892,0,0,0,0.768722466960352,0,0,0.412514484356895,0,0,0,0,0,0,0.251748251748252,0.248053392658509,0,0,0.350710900473934,0,0,0.391124871001032,0.871910112359551,0,0.558307533539732,0.0815899581589958,0.471788715486194,0.75177304964539,0.333333333333333,0.288061336254107,0.140388768898488,0,0.418483904465213,0.416752843846949,0,0.265424912689173,0,0.176710929519918,0,0,0,0,0,0,0,0,0,0,0,0,0,0,0,0,0,0,0,0
"Clostridium_leptum",0,0.256578947368421,0,0.855305466237942,0.584905660377358,0,0,0,0,0.543524416135881,0.145809414466131,0,0,0,0.184510250569476,0.487068965517241,0,0.5880195599022,0,0.264341957255343,0,0,0.365079365079365,0,0,0,0,0.747486033519553,0.309633027522936,0.139380530973451,0,0,0.342612419700214,0,0,0.755253399258344,0.0529595015576324,0,0.667039106145251,0,0,0.286975717439294,0.459948320413437,0.60310421286031,0,0.909691629955947,0,0.890989988876529,0,0,0,0,0,0,0,0.470862470862471,0.461624026696329,0,0,0,0.536945812807882,0,0.358101135190918,0.923595505617978,0.65460910151692,0.176470588235294,0.242677824267782,0,0.829787234042553,0,0,0,0.165898617511521,0.557632398753894,0.387797311271975,0.98444976076555,0.671711292200233,0.64200477326969,0.278855975485189,0,0,0.971223021582734,0,0,0,0,0,0,0,0,0,0,0,0,0,0,0,0,0
"Odoribacter_splanchnicus",0,0.736842105263158,0,0.515541264737406,0.664570230607966,0,0,0,0,0.0785562632696391,0.862227324913892,0,0,0,0.234624145785877,0.209051724137931,0,0.784841075794621,0,0.185601799775028,0.657957244655582,0,0,0,0,0,0,0.115083798882682,0,0.314159292035398,0,0,0.0813704496788009,0.341798941798942,0,0.468479604449938,0.449636552440291,0,0.749720670391061,0.368802902055623,0,0.229580573951435,0,0.28159645232816,0.629268292682927,0.865638766519824,0,0.888765294771969,0,0,0,0,0.945130315500686,0,0,0.396270396270396,0.145717463848721,0,0,0,0,0,0.420020639834881,0.898876404494382,0.458576429404901,0.25077399380805,0.140167364016736,0,0,0.414965986394558,0.099671412924425,0,0.195852534562212,0.406022845275182,0.453981385729059,0,0.667054714784633,0.250596658711217,0.280898876404494,0,0,0.400479616306954,0,0,0,0,0,0,0,0,0,0,0,0,0,0,0,0,0
"Lactobacillus_animata",0,0.355263157894737,0.523364485981308,0.101822079314041,0.150943396226415,0,0.378318584070796,0,0,0.537154989384289,0,0,0.67189384800965,0.334117647058824,0.665148063781321,0.538793103448276,0,0,0,0,0,0.358024691358025,0.533577533577534,0.441141498216409,0,0.54320987654321,0.653061224489796,0,0,0.415929203539823,0.731857318573186,0.673325499412456,0.54389721627409,0.851851851851852,0.411630558722919,0.253399258343634,0.451713395638629,0,0,0,0,0,0.643410852713178,0,0,0.480176211453745,0.6309963099631,0.730812013348165,0,0,0,0,0,0.240184757505774,0,0,0,0,0.354679802955665,0.471563981042654,0,0.995277449822904,0.370485036119711,0.49438202247191,0,0.0959752321981424,0.46234309623431,0.582232893157263,0,0,0.927710843373494,0.961123110151188,0,0.40809968847352,0.334022750775595,0.564593301435407,0.538998835855646,0,0.299284984678243,0.62640099626401,0.543003851091142,0,0,0,0,0,0,0,0,0,0,0,0,0,0,0,0,0,0
"Clostridium_bartlettii",0,0.785087719298246,0,0.243301178992497,0.257861635220126,0,0,0.648148148148148,0,0.263269639065817,0.761194029850746,0,0,0.402352941176471,0.874715261958998,0.146551724137931,0,0.767726161369193,0,0.568053993250844,0.543942992874109,0,0,0,0,0,0,0,0.369266055045872,0.212389380530973,0,0,0.139186295503212,0.648677248677249,0.66248574686431,0.569839307787392,0.0820353063343718,0,0.747486033519553,0,0,0.821192052980132,0,0,0,0.81057268722467,0,0,0,0.769230769230769,0,0,0,0,0.53315649867374,0,0,0,0,0,0.800492610837438,0.419126328217237,0.102167182662539,0.173033707865169,0.262543757292882,0.04437564499484,0,0,0.470449172576832,0,0,0,0,0.449636552440291,0.220268872802482,0,0.389988358556461,0,0.3585291113381,0,0,0.935251798561151,0,0,0,0,0,0,0,0,0,0,0,0,0,0,0,0,0
"Pseudoflavonifractor_capillosus",0,0,0,0.545551982851018,0.509433962264151,0,0,0,0,0.182590233545648,0,0,0,0,0.291571753986333,0.243534482758621,0,0.5880195599022,0,0,0,0,0.47008547008547,0,0,0,0,0.50391061452514,0,0,0,0,0.264453961456103,0,0.532497149372862,0.288009888751545,0,0,0,0,0,0.132450331125828,0,0.356984478935698,0.292682926829268,0.885462555066079,0,0.926585094549499,0,0,0,0,0.484224965706447,0,0,0,0,0,0,0,0.401477832512315,0,0.3890608875129,0.878651685393258,0,0,0,0,0.57919621749409,0,0,0,0,0.185877466251298,0.439503619441572,0.98444976076555,0,0,0.276813074565884,0,0,0.455635491606715,0,0,0,0,0,0,0,0,0,0,0,0,0,0,0,0,0
"Coprococcus_catus",0,0,0,0,0.777777777777778,0,0,0,0,0.167728237791932,0.398392652123995,0,0,0,0.826879271070615,0,0,0.222493887530562,0,0.154105736782902,0.456057007125891,0,0,0,0,0,0,0.456983240223464,0.678899082568807,0.378318584070796,0,0,0.689507494646681,0.394708994708995,0,0.42150803461063,0.630321910695743,0,0.75195530726257,0,0,0.854304635761589,0,0,0,0.874449339207048,0,0.924360400444939,0,0.330316742081448,0,0,0,0,0,0.263403263403263,0.454949944382647,0,0,0,0.746305418719212,0,0.0794633642930857,0.808988764044944,0.215869311551925,0.120743034055728,0,0.34453781512605,0.438534278959811,0.170068027210884,0.0974808324205915,0,0.314516129032258,0.588785046728972,0.191313340227508,0,0.623981373690338,0,0.348314606741573,0,0,0.952038369304556,0,0,0,0,0,0,0,0,0,0,0,0,0,0,0,0,0
"Clostridium_scindens",0,0,0,0,0.287211740041929,0,0,0,0,0.428874734607219,0,0.687281213535589,0.273823884197829,0,0,0,0,0,0,0,0,0,0.274725274725275,0,0,0,0,0,0,0.305309734513274,0,0,0.12847965738758,0.225396825396825,0,0.441285537700865,0.0882658359293873,0,0.758659217877095,0,0,0.275938189845475,0,0.738359201773836,0,0.870044052863436,0,0.995550611790879,0,0,0,0,0,0,0,0,0.441601779755284,0,0,0,0.719211822660099,0,0.374613003095975,0.862921348314607,0,0,0,0,0.562647754137116,0.287981859410431,0,0.129589632829374,0,0.0363447559709242,0.495346432264736,0,0.215366705471478,0.494033412887828,0.0643513789581205,0,0,0.81294964028777,0,0,0,0,0,0,0,0,0,0,0,0,0,0,0,0,0
"Bacteroides_cellulosilyticus",0,0,0,0.37406216505895,0.19916142557652,0,0,0,0,0.0997876857749469,0,0,0,0,0.879271070615034,0.200431034482759,0,0.420537897310513,0,0.228346456692913,0.92874109263658,0,0,0,0,0,0,0.483798882681564,0.44954128440367,0.283185840707965,0,0,0.680942184154176,0,0,0.263288009888752,0.530633437175493,0,0.423463687150838,0,0,0,0,0,0,0.806167400881057,0,0.203559510567297,0,0,0,0,0,0,0,0,0,0,0,0,0.795566502463054,0,0.479876160990712,0.804494382022472,0.302217036172695,0.262125902992776,0,0,0.647754137115839,0.244897959183673,0,0,0.163594470046083,0.472481827622015,0.0568769389865564,0.447368421052632,0.711292200232829,0.696897374701671,0.152196118488253,0,0,0.676258992805755,0,0,0,0,0,0,0,0,0,0,0,0,0,0,0,0,0
"Eubacterium_ventriosum",0,0,0,0,0.40251572327044,0,0.269911504424779,0,0,0.641188959660297,0,0,0,0,0.341685649202733,0.191810344827586,0,0.511002444987775,0,0.165354330708661,0.239904988123515,0,0.328449328449328,0,0,0,0,0.264804469273743,0,0.557522123893805,0,0,0.188436830835118,0,0,0.42150803461063,0.347871235721703,0,0.182122905027933,0,0,0.690949227373068,0,0,0,0,0,0.877641824249166,0,0,0,0,0,0,0,0,0.110122358175751,0,0,0,0.677339901477833,0,0.259029927760578,0,0.579929988331389,0.302373581011352,0.0585774058577406,0,0,0,0,0.136069114470842,0.214285714285714,0.597092419522326,0.557394002068252,0,0.273573923166473,0.696897374701671,0.133810010214505,0,0,0.925659472422062,0,0,0,0,0,0,0,0,0,0,0,0,0,0,0,0,0
"Streptococcus_troglodytae",0,0,0.38785046728972,0.444801714898178,0,0,0.517699115044248,0,0,0,0,0,0.437876960193004,0.68,0.198177676537585,0.467672413793103,0,0,0.35741935483871,0,0,0.719416386083053,0.421245421245421,0,0,0,0.326530612244898,0.807821229050279,0,0.663716814159292,0,0,0,0.525925925925926,0,0,0.736240913811007,0,0,0,0,0.350993377483444,0,0,0,0.683920704845815,0.252152521525215,0.46384872080089,0.657010428736964,0,0.404306220095694,0,0,0.510392609699769,0,0,0,0,0,0,0.45320197044335,0,0.578947368421053,0,0,0.581011351909185,0.648535564853556,0.385354141656663,0,0.210884353741497,0.259583789704272,0.311015118790497,0,0.555555555555556,0.693898655635988,0.550239234449761,0.164144353899884,0.926014319809069,0.867211440245148,0.962640099626401,0.951219512195122,0.79136690647482,0,0,0,0,0,0,0,0,0,0,0,0,0,0,0,0,0
"Porphyromonas_somerae",0,0,0,0,0.228511530398323,0,0,0,0,0,0,0,0,0,0,0.297413793103448,0,0,0,0,0,0,0,0,0,0,0,0,0,0,0,0,0.349036402569593,0,0,0.250927070457355,0,0,0,0,0,0,0,0,0,0,0,0,0,0,0,0.787081339712919,0,0,0,0,0,0,0,0,0,0,0,0,0,0.292053663570691,0.0920502092050209,0,0,0,0,0,0,0,0.238883143743537,0,0,0,0.460674157303371,0,0,0,0,0.892413793103448,0.718032786885246,0.952681388012618,0.882352941176471,0.968553459119497,0.972144846796657,0.95435092724679,0.962962962962963,0.935103244837758,0.975308641975309,0.951807228915663,0.762376237623762,0.775974025974026,0.845255474452555,0.828238719068413,0.959623149394347
"Haemophilus_quentini",0,0,0,0,0,0.543003851091142,0,0,0,0,0.786452353616533,0,0,0,0,0,0,0.638141809290954,0,0,0,0,0,0,0,0,0,0,0,0,0,0,0,0,0.717217787913341,0,0,0,0,0,0,0,0,0,0,0,0,0,0,0,0,0,0,0,0,0,0,0,0.573891625615764,0.646919431279621,0,0,0,0,0,0,0,0,0,0,0,0,0,0,0,0,0,0,0.524004085801839,0,0,0,0.685752330226365,0.84,0.659016393442623,0.709779179810726,0.704201680672269,0.751572327044025,0.768802228412256,0.760342368045649,0.574074074074074,0.566371681415929,0.654320987654321,0.813253012048193,0.691654879773692,0.918831168831169,0.734306569343066,0.475982532751092,0.738896366083445
"Methylobacterium_jeotgali",0,0,0,0,0.209643605870021,0,0,0.679012345679012,0.552567237163814,0.698513800424628,0.611940298507463,0,0,0.814117647058824,0.209567198177677,0.648706896551724,0,0,0,0.257592800899888,0.536817102137767,0.485970819304153,0,0,0.288723667905824,0,0,0,0,0,0,0,0,0,0,0,0,0,0,0,0,0.516556291390728,0,0,0,0,0.404674046740467,0,0,0,0,0,0.868312757201646,0.558891454965358,0.453580901856764,0.8997668997669,0.89321468298109,0,0,0,0,0,0,0.676404494382022,0.255542590431739,0.252837977296182,0,0,0.368794326241135,0,0,0,0.179723502304147,0.474558670820353,0.137538779731127,0.287081339712919,0,0,0.421859039836568,0.402241594022416,0.763799743260591,0,0,0,0,0,0,0,0,0,0,0,0,0,0,0,0,0,0
"Ruminococcus_callidus",0,0,0,0,0.69811320754717,0,0,0,0,0.673036093418259,0,0,0,0,0.753986332574032,0.461206896551724,0,0,0,0.516310461192351,0.756532066508314,0,0,0,0,0,0,0,0.807339449541284,0,0,0,0.190578158458244,0,0,0.532756489493202,0.104880581516096,0,0.713966480446927,0,0,0.423841059602649,0,0.139689578713969,0,0.533039647577093,0,0,0.412514484356895,0.340497737556561,0,0,0,0.346420323325635,0,0,0,0,0,0,0,0,0.294117647058824,0.858426966292135,0.222870478413069,0,0,0,0,0,0,0,0.331797235023041,0.628245067497404,0.108583247156153,0,0.620488940628638,0.706443914081146,0.43003064351379,0,0,0.959232613908873,0,0,0,0,0,0,0,0,0,0,0,0,0,0,0,0,0
"Aggregatibacter_sp_oral_taxon_458",0,0,0,0,0,0,0,0,0,0,0,0,0,0,0,0,0,0,0,0,0,0,0,0,0,0,0,0,0,0,0,0,0,0,0,0,0,0,0,0,0,0,0,0,0,0,0,0,0,0,0,0,0,0,0,0,0,0,0,0,0,0,0,0,0,0,0,0,0,0,0,0,0,0,0,0,0,0,0,0,0,0,0,0.837241379310345,0.636065573770492,0.801261829652997,0.936134453781513,0.691823899371069,0.821727019498607,0.726105563480742,0.762345679012346,0.595870206489675,0.854938271604938,0.689759036144578,0.875530410183876,0.863636363636364,0.801459854014599,0.836972343522562,0.792732166890982
"Lachnospiraceae_bacterium_oral_taxon_096",0,0,0,0,0,0,0,0,0,0,0,0,0,0,0,0,0,0,0,0,0,0,0,0,0,0,0,0,0,0,0,0,0,0,0,0,0,0,0,0,0,0,0,0,0,0,0,0,0,0,0,0,0,0,0,0,0,0,0,0,0,0,0,0,0,0,0,0,0,0,0,0,0,0,0,0,0,0,0,0,0,0,0,0.92,0.727868852459016,0.8801261829653,0.794957983193277,0.672955974842767,0.905292479108635,0.92867332382311,0.546296296296296,0.92330383480826,0.885802469135803,0.614457831325301,0.717114568599717,0.915584415584416,0.827737226277372,0.953420669577875,0.921938088829071
"Leptotrichia_sp_oral_taxon_215",0,0,0,0,0,0,0,0,0,0,0,0,0,0,0,0,0,0,0,0,0,0,0,0,0,0,0,0,0,0,0,0,0,0,0,0,0,0,0,0,0,0,0,0,0,0,0,0,0,0,0,0,0,0,0,0,0,0,0,0,0,0,0,0,0,0,0,0,0,0,0,0,0,0,0,0,0,0,0,0,0,0,0,0.903448275862069,0.822950819672131,0.583596214511041,0.778151260504202,0.905660377358491,0.969359331476323,0.757489300998573,0.996913580246914,0.610619469026549,0.558641975308642,0.912650602409639,0.652050919377652,0.62012987012987,0.903649635036496,0.59825327510917,0.878869448183042
"Neisseria_sp_oral_taxon_014",0,0,0,0,0,0,0,0,0,0,0,0,0,0,0,0,0,0,0,0,0,0,0,0,0,0,0,0,0,0,0,0,0,0,0,0,0,0,0,0,0,0,0,0,0,0,0,0,0,0,0,0,0,0,0,0,0,0,0,0,0,0,0,0,0,0,0,0,0,0,0,0,0,0,0,0,0,0,0,0,0,0,0,0.801379310344828,0.783606557377049,0.779179810725552,0.899159663865546,0.591194968553459,0.682451253481894,0.589158345221113,0.611111111111111,0.613569321533923,0.688271604938272,0.659638554216867,0.666195190947666,0.636363636363636,0.95036496350365,0.720524017467249,0.685060565275909
"Prevotella_sp_oral_taxon_306",0,0,0,0,0,0,0,0,0,0,0,0,0,0,0,0,0,0,0,0,0,0,0,0,0,0,0,0,0,0,0,0,0,0,0,0,0,0,0,0,0,0,0,0,0,0,0,0,0,0,0,0,0,0,0,0,0,0,0,0,0,0,0,0,0,0,0,0,0,0,0,0,0,0,0,0,0,0,0,0,0,0,0,0.983448275862069,0.921311475409836,0.965299684542587,0,0.90251572327044,0.947075208913649,0.97432239657632,0.814814814814815,0.870206489675516,0.953703703703704,0.716867469879518,0.963224893917963,0.853896103896104,0.856934306569343,0.973799126637555,0.973082099596231
"Prevotella_sp_oral_taxon_473",0,0,0,0,0,0,0,0,0,0,0,0,0,0,0,0,0,0,0,0,0,0,0,0,0,0,0,0,0,0,0,0,0,0,0,0,0,0,0,0,0,0,0,0,0,0,0,0,0,0,0,0,0,0,0,0,0,0,0,0,0,0,0,0,0,0,0,0,0,0,0,0,0,0,0,0,0,0,0,0,0,0,0,0.484137931034483,0.747540983606557,0.832807570977918,0.85546218487395,0.861635220125786,0.587743732590529,0.823109843081312,0.888888888888889,0.707964601769911,0.873456790123457,0.63855421686747,0.685997171145686,0.720779220779221,0.865693430656934,0.740902474526929,0.720053835800808
"Tannerella_sp_oral_taxon_HOT_286",0,0,0,0,0,0,0,0,0,0,0,0,0,0,0,0,0,0,0,0,0,0,0,0,0,0,0,0,0,0,0,0,0,0,0,0,0,0,0,0,0,0,0,0,0,0,0,0,0,0,0,0,0,0,0,0,0,0,0,0,0,0,0,0,0,0,0,0,0,0,0,0,0,0,0,0,0,0,0,0,0,0,0,0.677241379310345,0.895081967213115,0.79179810725552,0.73781512605042,0.80188679245283,0.933147632311978,0.728958630527817,0.651234567901235,0.994100294985251,0.916666666666667,0.828313253012048,0.603960396039604,0.724025974025974,0.956204379562044,0.804949053857351,0.515477792732167
"Actinomyces_sp_HMSC035G02",0,0,0,0,0,0,0,0,0,0,0,0,0,0,0,0,0,0,0,0,0,0,0,0,0,0,0,0,0,0,0,0,0,0,0,0,0,0,0,0,0,0,0,0,0,0,0,0,0,0,0,0,0,0,0,0,0,0,0,0,0,0,0,0,0,0,0,0,0,0,0,0,0,0,0,0,0,0,0,0,0,0,0,0.897931034482759,0.859016393442623,0.65615141955836,0,0.946540880503145,0.651810584958217,0.534950071326676,0.75,0.628318584070796,0.765432098765432,0.954819277108434,0.445544554455446,0.944805194805195,0.994160583941606,0.935953420669578,0.765814266487214
"Actinomyces_sp_ICM47",0,0,0,0,0,0,0,0,0,0,0,0,0,0,0,0,0,0,0,0,0,0,0,0,0,0,0,0,0,0,0,0,0,0,0,0,0,0,0,0,0,0,0,0,0,0,0,0,0,0,0,0,0,0,0,0,0,0,0,0,0,0,0,0,0,0,0,0,0,0,0,0,0,0,0,0,0,0,0,0,0,0,0,0.870344827586207,0.944262295081967,0.728706624605678,0,0.889937106918239,0.746518105849582,0.748930099857347,0.929012345679012,0.575221238938053,0.759259259259259,0.909638554216867,0.898161244695898,0.86038961038961,0.816058394160584,0.912663755458515,0.892328398384926
"Actinomyces_sp_oral_taxon_181",0,0,0,0,0,0,0,0,0,0,0,0,0,0,0,0,0,0,0,0,0,0,0,0,0,0,0,0,0,0,0,0,0,0,0,0,0,0,0,0,0,0,0,0,0,0,0,0,0,0,0,0,0,0,0,0,0,0,0,0,0,0,0,0,0,0,0,0,0,0,0,0,0,0,0,0,0,0,0,0,0,0,0,0.826206896551724,0.839344262295082,0.911671924290221,0,0.858490566037736,0.913649025069638,0.437945791726106,0.62037037037037,0.979351032448378,0.700617283950617,0.801204819277108,0.584158415841584,0.912337662337662,0.690510948905109,0.880640465793304,0.940780619111709
"Oribacterium_parvum",0,0,0,0,0,0,0,0,0,0,0,0,0,0,0,0,0,0,0,0,0,0,0,0,0,0,0,0,0,0,0,0,0,0,0,0,0,0,0,0,0,0,0,0,0,0,0,0,0,0,0,0,0,0,0,0,0,0,0,0,0,0,0,0,0,0,0,0,0,0,0,0,0,0,0,0,0,0,0,0,0,0,0,0.906206896551724,0.950819672131147,0.949526813880126,0,0.823899371069182,0.952646239554318,0.820256776034237,0.972222222222222,0.581120943952802,0.91358024691358,0.963855421686747,0.657708628005658,0.831168831168831,0.964963503649635,0.813682678311499,0.919246298788694
"Streptococcus_sp_A12",0,0,0,0,0,0,0,0,0,0,0,0,0,0,0,0,0,0,0,0,0,0,0,0,0,0,0,0,0,0,0,0,0,0,0,0,0,0,0,0,0,0,0,0,0,0,0,0,0,0,0,0,0,0,0,0,0,0,0,0,0,0,0,0,0,0,0,0,0,0,0,0,0,0,0,0,0,0,0,0,0,0,0,0.790344827586207,0.852459016393443,0.621451104100946,0,0.808176100628931,0.922005571030641,0.720399429386591,0.638888888888889,0.498525073746313,0.796296296296296,0.521084337349398,0.886845827439887,0.717532467532468,0.503649635036496,0.822416302765648,0.520861372812921
"Veillonella_infantium",0,0,0,0,0,0,0,0,0,0,0,0,0,0,0,0,0,0,0,0,0,0,0,0,0,0,0,0,0,0,0,0,0,0,0,0,0,0,0,0,0,0,0,0,0,0,0,0,0,0,0,0,0,0,0,0,0,0,0,0,0,0,0,0,0,0,0,0,0,0,0,0,0,0,0,0,0,0,0,0,0,0,0,0.950344827586207,0.888524590163934,0.936908517350158,0,0.993710691823899,0.916434540389972,0.463623395149786,0.577160493827161,0.811209439528024,0.697530864197531,0.795180722891566,0.456859971711457,0.957792207792208,0.541605839416058,0.5254730713246,0.900403768506057
"Veillonella_sp_T11011_6",0,0,0,0,0,0,0,0,0,0,0,0,0,0,0,0,0,0,0,0,0,0,0,0,0,0,0,0,0,0,0,0,0,0,0,0,0,0,0,0,0,0,0,0,0,0,0,0,0,0,0,0,0,0,0,0,0,0,0,0,0,0,0,0,0,0,0,0,0,0,0,0,0,0,0,0,0,0,0,0,0,0,0,0.991724137931035,0.970491803278689,0.968454258675079,0,0.962264150943396,0.966573816155989,0.754636233951498,0.595679012345679,0.834808259587021,0.817901234567901,0.948795180722892,0.858557284299859,0.873376623376623,0.716788321167883,0.673944687045124,0.884253028263795
