"","AcharyaA_2017","BhushanB_2019","CameronS_2015","ChaudhariD_2020","ColladoM_2018","FilippisF_2015","DebeliusJ_2020","FanX_2018b","FanX_2018b_exposure","GuoS_2022","HijaziK_2020","HuangC_2022","JiangQ_2019","KahharovaD_2019","KumpitschC_2020_exposure","LeeW_2017","LinM_2020","LindheimL_2016","LiuY_2019","LokmerA_2020","LokmerA_2020_exposure","LundmarkA_2019","MarotzC_2022Saa","MaruyamaH_2021","MenonR_2019","MoskovitzM_2021","JulianM_2017_exposure","OnyangoS_2020","OzgaA_2016","PooleA_2019","PushalkarS_2020","PushalkarS_2020_exposure","RussoE_2018","SohailM_2019","LermaA_2020","StewartC_2018_exposure","TakahashiY_2019","TianN_2017","TongY_2019","TramiceA_2022","TramiceA_2022_exposure","VogtmannE_2019","WangK_2016","WangT_2018","WangQ_2019","WangX_2020","WolfA_2017_exposure","YanoY_2020","YeoL_2019","YeoL_2019_exposure","YuG_2016_exposure","YuG_2016","YuF_2020","ZauraE_2017","ZhengX_2017","ZhuC_2020a","ZhuC_2020b","ZiganshinaE_2020","CheungM_2022_exposure","CheungM_2022","DavidL_2014","GuptaA_2022","NearingJ_2020","RafiqulI_2022","WangB_2020","WillisJ_2018","WillisJ_2022","ZhuC_2018","AbdelbaryM_2022","ArmstrongA_2023a","CheungM_2023","CheungM_2023_exposure","GoltsmanD_2018a","JeongJ_2023","LaiolaM_2020","LeeY_2025","LiK_2022_exposure","LiK_2022","LimM_2023","MakinenA_2023_exposure","MakinenA_2023","RiveraV_2025","TakeshitaT_2014","BritoIL_2016","CaselliE_2020","ChenL_2022","ClementeJ_2015","MarotzC_2022Sab","NagataN_2022","ArmstrongA_2023b","BelstromD_2017","BelstromD_2021","BostanciN_2021","GoltsmanD_2018b","LassalleF_2017","TakayasuL_2017","VoigtA_2015B","ZellerG_2014B","ZhuJ_2021_Yunnan"
"Veillonella_rogosae",0.026,0.288,0.001,0.893,0.001,1,0.515,0.001,0.001,0.001,0.013,0.073,0.001,1,0.782,0.465,0.395,0.017,0.911,0.318,1,0.001,1,0.001,0.001,0.885,1,0.066,1,0.664,0.001,0.001,0.569,0.001,0.053,1,0.001,0.057,0.527,0.001,0.001,0.371,1,0.104,0.716,0.387,0.7,0.863,0.001,0.046,0.103,0.02,1,0.005,1,0.001,0.001,0.26,0.001,0.001,1,1,0.692,0.626,1,0.001,0.001,0.067,0.041,1,0.001,0.001,0.001,0.001,0.001,0.509,1,1,0.001,1,1,1,1,0.009,0.944,0.94,1,0.054,0.214,0.299,0.011,0.812,0.119,0.687,0.033,0.499,0.016,0.402,0.001
"Rothia_aeria",0.667,0.048,0.001,0.588,0.004,0.001,0.001,0.022,0.641,0.001,0.673,0.539,0.015,0.001,0.041,0.001,0.001,0.425,0.03,0.001,0.424,0.001,0.001,0.126,0.001,0.001,0.574,0.001,0.002,0.001,0.016,0.001,0.178,0.004,0.017,0.214,0.006,0.162,0.145,0.01,0.539,0.673,0.001,0.001,0.199,0.081,0.716,0.044,0.121,0.141,0.088,0.288,0.758,0.001,0.003,0.001,0.001,0.008,0.001,0.001,0.016,0.041,0.001,0.099,0.001,0.001,0.001,0.14,0.572,0.001,0.001,0.001,0.001,0.001,0.001,0.082,0.283,0.285,0.001,0.158,0.706,0.117,0.112,0.001,0.108,0.03,1,0.772,0.001,0.226,0.664,0.07,0.028,0.002,0.001,0.001,0.004,0.001,0.001
"Aggregatibacter_actinomycetemcomitans",0.721,0.557,0.639,0.538,0.007,0.018,0.108,0.19,0.795,0.679,0.023,0.088,0.615,0.404,0.128,0.023,0.873,0.464,0.456,0.148,0.091,0.004,0.686,0.179,0.206,1,0.447,0.095,0.966,0.001,0.756,0.317,0.878,0.333,0.6,0.15,0.004,0.181,0.354,0.434,1,0.038,0.819,0.248,0.886,0.622,0.509,0.626,0.003,0.367,0.056,0.881,0.023,0.018,0.188,0.354,0.001,0.379,0.006,0.001,0.2,0.427,0.022,0.796,0.766,0.001,0.001,0.19,0.529,0.067,0.034,0.006,0.001,0.787,0.677,1,0.918,0.187,0.494,0.549,0.042,0.206,0.864,0.08,1,1,1,1,0.541,1,1,1,0.82,1,0.302,1,0.179,1,0.088
"Butyrivibrio_hungatei",0.098,0.241,0.002,0.063,0.013,1,0.002,0.086,0.023,0.004,1,0.453,0.002,0.173,0.006,0.293,0.361,1,0.191,0.001,0.233,0.08,0.267,0.564,0.001,0.077,0.744,0.995,0.003,0.002,0.765,0.208,0.125,0.043,0.153,0.179,0.236,0.094,0.012,0.053,0.108,0.014,0.206,0.015,0.174,0.078,0.296,0.038,0.033,0.53,0.22,0.23,0.947,0.002,1,0.068,0.287,0.389,1,1,0.001,0.15,0.001,1,0.021,0.001,0.001,0.003,0.557,0.001,0.01,0.001,0.003,0.149,0.002,0.428,0.449,0.933,0.001,0.003,0.06,0.3,1,1,1,1,1,1,1,1,1,1,1,1,1,1,1,1,1
"Streptococcus_vestibularis",0.736,0.605,0.124,1,1,0.001,1,0.934,0.244,0.123,0.65,1,1,1,0.898,1,1,0.853,0.092,1,1,0.398,1,1,1,1,1,0.001,1,1,1,1,1,0.044,0.479,1,0.508,1,1,0.042,0.039,1,1,0.681,1,1,1,0.422,1,1,0.375,0.364,1,0.049,0.589,1,1,1,0.171,0.001,1,1,0.438,1,1,0.006,0.078,1,1,1,1,0.86,0.247,0.001,1,0.673,1,1,0.037,1,1,1,0.046,0.181,0.091,0.176,1,0.006,0.001,0.002,0.959,0.059,0.893,0.009,0.486,0.004,0.01,0.086,0.001
"Veillonella_dispar",0.001,0.006,0.001,0.001,0.027,0.162,0.001,0.011,0.254,0.001,0.399,0.917,0.006,0.001,0.001,0.001,0.026,0.052,0.015,0.289,0.463,0.001,0.001,0.002,0.001,0.547,0.092,0.001,0.027,0.001,0.001,0.001,0.019,0.001,0.967,0.002,0.001,0.031,0.001,0.005,0.005,0.003,0.006,0.001,0.001,0.01,0.852,0.001,0.001,0.009,0.388,0.758,0.877,0.001,1,0.115,0.726,0.32,0.668,0.006,0.001,0.007,0.001,0.431,0.953,0.001,0.001,0.047,0.001,0.001,0.001,0.001,0.001,0.001,0.001,0.019,0.599,0.004,0.001,0.001,0.109,0.08,1,0.001,0.285,0.037,1,0.001,0.001,0.138,0.086,0.746,0.001,0.001,0.001,0.001,0.009,0.001,0.001
"Acinetobacter_johnsonii",0.441,0.943,0.466,0.843,0.077,0.019,0.683,0.023,0.914,0.006,0.708,1,0.149,1,1,0.755,1,1,1,1,1,1,1,1,1,1,1,0.119,0.946,0.517,1,1,1,0.047,0.683,1,0.798,1,0.575,1,1,0.103,0.288,0.525,0.244,0.03,1,1,1,0.491,0.423,0.704,0.017,0.83,0.001,0.059,0.001,1,0.758,0.675,0.942,0.714,0.836,0.793,0.49,0.001,0.001,0.919,0.919,0.965,0.442,0.736,0.114,0.719,0.539,0.933,1,1,0.348,1,1,1,1,1,1,1,1,1,1,1,1,1,1,0.01,1,1,1,1,1
"Eubacterium_saphenum",0.014,0.097,0.921,0.185,0.191,0.001,0.001,0.245,0.059,0.002,0.385,0.706,0.308,0.001,0.001,0.011,0.016,0.603,0.207,0.001,0.027,0.065,0.001,0.969,0.215,1,0.04,0.039,0.141,0.001,0.48,0.053,0.486,0.741,0.703,0.49,0.001,0.471,0.074,0.003,0.004,0.002,0.014,0.001,0.691,0.519,0.126,0.228,0.023,0.068,0.409,0.006,0.001,0.28,0.061,0.052,0.001,0.335,0.001,0.001,1,0.427,0.001,1,0.001,0.001,0.001,0.072,0.072,0.001,0.01,0.001,0.306,0.14,0.001,0.28,0.12,0.477,0.103,0.031,0.211,0.356,0.146,0.001,0.477,0.749,1,0.249,0.643,0.033,1,0.1,1,0.004,0.002,0.041,1,0.002,0.001
"Leptotrichia_buccalis",0.501,0.062,0.069,0.023,0.008,0.015,0.001,0.148,0.004,0.002,0.403,0.348,0.101,0.001,0.028,0.001,0.378,0.385,0.997,0.001,0.041,0.202,0.001,0.013,0.75,0.018,0.336,0.136,0.6,0.001,0.022,0.274,0.013,0.046,0.512,0.023,0.008,0.072,0.006,0.041,0.028,0.005,0.004,0.741,0.001,0.201,0.006,0.045,0.089,0.075,0.014,0.244,0.001,0.001,0.136,0.006,0.001,0.256,0.001,0.001,0.001,0.109,0.001,0.277,0.102,0.008,0.001,0.001,0.142,0.001,0.238,0.004,0.001,0.102,0.049,0.019,0.45,0.032,0.001,0.833,0.43,0.816,0.002,0.021,1,0.41,0.616,0.471,0.038,0.872,0.21,0.18,0.718,0.121,0.013,1,0.003,0.001,0.001
"Clostridium_ruminantium",0.742,1,1,0.467,0.879,1,1,1,1,0.275,1,0.863,1,1,0.002,1,1,1,0.78,0.576,0.632,0.923,0.784,1,1,1,1,0.887,0.839,0.64,1,1,0.487,0.15,0.082,0.129,0.763,1,0.002,1,1,0.103,1,0.223,1,0.014,1,0.052,1,1,1,0.098,0.119,0.683,1,0.018,0.003,1,1,1,0.003,0.102,0.071,0.352,0.673,0.705,0.517,1,0.724,0.643,1,1,1,0.35,0.781,1,1,0.223,0.983,1,1,0.024,1,1,1,1,1,1,1,1,1,1,1,1,1,1,1,1,1
"Actinomyces_odontolyticus",0.003,0.143,0.188,0.068,0.001,0.001,0.001,0.008,0.101,0.001,0.001,0.877,0.002,0.001,0.002,0.071,0.549,0.048,0.002,0.002,0.789,0.539,0.001,0.003,0.002,0.471,0.871,0.858,0.001,0.001,0.001,0.003,0.029,0.995,0.001,0.755,0.04,0.075,0.048,0.001,0.003,0.032,0.001,0.008,0.612,0.589,0.485,0.006,0.002,0.126,0.222,0.152,0.148,0.001,0.005,0.001,0.04,0.181,0.001,0.001,0.001,0.002,0.001,0.264,0.021,0.001,0.001,0.001,0.14,0.001,0.001,0.001,0.001,0.001,0.001,0.002,0.229,0.696,0.001,0.001,0.014,0.045,0.03,0.001,0.106,0.069,0.097,0.082,0.001,0.183,0.923,0.064,0.052,0.048,0.193,0.001,0.275,0.001,0.452
"Bradyrhizobium_elkanii",0.501,1,1,0.465,0.187,1,1,0.225,1,0.266,0.77,1,1,0.007,0.25,1,1,1,1,1,1,0.516,1,1,1,1,1,0.831,1,1,1,1,1,0.056,0.159,1,1,0.851,1,1,1,1,0.147,1,1,1,0.735,1,1,1,1,1,0.215,0.529,1,0.001,0.001,1,1,0.218,0.229,0.598,0.258,0.216,0.636,0.002,0.001,1,1,1,0.906,1,0.652,0.621,0.466,0.844,1,0.665,0.92,1,1,1,1,1,1,1,1,1,1,1,1,1,1,1,1,1,1,1,1
"Neisseria_cinerea",0.374,0.573,0.606,0.385,0.245,0.071,0.111,0.069,0.16,0.952,0.22,0.579,1,1,1,1,1,0.642,1,1,1,0.044,1,1,0.711,1,1,1,1,0.772,0.021,1,1,1,0.735,1,0.08,1,0.17,1,1,1,1,0.344,0.625,0.462,1,1,1,1,1,1,1,1,1,1,0.358,1,0.123,0.7,1,1,0.019,1,1,0.001,0.001,0.941,0.324,1,1,0.81,0.001,1,0.465,1,1,1,0.295,1,1,1,1,0.352,0.312,0.939,0.892,0.389,0.15,0.522,1,1,0.118,0.088,0.669,0.708,0.308,0.245,0.001
"Neisseria_sicca",0.874,0.245,0.001,0.195,0.621,1,0.195,0.764,1,0.709,0.894,0.322,0.867,0.087,0.169,0.576,0.792,0.777,0.45,0.001,0.998,0.496,0.849,0.165,0.089,1,0.32,0.141,0.93,0.001,0.008,0.018,0.322,0.811,0.536,0.991,0.28,0.697,0.577,0.109,0.738,0.669,0.362,0.598,0.569,0.074,0.273,0.35,0.733,0.394,0.02,0.993,0.852,0.001,1,0.326,0.639,0.115,0.002,0.001,0.053,0.079,0.002,0.468,0.605,0.006,0.164,0.082,0.926,0.802,0.327,0.004,0.017,0.346,0.001,0.156,0.795,1,0.088,0.358,0.506,0.767,1,0.001,0.236,0.411,0.001,0.017,0.07,0.442,0.056,0.444,0.001,0.691,0.437,0.005,0.01,0.016,0.001
"Prevotella_baroniae",0.002,0.292,0.914,0.464,0.019,0.001,0.014,0.203,0.059,0.203,0.844,0.948,0.273,0.04,0.561,0.557,0.118,0.771,0.075,0.215,0.008,0.003,0.001,0.001,0.943,1,0.986,0.001,0.811,0.006,0.875,0.009,0.511,0.138,0.652,0.243,0.001,0.283,0.015,0.001,0.056,0.003,0.019,0.049,0.685,0.55,0.871,0.233,0.001,0.004,0.885,0.025,0.087,0.125,0.564,0.251,0.178,0.059,0.003,0.001,0.515,0.129,0.001,0.441,0.007,0.005,0.177,0.241,0.838,0.001,0.004,0.013,0.109,0.451,0.03,0.086,0.206,0.424,0.001,0.05,0.762,0.1,0.381,0.199,1,1,0.598,0.658,0.375,0.021,0.248,0.874,0.325,0.071,0.622,1,0.002,0.001,0.001
"Capnocytophaga_leadbetteri",0.243,0.059,0.001,0.101,0.056,0.001,0.001,0.696,0.001,0.731,0.252,0.18,0.005,0.001,0.016,0.001,0.066,0.011,0.053,0.004,0.034,0.096,0.001,0.05,0.001,0.528,0.704,0.012,0.001,0.493,0.031,0.08,0.02,0.074,0.33,0.04,0.046,0.133,0.016,0.068,0.038,0.075,0.002,0.001,0.017,0.117,0.837,0.176,0.037,0.299,0.394,0.074,0.006,0.001,0.557,0.045,0.002,0.38,0.001,0.001,0.001,0.51,0.001,0.101,0.425,0.001,0.001,0.004,0.001,0.002,0.001,0.002,0.001,0.001,0.006,0.999,0.066,0.057,0.001,0.583,0.008,0.14,0.001,0.006,0.176,0.051,0.123,0.003,0.001,0.104,0.016,0.985,0.001,0.607,0.1,0.017,0.07,0.008,0.001
"Prevotella_pallens",0.022,0.005,0.001,0.004,0.001,0.001,0.001,0.001,0.001,0.001,0.001,0.069,0.001,0.001,0.001,0.001,0.153,0.039,0.007,0.001,0.035,0.014,0.002,0.001,0.001,0.024,0.603,0.003,0.001,0.001,0.008,0.001,0.046,0.004,0.001,0.588,0.006,0.145,0.001,0.084,0.086,0.001,0.032,0.001,0.06,0.271,0.058,0.001,0.001,0.393,0.03,0.06,0.035,0.001,0.015,0.212,0.226,0.092,0.001,0.001,0.001,0.003,0.001,0.243,0.001,0.001,0.001,0.001,0.008,0.001,0.001,0.001,0.001,0.001,0.001,0.033,0.028,0.498,0.001,0.001,0.019,0.061,0.001,0.001,0.001,0.001,0.807,0.001,0.077,0.001,0.005,0.235,0.001,0.001,0.034,0.001,0.001,0.001,0.001
"Treponema_denticola",0.012,0.084,0.302,0.001,0.129,0.002,0.001,1,1,0.218,0.186,0.308,0.043,0.065,0.002,0.008,0.101,0.535,0.993,0.001,0.001,0.001,0.001,0.001,0.969,0.086,0.169,0.017,0.11,0.001,0.161,0.571,0.059,0.955,0.001,0.593,0.001,0.722,0.003,0.001,0.063,0.001,0.025,0.001,0.737,0.473,0.16,0.189,0.001,0.001,0.314,0.01,0.044,0.734,0.038,0.566,0.122,0.215,0.001,0.001,0.906,0.003,0.001,0.252,0.001,0.004,0.001,0.235,0.35,0.001,0.006,0.001,0.001,0.103,0.001,0.225,0.06,0.257,0.057,0.063,0.398,0.205,0.315,0.001,1,0.098,1,0.066,0.065,0.016,1,0.122,0.694,0.017,0.001,0.594,0.021,0.052,0.001
"Eubacterium_brachy",0.097,0.032,0.59,0.001,0.921,0.001,0.017,0.036,0.001,0.001,0.091,0.053,0.038,0.001,0.001,0.001,0.054,0.546,0.778,0.001,0.002,0.011,0.001,0.001,0.163,0.079,0.168,0.036,0.44,0.001,0.022,0.088,0.005,0.377,0.259,0.404,0.001,0.818,0.055,0.14,0.334,0.001,0.082,0.003,0.681,0.918,0.034,0.004,0.219,0.368,0.97,0.001,0.652,0.205,0.017,0.008,0.001,0.482,0.001,0.001,0.001,0.039,0.001,0.464,0.001,0.002,0.001,0.002,0.058,0.001,0.001,0.001,0.009,0.124,0.004,0.296,0.389,0.285,0.004,0.002,0.013,0.604,0.91,0.001,1,0.2,1,0.163,0.029,0.001,0.131,0.009,0.376,0.038,0.095,0.01,0.001,0.001,0.001
"Porphyromonas_endodontalis",0.002,0.079,0.891,0.001,0.365,0.002,0.001,0.626,0.111,0.001,0.14,0.342,0.002,0.001,0.011,0.004,0.107,0.842,0.111,0.001,0.058,0.066,0.001,0.001,0.016,0.136,0.022,0.023,0.825,0.575,0.523,0.117,0.285,0.61,0.001,0.84,0.001,0.648,0.016,0.003,0.129,0.001,0.005,0.013,0.346,0.477,0.207,0.087,0.3,0.005,0.107,0.008,0.039,0.365,0.083,0.018,0.019,0.228,0.001,0.001,0.889,0.006,0.001,0.467,0.001,0.001,0.001,0.082,0.684,0.001,0.001,0.001,0.002,0.338,0.004,0.107,0.591,0.457,0.134,0.039,0.932,0.421,0.853,0.001,0.131,0.171,0.785,0.003,0.038,0.001,0.301,0.222,0.895,0.004,0.087,0.005,0.002,0.001,0.001
"Eubacterium_yurii",0.063,0.023,0.001,0.001,0.047,0.004,0.001,0.102,0.464,0.001,0.146,0.046,0.006,0.001,0.231,0.001,0.021,0.053,0.08,0.001,0.692,0.186,0.001,0.001,0.001,0.19,0.432,0.026,0.001,0.002,0.028,0.016,0.009,0.046,0.226,0.071,0.001,0.177,0.004,0.002,0.004,0.007,0.004,0.023,0.268,0.262,0.984,0.039,0.1,0.022,0.076,0.167,0.161,0.001,0.001,0.272,0.22,0.51,0.001,0.001,0.001,0.003,0.001,0.177,0.198,0.001,0.001,0.338,0.821,0.001,0.001,0.001,0.001,0.004,0.001,0.728,0.142,0.002,0.001,0.43,0.107,0.353,0.001,0.361,1,1,1,1,0.463,0.013,1,0.212,1,1,0.314,1,0.009,1,0.001
"Prevotella_shahii",0.005,0.045,0.001,0.423,0.183,0.001,0.001,0.003,0.001,0.001,0.694,0.097,0.001,0.001,0.161,0.001,0.057,0.131,0.008,0.001,0.77,0.001,0.001,0.001,0.001,0.054,0.049,0.008,0.009,0.001,0.021,0.001,0.001,0.007,0.01,0.158,0.026,0.078,0.072,0.259,0.033,0.008,0.009,0.005,0.639,0.26,0.866,0.049,0.003,0.001,0.641,0.441,0.205,0.001,0.794,0.796,0.02,0.305,0.001,0.001,0.001,0.063,0.001,0.213,0.558,0.001,0.001,0.051,0.053,0.001,0.001,0.001,0.001,0.009,0.001,0.255,0.072,0.066,0.001,0.459,0.29,0.082,0.001,0.004,0.268,0.003,1,0.002,0.001,0.057,0.001,0.072,0.001,0.001,0.058,0.002,0.001,0.001,0.001
"Actinomyces_howellii",0.349,0.5,0.002,1,1,1,0.001,1,1,0.001,1,0.28,1,0.34,0.494,0.482,1,1,1,0.447,1,0.924,0.004,0.507,1,1,0.077,1,0.389,0.439,1,1,0.102,0.126,1,1,0.627,1,1,0.719,0.271,0.001,0.945,1,1,0.75,0.383,0.062,0.173,0.398,0.544,0.547,1,0.014,1,0.591,0.736,0.839,1,1,0.162,0.266,0.715,1,1,0.241,0.169,0.612,1,0.164,0.055,0.058,1,0.59,0.447,0.05,0.632,0.489,0.001,0.716,0.741,0.799,1,1,1,1,1,1,1,1,1,1,1,1,1,1,1,1,1
"Prevotella_denticola",0.015,0.255,0.005,0.239,0.075,0.003,0.201,0.001,0.001,0.066,0.274,0.988,0.007,0.001,0.339,0.156,0.018,0.827,0.944,0.442,0.682,0.218,0.007,0.025,0.599,0.004,0.239,0.001,0.003,0.011,0.009,0.168,0.657,0.598,0.001,0.669,0.009,0.475,0.26,0.001,0.014,0.004,0.006,0.316,0.731,0.581,0.984,0.011,0.001,0.017,0.168,0.001,0.044,0.001,0.475,0.717,0.005,0.607,0.001,0.001,0.001,0.328,0.001,0.58,0.028,0.001,0.001,0.7,0.323,0.001,0.001,0.001,0.001,0.948,0.025,0.109,0.472,0.026,0.001,0.064,0.468,0.257,0.939,0.001,0.337,0.033,0.615,0.049,0.946,0.072,0.088,0.114,0.498,0.007,0.083,0.537,0.001,0.001,0.001
"Actinobacillus_minor",0.014,1,0.115,0.316,0.74,1,0.296,1,1,0.028,1,1,1,0.315,1,0.631,1,1,0.545,1,1,0.397,1,0.083,1,1,1,0.018,1,0.877,1,1,1,1,0.605,0.969,0.247,1,1,1,1,1,1,0.269,0.375,1,1,0.271,1,0.239,1,1,1,0.958,1,1,1,1,0.338,0.009,1,0.123,1,0.325,1,0.001,0.001,0.037,1,1,0.065,0.046,1,0.112,0.064,1,0.134,1,0.116,1,0.603,1,1,1,1,1,1,1,1,1,1,1,1,1,1,1,1,1,1
"Haemophilus_haemoglobinophilus",0.582,0.201,0.012,0.085,1,1,0.002,1,1,0.098,1,0.928,0.927,0.001,0.009,0.022,0.714,1,0.152,0.001,0.06,0.348,0.003,0.079,0.008,1,0.97,0.126,0.624,0.804,1,1,0.182,0.635,0.664,0.167,0.001,1,1,1,1,0.502,0.049,0.622,0.338,0.183,0.769,0.065,0.318,0.218,0.238,1,1,0.001,1,0.07,0.005,0.374,1,1,0.026,0.057,0.001,0.923,0.7,0.001,0.002,0.878,0.847,0.036,0.001,0.001,1,0.057,0.046,1,0.501,0.314,0.028,0.377,0.844,1,1,1,1,1,1,1,1,1,1,1,1,1,1,1,1,1,1
"Prevotella_scopos",0.318,0.739,0.007,0.418,0.003,0.291,0.087,0.093,0.038,0.031,0.366,0.201,0.201,0.519,1,0.138,0.35,0.496,0.064,1,1,0.355,1,0.131,0.018,1,1,0.021,1,0.515,0.961,0.125,0.767,0.15,0.807,1,0.131,0.255,0.002,0.226,0.91,1,1,0.165,0.897,0.437,1,1,0.333,0.096,0.99,0.332,1,0.482,0.056,0.764,0.52,0.128,0.002,0.001,1,1,0.001,0.264,1,0.001,0.054,0.037,0.022,1,0.014,0.184,0.001,0.206,0.577,0.934,1,1,0.001,0.752,1,1,0.36,0.001,0.436,0.351,0.602,0.04,0.001,0.68,0.029,0.337,0.001,0.001,0.735,0.045,0.001,0.003,0.001
"Actinomyces_oris",0.508,0.428,0.001,0.891,0.052,0.001,0.001,0.021,0.001,0.099,0.443,0.112,0.031,0.756,0.814,0.033,0.524,0.194,0.073,0.626,1,0.379,0.173,0.213,0.599,1,0.002,0.768,0.49,0.124,0.003,0.143,0.472,0.152,0.019,1,0.145,0.698,0.373,0.01,0.083,0.856,0.677,0.449,0.246,0.282,0.082,0.173,0.037,0.51,0.304,0.974,1,0.357,0.985,0.307,0.022,0.838,0.001,0.001,0.451,0.332,0.001,1,0.36,0.001,0.001,0.385,1,0.336,0.087,0.022,0.001,0.009,0.01,0.005,0.586,0.954,0.001,0.533,1,1,0.881,0.001,0.664,0.247,1,0.003,0.003,0.001,0.989,0.061,0.001,0.003,0.552,0.002,0.011,0.001,0.001
"Megasphaera_elsdenii",0.687,0.074,0.001,0.089,0.135,1,0.701,1,0.72,0.046,0.087,0.154,0.095,0.112,1,0.07,1,0.059,1,0.953,0.527,0.103,0.574,1,1,1,0.321,1,0.771,0.496,1,0.538,0.704,0.1,0.639,1,0.143,1,0.092,0.026,1,0.202,1,0.234,0.566,1,1,0.347,0.659,0.214,0.111,0.001,1,0.365,1,0.421,0.108,1,0.716,0.009,0.413,0.654,0.326,0.003,0.635,0.117,0.499,1,1,1,1,0.725,1,0.253,0.674,1,0.794,0.897,0.055,0.777,1,0.017,1,1,1,1,1,1,1,1,1,1,1,1,1,1,1,1,0.001
"Dialister_invisus",0.064,0.938,0.109,0.001,0.806,0.105,0.001,0.001,0.001,0.01,0.125,0.67,0.11,0.001,0.031,0.05,0.032,0.518,0.174,0.003,0.01,0.003,0.001,0.001,0.41,0.597,0.005,0.707,0.004,0.008,0.007,0.36,0.643,0.183,0.001,0.088,0.001,0.779,0.002,0.002,0.1,0.002,0.003,0.008,0.849,0.566,0.759,0.001,0.002,0.001,0.012,0.216,0.008,0.208,0.169,0.138,0.095,0.382,0.001,0.001,0.5,0.013,0.001,0.468,0.041,0.001,0.001,0.035,0.021,0.001,0.001,0.001,0.001,0.832,0.008,0.216,0.064,0.027,0.001,0.002,0.189,0.686,0.37,0.046,0.306,1,1,0.242,0.162,0.013,0.277,0.148,0.756,1,0.551,1,0.001,0.006,0.001
"Granulicatella_adiacens",0.033,0.001,0.001,0.391,0.093,0.001,0.001,0.168,0.006,0.001,0.844,0.877,0.008,0.19,0.048,0.472,0.21,0.033,0.136,0.97,1,0.586,1,0.471,0.002,1,0.915,0.001,0.02,0.001,0.734,0.015,0.85,0.113,0.049,0.95,0.001,0.002,0.038,0.633,0.009,0.55,0.036,0.007,0.488,0.462,0.655,0.236,0.012,0.002,0.913,0.55,0.103,0.05,0.322,0.759,0.001,0.985,0.001,0.001,1,0.182,0.546,0.118,0.388,0.001,0.001,0.235,0.45,0.364,0.001,0.001,0.001,0.001,0.045,0.643,0.154,0.264,0.723,0.197,0.488,0.443,0.007,0.003,1,0.135,1,0.362,0.127,0.134,0.02,0.638,0.081,0.95,0.165,0.126,0.001,0.001,0.003
"Prevotella_enoeca",0.764,0.381,0.123,0.478,0.954,0.045,0.001,0.123,0.636,0.139,0.196,0.633,0.455,0.046,0.262,0.478,0.51,0.956,0.99,0.099,0.587,0.092,0.001,0.001,0.108,1,0.877,0.686,0.032,0.24,0.008,0.806,0.618,0.777,0.058,0.524,0.599,0.674,0.019,0.09,0.651,0.017,0.082,0.006,0.733,0.451,0.919,0.336,0.004,0.006,0.767,0.756,0.942,0.063,0.213,1,1,0.276,0.003,0.001,0.699,0.226,0.013,0.576,0.002,0.001,0.001,0.401,0.09,0.157,0.005,0.001,0.632,0.316,0.014,0.963,0.732,0.215,0.145,0.153,0.931,0.753,0.481,0.189,1,1,1,1,0.901,0.439,1,1,1,1,0.739,1,1,1,0.001
"Streptococcus_cristatus",0.648,0.52,0.039,0.777,0.788,0.03,0.004,0.27,0.934,0.282,0.376,0.151,0.804,0.714,0.049,0.369,0.035,0.261,0.596,0.291,0.677,0.33,1,0.042,0.095,0.259,0.239,0.64,0.207,0.668,0.017,0.919,0.702,0.934,0.582,0.058,0.101,0.911,0.097,0.012,0.041,0.377,0.03,0.905,0.006,0.049,0.383,0.059,0.028,0.418,0.844,0.448,1,0.023,0.651,0.507,0.329,0.747,0.001,0.001,1,0.005,0.004,0.799,1,0.002,0.009,0.362,1,0.016,0.014,0.005,0.001,0.001,0.016,0.05,1,0.246,0.01,0.035,0.099,0.819,0.49,0.002,1,0.3,0.442,0.892,0.075,0.006,0.375,0.18,0.001,0.232,0.349,0.002,0.001,0.001,0.001
"Veillonella_montpellierensis",0.346,0.552,0.288,0.293,0.797,1,0.301,0.607,0.377,0.787,0.182,0.897,0.482,0.466,0.876,0.367,0.23,1,0.592,0.933,1,0.834,0.621,0.533,0.112,1,0.26,0.734,0.856,0.602,0.011,0.566,0.869,0.014,0.539,1,0.27,1,1,0.033,0.87,0.047,1,0.375,0.239,1,1,0.673,0.769,0.402,0.552,0.309,1,0.423,1,0.738,0.655,0.495,0.12,0.105,1,1,0.011,0.817,1,0.001,0.001,0.306,0.599,0.347,0.034,0.003,0.883,0.968,0.083,1,1,0.174,0.001,0.269,0.452,1,1,1,1,1,1,1,1,1,1,1,1,1,1,1,1,1,1
"Moraxella_lacunata",0.884,1,1,0.204,0.769,1,0.074,0.53,0.143,0.104,1,0.314,1,0.159,0.176,1,0.241,1,0.036,1,1,1,1,1,0.379,1,1,1,1,1,1,1,1,0.72,1,1,1,1,0.005,1,0.4,0.537,1,0.77,0.775,0.848,0.263,1,0.099,0.21,1,1,1,1,1,1,1,1,1,1,1,1,0.008,0.675,1,0.014,0.001,0.912,1,0.714,0.289,0.102,0.001,0.154,0.147,1,1,1,0.031,1,1,1,1,1,1,1,1,1,1,1,1,1,1,1,1,1,1,1,1
"Lachnoanaerobaculum_orale",0.013,0.156,0.001,0.001,0.457,0.001,0.001,0.003,0.033,0.001,0.001,0.037,0.001,0.095,0.355,0.18,0.142,0.004,0.322,1,0.298,0.001,0.001,0.025,0.001,1,0.36,0.007,1,0.116,0.003,0.001,0.019,0.002,0.089,1,0.01,0.053,0.001,0.004,0.004,1,0.361,0.001,0.005,0.039,0.257,0.171,0.001,0.043,0.011,0.001,1,0.608,0.001,0.165,0.136,0.051,0.001,0.001,0.106,0.274,0.001,0.734,1,0.001,0.001,0.001,0.037,0.396,0.001,0.001,0.001,0.001,0.001,0.526,1,0.349,0.001,1,1,1,0.023,1,1,1,1,1,1,1,1,1,1,1,1,1,1,1,1
"Bacillus_pumilus",0.54,0.364,0.009,0.462,0.037,1,0.014,0.387,0.001,0.001,0.637,0.001,1,1,1,1,0.178,1,0.181,1,1,0.374,1,1,0.001,1,1,0.066,1,1,0.367,0.003,0.655,0.107,0.411,1,0.011,0.001,0.309,1,1,0.424,1,0.675,0.36,0.258,0.651,1,0.023,0.023,0.149,0.178,1,0.413,0.001,0.035,0.001,0.022,0.6,1,1,0.636,0.016,0.013,0.478,0.001,0.001,0.806,1,0.673,0.001,0.001,0.688,0.003,0.001,0.019,1,1,0.001,1,1,1,1,1,1,1,1,1,1,1,1,1,1,1,1,1,1,1,1
"Orientia_tsutsugamushi",0.027,0.401,0.003,0.317,0.456,1,0.001,1,1,0.001,1,0.069,0.011,0.036,0.765,0.36,0.146,1,0.852,0.372,1,0.254,1,0.002,0.001,1,0.295,0.101,0.003,0.022,1,1,0.111,0.914,0.014,0.831,0.859,1,1,0.97,1,1,1,0.001,0.087,1,0.838,0.012,0.005,0.258,0.075,0.056,1,0.369,1,0.3,0.227,0.314,1,1,1,0.683,0.572,0.661,0.034,0.001,0.001,0.168,0.849,0.539,0.001,0.004,1,0.627,0.002,0.026,0.205,0.137,0.001,0.013,0.026,0.251,1,1,1,1,1,1,1,1,1,1,1,1,1,1,1,1,1
"Terrahaemophilus_aromaticivorans",0.009,0.001,0.022,0.977,0.442,0.359,0.795,1,0.721,0.043,0.082,0.628,0.569,0.205,0.275,0.056,0.101,0.339,1,0.608,1,0.711,0.631,0.26,0.552,1,1,0.633,1,0.936,0.814,0.008,0.169,0.102,0.796,1,0.055,0.379,1,0.903,1,1,0.439,0.064,1,0.261,0.288,0.235,0.949,1,1,0.901,1,0.377,0.062,0.192,0.576,1,0.001,0.001,1,0.787,0.596,1,1,0.001,0.53,0.285,0.587,0.544,0.431,0.097,0.894,0.916,0.365,1,1,0.391,0.022,1,0.714,0.424,0.005,1,1,1,1,1,1,1,1,1,1,1,1,1,1,1,1
"Propionigenium_maris",0.728,1,0.206,0.118,1,1,0.572,1,1,0.095,1,0.083,1,1,1,1,0.416,1,1,1,1,0.959,1,1,0.009,1,1,0.223,1,1,0.564,0.311,0.992,0.728,1,1,0.309,1,1,1,1,1,1,1,1,1,1,1,0.514,0.75,0.947,1,1,1,1,0.069,0.112,0.204,1,1,1,1,0.355,1,1,0.026,0.001,0.749,1,1,0.07,0.066,0.882,0.381,0.001,1,1,1,0.001,1,1,1,1,1,1,1,1,1,1,1,1,1,1,1,1,1,1,1,1
"Mogibacterium_diversum",0.701,0.554,0.708,1,0.069,0.403,1,0.59,0.616,0.022,0.137,1,0.65,0.323,0.61,0.948,0.038,0.419,1,0.157,0.057,1,0.589,1,0.223,1,1,1,1,0.867,0.349,0.189,0.378,0.041,0.583,1,0.466,1,1,0.002,0.124,0.225,1,0.439,1,0.577,0.925,0.218,1,1,1,1,1,0.51,1,1,0.352,1,0.665,0.015,1,1,0.008,1,1,0.001,0.001,0.002,0.347,1,0.003,0.001,1,0.067,1,0.16,1,0.412,0.001,0.385,1,0.55,1,0.001,0.011,0.009,1,0.001,0.001,0.328,0.002,0.204,0.001,0.003,0.35,0.001,0.001,0.001,0.001
"Actinomyces_meyeri",0.358,0.788,0.001,0.274,0.151,0.084,0.001,0.202,0.013,0.004,0.052,0.908,0.242,0.083,0.187,0.002,0.432,0.998,0.049,0.398,0.113,0.047,0.003,0.253,0.439,0.014,0.794,0.327,0.075,0.121,0.586,0.945,0.009,0.674,0.002,0.849,0.021,0.614,0.552,0.013,0.146,0.046,0.432,0.04,0.183,0.241,0.805,0.198,0.56,0.013,0.354,0.061,1,0.014,0.183,0.008,0.001,0.375,0.001,0.001,0.001,0.42,0.001,0.756,0.38,0.001,0.001,0.182,0.591,0.438,0.002,0.001,0.001,0.266,0.002,0.389,0.423,0.091,0.323,0.113,0.397,0.516,0.482,0.025,1,1,1,1,0.153,0.044,0.052,0.275,1,1,0.844,1,0.033,0.002,0.009
"Bergeyella_zoohelcum",0.244,1,0.305,0.886,0.985,0.001,0.024,1,1,0.178,0.84,0.605,0.304,0.254,1,1,1,0.067,0.554,0.017,1,0.246,0.422,0.842,0.006,1,1,1,0.125,0.223,0.878,0.881,0.489,0.769,0.243,1,0.039,1,0.213,1,1,0.155,1,0.284,1,0.972,1,0.935,1,0.232,1,0.125,1,0.249,0.846,1,1,1,0.001,0.001,0.033,0.859,0.002,1,1,0.001,0.001,0.096,0.137,0.071,0.047,0.009,0.462,0.099,0.071,0.155,1,0.786,0.941,1,0.398,1,0.163,1,1,1,1,1,1,1,1,1,1,1,1,1,1,1,1
"Actinomyces_bowdenii",0.248,0.975,0.859,1,0.314,1,0.016,0.125,0.816,1,1,0.075,0.242,0.009,0.458,0.486,1,1,1,1,1,0.224,1,1,0.204,1,0.038,1,0.943,0.974,0.09,0.642,0.175,0.145,0.869,1,0.583,0.546,0.195,0.019,0.216,0.639,0.658,0.084,1,0.902,0.004,0.253,0.661,1,0.263,0.311,1,0.001,1,0.211,0.143,0.123,1,1,0.046,0.181,0.262,1,0.233,0.151,0.093,0.018,1,0.85,0.035,0.013,0.668,0.722,0.147,0.005,0.22,0.269,0.119,0.015,0.07,1,1,1,1,1,1,1,1,1,1,1,1,1,1,1,1,1,1
"Prevotella_salivae",0.001,0.017,0.001,0.003,0.001,0.001,0.001,0.001,0.581,0.001,0.001,0.078,0.001,0.001,0.001,0.001,0.057,0.001,0.037,0.001,0.001,0.004,0.001,0.001,0.001,0.001,0.031,0.001,0.008,0.001,0.002,0.001,0.004,0.001,0.073,0.305,0.001,0.001,0.001,0.001,0.001,0.001,0.099,0.001,0.014,0.002,0.068,0.001,0.001,0.002,0.003,0.135,0.002,0.001,0.002,0.002,0.057,0.15,0.001,0.001,0.001,0.07,0.001,0.263,0.001,0.001,0.001,0.001,0.024,0.001,0.001,0.001,0.001,0.001,0.001,0.075,0.008,0.029,0.001,0.001,0.33,0.001,0.001,0.001,0.001,0.001,0.604,0.001,0.001,0.001,0.001,0.103,0.001,0.001,0.001,0.001,0.109,0.001,0.001
"Actinobaculum_massiliense",0.448,0.432,0.038,0.634,0.971,1,0.001,0.557,1,0.077,1,0.07,0.012,0.342,0.43,0.975,1,1,0.39,0.01,0.155,0.785,0.001,0.707,0.001,1,0.06,0.899,0.764,0.001,0.049,0.578,0.099,0.774,0.065,0.1,0.021,1,0.429,0.122,1,0.061,0.545,0.278,1,0.573,0.809,0.692,0.48,1,0.552,0.192,1,0.317,1,0.248,0.143,0.082,1,1,0.065,0.698,0.001,0.656,0.245,0.002,0.001,0.273,0.524,0.204,0.001,0.001,0.021,0.105,0.05,0.007,0.149,0.127,0.019,0.177,0.027,0.113,1,1,1,1,1,1,1,1,1,1,1,1,1,1,1,1,1
"Mannheimia_granulomatis",0.797,0.414,0.219,0.909,0.775,1,0.001,0.065,1,0.203,1,0.107,1,0.014,0.439,0.302,1,1,0.127,0.275,1,0.441,0.004,0.398,0.043,1,1,0.052,0.762,0.003,1,1,0.155,0.325,0.332,0.911,0.205,0.065,1,0.133,1,0.691,0.358,0.189,1,0.306,0.215,0.949,0.822,0.747,0.092,0.874,1,0.023,1,0.031,0.118,1,1,1,1,0.419,0.079,0.326,1,0.001,0.001,0.101,0.852,0.113,0.073,0.011,0.05,0.058,0.021,0.92,1,0.489,0.036,0.587,1,0.457,1,1,1,1,1,1,1,1,1,1,1,1,1,1,1,1,1
"Eubacterium_nodatum",0.001,0.109,0.718,0.233,0.237,0.003,0.001,0.475,0.074,0.005,0.53,0.012,0.001,0.002,0.01,0.001,0.082,0.869,0.08,0.001,0.006,0.008,0.001,0.001,0.448,1,0.017,0.776,0.743,0.001,0.365,0.159,0.005,0.996,0.001,0.835,0.001,0.05,0.011,0.017,0.042,0.024,0.044,0.004,0.267,0.472,0.626,0.359,0.136,0.021,0.162,0.018,0.049,0.337,0.049,0.004,0.001,0.352,0.001,0.001,1,0.427,0.001,0.526,0.001,0.001,0.001,0.346,0.501,0.001,0.006,0.001,0.007,0.061,0.001,0.454,0.699,0.882,0.117,0.004,0.864,0.518,0.839,0.001,0.929,0.382,1,0.213,0.086,0.438,0.235,0.006,1,1,0.012,0.289,1,0.011,0.001
"Planobacterium_taklimakanense",0.32,0.018,0.014,0.02,0.001,1,0.001,0.959,0.206,0.006,1,0.517,0.004,0.001,0.001,0.001,0.323,1,0.082,0.005,0.898,0.001,0.001,0.001,0.001,1,0.566,0.327,0.001,0.002,1,0.366,0.334,0.001,0.053,0.005,0.001,0.077,0.146,0.044,0.781,0.314,0.003,0.097,0.581,0.446,0.423,0.002,0.803,0.229,0.12,0.174,0.131,0.001,0.798,0.508,0.549,0.772,1,1,1,0.003,0.001,0.199,0.63,0.001,0.001,0.048,0.338,0.001,0.001,0.001,0.628,0.001,0.001,0.865,0.516,0.064,0.001,0.913,0.021,0.054,1,1,1,1,1,1,1,1,1,1,1,1,1,1,1,1,1
"Ornatilinea_apprima",0.75,0.826,1,0.002,0.886,1,0.54,0.381,1,1,1,0.952,0.873,1,1,0.288,0.141,1,1,1,1,0.016,1,1,1,1,1,1,0.944,0.051,0.19,0.554,0.137,0.001,1,1,0.129,1,0.09,1,1,1,0.64,1,0.616,1,1,1,0.891,1,0.478,1,0.306,1,1,1,0.058,0.172,1,1,1,0.516,0.332,0.552,1,0.804,0.062,1,1,0.872,0.737,0.746,0.682,0.787,0.18,0.631,1,0.32,0.1,1,1,1,1,1,1,1,1,1,1,1,1,1,1,1,1,1,1,1,1
"Neisseria_pharyngis",0.39,0.661,0.779,0.488,0.636,1,0.178,0.182,0.982,0.299,1,0.895,0.004,1,1,1,0.573,1,0.007,1,1,0.343,1,0.258,0.001,1,1,0.099,1,1,0.074,0.867,0.809,0.937,0.677,1,0.321,1,0.752,0.132,0.409,1,1,0.057,0.932,0.791,1,1,0.164,0.535,0.616,0.482,1,1,1,0.203,0.059,0.055,1,1,1,1,1,0.983,1,0.252,0.199,0.087,0.007,1,0.005,0.001,0.362,0.004,0.99,0.771,1,1,0.001,1,1,1,1,1,1,1,1,1,1,1,1,1,1,1,1,1,1,1,1
"Anaeroglobus_geminatus",0.025,0.277,0.002,0.062,0.186,0.07,0.868,0.028,0.085,0.652,0.541,0.961,0.033,0.001,0.012,0.009,0.478,0.942,0.012,0.026,0.033,0.007,0.001,0.001,0.028,1,0.203,0.018,0.009,0.037,0.311,0.007,0.013,0.139,0.94,0.319,0.012,0.079,0.002,0.001,0.128,0.061,0.025,0.109,0.644,0.106,0.28,0.02,0.001,0.001,0.031,0.022,0.01,0.244,0.24,0.496,0.965,0.266,0.001,0.001,0.229,0.301,0.001,0.095,0.022,0.001,0.001,0.337,0.121,0.001,0.018,0.001,0.01,0.139,0.02,0.069,0.272,0.053,0.001,0.002,0.11,0.918,0.418,0.691,1,1,1,1,0.574,0.284,0.238,0.017,1,1,0.081,1,0.108,0.201,0.001
"Olsenella_uli",0.035,0.026,0.065,0.04,0.83,0.36,0.001,0.009,0.001,0.005,0.163,0.294,0.58,0.012,0.355,0.002,0.805,0.613,0.102,0.005,0.209,0.17,0.001,0.314,0.34,0.789,0.009,0.278,0.518,0.08,0.071,0.098,0.134,0.283,0.727,0.326,0.724,0.027,0.088,0.001,0.027,0.004,0.018,0.073,0.577,0.86,0.005,0.061,0.001,0.284,0.166,0.003,0.022,0.002,0.268,0.165,0.001,0.963,0.003,0.001,0.003,0.265,0.001,0.126,0.034,0.001,0.001,0.332,0.985,0.003,0.003,0.001,0.246,0.205,0.008,0.218,0.141,0.078,0.001,0.02,0.156,0.056,0.474,0.008,1,1,1,1,0.447,0.171,0.27,0.219,1,1,0.804,1,0.002,0.001,0.001
"Lactobacillus_johnsonii",0.249,0.553,0.001,0.199,0.626,1,0.227,0.018,0.001,0.137,0.572,0.799,1,0.009,0.661,0.755,1,1,1,0.545,1,0.732,0.858,0.368,1,1,0.06,0.831,0.116,0.132,0.053,0.203,0.497,0.112,0.95,0.055,0.361,1,0.947,0.207,0.007,0.14,1,0.552,0.391,0.025,0.817,0.589,0.269,0.549,0.216,0.001,1,0.004,1,1,0.006,0.926,1,0.116,0.097,0.204,0.786,0.068,1,0.01,0.006,1,0.536,0.007,0.441,0.223,0.005,0.585,0.001,0.17,0.447,0.063,0.001,0.027,0.045,0.097,1,1,1,1,1,1,1,1,1,1,1,1,1,1,1,1,0.239
"Prevotella_veroralis",0.061,0.126,0.001,0.005,0.001,0.001,0.001,0.08,0.367,0.001,0.042,0.815,0.001,0.001,0.078,0.001,0.109,0.062,0.197,0.001,0.003,0.01,0.001,0.001,0.001,0.361,0.841,0.319,0.134,0.051,0.201,0.014,0.535,0.005,0.027,0.641,0.01,0.472,0.003,0.33,0.001,0.004,0.067,0.001,0.041,0.031,0.768,0.002,0.016,0.023,0.134,0.537,0.006,0.001,0.848,0.064,0.003,0.402,0.001,0.001,0.001,0.014,0.001,0.077,0.154,0.001,0.001,0.001,0.239,0.001,0.001,0.001,0.001,0.001,0.001,0.396,0.784,0.733,0.001,0.085,0.368,0.229,0.269,0.001,0.592,1,1,0.332,0.033,0.551,0.296,0.967,0.001,0.028,0.1,0.069,0.001,0.001,0.001
"Dialister_propionicifaciens",0.662,0.004,0.043,0.247,0.242,0.723,0.556,0.649,0.612,0.055,0.795,0.695,0.826,0.631,1,0.71,0.036,1,1,0.755,0.399,0.197,0.365,0.681,1,1,0.364,0.943,0.674,0.136,1,0.943,0.214,0.152,0.092,1,0.113,1,0.103,1,1,0.313,0.531,0.192,0.602,0.893,0.962,0.123,0.458,0.784,0.16,0.067,1,0.865,1,1,0.815,0.996,1,1,0.773,0.22,0.75,0.005,0.007,0.001,0.091,0.107,0.152,0.287,0.091,0.018,0.551,0.272,0.863,0.632,0.058,0.083,0.001,0.04,0.595,0.818,1,1,1,1,1,1,1,1,1,1,1,1,1,1,1,1,1
"Rothia_dentocariosa",0.002,0.076,0.001,0.869,0.007,0.001,0.001,0.001,0.001,0.001,0.388,0.964,0.419,0.001,0.126,0.001,0.01,0.242,0.009,0.34,0.964,0.623,0.001,0.248,0.173,0.001,0.465,0.065,0.089,0.001,0.202,0.001,0.018,0.488,0.152,0.826,0.156,0.522,0.618,0.62,0.001,0.201,0.039,0.1,0.267,0.184,0.015,0.001,0.041,0.764,0.127,0.49,0.633,0.001,0.946,0.084,0.467,0.071,0.001,0.001,0.001,0.023,0.001,0.134,0.069,0.001,0.001,0.4,0.844,0.003,0.001,0.001,0.001,0.011,0.015,0.256,0.471,0.067,0.001,0.002,0.003,0.791,0.466,0.181,0.018,0.086,0.704,0.001,0.001,0.001,0.87,0.392,0.001,0.003,0.264,0.001,0.037,0.001,0.001
"Mycoplasma_faucium",0.065,0.297,0.967,0.094,0.793,0.002,0.015,0.751,0.066,0.158,0.45,0.012,0.078,1,1,1,0.029,0.204,0.169,1,1,0.001,1,0.427,0.04,1,1,0.131,1,1,0.989,0.775,0.19,0.726,0.731,1,0.001,0.899,0.003,0.001,0.017,1,1,0.007,0.745,0.163,1,1,0.066,0.025,0.023,0.178,1,1,0.015,0.818,1,0.829,0.006,0.001,1,1,0.001,0.585,1,0.001,0.001,1,0.011,1,0.036,0.006,0.082,0.224,0.014,0.607,1,1,0.624,1,1,1,0.088,1,1,1,1,1,1,1,1,1,1,1,1,1,1,1,1
"Mycoplasma_hyosynoviae",0.161,1,1,0.553,0.972,1,0.059,1,1,0.043,1,0.464,0.98,0.196,0.92,0.564,0.944,1,1,1,0.132,0.002,1,1,1,1,0.504,0.448,1,0.062,1,1,0.001,0.513,1,0.496,0.001,1,0.266,1,1,0.072,0.682,0.388,1,0.548,0.612,0.584,0.692,0.958,0.377,1,1,1,1,1,1,1,1,1,1,1,0.003,1,0.391,0.002,0.073,1,1,0.198,0.523,0.045,1,0.666,0.105,1,1,1,0.09,0.156,1,1,1,1,1,1,1,1,1,1,1,1,1,1,1,1,1,1,1
"Azospira_oryzae",0.279,1,0.003,0.629,0.33,1,0.392,1,1,0.005,1,0.461,0.132,1,1,0.202,1,1,0.534,1,1,0.738,0.917,0.543,0.172,1,1,1,1,1,1,0.06,0.28,0.712,0.582,1,0.025,0.185,0.087,1,1,0.675,0.001,0.026,0.054,0.931,1,1,0.078,0.636,1,1,1,1,1,0.971,0.177,0.302,0.676,0.339,1,0.594,0.407,0.391,1,0.001,0.001,0.013,1,1,0.002,0.001,1,0.124,0.031,1,1,1,0.011,1,1,1,1,1,1,1,1,1,1,1,1,1,1,1,1,1,1,1,1
"Alysiella_crassa",0.214,0.694,0.149,0.353,0.823,1,0.002,1,1,0.421,0.25,1,1,0.597,0.202,0.822,1,0.291,1,0.035,0.663,0.406,1,1,1,1,0.419,1,0.788,0.954,1,1,0.957,0.634,0.437,0.79,1,0.452,1,0.775,0.165,1,0.542,0.421,0.242,1,0.559,0.597,0.87,0.214,0.909,1,1,0.85,0.797,1,1,1,0.588,0.055,1,0.477,0.131,0.524,0.218,0.021,0.957,1,1,0.033,0.882,0.319,1,0.201,0.239,1,1,1,0.565,1,0.858,1,0.384,1,1,1,1,1,1,1,1,1,1,1,1,1,1,1,1
"Prevotella_dentalis",0.054,0.48,0.985,0.066,0.019,0.001,0.016,0.779,0.381,0.049,0.256,0.262,0.707,0.017,0.28,0.969,0.328,0.381,0.395,0.218,0.875,0.084,0.576,0.552,0.111,1,0.398,0.31,0.882,0.497,0.532,0.001,1,0.802,0.927,0.31,0.001,0.493,0.113,0.002,0.084,0.012,1,0.005,0.957,0.665,0.885,0.487,0.086,0.028,0.708,0.295,1,0.555,0.194,1,1,0.16,0.001,0.001,1,0.449,0.002,0.48,0.558,0.001,0.001,1,1,0.107,0.042,0.001,0.241,0.287,0.02,0.776,0.422,1,0.142,0.188,0.621,1,0.335,0.263,1,1,1,1,0.014,0.001,1,0.242,1,1,0.21,1,0.125,0.002,0.001
"Acidithiobacillus_thiooxidans",0.002,0.613,0.001,0.45,0.663,1,0.017,0.241,0.38,0.922,1,0.049,0.685,1,1,1,0.088,1,0.693,0.843,1,0.2,1,0.134,0.029,1,1,1,1,1,0.656,0.281,0.679,0.256,0.454,1,0.25,0.867,0.977,0.115,0.189,1,1,0.664,0.985,0.413,1,1,0.073,1,0.382,0.464,0.02,1,1,0.473,0.141,0.52,0.302,0.166,1,1,0.076,1,1,0.001,0.033,0.806,0.268,1,0.227,0.086,0.309,0.595,0.112,1,1,1,0.352,1,1,1,1,1,1,1,1,1,1,1,1,1,1,1,1,1,1,1,1
"Corynebacterium_jeikeium",0.611,0.536,0.413,0.079,0.366,1,0.01,0.657,1,0.045,0.695,0.368,0.212,0.001,0.235,0.079,0.24,1,0.332,0.715,1,0.22,0.488,1,0.173,1,0.014,0.459,0.39,0.976,0.176,0.706,0.584,0.567,0.199,0.376,0.413,1,0.847,1,1,0.773,1,0.308,1,0.008,0.079,0.284,0.525,0.605,0.212,0.473,1,0.03,1,0.235,0.96,0.744,1,1,1,0.131,0.445,0.238,0.446,0.499,0.039,0.069,1,0.595,0.001,0.001,1,0.005,0.685,0.008,0.256,0.135,0.354,0.18,0.867,0.832,1,1,1,1,1,1,1,1,1,1,1,1,1,1,1,1,1
"Peptococcus_niger",0.056,0.009,0.001,0.002,0.097,0.157,0.008,0.006,0.004,0.001,0.308,0.038,0.678,0.001,0.013,0.001,0.146,0.864,0.409,0.049,0.094,0.001,0.137,0.001,0.096,0.083,0.015,0.013,0.003,0.001,0.001,0.069,0.015,0.013,0.028,0.658,0.001,0.013,0.135,0.042,0.008,0.001,0.001,0.124,0.859,0.109,0.689,0.01,0.321,0.001,0.633,0.011,0.416,0.001,0.13,0.193,0.006,0.039,0.006,0.001,0.681,0.037,0.001,0.723,0.001,0.001,0.001,0.327,0.839,0.001,0.001,0.001,0.207,0.2,0.061,0.592,0.004,0.021,0.001,0.474,0.132,0.111,0.15,1,1,1,1,1,1,1,1,1,1,1,1,1,1,1,1
"Acinetobacter_baumannii",0.382,0.078,1,0.245,0.02,1,0.535,0.16,0.036,0.879,0.233,1,0.767,0.952,1,0.099,1,1,1,1,1,0.637,1,0.583,1,1,1,0.114,0.982,0.148,1,0.612,1,0.209,0.473,1,0.373,1,1,1,1,0.756,1,0.856,0.401,0.059,1,1,1,0.704,1,1,1,0.339,0.001,0.004,0.001,1,0.382,0.769,0.758,0.108,0.88,0.302,0.42,0.079,0.001,0.759,1,0.483,0.637,0.466,1,0.736,0.756,1,1,1,0.91,0.412,1,0.965,1,1,1,1,1,1,1,1,1,1,1,1,0.56,1,1,1,1
"Treponema_refringens",0.413,0.485,0.007,0.99,0.001,0.005,0.001,1,1,0.001,0.811,0.528,0.048,0.002,0.015,0.003,0.006,0.012,0.009,0.485,0.022,0.723,0.002,0.001,0.129,1,0.178,0.06,0.398,0.001,0.003,0.004,0.046,0.065,0.017,0.489,0.203,0.149,0.678,0.817,0.068,0.12,0.128,0.037,0.776,0.343,0.326,0.177,0.035,0.482,0.365,0.145,1,0.002,0.7,0.494,0.64,0.168,0.001,0.001,1,0.215,0.001,1,0.303,0.001,0.001,0.047,0.101,0.028,0.001,0.001,0.001,0.258,0.003,0.895,0.058,0.415,0.273,0.889,0.514,0.282,0.001,1,1,1,1,1,1,1,1,1,1,1,1,1,1,1,1
"Treponema_pedis",0.751,0.496,0.554,0.421,0.048,1,0.112,1,1,0.258,1,0.148,0.733,0.001,0.182,0.157,0.02,1,1,0.001,0.033,0.287,0.01,0.654,0.088,1,0.278,0.063,0.464,0.001,0.573,0.056,0.159,0.548,0.871,0.922,0.014,0.286,0.133,0.377,0.027,0.001,0.268,0.17,0.752,0.194,1,0.264,0.006,0.001,0.492,0.005,0.024,0.149,1,1,1,0.359,0.346,0.303,1,0.704,0.066,1,0.018,0.001,0.001,0.289,0.975,0.002,0.039,0.005,0.526,0.118,0.018,0.207,0.248,0.514,0.99,0.783,1,0.551,1,1,1,1,1,1,1,1,1,1,1,1,1,1,1,1,1
"Campylobacter_curvus",0.046,0.278,0.359,0.007,0.003,0.691,0.594,0.018,0.009,0.023,0.326,0.06,0.081,0.002,0.412,0.052,0.455,1,0.584,0.057,1,0.004,0.115,0.891,0.81,0.134,1,0.57,0.27,0.095,0.949,0.526,0.006,0.536,0.016,0.196,0.795,0.827,0.002,0.948,0.605,0.066,0.95,0.15,0.065,0.344,0.929,0.464,0.001,0.024,0.599,0.139,1,0.893,1,0.655,0.033,0.056,0.292,0.748,0.313,0.175,0.228,0.913,0.374,0.001,0.251,0.114,1,0.002,0.067,0.029,0.001,0.711,1,0.438,0.51,0.06,0.001,0.006,0.694,0.544,0.615,0.843,1,1,1,1,0.464,0.081,1,1,1,1,0.596,1,1,0.221,0.323
"Prevotella_bivia",0.753,0.001,0.584,0.945,0.488,0.185,0.125,0.783,0.42,0.48,0.009,0.705,0.004,0.044,0.206,0.093,1,0.517,0.351,0.686,0.436,0.603,0.767,0.582,0.005,1,1,1,0.856,0.534,0.135,0.462,0.905,0.888,0.407,0.101,0.979,0.439,0.075,0.173,1,0.261,0.62,0.234,1,1,0.542,0.303,0.001,0.03,1,0.004,1,0.842,1,1,1,0.486,0.009,0.001,0.88,0.783,0.977,0.534,1,0.055,0.464,0.085,1,0.162,0.231,0.648,0.564,0.226,0.283,1,1,1,0.066,0.584,0.533,1,1,0.822,1,1,1,1,1,1,1,1,1,0.037,1,1,1,1,0.018
"Mycoplasma_feliminutum",0.476,1,1,0.911,0.317,0.344,0.782,1,1,0.005,0.609,0.816,0.557,1,1,1,0.324,1,0.964,1,0.635,0.749,1,1,1,1,1,1,1,1,0.262,0.987,1,0.796,0.726,1,0.254,1,0.886,1,1,1,1,0.189,1,0.807,1,1,0.961,0.014,0.869,1,1,1,0.69,1,0.517,0.254,0.52,0.015,1,1,1,1,1,0.066,0.057,1,1,1,0.349,0.609,0.084,1,0.848,1,1,1,0.94,1,1,1,1,1,1,1,1,1,1,1,1,1,1,1,1,1,1,1,1
"Streptococcus_pneumoniae",0.043,0.273,0.002,0.171,0.109,0.002,0.003,0.079,0.521,0.001,0.414,0.614,0.056,0.001,0.006,0.003,0.18,0.879,0.254,0.444,0.709,0.005,0.002,0.407,0.011,0.405,0.83,0.021,0.053,0.174,0.002,0.009,0.303,0.192,0.24,0.573,0.314,0.058,0.179,0.047,0.007,0.002,0.002,0.954,0.041,0.877,0.077,0.001,0.358,0.457,0.044,0.304,0.033,0.012,0.603,0.211,0.169,0.002,0.001,0.001,0.031,0.051,0.001,0.058,0.125,0.001,0.001,0.7,0.041,0.012,0.001,0.001,0.936,0.001,0.003,0.037,0.83,0.487,0.892,0.027,0.057,0.196,0.276,0.286,1,1,1,1,0.476,0.25,1,1,1,0.905,0.06,1,0.406,1,0.109
"Schwartzia_succinivorans",0.002,0.449,0.265,0.026,0.843,0.069,0.081,0.003,0.441,0.558,0.377,0.75,0.031,0.059,0.006,0.001,0.672,0.355,0.735,0.007,0.25,0.003,0.162,0.002,0.078,1,0.101,0.035,0.904,0.738,0.175,0.261,0.011,0.056,0.081,0.521,0.001,0.086,0.003,0.203,0.944,0.006,0.273,0.07,0.437,1,0.084,0.11,0.004,0.001,0.007,0.01,0.626,0.002,0.154,0.166,0.007,0.53,0.441,0.001,0.091,0.398,0.001,0.844,0.006,0.001,0.001,0.018,0.817,0.027,0.055,0.006,0.001,0.946,0.055,0.061,0.52,0.056,0.001,0.03,0.668,0.263,1,1,1,1,1,1,1,1,1,1,1,1,1,1,1,1,1
"Actinomyces_hyovaginalis",0.103,0.609,0.73,0.09,0.823,1,0.094,1,0.442,0.115,0.049,0.285,0.918,0.6,0.194,0.351,0.896,1,1,0.139,0.48,0.226,0.401,1,1,1,0.129,0.351,0.711,0.02,1,1,0.351,0.891,0.332,0.899,0.863,1,1,0.149,1,0.279,0.942,1,0.807,0.332,0.714,0.005,0.037,0.807,0.513,0.85,1,0.9,1,0.646,0.163,0.336,0.061,1,0.001,0.744,0.003,0.809,1,0.716,0.479,1,1,0.414,0.086,0.07,0.502,0.571,0.082,0.843,0.307,0.701,0.069,0.253,0.72,0.68,1,1,1,1,1,1,1,1,1,1,1,1,1,1,1,1,1
"Prevotella_marshii",0.265,0.089,0.785,0.109,0.067,0.9,0.003,0.359,0.938,0.534,0.326,0.771,0.191,0.524,0.303,0.617,0.05,0.84,0.988,0.005,0.301,0.032,0.015,0.002,0.264,0.387,0.209,0.001,0.246,0.297,0.003,0.376,0.614,0.734,0.001,0.756,0.001,0.084,0.005,0.021,0.451,0.005,0.471,0.076,0.749,0.188,0.833,0.232,0.002,0.003,0.625,0.17,1,0.528,0.252,0.894,0.046,0.019,0.001,0.001,0.625,0.403,0.001,0.8,0.002,0.001,0.004,0.078,0.619,0.073,0.002,0.001,0.015,0.907,0.016,0.266,0.874,0.896,0.004,0.117,0.625,0.408,0.909,0.859,1,1,0.608,1,0.976,0.623,1,0.172,1,1,0.34,1,0.019,0.076,0.001
"Treponema_parvum",0.077,0.05,0.161,0.16,0.461,0.031,0.006,1,1,0.202,0.32,0.242,0.578,0.01,0.813,0.531,0.537,0.763,1,0.012,0.069,0.004,0.584,0.48,0.401,1,0.1,0.27,0.5,0.506,0.048,0.032,0.007,0.838,0.463,0.296,0.001,0.961,0.012,0.051,0.244,0.001,0.356,0.005,0.186,0.075,0.913,0.314,0.06,0.002,0.349,0.002,0.373,0.522,0.366,1,0.002,0.385,0.006,0.001,1,0.407,0.066,0.645,0.024,0.014,0.043,0.256,1,0.031,0.024,0.004,0.655,0.792,0.068,0.167,0.059,0.534,0.002,0.014,0.767,0.964,0.333,1,1,1,1,1,1,1,1,1,1,1,1,1,1,1,1
"Lautropia_mirabilis",0.7,0.042,0.794,0.067,0.001,0.001,0.001,0.581,0.004,0.255,0.397,0.848,0.011,0.001,0.106,0.001,0.77,0.283,0.285,0.001,0.034,0.003,0.012,0.405,0.001,0.484,0.455,0.007,0.001,0.001,0.029,0.008,0.088,0.005,0.003,0.441,0.064,0.045,0.024,0.002,0.016,0.178,0.062,0.003,0.158,0.955,0.66,0.075,0.001,0.723,0.334,0.28,0.015,0.001,0.006,0.001,0.001,0.006,0.001,0.001,0.001,0.128,0.001,0.23,0.105,0.001,0.001,0.001,0.289,0.003,0.019,0.001,0.001,0.005,0.002,0.121,0.738,0.147,0.003,0.833,0.597,0.051,0.035,0.024,0.302,0.986,0.162,0.293,0.001,0.172,0.084,0.139,0.001,0.529,0.028,0.005,0.001,0.001,0.001
"Barnesiella_intestinihominis",0.166,0.196,0.289,0.94,0.111,1,0.669,1,1,0.336,0.835,0.876,1,1,0.006,0.337,1,0.688,1,0.896,0.124,0.739,1,0.573,1,1,1,0.97,0.213,0.358,1,0.566,0.889,0.002,1,0.697,0.257,1,0.07,1,1,0.009,1,0.948,0.707,0.027,0.362,1,1,1,0.57,0.171,1,0.076,1,0.073,0.006,0.762,1,1,0.213,1,0.904,0.72,0.741,0.645,0.445,1,0.209,0.241,1,0.865,0.625,0.628,0.023,1,0.374,0.936,0.408,0.127,1,0.745,1,1,1,1,1,1,1,1,1,1,1,1,1,1,1,1,1
"Actinobacillus_rossii",0.013,0.15,0.002,0.948,0.462,1,0.002,0.171,0.002,0.001,0.606,0.878,0.859,0.001,0.002,0.331,0.54,1,0.078,0.247,0.501,0.064,0.111,0.001,0.014,1,0.541,0.268,0.149,0.687,1,1,0.091,0.464,0.93,0.371,0.001,0.08,0.967,1,1,0.292,0.21,0.32,0.786,0.035,0.515,0.861,0.036,0.023,0.524,0.829,1,0.005,1,0.059,0.001,0.873,0.328,0.014,0.196,0.055,0.065,0.698,0.722,0.001,0.001,0.796,0.573,0.166,0.001,0.001,0.7,0.001,0.009,0.386,0.149,0.126,0.001,0.42,0.73,0.175,1,1,1,1,1,1,1,1,1,1,1,1,1,1,1,1,1
"Actinomyces_gerencseriae",0.179,0.243,0.267,0.07,0.07,0.051,0.002,0.119,0.006,0.095,0.034,0.681,0.01,0.006,0.324,0.243,0.245,0.17,0.036,0.29,0.151,0.166,0.001,0.005,0.983,0.556,0.018,0.233,0.177,0.109,0.053,0.894,0.268,0.738,0.001,0.028,0.228,0.875,0.726,0.576,0.765,0.829,0.339,0.002,0.415,0.486,0.491,0.023,0.001,0.846,0.177,0.235,0.119,0.218,0.043,0.167,0.004,0.053,0.001,0.001,0.023,0.249,0.001,0.214,0.965,0.001,0.001,0.15,0.543,0.022,0.001,0.001,0.001,0.186,0.171,0.001,0.755,0.191,0.001,0.203,0.615,0.266,0.244,1,1,1,1,1,1,1,1,1,1,1,1,1,1,1,1
"Bacteroides_stercoris",0.027,0.058,1,0.4,0.127,1,1,0.404,1,0.65,0.571,1,1,1,0.036,0.297,1,0.009,1,0.729,0.325,1,1,0.496,1,1,1,0.185,0.258,0.25,1,1,0.447,0.198,1,0.093,0.494,1,0.023,1,1,0.023,1,0.966,1,0.001,1,0.001,1,1,1,1,1,0.68,1,0.284,0.055,1,1,1,0.043,0.673,0.294,0.386,0.691,0.557,0.431,1,0.76,0.159,0.341,0.504,0.559,0.281,0.024,1,0.372,0.587,0.883,1,1,0.254,1,1,1,1,1,1,1,1,1,1,1,1,1,1,1,1,1
"Neisseria_shayeganii",0.891,0.525,0.412,0.317,0.503,0.056,0.001,0.931,0.141,0.96,1,0.417,0.129,0.062,0.414,0.015,0.809,0.527,0.653,0.012,0.256,0.921,0.269,0.1,0.409,1,0.352,0.001,0.614,0.097,0.073,0.245,0.309,0.437,0.142,1,0.011,0.513,0.191,0.761,0.302,0.044,0.231,0.22,1,0.758,1,0.674,0.598,0.147,0.17,0.437,1,0.001,0.283,0.13,0.91,1,1,0.007,0.001,0.083,0.001,0.049,0.281,0.001,0.001,0.507,0.829,0.743,0.015,0.001,0.101,0.146,0.298,0.899,0.024,0.38,0.449,0.903,0.801,1,1,1,1,1,1,1,1,1,1,1,1,1,1,1,1,1,1
"Selenomonas_noxia",0.026,0.355,0.001,0.137,0.03,0.001,0.009,0.011,0.001,0.001,0.286,0.444,0.001,0.011,0.032,0.001,0.934,0.997,0.664,0.042,0.018,0.465,0.001,0.125,0.001,0.146,0.232,0.002,0.749,0.371,0.003,0.625,0.061,0.54,0.124,0.194,0.002,0.922,0.043,0.132,0.003,0.148,0.024,0.107,0.162,0.243,0.011,0.005,0.017,0.007,0.22,0.181,0.089,0.001,0.007,0.015,0.001,0.454,0.001,0.001,0.001,0.098,0.001,0.898,0.355,0.001,0.001,0.003,0.689,0.001,0.001,0.001,0.001,0.429,0.269,0.005,0.036,0.127,0.001,0.36,0.374,0.886,0.361,0.003,0.69,0.51,0.61,0.665,0.258,0.393,0.254,0.772,0.611,0.034,0.987,1,0.141,0.001,0.001
"Bifidobacterium_dentium",0.158,0.631,0.001,0.113,0.962,1,0.001,0.001,0.005,0.015,0.111,0.648,0.229,0.003,0.263,0.071,0.062,1,0.012,0.969,1,0.002,0.014,0.103,0.626,0.085,0.004,0.007,0.011,0.015,0.003,0.006,0.085,0.001,0.044,0.372,0.155,0.647,0.001,0.153,0.099,0.38,0.54,0.517,0.216,0.184,0.957,0.254,0.001,0.432,0.001,0.009,0.003,0.002,1,0.656,0.016,0.548,1,0.554,0.06,0.569,0.001,0.872,0.33,0.269,0.001,1,0.839,0.265,0.038,0.012,0.026,0.261,0.007,0.137,0.086,0.143,0.001,0.451,0.061,0.07,0.945,0.18,1,1,1,1,0.001,0.228,0.256,0.008,1,1,0.082,1,1,0.485,0.002
"Gemmatimonas_aurantiaca",0.123,0.693,0.155,0.983,0.063,1,1,1,0.959,1,1,0.519,1,1,1,1,1,1,1,1,1,1,1,1,1,1,1,0.528,1,1,1,1,1,0.001,0.516,1,1,1,0.025,1,1,0.349,0.018,0.192,1,0.068,1,1,1,1,1,0.967,0.139,0.61,1,0.835,0.011,1,1,1,0.226,0.784,0.148,0.054,1,0.131,0.98,0.54,0.874,1,1,1,1,0.865,0.924,1,1,1,1,1,1,1,1,1,1,1,1,1,1,1,1,1,1,1,1,1,1,1,1
"Haemophilus_parainfluenzae",0.001,0.001,0.001,0.047,0.001,0.001,0.001,0.34,0.002,0.001,0.112,0.956,0.001,0.001,0.002,0.215,0.488,0.042,0.001,0.001,0.198,0.001,0.001,0.001,0.001,0.262,0.78,0.011,0.449,0.912,0.001,0.001,0.021,0.003,0.346,0.129,0.001,0.031,0.199,0.001,0.088,0.168,0.001,0.662,0.156,0.014,0.277,0.001,0.013,0.161,0.462,0.112,0.428,0.001,0.004,0.001,0.001,0.713,0.001,0.001,0.02,0.435,0.001,0.278,0.866,0.001,0.001,0.003,0.86,0.056,0.001,0.001,0.001,0.001,0.001,0.663,0.398,0.42,0.001,0.014,0.196,0.035,0.001,0.001,0.073,0.38,0.918,0.001,0.001,0.001,0.146,0.001,0.001,0.013,0.185,0.089,0.745,0.001,0.001
"Porphyromonas_gingivalis",0.009,0.087,0.435,0.087,0.528,0.03,0.001,0.214,0.035,0.029,0.631,0.223,0.008,0.178,0.001,0.005,0.883,0.731,0.409,0.001,0.001,0.005,0.145,0.842,0.034,1,0.244,0.048,0.746,0.001,0.17,0.774,0.639,0.903,0.668,0.248,0.001,0.9,0.001,0.001,0.012,0.001,0.005,0.002,0.748,0.405,0.016,0.29,0.001,0.012,0.565,0.058,0.011,0.302,0.232,0.125,0.001,0.011,0.001,0.001,1,0.363,0.02,0.604,0.001,0.001,0.001,0.401,1,0.001,0.005,0.002,0.001,0.154,0.001,0.246,0.395,0.939,0.44,0.528,0.114,0.235,0.767,0.001,1,0.272,0.279,0.562,0.03,0.197,0.255,1,0.011,0.421,0.533,0.669,0.001,0.001,0.001
"Streptococcus_sobrinus",0.154,1,0.001,0.966,1,0.013,0.545,0.26,0.12,0.068,0.919,0.463,0.483,0.001,0.932,0.164,0.734,0.649,0.837,0.98,1,0.911,0.004,0.345,0.736,1,1,0.705,0.053,1,0.258,0.465,0.161,0.054,0.21,1,0.177,1,0.957,0.699,0.112,0.174,1,0.027,0.805,1,0.926,0.433,0.073,0.477,0.075,0.128,0.224,0.009,0.704,0.661,0.799,1,0.009,0.002,1,0.389,0.001,0.064,0.229,0.003,0.522,0.23,0.094,0.103,0.943,0.412,0.017,0.683,0.001,0.029,0.532,1,0.001,0.157,0.036,1,0.496,0.959,1,1,1,1,0.001,0.07,1,0.019,0.007,1,0.002,1,1,0.001,0.115
"Pseudomonas_stutzeri",0.459,0.001,1,0.761,0.285,1,0.774,1,1,1,0.498,1,0.825,0.198,1,1,1,1,0.542,0.18,1,1,1,1,1,0.5,1,0.224,1,1,1,1,1,0.155,1,1,1,1,0.218,1,1,0.626,0.377,0.757,1,1,1,1,1,0.915,1,1,0.012,1,0.016,0.028,0.004,1,1,0.288,1,0.688,0.095,0.28,1,0.436,0.001,1,1,1,1,1,1,0.485,0.55,1,1,1,0.87,1,1,1,1,1,1,1,1,1,1,1,1,1,1,1,1,1,1,1,1
"Acinetobacter_junii",0.308,0.002,1,0.229,0.003,0.041,0.25,0.304,0.509,0.03,0.835,1,0.494,1,1,0.833,1,1,1,1,1,1,1,1,0.003,1,1,0.011,1,1,1,1,1,1,1,1,0.36,1,1,1,0.462,0.429,1,0.721,0.191,0.012,1,1,0.076,0.75,1,1,0.498,1,0.18,0.051,0.001,0.9,0.001,0.853,0.145,0.782,0.031,0.625,1,0.942,0.001,0.935,1,1,0.784,0.551,0.97,0.324,0.675,0.394,1,1,0.819,1,1,1,0.86,1,1,1,1,1,1,1,1,1,1,1,0.282,1,1,1,1
"Bacteroides_acidifaciens",0.201,0.025,0.001,0.42,0.093,0.227,0.006,1,1,0.072,0.873,0.972,0.089,0.008,0.011,0.133,0.623,0.357,0.065,0.001,0.003,0.31,0.939,0.128,0.004,0.805,0.424,0.08,0.349,0.001,1,1,0.257,0.061,0.691,0.614,0.157,1,0.009,0.442,0.029,0.132,0.679,0.238,0.572,0.031,0.281,0.001,0.052,0.77,0.252,1,0.014,0.001,1,1,0.942,0.475,0.001,0.001,1,0.024,0.098,0.004,0.028,0.001,0.001,0.028,0.536,0.058,0.009,0.003,0.069,0.002,0.009,0.797,0.038,0.081,0.762,0.549,0.084,0.399,1,1,1,1,1,1,1,1,1,1,1,1,1,1,1,1,1
"Prevotella_amnii",0.214,0.356,1,0.688,0.491,0.744,0.653,1,1,0.221,0.301,0.767,0.81,0.514,1,0.674,1,1,0.135,0.095,0.401,0.86,0.107,0.264,0.539,1,1,0.303,1,1,0.223,0.067,0.242,0.335,0.369,0.607,0.928,0.356,0.741,0.073,0.725,0.373,1,0.089,1,0.776,1,1,0.476,0.075,1,0.073,0.105,0.287,1,1,1,0.276,1,0.388,1,1,0.339,0.332,0.092,0.097,0.433,1,1,0.536,0.369,0.29,0.534,0.593,0.059,1,1,1,0.388,1,1,0.571,1,1,1,1,1,1,1,1,1,1,1,1,1,1,1,1,0.655
"Streptococcus_agalactiae",0.902,0.094,0.116,0.603,0.665,1,0.029,0.864,0.397,1,0.325,1,0.79,0.104,1,0.089,1,0.907,1,0.938,1,0.482,0.001,0.076,0.53,1,1,0.602,0.677,0.965,0.274,0.07,0.111,0.793,0.24,1,0.005,1,0.467,0.716,0.574,0.416,1,0.666,1,0.753,1,0.304,0.572,0.293,0.365,0.06,1,0.044,0.001,0.56,0.442,1,0.476,0.349,0.001,0.786,0.876,0.057,0.247,0.033,0.001,0.869,1,0.406,0.498,0.35,0.117,0.228,0.917,0.033,0.843,1,0.65,0.002,0.009,0.965,1,1,1,1,1,1,1,1,1,1,1,1,1,1,1,1,1
"Treponema_bryantii",0.844,0.198,0.941,0.144,0.049,0.185,0.366,1,1,0.228,0.724,0.65,0.046,1,1,1,0.667,0.857,1,0.378,0.108,0.742,1,0.049,0.766,1,1,0.898,1,1,0.507,0.863,0.01,0.772,0.997,1,0.039,0.255,0.001,0.066,1,1,1,1,0.677,0.01,1,1,0.369,0.03,0.361,0.404,1,1,0.24,1,0.028,0.856,0.535,0.032,1,1,0.015,1,1,0.087,0.803,0.426,0.708,1,0.199,0.164,0.869,0.157,0.867,1,1,1,0.249,1,1,1,0.638,1,1,1,1,1,1,1,1,1,1,1,1,1,1,1,1
"Bacteroides_intestinalis",0.24,0.06,0.002,0.511,0.407,1,0.001,1,1,0.083,1,0.229,0.167,0.001,0.161,0.001,0.334,0.157,0.074,0.005,0.124,0.003,0.02,0.578,0.001,0.144,0.807,0.019,0.384,0.001,1,1,0.035,0.229,0.368,0.267,0.021,0.203,0.667,0.002,0.193,0.943,0.17,0.038,0.771,0.055,0.551,0.259,0.028,0.088,0.325,0.392,1,0.001,1,0.759,0.129,0.747,1,1,1,0.081,0.064,0.084,0.785,0.001,0.001,0.306,0.491,0.001,0.011,0.001,0.255,0.369,0.008,0.201,0.002,0.004,0.166,0.956,0.777,0.236,1,1,1,1,1,1,1,1,1,1,1,1,1,1,0.397,1,1
"Filifactor_alocis",0.002,0.027,0.641,0.001,0.063,0.002,0.001,0.313,0.032,0.001,0.242,0.502,0.009,0.002,0.001,0.001,0.176,0.845,0.056,0.001,0.001,0.001,0.001,0.001,0.012,0.03,0.014,0.03,0.936,0.001,0.651,0.142,0.001,0.445,0.693,0.293,0.001,0.906,0.001,0.002,0.012,0.001,0.004,0.001,0.557,0.431,0.006,0.157,0.016,0.001,0.472,0.002,0.001,0.391,0.012,0.01,0.001,0.115,0.001,0.001,1,0.049,0.001,0.394,0.001,0.001,0.001,0.886,0.187,0.001,0.002,0.001,0.001,0.032,0.001,0.181,0.263,0.508,0.024,0.069,0.127,0.658,0.123,0.001,0.818,0.862,0.275,0.19,0.09,0.032,0.056,0.007,0.138,0.013,0.001,0.531,0.033,0.002,0.001
"Prevotella_copri",0.026,0.042,1,0.894,0.292,1,0.664,1,1,0.079,0.984,0.941,0.934,0.898,0.924,0.322,1,0.426,1,0.202,0.011,0.532,0.315,0.035,0.654,1,0.915,0.834,0.001,0.025,0.701,1,0.622,0.013,0.077,0.882,0.013,1,0.035,1,1,0.001,1,0.9,1,0.005,0.907,0.604,0.31,0.289,1,1,1,0.508,0.767,0.513,0.061,1,0.11,0.776,0.001,0.248,0.062,0.017,0.582,0.179,0.58,0.685,1,0.176,0.669,0.438,0.217,0.014,0.269,0.492,0.026,0.568,0.296,0.989,1,0.017,1,0.446,1,1,1,1,1,1,1,1,1,0.847,1,1,1,1,0.851
"Odoribacter_denticanis",0.351,0.589,1,0.218,1,0.125,0.022,0.974,0.416,0.393,1,0.112,0.064,0.479,1,0.114,0.722,1,0.133,0.004,0.596,0.433,0.327,0.001,0.763,1,1,1,1,1,0.693,0.731,0.954,0.255,0.709,1,0.058,1,0.169,0.107,0.065,0.003,0.177,0.374,0.355,0.794,1,0.991,1,0.642,0.426,0.169,0.01,1,0.38,0.142,0.174,1,0.015,0.001,1,1,0.976,1,0.035,0.307,0.03,1,1,1,0.179,0.024,1,0.683,0.023,0.199,1,0.965,0.284,1,1,0.766,0.477,1,1,1,1,1,1,1,1,1,1,1,1,1,1,1,1
"Bacteroides_heparinolyticus",0.081,0.121,1,0.146,0.565,0.712,0.034,0.918,0.616,0.547,0.498,0.165,0.69,0.731,0.073,0.497,0.82,0.862,0.904,0.278,0.087,0.029,0.218,1,1,1,1,0.001,0.683,1,0.025,0.529,0.225,0.909,1,1,0.008,1,0.003,0.451,0.587,0.001,0.24,0.097,0.445,0.055,0.233,0.717,0.376,0.5,0.293,1,0.435,1,0.056,1,1,1,0.162,0.002,1,0.38,0.877,0.878,0.065,0.451,0.003,1,1,0.001,0.17,0.012,0.523,0.543,0.25,0.111,0.466,0.976,0.033,1,0.14,0.768,0.224,1,1,1,1,0.318,0.87,1,1,1,1,1,0.601,1,1,0.538,0.001
"Rothia_mucilaginosa",0.009,0.069,0.029,0.336,0.002,0.001,0.003,0.32,0.431,0.001,0.079,0.576,0.001,0.267,0.001,0.004,0.015,0.001,0.007,0.027,0.769,0.708,0.001,0.356,0.001,0.001,0.199,0.006,0.002,0.001,0.738,0.018,0.039,0.137,0.064,0.059,0.03,0.021,0.094,0.77,0.043,0.005,0.001,0.04,0.015,0.202,0.057,0.008,0.646,0.312,0.759,0.87,0.166,0.001,0.105,0.001,0.002,0.023,0.001,0.001,0.001,0.003,0.001,0.499,0.007,0.001,0.266,0.002,0.575,0.001,0.001,0.001,0.001,0.001,0.004,0.454,0.508,0.575,0.001,0.054,0.014,0.544,0.001,0.244,0.021,0.001,0.279,0.001,0.002,0.001,0.792,0.055,0.005,0.001,0.167,0.001,0.001,0.001,0.001
"Lachnoanaerobaculum_saburreum",0.005,0.023,0.001,0.003,0.44,0.001,0.001,0.546,0.412,0.001,0.017,0.707,0.001,0.727,0.168,0.006,0.01,0.227,0.561,0.007,0.039,0.001,0.001,0.012,0.017,0.053,0.098,0.053,0.042,0.186,0.001,0.406,0.027,0.529,0.783,0.059,0.01,0.474,0.002,0.022,0.128,0.532,0.022,0.01,0.496,0.036,0.003,0.093,0.075,0.155,0.038,0.024,0.045,0.006,0.025,0.048,0.001,0.285,0.001,0.001,0.136,0.04,0.001,0.656,0.622,0.001,0.001,0.001,0.299,0.004,0.001,0.001,0.001,0.009,0.001,0.01,0.039,0.006,0.001,0.361,0.416,0.813,0.046,0.001,0.083,0.012,0.578,0.029,0.001,0.513,0.455,0.014,0.65,0.002,0.712,1,0.001,0.001,0.001
"Acinetobacter_lwoffii",0.519,1,1,0.319,0.237,1,0.926,0.293,0.676,0.991,0.728,1,1,1,1,0.869,1,1,0.461,1,1,1,1,1,1,1,1,1,0.524,0.934,1,1,0.899,1,1,1,1,1,1,1,1,0.55,0.274,0.575,0.135,0.025,1,1,1,0.829,1,1,0.004,0.459,0.001,0.464,0.001,1,1,0.694,0.192,0.825,0.841,0.666,0.189,0.026,0.001,1,1,1,0.664,0.92,1,0.254,0.599,1,1,1,0.644,1,1,1,1,1,1,1,1,1,1,1,1,1,1,1,1,1,1,1,1
"Brachymonas_denitrificans",0.502,0.407,0.306,0.002,0.214,0.779,0.001,0.696,0.297,0.014,0.587,0.381,0.017,0.061,0.357,0.003,0.386,0.757,0.357,0.221,0.633,0.004,0.045,0.027,0.001,0.019,0.296,0.032,0.712,0.165,1,0.515,0.016,0.172,0.252,0.942,0.025,0.376,0.455,0.036,0.098,0.048,0.067,0.445,0.501,0.19,0.877,0.103,0.157,0.786,0.149,0.448,0.006,0.001,0.673,0.004,0.808,0.193,0.053,0.001,0.529,0.064,0.001,0.123,0.337,0.001,0.001,0.014,0.402,0.001,0.001,0.001,0.079,0.212,0.004,0.829,0.08,0.015,0.794,0.404,0.726,0.452,0.611,1,1,1,1,1,1,1,1,1,1,1,1,1,1,1,1
"Prevotella_paludivivens",0.133,0.156,1,0.153,0.594,0.027,0.001,0.169,1,0.139,0.526,0.343,0.274,0.027,0.003,0.455,0.82,0.646,0.791,0.083,0.332,0.105,0.037,0.979,0.509,1,1,0.855,0.995,0.004,1,0.456,0.474,0.751,0.956,1,0.11,1,0.269,0.001,0.026,0.001,0.307,0.031,0.777,0.446,0.207,0.642,0.121,0.255,0.486,0.504,1,0.61,1,1,1,0.063,1,0.397,0.391,1,0.039,0.883,0.04,0.045,0.001,1,1,0.001,0.105,0.218,0.806,0.351,0.019,1,0.706,0.405,0.176,0.53,0.837,0.792,1,1,1,1,1,1,1,1,1,1,1,1,1,1,1,1,1
"Streptococcus_gordonii",0.022,0.002,0.001,0.661,0.086,0.001,0.001,0.447,0.03,0.001,0.71,0.214,0.934,0.349,0.001,0.39,0.033,0.021,0.121,0.973,0.853,0.866,0.392,0.03,0.001,1,0.074,0.307,0.001,0.042,0.005,0.016,0.024,0.083,0.706,0.02,0.158,0.37,0.514,0.028,0.22,0.57,0.227,0.341,0.547,0.289,0.466,0.001,0.357,0.095,0.275,0.765,0.44,0.001,0.467,0.027,0.169,0.768,0.001,0.001,1,0.001,0.001,0.302,0.291,0.001,0.001,0.286,0.922,0.001,0.001,0.001,0.001,0.001,0.034,0.386,0.527,0.126,0.001,0.003,0.168,0.221,0.069,0.046,0.678,0.083,0.319,0.778,0.034,0.001,0.858,0.007,0.001,0.001,0.787,0.039,0.001,0.001,0.001
"Leptotrichia_hofstadii",0.083,0.198,0.086,0.822,0.413,0.001,0.001,0.891,0.584,0.002,0.946,0.253,0.033,0.001,0.163,0.085,0.168,0.976,0.969,0.119,0.058,0.662,0.001,0.001,0.569,0.09,0.987,0.003,0.801,0.004,0.282,0.424,0.213,0.124,0.724,0.005,0.048,0.132,0.346,0.022,0.615,0.014,0.014,0.903,0.049,0.115,0.003,0.013,0.751,0.117,0.629,0.067,0.24,0.001,0.644,0.001,0.001,0.055,0.001,0.001,0.004,0.01,0.001,0.848,0.02,0.001,0.001,0.002,0.306,0.04,0.087,0.255,0.001,0.827,0.205,0.406,0.05,0.002,0.045,0.587,0.643,0.247,0.037,0.067,1,0.303,0.083,0.294,0.884,0.161,0.256,0.001,0.884,0.599,0.302,1,0.001,0.008,0.001
"Bacteroides_zoogleoformans",0.794,1,1,0.908,0.696,0.534,0.153,0.524,0.12,1,0.902,0.658,0.765,0.582,0.13,0.455,0.233,1,0.012,0.143,0.816,0.925,1,1,1,1,1,0.234,1,1,1,0.971,0.868,0.265,1,1,0.866,1,0.602,0.097,0.03,0.221,1,0.796,0.29,0.854,0.206,1,0.744,0.137,0.394,0.746,0.123,1,1,1,1,0.178,0.008,0.54,1,1,0.841,1,1,0.628,0.019,1,1,0.001,0.345,0.326,0.169,0.595,0.264,1,1,1,0.96,0.698,1,1,1,0.626,1,1,1,1,0.827,1,1,1,1,1,1,1,1,1,0.003
"Natranaerovirga_hydrolytica",0.647,1,0.334,0.245,0.205,1,0.017,1,1,0.475,1,1,1,1,1,1,0.362,1,1,1,1,0.003,1,0.001,0.669,1,1,1,1,1,0.486,0.298,0.001,0.719,1,1,0.002,1,1,1,1,1,1,0.886,0.767,0.876,1,1,0.024,0.005,1,1,1,1,1,1,0.453,1,1,1,1,1,0.224,1,1,0.259,0.001,1,1,1,0.021,0.006,1,0.767,0.011,0.857,1,1,0.776,1,1,1,1,1,1,1,1,1,1,1,1,1,1,1,1,1,1,1,1
"Mogibacterium_neglectum",0.375,0.059,0.641,0.099,0.071,0.011,0.058,0.001,0.037,0.191,0.646,1,1,1,1,1,1,0.961,1,1,1,1,1,1,0.024,1,1,1,1,1,0.787,0.973,0.79,0.463,0.325,1,0.403,0.921,0.664,0.86,0.12,1,1,1,1,0.115,1,1,1,1,0.205,0.322,1,0.129,1,1,1,1,0.111,0.022,1,1,0.001,1,1,0.001,0.001,0.14,0.551,1,0.002,0.004,0.003,0.719,1,0.33,1,1,0.001,1,1,1,1,1,1,1,1,1,1,1,1,1,1,1,1,1,1,1,1
"Campylobacter_mucosalis",0.083,0.234,0.707,0.877,0.005,1,0.003,1,1,0.001,0.435,1,0.024,0.146,0.078,0.001,0.674,0.367,0.959,0.92,0.827,0.233,0.554,0.027,0.9,1,0.45,0.015,0.023,0.013,0.954,0.306,0.326,0.411,0.901,0.739,0.001,1,1,1,1,0.023,0.127,0.876,0.781,0.304,0.716,0.001,0.021,0.487,0.01,0.302,1,0.105,1,0.729,0.04,1,0.116,0.064,0.157,0.67,0.001,0.938,0.121,0.338,0.001,0.009,1,0.393,0.002,0.001,1,0.333,0.198,0.165,0.763,0.285,0.001,0.374,0.243,0.558,0.414,0.077,1,1,1,1,1,1,1,1,1,1,1,1,1,1,1
"Peptoniphilus_lacrimalis",0.193,0.433,0.419,0.323,0.897,0.163,0.547,0.859,0.775,0.032,0.181,0.465,1,0.016,0.303,0.044,1,0.925,1,1,0.863,0.032,0.653,0.135,1,1,1,1,0.704,0.011,0.142,0.854,0.183,0.771,0.001,1,0.719,0.144,0.779,0.636,1,0.477,1,0.633,0.556,1,1,0.453,1,0.476,0.131,0.005,0.002,0.434,1,0.799,0.234,1,0.724,0.973,0.124,0.839,0.764,1,1,0.73,0.133,1,1,0.56,0.384,0.779,0.577,0.162,0.287,0.363,0.575,0.657,0.002,0.511,0.032,0.773,1,1,1,1,1,1,0.958,1,1,0.009,1,0.096,1,1,1,1,0.134
"Streptococcus_sanguinis",0.109,0.017,0.001,0.332,0.004,0.001,0.001,0.033,0.122,0.001,0.573,0.876,0.099,0.001,0.001,0.001,0.069,0.066,0.057,0.001,0.563,0.018,0.001,0.379,0.001,0.009,0.633,0.161,0.006,0.001,0.004,0.015,0.179,0.001,0.011,0.266,0.324,0.401,0.277,0.016,0.009,0.727,0.001,0.001,0.317,0.179,0.201,0.023,0.012,0.608,0.403,0.789,0.794,0.001,0.601,0.001,0.001,0.43,0.001,0.001,0.03,0.085,0.001,0.256,0.009,0.001,0.001,0.001,0.654,0.063,0.001,0.001,0.001,0.001,0.001,0.002,0.573,0.006,0.001,0.003,0.224,0.097,0.24,0.001,0.002,0.478,0.015,0.55,0.001,0.001,0.239,0.091,0.001,0.025,0.271,0.09,0.001,0.001,0.001
"Eubacterium_rectale",0.927,0.142,1,0.55,0.043,1,1,0.459,1,0.025,0.503,1,1,1,0.529,0.815,1,0.334,1,0.909,0.007,1,0.312,1,1,1,1,0.227,0.236,0.364,1,1,0.322,0.996,0.462,0.961,0.001,1,0.037,1,1,0.001,1,0.859,1,0.009,1,0.001,0.576,0.005,1,0.426,1,0.113,1,0.705,0.108,1,1,1,0.01,0.899,0.122,0.086,0.616,0.201,0.13,1,0.715,0.013,0.429,0.566,0.664,0.005,0.824,0.637,0.647,0.678,0.914,1,1,0.146,1,0.512,1,1,1,1,1,1,1,1,1,1,1,1,1,1,1
"Fusobacterium_periodonticum",0.001,0.006,0.001,0.066,0.001,0.001,0.001,0.001,0.001,0.001,0.499,0.44,0.001,0.001,0.001,0.001,0.506,0.001,0.418,0.001,0.089,0.001,0.001,0.001,0.001,0.595,0.6,0.002,0.022,0.001,0.002,0.001,0.001,0.001,0.003,0.228,0.001,0.044,0.161,0.245,0.001,0.069,0.001,0.001,0.63,0.068,0.153,0.002,0.003,0.003,0.002,0.016,0.007,0.001,0.158,0.001,0.001,0.06,0.001,0.001,0.001,0.002,0.001,0.195,0.169,0.001,0.001,0.043,0.028,0.001,0.001,0.001,0.001,0.001,0.001,0.261,0.02,0.134,0.001,0.034,0.001,0.053,0.001,0.001,0.029,0.004,0.198,0.001,0.001,0.001,0.001,0.018,0.001,0.001,0.038,0.054,0.001,0.001,0.001
"Eubacterium_minutum",0.628,0.538,1,0.001,0.022,0.974,0.002,0.177,0.699,0.038,0.217,0.032,0.003,1,0.114,0.27,0.074,1,0.241,0.019,0.137,0.599,0.027,1,0.257,1,0.68,0.687,0.3,1,0.603,0.943,0.141,0.707,0.211,1,0.057,1,0.966,0.093,0.041,0.005,0.408,0.023,0.497,0.927,0.175,0.682,0.058,0.2,0.318,0.029,1,1,1,0.771,0.012,1,0.155,0.016,1,0.492,0.665,0.634,0.603,0.154,0.001,0.254,1,0.07,0.041,0.001,1,0.595,0.01,0.404,0.163,0.707,0.027,0.148,1,0.268,0.108,0.108,1,1,1,1,0.422,0.864,1,1,1,1,0.159,1,0.238,0.25,0.082
"Sporanaerobacter_acetigenes",0.02,1,1,0.353,0.029,1,0.5,0.403,0.349,0.36,1,0.003,0.712,1,1,1,0.539,1,1,1,1,0.758,1,1,1,1,1,0.381,1,1,0.964,0.118,0.698,0.714,1,1,0.002,1,0.007,0.309,0.01,1,1,0.061,0.152,0.885,1,1,0.813,0.001,1,0.06,1,1,1,1,1,1,1,1,1,1,0.456,1,1,0.216,0.011,1,1,1,0.475,0.685,0.077,0.628,0.895,1,1,1,0.239,1,1,1,1,1,1,1,1,1,1,1,1,1,1,1,1,1,1,1,1
"Desulfomicrobium_orale",0.045,0.632,1,0.557,1,1,0.003,0.204,0.821,0.028,1,0.716,0.242,0.6,0.408,0.253,0.23,1,1,0.001,0.246,0.07,0.394,0.895,0.946,1,1,1,0.911,1,0.058,0.56,0.646,0.707,1,1,0.027,0.845,0.179,0.553,1,0.001,0.677,0.632,0.081,0.555,0.277,1,1,0.612,0.869,0.569,0.007,1,1,1,1,1,0.001,0.001,1,0.605,0.981,1,0.533,0.414,0.496,1,1,0.774,0.117,0.01,0.734,0.1,1,0.189,1,1,0.077,0.849,1,1,1,0.001,1,1,0.191,1,0.095,0.611,1,1,1,1,0.179,1,1,0.613,0.001
"Campylobacter_showae",0.547,0.042,0.001,0.233,0.312,0.142,0.001,0.976,0.011,0.001,0.325,0.191,0.253,0.005,0.024,0.001,0.135,0.002,0.101,0.062,0.504,0.03,0.001,0.001,0.006,0.114,0.074,0.013,0.003,0.592,0.023,0.005,0.036,0.051,0.002,0.665,0.116,0.253,0.038,0.946,0.04,0.067,0.089,0.005,0.296,0.077,0.643,0.192,0.034,0.04,0.633,0.042,0.202,0.001,0.02,0.837,0.452,0.066,0.001,0.001,0.719,0.069,0.001,0.378,0.976,0.001,0.001,0.009,0.954,0.001,0.001,0.001,0.001,0.242,0.174,0.177,0.148,0.516,0.373,0.888,0.002,0.123,0.005,0.231,1,0.18,0.055,0.02,0.002,0.007,0.04,0.08,0.001,0.995,0.03,0.018,0.002,0.005,0.001
"Tannerella_forsythia",0.01,0.088,0.001,0.001,0.009,0.861,0.001,0.155,0.002,0.004,0.034,0.017,0.038,0.003,0.002,0.001,0.026,0.005,0.612,0.001,0.016,0.001,0.001,0.001,0.001,0.001,0.001,0.011,0.024,0.001,0.009,0.488,0.953,0.008,0.001,0.179,0.001,0.636,0.001,0.001,0.493,0.001,0.002,0.001,0.553,0.195,0.308,0.047,0.001,0.001,0.035,0.019,0.013,0.001,0.028,0.115,0.001,0.146,0.001,0.001,0.005,0.018,0.001,0.257,0.006,0.001,0.001,0.001,0.714,0.001,0.001,0.001,0.001,0.905,0.001,0.402,0.036,0.018,0.001,0.492,0.117,0.003,0.068,0.001,1,0.394,0.283,0.766,0.008,0.004,0.258,0.299,0.772,0.609,0.005,1,0.014,0.003,0.001
"Kingella_potus",0.855,0.31,0.288,0.974,0.763,0.054,0.001,0.937,0.464,0.442,0.662,0.482,0.972,0.26,0.218,0.192,0.078,0.946,0.492,0.34,0.219,1,0.531,0.757,0.011,0.107,0.364,0.012,0.315,0.262,1,1,0.287,0.537,1,1,0.13,1,0.223,0.03,0.467,0.231,0.052,0.125,0.004,0.425,0.411,0.797,0.409,0.085,0.144,0.041,0.695,0.006,0.442,0.005,0.296,0.971,0.281,0.041,0.597,0.348,0.042,0.469,0.251,0.001,0.002,0.175,0.836,0.707,0.001,0.001,0.07,0.012,0.667,0.151,0.057,0.004,0.915,0.923,0.929,1,0.832,1,1,1,1,1,1,1,1,1,1,1,1,1,1,1,1
"Capnocytophaga_granulosa",0.794,0.003,0.001,0.045,0.096,0.168,0.001,0.788,0.001,0.453,0.115,0.455,0.001,0.001,0.004,0.001,0.024,0.021,0.013,0.004,0.014,0.015,0.726,0.712,0.001,0.007,0.825,0.046,0.003,0.035,0.841,0.185,0.001,0.183,0.358,0.136,0.002,0.885,0.197,0.868,0.016,0.13,0.001,0.144,0.29,0.23,0.238,0.067,0.178,0.374,0.198,0.053,0.34,0.001,0.027,0.337,0.002,0.124,0.001,0.001,0.115,0.397,0.001,0.59,0.603,0.001,0.005,0.001,0.463,0.001,0.001,0.001,0.001,0.084,0.596,0.726,0.026,0.774,0.056,0.464,0.378,0.05,0.031,0.002,1,0.54,0.017,0.172,0.149,0.044,0.257,0.1,0.001,0.055,0.293,1,0.025,0.001,0.001
"Neisseria_oralis",0.923,0.111,0.001,0.187,0.04,0.04,0.053,0.677,0.89,0.334,0.626,0.339,0.783,0.23,0.112,0.027,0.874,0.774,0.919,0.005,0.032,0.035,0.005,0.542,0.001,0.062,0.952,0.001,0.09,0.001,0.694,0.004,0.072,0.019,0.001,0.443,0.801,0.401,0.002,0.543,0.162,0.027,0.419,0.004,0.141,0.459,0.687,0.124,0.001,0.319,0.043,0.174,0.002,0.001,0.009,0.002,0.009,0.977,0.001,0.001,0.001,0.148,0.001,0.62,0.211,0.001,0.001,0.485,0.938,0.007,0.001,0.001,0.001,0.002,0.001,0.111,0.767,0.252,0.414,0.721,0.661,0.047,0.164,1,1,1,1,1,1,1,1,1,1,1,1,1,1,1,1
"Lactobacillus_ruminis",0.574,0.114,1,0.928,0.035,1,0.082,0.439,0.147,0.695,1,1,1,0.304,1,0.707,1,1,1,0.404,1,1,1,1,1,1,1,1,0.987,1,1,1,0.686,0.012,1,1,0.368,1,1,1,1,0.001,1,1,1,1,1,0.726,0.642,0.187,0.652,0.003,1,1,1,0.866,0.07,1,1,1,0.756,0.063,0.39,0.406,0.609,0.425,0.109,1,1,1,0.512,0.8,1,0.2,0.259,1,1,1,0.584,0.421,0.043,1,1,0.547,1,1,1,1,1,1,1,1,1,1,1,1,1,1,1
"Helicobacter_pylori",0.402,0.377,0.617,0.041,0.912,1,0.01,1,1,0.889,0.47,1,1,0.28,0.001,0.033,0.605,0.344,1,0.8,1,0.261,1,0.596,1,0.334,0.513,1,1,0.545,0.026,0.544,0.094,0.309,0.793,1,1,1,0.301,1,1,0.015,0.009,0.814,1,0.544,0.344,0.744,0.885,0.577,0.751,0.8,1,0.623,1,0.133,0.29,1,0.497,0.001,1,0.001,0.767,1,1,0.063,0.001,0.48,1,1,0.001,0.001,1,0.587,0.37,1,1,1,0.859,0.436,0.246,1,1,1,1,1,1,1,1,1,1,1,1,1,1,1,1,1,1
"Soonwooa_buanensis",0.147,1,0.808,0.202,0.34,0.037,0.001,0.326,0.837,0.115,1,0.462,0.084,1,1,0.241,0.018,1,0.501,1,1,0.532,1,0.002,0.001,1,1,0.001,1,1,0.864,0.075,0.423,0.143,0.623,1,0.675,1,0.015,0.285,0.309,1,1,0.858,0.176,0.578,1,1,0.083,0.711,1,0.395,1,1,1,0.149,0.046,0.251,1,1,0.023,1,1,0.555,1,0.001,0.001,0.886,0.928,1,0.011,0.001,0.051,0.069,0.031,0.786,1,1,0.011,1,1,1,1,1,1,1,1,1,1,1,1,1,1,1,1,1,1,1,1
"Leptotrichia_hongkongensis",0.12,0.143,0.007,0.061,0.057,0.002,0.001,0.001,0.001,0.003,0.051,0.317,0.005,0.157,0.054,0.001,0.765,0.702,0.087,0.288,0.533,0.354,0.001,0.003,0.023,0.084,0.967,0.001,0.028,0.041,0.019,0.312,0.012,0.336,0.05,0.254,0.223,0.718,0.506,0.066,0.025,0.993,0.001,0.122,0.183,0.149,0.007,0.049,0.005,0.539,0.167,0.015,0.001,0.001,0.062,0.011,0.037,0.615,0.001,0.001,0.484,0.55,0.001,0.76,0.05,0.001,0.001,0.56,0.719,0.001,0.003,0.001,0.001,0.053,0.387,0.525,0.165,0.001,0.001,0.002,0.11,0.936,0.638,1,1,1,1,1,1,1,1,1,1,1,1,1,1,1,1
"Gemella_haemolysans",0.275,0.447,0.001,0.361,0.01,0.001,0.001,0.004,0.15,0.001,0.001,0.463,0.004,0.001,0.097,0.675,0.366,0.451,0.054,0.315,0.249,0.157,0.512,0.04,0.001,1,0.514,0.082,0.104,0.64,0.001,0.003,0.449,0.005,0.093,0.56,0.184,0.057,0.04,0.003,0.001,0.12,0.016,0.654,0.205,0.843,0.155,0.026,0.001,0.284,0.21,0.028,0.952,0.001,0.012,0.001,0.001,0.018,0.001,0.001,0.001,0.007,0.001,0.222,0.632,0.001,0.001,0.417,0.015,0.184,0.001,0.001,0.001,0.001,0.001,0.595,0.059,0.122,0.015,0.043,0.956,0.053,0.014,0.001,0.275,0.135,0.035,0.198,0.362,0.364,0.294,0.001,0.001,0.001,0.638,0.001,0.001,0.257,0.001
"Gemella_palaticanis",0.483,0.262,0.779,0.374,0.318,1,0.01,1,0.617,0.98,1,0.212,0.269,0.001,0.517,0.309,0.168,1,1,0.191,0.217,0.007,0.055,0.3,0.203,1,0.045,0.231,0.045,0.601,0.177,0.609,0.052,0.193,0.913,1,0.025,1,0.088,0.424,0.374,0.766,0.342,0.684,0.72,0.94,0.29,0.141,0.002,0.001,0.028,0.392,1,0.089,1,0.28,0.369,0.85,1,0.569,1,0.71,0.001,1,0.621,0.001,0.001,0.365,0.344,0.118,0.001,0.001,0.821,0.279,0.468,0.504,1,1,0.159,0.011,0.959,0.603,0.578,1,1,1,1,1,1,1,1,1,1,1,1,1,1,1,1
"Bacillus_cereus",0.737,0.455,1,0.508,0.505,1,0.575,1,1,0.819,0.799,1,0.363,1,1,0.027,1,1,1,1,0.209,1,1,1,1,1,0.967,0.068,1,0.555,1,0.57,0.305,1,0.488,1,0.224,0.382,1,0.887,0.036,1,0.14,0.659,1,0.039,1,0.658,1,0.571,1,1,0.798,1,0.001,0.532,0.17,1,1,0.617,0.059,0.726,0.991,0.848,1,0.654,0.001,0.576,1,0.415,1,0.676,0.25,0.883,0.791,1,1,1,0.021,0.803,0.972,0.212,1,1,1,1,1,1,1,1,1,1,1,1,1,1,1,1,1
"Slackia_exigua",0.039,0.074,0.002,0.016,0.094,0.433,0.001,0.002,0.003,0.001,0.095,0.451,0.191,0.006,0.051,0.001,0.592,0.072,0.341,0.001,0.226,0.001,0.152,0.003,0.174,0.09,0.001,0.542,0.002,0.001,0.15,0.205,0.036,0.427,0.021,0.299,0.024,0.702,0.129,0.005,0.104,0.236,0.196,0.202,0.833,0.436,0.481,0.001,0.001,0.526,0.202,0.013,0.521,0.726,0.781,0.028,0.015,0.967,0.003,0.001,0.001,0.042,0.001,0.452,0.139,0.001,0.001,0.106,0.135,0.003,0.004,0.001,0.716,0.024,0.004,0.578,0.08,0.972,0.001,0.119,0.134,0.423,0.384,0.286,1,1,1,1,0.001,0.679,0.252,0.202,1,1,0.6,1,0.078,0.001,0.001
"Actinomyces_viscosus",0.043,0.611,0.295,0.531,0.289,0.063,0.001,0.806,0.552,0.062,0.373,0.175,0.033,0.012,0.072,0.034,0.128,0.156,0.016,0.605,1,0.083,0.205,0.055,0.045,1,0.478,0.738,0.033,0.001,0.142,0.743,0.1,0.084,0.034,0.816,0.214,0.31,0.182,0.649,0.007,0.145,0.567,0.158,0.736,0.657,0.012,0.188,0.576,0.693,0.128,0.188,1,0.022,0.962,0.029,0.001,0.478,0.001,0.001,0.774,0.305,0.004,0.566,0.492,0.007,0.005,0.245,0.127,0.9,0.122,0.002,0.006,0.059,0.751,0.002,0.5,0.286,0.873,0.526,0.348,0.355,0.951,0.004,0.844,0.354,1,0.516,0.079,0.025,1,0.145,0.433,0.701,0.004,1,0.001,0.738,0.349
"Streptococcus_oralis",0.007,0.001,0.006,0.21,0.024,0.776,0.001,0.001,0.367,0.215,0.333,0.56,0.001,0.001,0.005,0.002,0.408,0.045,0.001,0.231,0.824,0.129,0.003,0.16,0.018,0.259,0.692,0.045,0.002,0.023,0.001,0.015,0.895,0.021,0.497,0.497,0.604,0.098,0.006,0.004,0.327,0.008,0.028,0.603,0.39,0.44,0.033,0.002,0.63,0.764,0.198,0.429,0.111,0.001,0.168,0.001,0.003,0.059,0.001,0.001,0.995,0.078,0.001,0.216,0.054,0.001,0.001,0.139,0.036,0.059,0.001,0.001,0.287,0.004,0.008,0.261,0.255,0.77,0.001,0.075,0.052,0.562,0.001,0.001,0.151,0.313,0.191,0.117,0.433,0.001,0.347,0.027,0.001,0.001,0.396,0.001,0.001,0.001,0.001
"Desulfovibrio_fairfieldensis",0.25,0.71,1,0.015,0.233,1,0.029,0.491,0.619,0.796,0.903,0.024,0.552,0.477,0.109,0.421,0.85,1,1,0.003,0.547,0.707,0.533,0.231,1,1,0.155,0.135,0.518,0.033,1,0.628,0.876,0.972,0.731,0.808,0.007,1,0.658,0.002,1,0.007,1,0.184,0.51,0.447,0.167,0.526,0.737,0.001,0.355,0.584,0.362,0.964,1,0.736,0.095,0.152,0.275,0.407,1,0.878,0.388,0.07,0.001,0.769,0.001,1,1,0.007,0.08,0.087,1,0.633,0.037,1,0.275,0.176,0.241,0.969,0.454,0.628,0.316,1,1,1,1,1,1,1,1,1,1,1,1,1,1,1,1
"Prevotella_multisaccharivorax",0.13,0.561,1,0.309,0.438,0.157,0.653,0.569,0.085,0.019,0.657,0.784,0.163,1,0.327,0.512,1,0.521,1,0.19,0.66,0.001,0.929,0.094,0.613,1,0.976,1,0.121,1,0.046,0.01,0.52,0.113,0.91,1,0.596,1,0.089,0.652,0.596,0.141,0.776,0.227,0.497,0.162,1,0.456,0.252,0.212,0.258,0.619,0.487,1,1,1,1,0.357,0.737,0.098,1,0.38,0.013,0.09,0.706,0.756,0.104,1,0.685,0.201,0.101,0.099,0.159,0.221,0.89,1,0.314,0.549,0.002,0.308,0.907,0.604,0.512,0.49,1,1,1,1,0.592,1,1,1,1,1,0.432,1,1,0.001,0.001
"Streptococcus_sinensis",0.673,0.471,0.053,0.002,0.353,0.004,0.001,0.741,0.588,0.061,0.267,0.622,0.197,1,0.063,0.159,0.315,1,0.156,1,1,0.018,1,1,0.001,1,1,0.497,1,0.247,0.732,0.07,0.55,0.254,0.117,1,0.095,0.943,0.012,0.394,0.271,1,1,0.613,0.097,0.11,0.153,0.271,0.114,0.099,0.218,0.044,1,1,0.025,0.405,0.024,0.177,0.048,0.001,1,1,0.084,0.688,0.435,0.089,0.051,0.49,0.936,0.001,0.002,0.001,0.351,0.001,0.223,0.015,1,1,0.094,1,1,0.923,0.746,0.356,1,0.325,1,1,0.496,0.174,0.406,1,1,0.107,0.161,1,0.349,0.537,0.001
"Gemella_cuniculi",0.031,1,0.52,0.62,0.927,1,0.153,1,1,0.425,1,0.411,1,0.044,0.428,0.134,0.425,1,1,0.601,1,0.958,1,0.91,0.628,1,0.1,1,1,0.947,1,0.331,0.162,0.221,0.16,0.609,0.09,1,1,1,0.576,0.965,0.67,0.486,0.943,0.095,0.893,0.077,0.661,0.075,1,1,1,1,1,0.308,0.659,1,1,1,1,0.259,0.389,1,1,0.001,0.009,0.903,0.381,1,0.001,0.001,1,0.911,0.865,0.411,0.824,0.307,0.066,0.004,0.986,1,1,1,1,1,1,1,1,1,1,1,1,1,1,1,1,1,1
"Desulfobulbus_propionicus",0.013,0.271,0.039,0.171,0.029,0.107,0.188,1,1,0.145,0.475,0.064,0.783,0.016,0.146,0.102,0.352,0.828,0.928,0.762,0.096,0.226,1,0.584,1,1,0.685,1,0.537,0.009,1,1,0.812,0.408,0.006,1,0.017,1,1,0.197,0.011,0.164,0.959,0.092,0.972,1,0.565,0.65,0.201,0.082,0.529,0.036,1,1,1,0.303,0.843,1,0.001,0.001,1,0.244,0.617,1,0.052,0.001,0.002,0.498,1,0.958,0.061,0.001,1,0.12,0.002,1,0.513,1,0.434,0.08,1,1,0.633,1,1,1,1,1,1,1,1,1,1,1,1,1,1,1,1
"Cardiobacterium_valvarum",0.371,0.222,0.878,0.001,0.06,0.014,0.001,0.825,0.006,0.008,0.456,0.223,0.001,0.009,0.22,0.001,0.09,0.794,0.915,0.008,0.008,0.1,0.001,0.967,0.001,0.01,0.643,0.028,0.969,0.021,0.01,0.444,0.002,0.149,0.054,0.739,0.165,0.909,0.024,0.001,0.027,0.045,0.003,0.002,0.003,0.226,0.834,0.204,0.189,0.868,0.132,0.014,0.003,0.004,0.029,0.024,0.001,0.266,0.004,0.001,0.001,0.007,0.007,0.344,0.173,0.001,0.001,0.773,0.345,0.005,0.001,0.001,0.001,0.326,0.001,0.362,0.667,0.86,0.026,0.15,0.922,0.107,0.69,0.55,1,1,0.108,0.31,0.034,0.251,1,0.024,0.167,1,0.057,1,0.038,0.011,0.026
"Corynebacterium_tuberculostearicum",0.153,0.001,1,1,0.005,1,0.903,1,1,1,0.973,1,1,0.483,1,1,1,1,1,1,1,0.395,1,1,1,1,1,1,0.794,0.274,1,1,1,0.081,0.044,0.909,0.33,0.842,0.643,0.196,0.268,1,1,1,1,1,1,0.461,1,1,1,1,1,0.162,1,0.003,0.001,1,0.675,0.868,0.535,0.678,0.555,1,0.751,0.011,0.204,1,1,0.444,0.703,0.548,1,0.513,0.512,0.045,1,0.013,0.912,1,1,1,1,1,1,1,1,1,1,1,1,1,1,1,1,1,1,1,1
"Prevotella_pleuritidis",0.806,0.03,0.034,0.025,0.55,0.037,0.005,0.008,0.024,0.251,0.297,0.351,0.144,0.001,0.001,0.705,0.172,0.722,0.05,0.004,0.08,0.036,0.175,0.829,0.337,0.182,0.276,0.065,0.77,0.004,0.058,0.004,0.431,0.046,0.001,0.604,0.009,0.801,0.023,0.462,0.053,0.001,0.027,0.288,0.595,0.609,0.098,0.088,0.002,0.07,0.231,0.117,0.233,0.023,0.51,0.805,0.711,0.659,0.004,0.001,1,0.031,0.001,0.437,0.102,0.001,0.001,0.367,0.028,0.001,0.005,0.004,0.16,0.826,0.1,0.89,0.381,0.433,0.008,0.005,0.704,0.247,0.3,0.001,0.394,0.061,0.216,0.108,0.903,0.005,0.212,0.119,0.692,0.001,0.018,1,0.001,0.001,0.001
"Corynebacterium_argentoratense",0.708,1,1,0.928,0.037,0.276,0.485,0.395,0.443,0.016,0.389,0.417,0.501,0.268,1,1,0.836,1,0.128,1,1,0.916,1,1,0.258,1,1,1,1,0.287,1,0.208,0.365,0.076,1,0.385,0.335,0.153,0.266,0.426,0.68,1,1,0.26,0.306,0.295,1,0.372,0.53,1,1,0.465,1,0.873,1,1,1,0.752,0.777,0.308,1,1,0.886,1,1,0.079,0.834,1,1,1,0.408,0.33,1,0.042,1,0.992,1,1,0.094,0.59,0.719,0.875,0.653,0.362,1,1,1,1,0.553,0.004,0.23,0.684,0.027,1,1,1,1,1,0.472
"Howardella_ureilytica",0.051,0.701,0.435,0.494,0.443,0.821,0.001,0.006,0.017,0.015,0.242,0.3,0.486,0.006,0.58,0.341,0.13,0.313,0.648,0.094,0.093,0.05,0.001,0.104,0.896,1,0.035,0.97,0.027,0.096,0.001,0.001,0.846,0.132,0.829,0.892,0.002,0.201,0.265,0.358,0.029,0.01,0.952,0.185,0.206,0.825,0.001,0.053,0.351,0.013,0.096,0.007,1,0.066,1,0.349,0.596,0.174,1,0.066,0.733,0.386,0.013,0.005,0.705,0.001,0.001,0.441,0.597,0.06,0.005,0.001,0.001,0.489,0.001,0.38,0.095,0.079,0.001,0.852,0.047,0.185,1,1,1,1,1,1,1,1,1,1,1,1,1,1,1,1,1
"Snodgrassella_alvi",0.257,0.241,0.003,0.104,0.17,0.513,0.201,1,1,0.005,0.531,0.227,0.239,0.011,0.577,0.082,0.997,0.739,1,0.173,0.636,0.39,0.311,0.954,0.472,1,1,0.127,0.758,0.305,0.108,0.291,0.333,0.702,0.969,0.632,0.268,0.274,0.647,0.657,1,0.941,0.563,0.194,1,0.619,0.788,0.739,0.597,0.003,0.355,1,1,0.029,1,0.231,0.49,1,0.002,0.001,0.615,0.101,0.552,0.629,1,0.002,0.094,0.722,1,0.133,0.006,0.019,0.032,0.672,0.072,0.211,0.245,1,0.174,0.983,0.238,0.818,0.898,1,1,1,1,1,1,1,1,1,1,1,1,1,1,1,1
"Clostridium_hathewayi",0.191,1,1,0.004,0.223,1,0.376,0.925,1,0.488,1,0.44,1,1,0.301,0.396,0.671,1,1,0.168,0.785,0.325,0.564,1,1,1,1,0.544,0.062,0.416,1,0.254,0.97,0.008,1,1,0.735,1,0.813,1,1,0.935,1,0.117,1,0.047,1,0.001,1,1,0.719,0.065,1,1,1,0.805,0.227,1,1,1,0.044,1,0.273,0.014,0.048,0.106,0.702,0.151,0.751,0.648,0.528,0.563,0.022,0.558,0.121,1,0.276,1,0.381,1,1,0.008,1,1,1,1,1,1,1,1,1,1,1,1,1,1,1,1,1
"Propionibacterium_acidifaciens",0.856,0.306,0.055,0.154,0.477,0.002,0.001,0.333,0.007,0.311,0.552,0.865,0.243,0.737,0.847,0.01,1,0.133,1,0.559,0.875,0.973,1,0.794,0.175,1,0.41,0.657,1,1,0.302,0.379,0.651,0.746,0.108,1,0.018,1,0.214,0.696,0.33,0.023,1,0.738,1,1,0.824,0.289,0.152,0.851,1,1,1,0.783,1,0.381,0.74,0.542,0.307,0.001,0.244,1,0.003,1,0.362,0.001,0.009,0.308,0.265,1,0.895,0.883,0.001,0.685,0.426,0.333,0.342,0.548,0.001,0.001,0.684,1,0.411,0.815,1,0.758,1,0.671,0.885,0.796,0.131,0.213,1,0.064,0.838,1,0.006,0.001,0.001
"Gardnerella_vaginalis",0.143,1,1,1,0.046,1,0.698,0.969,0.975,0.041,0.695,0.251,1,0.487,1,0.027,1,1,0.34,0.323,0.603,0.141,0.781,0.294,1,0.095,1,0.272,0.745,0.782,0.3,0.936,1,0.949,1,1,0.933,0.102,0.759,0.983,1,0.778,1,0.249,0.658,1,1,0.187,0.664,0.295,0.793,0.085,1,0.685,1,1,1,0.918,1,1,0.217,1,0.504,1,1,0.87,0.548,1,0.563,0.229,0.801,1,0.01,0.527,0.253,0.577,0.343,0.325,0.113,0.789,0.886,1,1,1,1,1,1,1,1,0.821,1,1,1,1,1,1,1,0.001,0.758
"Parascardovia_denticolens",0.794,0.649,0.565,1,0.669,1,0.001,0.004,0.003,0.141,0.863,0.852,0.036,0.105,0.751,0.288,1,1,0.537,0.819,0.696,0.405,0.004,0.583,1,1,0.051,0.029,0.044,1,0.041,0.247,0.431,0.03,1,1,0.024,0.12,0.008,0.838,0.009,0.519,1,0.149,0.753,0.465,0.855,0.416,0.373,0.255,0.265,0.116,0.001,0.208,1,1,0.047,0.409,0.764,1,1,0.045,0.003,0.709,0.477,0.001,0.001,1,0.232,0.054,0.095,0.534,0.612,0.089,0.001,0.259,0.413,0.469,0.001,0.009,0.023,0.559,1,0.086,1,0.114,1,1,0.032,0.056,1,0.014,1,0.045,0.547,1,0.269,0.001,0.001
"Prevotella_falsenii",0.343,1,0.545,0.648,0.661,1,0.28,1,1,1,1,1,0.913,0.014,1,1,0.044,1,1,0.169,0.897,0.059,1,0.107,1,1,1,1,1,0.028,0.128,0.606,1,1,0.423,1,0.015,1,0.204,1,0.04,0.006,1,0.317,1,0.98,1,0.375,0.037,0.416,1,0.081,1,0.707,1,1,1,1,1,0.96,0.253,1,0.236,0.414,1,0.001,0.045,1,1,1,0.327,0.127,0.26,0.828,0.897,1,1,1,0.01,1,1,1,1,1,1,1,1,1,1,1,1,1,1,1,1,1,1,1,1
"Streptobacillus_moniliformis",0.169,0.755,0.001,0.173,0.675,0.293,0.002,0.197,0.327,0.05,0.432,0.24,0.605,0.381,0.024,0.137,0.605,0.619,0.009,0.001,0.566,0.03,0.918,0.606,0.421,0.129,0.338,0.076,0.157,0.001,0.318,0.25,0.973,0.442,0.001,0.036,0.001,0.824,0.225,0.426,0.029,0.001,0.354,0.858,0.745,0.399,0.253,0.566,0.119,0.04,0.934,0.008,0.415,0.512,0.313,0.102,0.117,0.224,0.177,0.017,0.003,0.153,0.016,0.51,0.946,0.001,0.001,0.392,0.083,0.095,0.033,0.024,0.001,0.216,0.172,0.377,0.283,0.467,0.151,0.159,0.371,1,0.35,1,1,1,1,1,1,1,1,1,1,1,1,1,1,1,1
"Gemella_bergeri",0.475,1,1,0.661,0.124,0.01,0.018,0.258,0.01,1,0.956,1,1,0.458,1,0.099,1,1,1,0.601,0.614,0.939,0.516,0.599,1,1,0.942,0.637,0.022,0.011,0.029,0.889,0.518,0.087,0.001,0.026,0.653,1,1,0.529,0.257,0.057,1,1,1,1,1,0.773,0.307,0.682,0.4,0.001,1,0.256,1,0.049,0.701,1,1,0.765,1,1,0.731,0.634,1,0.872,0.5,1,1,0.813,0.394,0.614,0.475,0.322,0.69,1,0.168,1,0.09,0.723,1,1,0.072,1,1,1,0.61,1,0.879,0.594,1,1,1,1,0.136,1,1,1,1
"Selenomonas_ruminantium",0.484,0.304,0.002,0.116,0.052,0.003,0.001,0.924,0.956,0.065,0.384,0.852,0.007,0.001,0.986,0.001,0.014,0.453,1,0.162,0.047,0.019,0.02,0.005,0.172,1,0.014,0.61,0.227,0.348,0.213,0.075,0.855,0.179,0.15,1,0.046,0.158,0.37,0.593,0.085,0.321,1,0.136,0.553,0.042,0.987,0.664,0.302,0.805,0.416,0.654,0.023,0.001,1,0.293,0.535,0.929,0.001,0.003,0.289,0.312,0.149,1,0.576,0.001,0.001,0.128,0.215,0.356,0.436,0.269,0.001,0.106,0.001,0.725,0.075,0.524,0.001,0.633,0.624,1,0.844,1,1,1,1,1,1,1,1,1,1,1,1,1,1,1,1
"Eubacterium_sulci",0.03,0.002,0.001,0.501,0.001,0.003,0.001,0.001,0.001,0.093,0.005,0.079,0.001,0.001,0.001,0.103,0.209,0.007,0.501,0.014,0.003,0.094,0.129,0.014,0.001,0.014,0.929,0.215,0.001,0.001,0.005,0.001,0.136,0.001,0.001,0.352,0.581,0.008,0.248,0.019,0.002,0.002,0.009,0.002,0.661,0.035,0.023,0.007,0.014,0.107,0.123,0.138,0.001,0.001,0.001,0.001,0.001,0.189,0.001,0.001,0.001,0.093,0.001,0.033,0.001,0.001,0.001,0.001,0.507,0.037,0.001,0.001,0.021,0.029,0.001,0.001,0.047,0.04,0.001,0.001,0.002,0.09,0.001,0.001,0.006,0.001,0.623,0.001,0.001,0.001,0.001,0.006,0.001,0.001,0.747,0.001,0.001,0.001,0.001
"Veillonella_ratti",0.136,0.004,0.735,1,0.351,0.2,0.045,1,1,1,0.009,1,0.012,0.074,1,1,1,0.61,1,1,1,0.244,1,1,1,1,1,0.101,0.059,1,0.989,0.645,1,0.349,0.375,1,0.706,1,1,0.191,0.467,1,1,1,1,1,1,1,1,1,1,1,1,1,0.066,1,0.877,1,0.002,0.001,1,0.959,0.001,0.865,1,0.271,0.164,1,1,1,1,1,0.062,0.057,0.511,1,0.258,1,0.621,1,1,1,0.347,1,1,1,1,1,1,1,1,1,1,1,1,1,1,1,1
"Desulfobulbus_rhabdoformis",0.007,1,0.111,0.127,0.302,1,0.016,0.873,0.004,0.449,1,0.013,0.044,1,0.901,0.506,0.628,1,0.144,0.011,0.1,0.013,1,0.74,0.099,1,1,0.216,1,0.147,0.562,0.384,0.22,0.133,0.006,1,0.004,0.246,1,1,1,0.018,0.251,0.001,0.501,0.154,1,1,0.002,0.007,0.343,0.045,1,1,1,0.215,0.183,0.774,1,1,1,0.797,0.273,0.786,0.133,0.001,0.001,1,1,1,0.009,0.002,0.489,0.214,0.009,0.986,1,1,0.09,1,1,1,1,1,1,1,1,1,1,1,1,1,1,1,1,1,1,1,1
"Lactobacillus_mucosae",0.897,0.023,1,1,1,0.964,0.001,0.366,1,0.024,1,1,0.01,1,1,0.053,1,1,0.551,0.703,0.108,1,1,1,0.853,1,0.224,0.89,1,1,0.318,1,1,0.095,1,1,0.052,1,0.123,1,1,0.279,0.6,1,0.042,0.017,1,1,0.475,0.681,0.987,0.797,0.529,1,1,0.234,1,1,0.168,0.43,1,0.866,0.855,0.028,1,0.666,0.064,1,0.564,1,0.519,0.439,1,0.501,0.415,0.199,1,1,0.012,0.391,1,1,0.219,0.084,1,1,1,1,0.253,1,1,1,1,1,1,1,1,1,0.008
"Streptococcus_parasanguinis",0.001,0.331,0.003,0.038,0.001,0.001,0.001,0.002,0.255,0.001,0.001,0.346,0.001,0.486,0.027,0.117,0.451,0.003,0.017,0.032,0.647,0.004,0.001,0.003,0.001,0.541,0.347,0.529,0.001,0.002,0.001,0.001,0.225,0.012,0.075,0.234,0.001,0.683,0.453,0.469,0.001,0.001,0.054,0.001,0.033,0.174,0.888,0.125,0.004,0.001,0.006,0.031,0.983,0.169,0.001,0.112,0.038,0.724,0.001,0.001,0.001,0.039,0.001,0.257,0.508,0.001,0.001,0.002,0.002,0.001,0.001,0.001,0.001,0.001,0.001,0.313,0.337,0.443,0.001,0.388,0.696,0.574,0.001,0.001,0.195,0.001,0.516,0.001,0.001,0.001,0.004,0.342,0.001,0.001,0.017,0.001,0.001,0.001,0.001
"Eubacterium_ramulus",0.143,1,1,1,0.125,1,0.379,1,1,0.08,1,1,1,1,0.653,0.865,1,0.081,1,0.68,0.278,0.505,1,1,1,1,1,1,0.66,0.757,1,1,0.182,1,0.623,1,0.834,1,0.014,1,1,0.049,1,0.336,1,0.005,1,1,1,1,1,1,1,1,1,0.035,0.955,1,1,1,0.01,1,0.288,0.002,0.615,0.578,1,1,0.755,1,0.995,1,1,0.086,0.738,1,0.25,0.24,0.923,1,1,0.007,1,1,1,1,1,1,1,1,1,1,1,1,1,1,1,1,1
"Ralstonia_solanacearum",0.114,0.009,0.66,0.849,0.186,1,0.421,1,1,1,0.444,0.525,0.943,0.118,0.361,0.1,1,1,0.71,0.032,0.725,1,1,1,0.366,1,1,0.826,1,0.39,1,1,0.9,0.588,1,1,0.35,1,0.98,1,1,0.675,1,0.204,1,0.91,0.751,1,1,0.67,1,1,0.012,0.001,1,0.001,0.001,0.011,1,1,0.272,0.243,0.808,0.869,0.921,0.001,0.001,0.592,1,1,0.103,0.006,1,0.048,0.053,1,1,1,0.309,1,0.553,1,1,1,1,1,1,1,1,1,1,1,1,1,1,1,1,1,1
"Prevotella_oralis",0.035,0.027,0.218,0.001,0.507,0.78,0.841,0.001,0.106,0.114,0.553,0.44,0.654,0.001,0.029,0.15,0.037,0.1,0.02,0.05,0.018,0.638,0.003,0.666,0.003,1,0.125,0.052,0.001,0.587,0.363,0.001,0.254,0.297,0.007,0.033,0.116,0.869,0.017,0.094,0.185,0.265,0.039,0.857,0.737,0.021,0.289,0.001,0.001,0.022,0.006,0.037,0.401,0.059,0.665,0.899,0.053,0.759,0.006,0.001,0.219,0.433,0.001,0.778,0.006,0.002,0.001,0.314,0.435,0.001,0.01,0.02,0.031,0.983,0.423,0.096,0.06,0.074,0.001,0.071,0.526,0.149,0.206,0.639,1,1,1,1,0.352,0.275,1,0.2,1,1,0.275,1,0.015,0.085,0.503
"Actinomyces_graevenitzii",0.002,0.308,0.03,0.261,0.002,0.001,0.001,0.5,0.001,0.001,0.001,0.569,0.002,0.001,0.019,0.001,0.454,0.002,0.006,0.002,0.925,0.101,0.001,0.018,0.004,0.734,0.463,0.934,0.001,0.001,0.001,0.001,0.027,0.001,0.002,0.483,0.015,0.059,0.001,0.001,0.003,0.001,0.183,0.007,0.571,0.511,0.363,0.01,0.001,0.004,0.03,0.138,0.014,0.001,0.017,0.009,0.085,0.354,0.096,0.001,0.001,0.045,0.001,0.468,0.002,0.001,0.001,0.001,0.397,0.001,0.001,0.001,0.001,0.005,0.001,0.359,0.009,0.968,0.001,0.061,0.883,0.241,0.001,0.001,0.038,0.012,1,0.003,0.005,0.037,0.042,0.262,0.001,0.669,0.006,0.001,0.021,0.001,0.001
"Alloprevotella_rava",0.206,0.172,0.001,0.746,0.871,0.019,0.001,0.001,0.001,0.001,0.199,0.651,0.001,0.026,0.001,0.001,0.178,0.345,0.002,0.001,0.032,0.142,0.012,0.001,0.027,0.044,0.51,0.005,0.623,0.001,0.309,0.002,0.031,0.201,0.17,0.937,0.135,0.072,0.002,0.409,0.628,0.001,0.018,0.402,0.068,0.533,0.695,0.049,0.705,0.148,0.062,0.477,0.15,0.004,0.152,0.425,0.167,0.111,0.001,0.001,0.001,0.242,0.001,0.015,0.024,0.001,0.001,0.075,0.027,0.001,0.001,0.001,0.001,0.001,0.063,0.257,0.689,0.999,0.001,0.08,0.213,0.194,0.001,0.001,0.616,0.032,0.59,0.001,0.001,0.001,0.049,0.287,0.001,0.004,0.321,0.784,0.01,0.001,0.001
"Paraprevotella_clara",0.207,1,0.004,0.62,0.336,1,0.001,1,1,0.016,1,0.197,0.831,0.483,0.025,0.984,0.313,0.016,1,0.711,0.809,0.171,0.955,0.436,0.013,1,1,0.184,0.559,0.016,1,1,0.683,0.016,0.358,0.35,0.1,1,0.996,0.338,0.399,0.776,0.581,0.285,1,0.025,0.15,0.013,0.808,0.107,1,0.884,1,0.005,1,1,1,0.659,1,1,0.678,0.015,0.188,0.065,0.631,0.001,0.001,0.009,0.621,0.234,0.001,0.001,0.72,0.013,0.999,0.842,0.941,0.713,0.921,1,1,0.351,1,1,1,1,1,1,1,1,1,1,1,1,1,1,1,1,1
"Actinobacillus_porcinus",0.002,0.243,0.002,0.165,0.389,1,0.001,0.823,0.223,0.055,0.192,0.019,0.049,0.002,0.127,0.043,0.321,0.454,0.079,0.381,1,0.004,0.073,0.092,0.02,1,0.554,0.261,0.264,0.073,1,1,0.715,0.427,0.944,0.664,0.018,0.642,0.616,0.979,0.592,0.027,0.067,0.001,0.878,0.135,0.67,0.237,0.989,0.058,0.6,0.597,0.616,0.003,0.603,0.192,0.035,0.211,0.01,0.004,0.262,0.139,0.014,0.306,0.965,0.001,0.001,0.242,0.84,0.535,0.002,0.001,0.21,0.001,0.156,0.09,0.059,0.791,0.002,0.665,0.823,0.629,1,1,1,1,1,1,1,1,1,1,1,1,1,1,1,1,1
"Pseudomonas_aeruginosa",0.091,0.002,1,0.209,0.053,0.789,0.476,1,1,0.65,0.79,1,0.726,0.255,1,0.341,0.82,1,1,0.471,1,0.4,1,1,1,1,1,0.009,1,0.606,1,1,1,0.004,0.001,1,0.331,1,1,1,1,0.214,0.064,0.823,1,1,1,0.215,1,0.898,0.796,0.855,0.092,0.251,1,0.186,0.013,1,0.138,0.769,0.14,0.799,0.084,0.765,1,0.061,0.001,0.494,0.815,0.633,0.259,0.491,1,0.886,1,0.71,0.748,0.902,0.073,1,1,1,1,1,1,1,1,1,1,1,1,1,1,1,1,1,1,1,1
"Atopobium_parvulum",0.004,0.312,0.001,0.001,0.001,0.001,0.001,0.001,0.867,0.001,0.006,0.674,0.001,0.001,0.001,0.001,0.37,0.002,0.066,0.001,0.048,0.01,0.001,0.003,0.001,0.023,0.536,0.012,0.022,0.001,0.003,0.001,0.02,0.001,0.004,0.009,0.001,0.005,0.001,0.001,0.001,0.001,0.056,0.001,0.243,0.01,0.392,0.004,0.001,0.004,0.001,0.253,0.001,0.001,0.004,0.001,0.158,0.227,0.001,0.001,0.001,0.022,0.001,0.639,0.007,0.001,0.001,0.001,0.077,0.001,0.848,0.001,0.001,0.001,0.001,0.106,0.02,0.119,0.001,0.023,0.17,0.047,0.001,0.001,0.024,0.051,0.606,0.006,0.001,0.001,0.002,0.102,0.001,0.001,0.001,0.001,0.001,0.001,0.001
"Stenotrophomonas_maltophilia",0.422,0.927,0.464,0.32,0.041,0.697,0.139,0.09,0.211,0.341,0.952,1,1,1,0.375,0.456,0.466,1,0.921,0.605,0.475,0.559,0.865,0.16,0.816,0.5,1,0.469,1,0.082,0.682,1,1,0.001,1,0.535,0.356,0.915,0.079,1,0.555,0.223,0.025,0.68,0.043,0.002,0.688,0.879,1,0.786,0.925,0.864,0.021,0.017,0.001,0.004,0.001,1,0.273,0.012,0.596,0.808,0.144,0.544,0.682,0.001,0.001,0.922,1,1,0.71,0.422,0.38,0.968,0.502,0.796,0.04,0.888,0.364,0.392,1,1,1,0.328,1,1,1,1,1,1,1,1,1,1,1,1,1,1,1
"Anaerovorax_odorimutans",0.74,0.074,1,0.772,0.07,0.351,0.016,1,1,0.003,1,0.323,0.037,0.665,1,0.001,0.076,0.067,0.176,0.666,0.947,0.427,0.334,0.099,0.212,1,1,0.133,0.393,0.001,0.103,0.177,0.892,0.318,0.466,0.945,0.003,1,0.65,1,0.725,0.727,0.137,0.771,0.014,0.428,1,0.482,0.721,0.62,0.361,1,0.934,0.025,1,0.003,0.068,1,0.01,0.365,0.717,0.729,0.092,0.455,0.86,0.468,0.296,0.046,0.077,0.005,0.063,0.005,0.164,0.04,0.558,0.696,1,1,0.001,1,0.663,1,0.8,1,1,1,1,1,1,1,1,1,1,1,1,1,1,1,1
"Megamonas_funiformis",0.573,0.216,1,0.279,0.725,1,1,1,1,0.468,1,1,1,1,0.212,0.671,1,1,1,0.602,0.461,1,1,1,1,1,1,1,0.179,1,1,1,0.274,0.952,1,1,0.545,1,0.024,1,1,0.042,1,0.958,1,1,1,1,1,0.426,1,1,0.311,1,1,0.12,0.092,1,1,1,1,1,0.911,0.099,0.883,1,1,1,1,1,0.636,0.947,1,0.911,0.239,1,0.523,0.456,0.949,1,1,0.059,1,0.615,1,1,1,1,1,1,1,1,1,1,1,1,1,1,1
"Pasteurella_pneumotropica",0.979,0.079,0.486,0.981,0.712,1,0.436,0.387,0.008,0.557,1,0.608,0.704,0.438,0.438,0.36,0.98,1,0.259,0.375,0.942,0.291,0.001,0.058,0.004,0.705,0.151,0.188,0.695,0.001,1,0.508,0.422,0.169,0.428,0.098,0.593,1,0.705,0.673,0.626,0.244,0.265,0.199,0.037,0.118,0.171,0.379,0.079,0.494,0.159,0.146,0.008,0.001,1,0.292,0.055,0.799,1,1,0.001,0.033,0.001,0.743,0.983,0.001,0.006,0.015,0.247,0.464,0.017,0.002,0.441,0.184,0.159,1,0.193,0.827,0.217,0.395,0.508,0.906,1,1,1,1,1,1,1,1,1,1,1,1,1,1,1,1,1
"Treponema_amylovorum",0.483,0.012,0.393,0.115,0.445,0.001,0.001,0.912,0.53,0.079,0.421,0.219,0.194,0.007,0.173,0.906,0.02,0.68,0.978,0.001,0.002,0.001,0.001,0.136,0.164,0.043,0.936,0.052,0.144,0.001,0.979,0.143,0.367,0.874,0.321,0.74,0.001,0.225,0.011,0.005,0.027,0.001,0.025,0.004,0.665,0.5,0.212,0.318,0.063,0.001,0.034,0.011,0.854,0.314,0.043,0.826,0.24,0.88,0.001,0.001,0.324,0.318,0.001,0.475,0.003,0.001,0.001,0.043,0.029,0.001,0.005,0.001,0.215,0.738,0.006,0.58,0.228,0.698,0.589,0.147,0.349,0.389,0.856,1,1,1,1,1,1,1,1,1,1,1,1,1,1,1,1
"Prevotella_nanceiensis",0.002,0.004,0.001,0.265,0.001,0.001,0.001,0.001,0.001,0.008,0.516,0.755,0.001,0.001,0.001,0.001,0.11,0.023,0.016,0.001,0.223,0.002,0.001,0.141,0.001,0.257,0.158,0.027,0.001,0.001,0.001,0.001,0.219,0.083,0.696,0.309,0.001,0.032,0.097,0.002,0.003,0.195,0.027,0.001,0.387,0.123,0.11,0.002,0.001,0.003,0.124,0.144,0.519,0.001,0.299,0.032,0.001,0.156,0.001,0.001,0.001,0.039,0.001,0.073,0.1,0.001,0.001,0.001,0.003,0.001,0.001,0.001,0.001,0.001,0.001,0.345,0.003,0.001,0.001,0.004,0.017,0.122,0.028,1,1,1,1,1,1,1,1,1,1,1,1,1,1,1,1
"Wolinella_succinogenes",0.146,1,1,0.713,0.504,0.003,0.044,1,1,0.099,0.597,0.006,0.649,0.006,0.163,0.032,0.007,1,0.205,0.001,0.255,0.879,0.014,0.142,1,1,0.654,0.751,0.89,1,0.78,0.431,0.584,0.823,0.926,0.604,0.461,1,0.029,1,1,0.001,0.089,0.002,0.535,0.314,0.298,0.603,0.033,0.001,0.217,0.365,0.094,0.343,0.134,0.326,0.04,1,0.107,0.001,1,1,0.093,1,0.004,0.006,0.001,0.798,1,0.028,0.157,0.045,0.083,0.294,0.007,1,0.191,0.821,0.974,1,1,1,1,1,1,1,1,1,1,1,1,1,1,1,1,1,1,1,1
"Lactobacillus_frumenti",0.554,0.959,0.088,1,1,0.003,0.005,0.002,0.001,0.392,0.854,1,1,1,1,1,1,0.851,1,1,1,0.002,1,1,1,1,1,1,1,1,0.325,0.493,0.512,0.333,1,1,0.616,1,0.008,0.737,0.002,1,1,1,1,0.056,1,1,1,1,0.029,1,1,1,1,1,1,1,0.018,0.007,1,1,1,0.071,1,0.069,0.013,1,1,1,0.874,0.752,0.307,1,0.231,1,1,1,0.231,0.119,1,1,0.488,1,1,1,1,1,1,1,1,1,1,1,1,1,1,1,1
"Shuttleworthia_satelles",0.071,0.965,0.646,0.005,0.615,0.014,0.001,0.012,0.005,0.001,0.71,0.825,0.689,0.002,0.01,0.04,0.552,0.227,0.214,0.249,0.074,0.056,0.001,0.989,0.669,1,0.001,0.205,0.16,0.001,0.009,0.102,0.883,0.946,0.001,0.472,0.019,0.028,0.013,0.026,0.408,0.069,0.044,0.018,0.31,0.244,0.355,0.054,0.078,0.198,0.226,0.065,0.034,0.553,0.416,0.608,0.021,0.125,0.022,0.001,0.039,0.229,0.133,0.546,0.002,0.001,0.001,0.427,0.359,0.001,0.001,0.002,0.002,0.177,0.003,0.456,0.25,0.181,0.001,0.036,0.014,0.062,0.907,0.027,1,1,1,1,0.776,0.33,1,0.518,1,1,0.138,1,0.002,0.025,0.001
"Treponema_lecithinolyticum",0.318,0.093,0.325,0.008,0.002,0.455,0.002,0.205,0.372,0.091,0.025,0.127,0.08,0.001,0.16,0.019,0.008,0.547,0.082,0.001,0.002,0.001,0.001,0.631,0.292,0.269,0.229,0.014,0.072,0.007,0.004,0.327,0.037,0.116,0.72,0.14,0.001,0.496,0.008,0.109,0.76,0.001,0.066,0.001,0.717,0.844,0.04,0.108,0.001,0.001,0.034,0.011,1,0.376,0.225,0.056,0.001,0.414,0.001,0.001,0.572,0.046,0.001,0.643,0.001,0.001,0.001,0.93,0.023,0.001,0.001,0.004,0.08,0.296,0.001,0.382,0.115,0.819,0.105,0.025,0.176,0.569,0.831,0.278,1,1,1,1,0.305,0.011,0.228,0.204,0.915,0.001,0.541,0.415,0.03,0.204,0.001
"Neisseria_macacae",0.745,0.586,0.901,0.589,0.283,1,0.122,0.974,0.671,0.363,0.455,0.625,0.723,1,1,1,0.386,0.075,0.828,1,1,0.222,1,0.964,0.011,1,1,0.262,1,1,0.984,0.014,0.908,0.52,1,1,0.201,1,0.72,0.833,0.871,1,1,0.161,0.236,0.357,1,1,0.721,0.811,0.221,1,1,1,1,0.82,0.195,0.505,0.063,0.001,1,1,0.007,0.716,1,0.05,0.046,0.455,1,1,0.001,0.171,0.232,0.563,0.08,1,1,1,0.899,1,1,1,1,0.029,0.125,0.859,0.003,0.047,0.231,0.025,0.016,0.746,0.001,0.004,0.695,0.001,0.329,0.505,0.003
"Moraxella_osloensis",0.405,0.002,1,0.306,0.213,1,0.713,0.393,0.827,0.45,0.834,1,1,1,1,0.847,0.796,0.562,1,1,1,0.279,1,0.249,0.681,1,1,1,1,0.828,1,0.053,0.505,0.099,0.976,1,0.095,1,1,1,1,0.983,0.974,0.837,0.047,0.01,1,1,1,1,1,1,0.807,0.815,0.001,0.019,0.001,1,0.129,0.075,1,0.822,0.836,0.424,0.904,0.936,0.43,0.536,1,0.23,0.544,0.327,1,0.231,0.045,0.974,1,1,0.235,1,0.329,1,1,0.941,1,1,1,1,1,1,1,1,1,1,1,1,1,1,0.849
"Streptococcus_intermedius",0.399,0.42,0.318,0.492,0.621,0.001,0.001,0.001,0.001,0.26,0.59,0.21,0.094,0.001,0.071,0.357,0.377,0.262,0.584,0.188,0.849,0.926,0.519,0.533,0.787,1,0.017,0.703,0.005,0.001,0.096,0.194,0.03,0.835,0.01,0.455,0.444,0.567,0.364,0.045,0.072,0.913,0.106,0.236,0.031,0.562,0.814,0.251,0.002,0.232,0.408,0.032,0.212,0.334,0.115,0.345,0.183,1,0.001,0.001,0.358,0.146,0.001,0.111,0.688,0.001,0.001,0.053,0.253,0.009,0.001,0.001,0.022,0.912,0.143,0.106,0.42,0.038,0.001,0.036,0.543,0.2,0.365,1,1,1,1,1,1,1,1,1,1,1,1,1,1,1,1
"Treponema_socranskii",0.003,0.117,0.101,0.001,0.007,0.002,0.002,1,0.548,0.02,0.009,0.505,0.14,0.002,0.008,0.412,0.135,0.095,0.032,0.001,0.001,0.001,0.001,0.001,0.302,0.001,0.15,0.073,0.004,0.002,0.001,0.193,0.01,0.982,0.001,0.389,0.001,0.983,0.001,0.001,0.627,0.001,0.001,0.002,0.575,0.362,0.516,0.012,0.001,0.001,0.054,0.001,0.271,0.009,0.037,0.137,0.031,0.04,0.001,0.001,0.24,0.018,0.001,0.276,0.013,0.001,0.001,0.002,0.632,0.001,0.001,0.001,0.001,0.83,0.004,0.312,0.039,0.069,0.001,0.001,0.437,0.967,0.495,0.056,1,0.326,1,0.247,0.017,0.004,0.272,0.204,1,0.105,0.169,1,0.105,0.003,0.001
"Pyramidobacter_piscolens",0.53,0.317,1,0.337,0.671,1,0.454,0.982,0.84,0.422,1,0.537,0.046,1,0.029,0.495,0.236,1,1,0.067,0.232,0.049,0.542,1,1,1,0.054,0.413,0.29,1,0.501,0.527,0.762,0.704,0.786,1,0.825,1,0.005,0.421,0.516,0.002,0.452,0.07,0.704,0.892,0.225,0.812,0.68,0.15,0.379,1,0.014,1,1,1,0.052,1,0.001,0.017,0.489,0.285,0.302,0.929,0.157,0.068,0.001,1,1,0.032,0.427,0.079,1,0.749,0.046,0.174,0.34,1,0.001,0.164,0.544,0.448,1,0.78,1,1,1,1,0.292,1,1,1,1,1,0.28,1,1,1,0.004
"Dialister_pneumosintes",0.051,0.086,0.237,0.093,0.317,0.001,0.263,0.037,0.006,0.642,0.305,0.664,0.086,0.002,0.009,0.012,0.308,0.241,0.351,0.003,0.086,0.505,0.001,0.003,0.818,0.11,0.296,0.039,0.029,0.005,0.001,0.247,0.156,0.484,0.169,0.562,0.001,0.722,0.001,0.001,0.036,0.002,0.035,0.136,0.062,0.95,0.494,0.001,0.001,0.003,0.991,0.004,0.052,0.908,0.022,0.303,0.032,0.112,0.001,0.001,0.993,0.086,0.001,0.12,0.038,0.001,0.001,0.839,0.781,0.001,0.001,0.001,0.021,0.235,0.002,0.036,0.171,0.49,0.001,0.003,0.877,0.337,0.448,0.001,1,0.403,1,0.345,0.287,0.001,0.231,0.213,0.532,0.02,0.268,0.338,0.002,0.277,0.001
"Selenomonas_flueggei",0.05,0.151,0.103,0.006,0.392,0.106,0.001,0.002,0.319,0.001,0.306,0.538,0.002,0.001,0.004,0.003,0.24,0.27,0.031,0.192,0.032,0.001,0.004,0.6,0.033,1,0.025,0.23,0.888,0.097,0.035,0.009,0.131,0.779,0.673,0.855,0.014,0.257,0.016,0.014,0.004,0.171,0.13,0.143,0.721,0.108,0.923,0.03,0.285,0.768,0.129,0.242,0.903,0.013,1,0.192,0.175,0.497,0.001,0.001,0.764,0.059,0.001,0.82,0.237,0.001,0.001,0.018,0.87,0.002,0.007,0.022,0.001,0.481,0.015,0.007,0.016,0.07,0.001,0.501,0.039,0.611,1,0.001,0.078,0.004,1,1,0.013,0.001,0.021,0.236,0.001,0.001,0.472,0.057,0.004,0.001,0.001
"Peptostreptococcus_stomatis",0.229,0.01,0.001,0.033,0.001,0.002,0.236,0.001,0.001,0.001,0.033,0.114,0.001,0.001,0.026,0.001,0.03,0.005,0.112,0.064,0.022,0.005,0.001,0.001,0.001,0.022,0.059,0.913,0.154,0.009,0.001,0.044,0.068,0.013,0.001,0.352,0.02,0.136,0.174,0.025,0.003,0.001,0.001,0.253,0.007,0.374,0.059,0.003,0.037,0.023,0.19,0.158,0.001,0.001,0.412,0.001,0.001,0.004,0.001,0.001,0.001,0.036,0.001,0.002,0.008,0.001,0.001,0.006,0.104,0.001,0.001,0.001,0.001,0.487,0.001,0.018,0.001,0.001,0.001,0.014,0.008,0.282,0.001,0.001,1,0.105,0.589,0.359,0.876,0.014,0.057,0.68,1,0.013,0.008,0.667,0.001,0.029,0.002
"Lactobacillus_reuteri",0.536,0.867,0.001,0.252,0.556,1,0.001,0.001,0.023,0.024,1,0.942,0.26,0.001,0.754,0.584,0.432,1,0.078,0.753,0.16,0.004,0.001,0.153,0.249,1,0.131,0.918,0.11,0.325,0.036,0.028,0.506,0.133,0.513,0.452,0.337,0.065,0.029,0.529,0.001,0.205,0.527,0.857,0.007,0.026,0.007,0.356,0.127,0.295,0.118,0.002,1,0.042,1,0.253,0.032,0.78,1,1,0.327,0.752,0.001,0.039,1,0.001,0.001,1,0.28,0.002,0.355,0.178,0.002,0.054,0.001,0.081,0.076,0.401,0.004,0.001,0.037,0.091,0.453,1,1,1,1,1,0.719,1,1,1,1,1,1,1,1,1,1
"Butyrivibrio_fibrisolvens",0.177,0.221,0.211,0.353,0.178,0.001,0.254,0.813,0.862,0.178,0.112,0.231,0.104,0.243,0.241,0.566,0.198,0.051,0.455,0.056,0.682,0.183,0.908,0.117,0.541,1,1,0.384,0.045,0.193,0.524,0.645,0.238,0.443,0.839,0.09,0.001,0.947,0.286,0.063,0.024,0.02,0.649,0.495,0.307,0.06,0.61,0.041,0.212,0.061,0.341,0.79,1,0.935,0.141,0.074,0.085,0.759,0.008,0.001,0.001,0.828,0.001,0.506,0.62,0.001,0.001,0.419,0.497,0.773,0.007,0.002,0.117,0.852,0.008,0.089,0.696,0.619,0.013,0.058,0.182,0.481,0.11,1,1,1,1,1,1,1,1,1,1,1,1,1,1,1,1
"Mycoplasma_salivarium",0.62,0.269,0.041,0.635,0.132,0.54,0.97,0.328,0.032,0.832,0.203,0.801,0.056,0.006,0.043,0.521,0.256,0.837,0.674,0.049,0.006,0.322,1,0.001,0.272,0.107,0.002,0.183,0.138,0.282,0.495,0.056,0.353,0.525,0.001,0.507,0.363,0.959,0.379,0.048,0.199,1,0.106,0.078,0.751,0.83,0.55,0.226,0.083,0.145,0.006,0.018,1,0.957,0.804,1,1,0.438,0.011,0.001,1,0.654,0.002,0.542,0.521,0.008,0.892,0.812,0.096,0.001,0.114,0.009,0.231,0.438,0.024,0.159,0.791,0.523,0.56,0.001,0.528,0.943,0.395,1,1,1,1,1,1,1,1,1,1,1,1,1,1,1,1
"Mobiluncus_curtisii",0.248,0.706,0.005,0.173,0.343,0.083,0.001,0.772,0.099,0.244,0.517,0.832,0.358,0.728,1,0.811,0.225,0.261,0.079,0.974,1,0.907,0.563,0.232,0.001,1,1,0.063,0.471,0.565,0.804,0.035,0.488,0.562,0.712,1,0.032,0.084,0.11,0.207,0.678,0.863,1,0.112,0.489,0.235,0.833,0.335,1,0.703,0.974,0.383,1,0.833,1,0.144,0.477,0.465,0.28,0.038,0.016,1,0.619,1,0.386,0.002,0.001,1,0.923,0.486,0.114,0.086,0.02,0.898,0.255,0.378,1,1,0.001,0.17,1,0.717,0.031,1,1,1,1,1,1,1,1,1,1,1,1,1,1,1,1
"Simonsiella_muelleri",0.973,0.24,0.527,0.411,0.651,0.404,0.001,0.551,0.321,0.465,0.899,0.437,0.355,0.051,0.255,0.543,0.952,0.435,0.58,0.285,0.222,0.331,0.116,0.148,0.325,0.339,0.203,0.087,0.184,0.296,0.612,0.047,0.447,0.043,0.023,0.959,0.269,0.214,0.596,0.016,0.273,0.695,0.247,0.846,0.068,0.995,0.165,0.208,0.786,0.32,0.492,0.008,1,0.184,0.495,0.086,0.065,0.704,0.362,0.208,0.398,0.448,0.017,0.324,0.908,0.001,0.001,0.449,0.875,0.546,0.074,0.017,0.001,0.183,0.011,0.3,0.091,0.968,0.001,0.5,1,0.109,0.196,0.146,0.104,0.957,0.609,0.821,0.576,0.548,1,0.679,0.081,0.245,0.042,1,0.117,1,0.002
"Actinomyces_oricola",0.107,0.842,0.082,0.028,1,0.427,0.148,1,0.341,1,0.516,0.78,0.627,0.806,0.944,0.244,1,1,1,1,1,0.075,0.885,1,1,1,1,1,1,0.357,0.437,0.594,0.904,1,1,1,0.574,1,0.006,0.14,0.009,0.047,1,0.193,0.435,0.686,0.904,0.33,0.659,1,0.611,0.347,1,0.504,1,0.242,1,1,0.765,1,0.97,0.758,0.543,0.816,1,0.194,0.258,1,1,0.869,0.215,0.106,1,0.603,0.436,0.045,1,1,0.434,0.096,0.126,0.774,0.043,1,1,1,1,1,1,1,1,1,1,1,1,1,1,1,1
"Barnesiella_viscericola",0.221,1,1,0.668,0.25,1,0.203,1,0.354,1,1,0.276,0.57,1,1,1,0.118,1,1,1,1,0.501,1,0.846,1,1,1,0.896,1,1,1,0.801,0.453,0.005,1,1,0.334,1,1,0.874,0.009,1,1,0.971,0.754,0.854,1,1,0.437,0.523,0.588,1,1,1,1,0.653,1,0.237,1,1,1,1,0.14,0.724,1,0.03,0.001,0.835,1,1,0.096,0.067,1,1,0.289,1,1,1,0.804,1,1,1,1,1,1,1,1,1,1,1,1,1,1,1,1,1,1,1,1
"Prevotella_aurantiaca",0.062,0.283,0.004,0.268,0.031,0.001,0.001,0.117,0.008,0.001,0.745,0.541,0.004,0.004,0.041,0.001,0.188,0.824,0.089,0.002,0.17,0.706,0.001,0.001,0.001,0.141,0.212,0.001,0.079,0.001,0.015,0.08,0.036,0.066,0.001,0.078,0.966,0.179,0.492,0.028,0.096,0.629,0.037,0.001,0.047,0.035,0.435,0.11,0.018,0.076,0.133,0.306,0.2,0.001,0.525,0.248,0.03,0.927,0.001,0.001,0.519,0.171,0.001,0.236,0.068,0.001,0.001,0.061,0.213,0.001,0.001,0.001,0.001,0.068,0.037,0.282,0.014,0.208,0.001,0.13,0.523,0.547,0.001,1,1,1,1,1,1,1,1,1,1,1,1,1,1,1,1
"Leptotrichia_amnionii",0.522,0.973,1,0.456,0.421,1,0.025,0.076,1,0.36,0.924,1,0.312,0.181,1,0.806,0.406,1,1,0.627,0.891,0.42,1,0.296,1,1,1,1,0.088,0.688,0.245,0.969,0.993,1,0.942,1,0.099,0.854,0.662,0.152,1,1,1,1,1,0.419,1,0.502,0.733,0.894,0.653,0.001,1,0.753,1,1,1,1,0.317,0.048,1,1,0.153,1,1,0.976,0.043,1,1,0.208,0.417,0.591,0.012,0.754,0.758,1,1,1,0.092,0.145,1,1,0.378,1,1,1,1,1,0.115,1,1,1,1,1,0.882,1,1,1,0.574
"Leptotrichia_shahii",0.826,0.295,0.019,0.476,0.122,0.002,0.05,0.221,0.46,0.001,0.886,0.219,0.006,0.001,0.099,0.06,0.012,0.714,0.074,0.089,0.083,0.272,0.001,0.001,0.001,0.161,0.502,0.008,0.356,0.59,0.115,0.002,0.639,0.746,0.727,0.013,0.006,0.837,0.002,0.002,0.842,0.354,0.06,0.551,0.173,0.044,0.037,0.285,0.548,0.037,0.034,0.132,0.004,0.2,0.24,0.205,0.004,0.816,0.005,0.001,0.001,0.116,0.001,0.395,0.028,0.292,0.002,0.004,0.622,0.001,0.001,0.001,0.001,0.009,0.128,0.57,0.114,0.043,0.001,0.132,0.112,0.518,0.122,1,1,1,1,1,1,1,1,1,1,1,1,1,1,1,1
"Capnocytophaga_ochracea",0.631,0.03,0.011,0.026,0.184,0.001,0.001,0.141,0.001,0.825,0.013,0.345,0.001,0.001,0.02,0.001,0.009,0.036,0.819,0.004,0.112,0.001,0.001,0.91,0.001,0.001,0.959,0.019,0.001,0.001,0.001,0.113,0.012,0.035,0.052,0.711,0.002,0.459,0.019,0.001,0.006,0.003,0.001,0.372,0.013,0.037,0.255,0.024,0.111,0.301,0.185,0.107,0.081,0.001,0.178,0.001,0.003,0.007,0.001,0.001,0.001,0.005,0.001,0.403,0.083,0.001,0.001,0.001,0.059,0.001,0.001,0.001,0.001,0.774,0.001,0.378,0.083,0.002,0.903,0.013,0.664,0.714,0.095,0.989,1,0.692,1,0.726,0.062,0.584,0.129,0.701,0.448,0.394,0.015,1,0.001,0.004,0.001
"Prevotella_ruminicola",0.073,0.967,0.001,0.02,0.929,0.966,0.246,0.742,0.069,0.107,0.552,0.22,0.079,0.456,0.906,0.574,0.046,0.012,0.003,0.479,0.941,0.989,0.259,0.347,0.25,1,0.252,0.001,0.566,0.248,0.545,0.65,0.719,0.828,0.197,1,0.176,1,0.132,0.003,0.045,0.488,0.367,0.762,0.395,0.027,1,0.788,0.409,0.232,0.581,0.354,0.015,0.833,0.067,0.053,0.023,0.07,0.621,0.01,0.809,0.883,0.554,0.545,0.23,0.001,0.001,0.178,1,1,0.024,0.101,0.002,0.509,0.008,0.32,0.849,0.588,0.001,0.413,1,1,0.504,1,1,1,1,1,1,1,1,1,1,1,1,1,1,1,1
"Gemella_sanguinis",0.001,0.592,0.001,0.662,0.002,0.002,0.001,0.001,0.031,0.001,0.001,0.553,0.001,0.185,0.876,0.885,0.357,0.002,0.196,1,0.968,0.001,1,0.004,0.001,1,1,0.005,0.494,0.789,0.128,0.003,0.483,0.001,0.157,1,0.001,0.051,0.012,0.33,0.023,0.129,1,0.247,0.127,0.67,0.276,0.536,0.001,0.006,0.001,0.047,1,1,0.074,0.034,0.107,0.177,0.001,0.001,1,1,0.257,0.4,1,0.001,0.001,0.007,0.116,1,0.001,0.001,0.001,0.002,0.003,0.613,1,0.306,0.001,1,0.534,0.835,0.008,0.001,0.279,0.223,0.578,0.63,0.001,0.016,0.002,0.002,0.012,0.006,0.071,0.015,0.001,0.922,0.001
"Conchiformibius_steedae",0.238,0.144,0.045,0.633,0.206,1,0.68,1,1,0.468,0.429,0.752,1,0.421,0.173,0.805,0.543,1,1,1,0.106,0.55,0.007,0.182,1,1,1,0.394,0.738,0.583,1,0.097,0.462,0.183,0.555,0.715,0.307,1,1,1,1,0.235,0.965,0.711,0.16,0.579,0.271,0.001,1,0.899,0.272,1,1,0.117,1,1,0.224,1,1,0.652,0.062,0.476,0.098,1,1,0.023,0.903,0.167,1,0.039,0.094,0.038,1,0.049,0.243,1,1,1,0.02,1,1,1,1,1,1,1,1,1,1,1,1,1,1,1,1,1,1,1,1
"Prevotella_intermedia",0.009,0.09,0.042,0.025,0.3,0.614,0.001,0.77,0.212,0.591,0.374,0.323,0.634,0.727,0.001,0.107,0.07,0.946,0.063,0.003,0.011,0.031,0.053,0.966,0.096,0.087,0.002,0.001,0.007,0.001,0.977,0.063,0.089,0.457,0.001,0.676,0.001,0.725,0.052,0.003,0.012,0.001,0.028,0.015,0.704,0.722,0.097,0.194,0.031,0.005,1,0.025,0.464,0.126,0.148,0.204,0.143,0.034,0.001,0.001,0.049,0.167,0.001,0.255,0.003,0.001,0.001,0.298,0.23,0.001,0.001,0.001,0.252,0.593,0.002,0.659,0.309,0.754,0.001,0.607,0.988,0.23,0.377,0.001,0.037,0.766,0.181,0.497,0.582,0.264,0.153,1,0.826,0.001,0.065,0.025,0.017,0.025,0.001
"Porphyromonas_uenonis",0.15,1,0.232,0.625,0.511,1,0.423,0.513,0.119,0.218,0.693,0.46,0.378,0.422,1,0.504,0.823,0.781,0.553,0.372,0.725,0.006,0.796,0.221,0.789,0.011,0.288,0.579,0.067,0.743,0.28,0.008,0.015,0.165,0.152,0.743,0.14,0.16,0.687,0.051,0.08,0.14,0.581,0.37,1,0.913,1,0.416,0.687,0.273,0.649,0.002,1,0.384,1,1,1,0.762,0.032,0.092,0.102,0.7,0.236,0.863,0.688,0.919,0.005,1,0.86,0.001,0.139,0.296,0.508,0.355,0.136,0.417,0.283,0.858,0.889,0.019,0.025,0.263,0.677,1,1,1,1,1,1,0.418,1,1,1,1,1,1,1,1,0.018
"Prevotella_fusca",0.972,0.03,0.849,0.054,0.644,1,0.13,0.111,0.631,0.165,0.306,0.619,0.806,0.002,0.545,0.877,0.01,0.137,0.101,0.108,0.826,0.66,0.014,0.092,0.03,1,0.209,0.062,0.065,0.145,0.544,0.63,0.434,0.099,0.729,0.936,0.003,1,0.245,0.902,0.116,0.001,0.657,0.008,0.551,0.828,0.985,0.588,0.836,0.208,0.861,0.067,0.037,0.909,0.876,0.108,0.15,0.337,0.005,0.005,0.001,0.4,0.555,0.701,0.516,0.049,0.092,0.036,0.096,0.001,0.258,0.02,0.082,0.678,0.576,0.981,0.249,0.039,0.039,0.058,0.413,0.593,0.557,0.001,0.126,1,1,1,0.425,0.122,1,1,0.103,0.478,0.204,1,0.401,0.007,0.001
"Selenomonas_sputigena",0.002,0.016,0.001,0.022,0.279,0.003,0.002,0.001,0.001,0.001,0.168,0.823,0.012,0.002,0.004,0.001,0.896,0.418,0.602,0.001,0.01,0.059,0.001,0.08,0.001,0.06,0.057,0.466,0.254,0.919,0.011,0.283,0.008,0.794,0.001,0.015,0.002,0.476,0.002,0.007,0.012,0.008,0.002,0.008,0.388,0.342,0.616,0.008,0.003,0.001,0.181,0.268,0.001,0.002,0.031,0.057,0.003,0.075,0.001,0.001,0.714,0.002,0.001,0.515,0.124,0.001,0.001,0.02,0.359,0.004,0.012,0.001,0.001,0.561,0.191,0.014,0.053,0.006,0.001,0.008,0.44,0.148,0.05,0.125,0.021,0.072,0.573,0.666,0.094,0.001,0.023,0.573,0.007,0.012,0.414,1,0.013,0.001,0.001
"Veillonella_rodentium",0.064,0.024,0.001,0.01,0.82,1,0.628,0.064,0.661,0.304,0.874,0.801,0.468,0.738,0.36,0.045,1,1,0.379,1,0.743,0.812,1,0.13,0.001,1,0.022,0.005,0.01,0.119,0.038,0.14,0.703,0.624,0.71,0.03,0.12,1,0.269,0.562,0.243,1,1,0.573,0.999,1,0.867,0.009,0.074,0.897,0.422,0.795,1,0.113,1,0.123,0.017,0.313,0.375,0.008,1,0.469,0.001,1,0.319,0.019,0.003,0.012,0.672,0.3,0.072,0.413,0.016,0.021,0.397,0.038,0.904,0.884,0.002,0.633,0.933,0.993,1,0.797,1,1,1,1,0.204,0.493,1,1,0.441,1,0.615,1,0.059,0.274,0.014
"Klebsiella_pneumoniae",0.504,0.018,1,1,0.136,1,0.074,0.624,0.956,0.244,0.59,1,1,1,1,0.019,0.116,1,0.157,0.749,0.001,0.187,1,1,1,1,1,0.651,0.334,0.167,0.614,0.424,1,0.489,1,1,0.322,1,0.003,1,1,0.238,1,0.86,0.853,0.283,1,0.001,0.206,0.072,1,1,1,1,0.307,0.32,0.003,1,0.205,0.528,1,0.735,0.196,0.227,1,0.98,0.363,0.482,0.344,1,0.948,0.437,0.058,0.962,0.908,0.051,0.638,0.839,0.002,1,1,1,1,0.151,1,1,1,1,0.198,1,1,1,1,1,0.024,1,1,1,0.173
"Bulleidia_extructa",0.346,0.399,0.086,0.153,0.804,0.038,0.471,0.369,0.258,0.001,0.25,0.406,0.625,0.122,0.037,0.001,0.681,0.628,0.919,0.002,0.006,0.398,0.001,0.002,0.359,0.017,0.01,0.036,0.44,0.676,0.906,0.168,0.003,0.299,0.001,0.403,0.001,0.382,0.185,0.179,0.252,0.001,0.044,0.692,0.571,0.773,0.265,0.098,0.283,0.7,0.007,0.254,1,0.966,0.42,0.158,0.009,0.87,0.054,0.007,1,0.177,0.688,0.091,0.019,0.046,0.001,0.459,0.059,0.001,0.013,0.006,0.061,0.323,0.151,0.664,0.26,0.47,0.058,0.012,0.433,0.58,0.591,1,1,1,0.589,1,0.354,0.707,0.44,0.007,0.334,1,0.594,1,0.013,0.002,0.001
"Haemophilus_parahaemolyticus",0.006,0.243,0.012,0.32,0.296,0.003,0.001,0.722,0.638,0.035,0.945,0.014,0.06,0.001,0.057,0.181,0.5,0.252,0.256,0.005,0.569,0.004,0.031,0.378,0.012,0.794,0.685,0.468,0.561,0.056,0.002,0.002,0.824,0.816,0.91,0.554,0.026,0.263,0.896,0.005,0.145,0.748,0.209,0.004,0.338,0.104,0.626,0.234,0.735,0.932,0.118,0.712,0.782,0.001,0.034,0.003,0.755,0.357,0.052,0.001,0.422,0.296,0.001,0.437,0.513,0.001,0.001,0.024,0.044,0.605,0.002,0.001,0.002,0.025,0.051,0.094,0.069,0.93,0.042,0.892,0.977,0.669,0.251,0.02,0.808,0.227,1,0.227,0.02,0.868,0.787,0.093,0.002,0.352,0.63,0.145,0.001,0.598,0.001
"Alloprevotella_tannerae",0.37,0.011,0.001,0.001,0.002,0.039,0.001,0.03,0.002,0.001,0.042,0.747,0.663,0.061,0.005,0.003,0.235,0.225,0.002,0.024,0.637,0.098,0.154,0.004,0.971,0.001,0.935,0.001,0.808,0.001,0.252,0.568,0.105,0.055,0.016,0.99,0.005,0.114,0.073,0.081,0.173,0.207,0.002,0.214,0.783,0.686,0.616,0.047,0.092,0.001,0.528,0.076,0.003,0.005,0.655,0.032,0.06,0.022,0.001,0.001,0.076,0.001,0.001,0.035,0.03,0.001,0.002,0.481,0.202,0.175,0.001,0.001,0.126,0.026,0.006,0.663,0.01,0.037,0.001,0.003,0.193,0.281,0.01,0.001,0.817,0.124,0.753,0.043,0.107,0.025,0.013,0.128,0.14,0.313,0.096,0.002,0.002,0.001,0.006
"Alkaliphilus_crotonatoxidans",0.726,1,0.6,0.58,0.034,1,0.842,1,1,0.23,1,1,1,1,0.645,0.136,1,1,1,0.265,1,0.944,1,0.269,0.744,1,1,1,0.788,0.776,1,1,0.587,0.475,0.846,1,0.447,1,1,1,1,1,1,1,1,0.025,0.492,0.527,0.489,0.705,0.289,1,0.509,0.296,1,1,1,0.083,1,1,1,1,0.718,1,0.357,0.985,0.029,0.318,1,0.859,0.25,0.213,1,0.862,0.381,0.771,1,1,0.028,1,1,0.242,1,1,1,1,1,1,1,1,1,1,1,1,1,1,1,1,1
"Actinomyces_georgiae",0.034,0.3,0.3,0.003,0.16,0.004,0.001,0.279,0.169,0.012,0.045,0.046,0.263,0.005,0.22,0.087,0.183,0.818,0.022,0.046,0.185,0.026,0.001,0.49,0.053,0.018,0.077,0.003,0.102,0.001,0.004,0.368,0.043,0.113,0.985,0.181,0.001,0.327,0.97,0.042,0.058,0.006,0.027,0.149,0.679,0.691,0.003,0.025,0.849,0.087,0.659,0.381,0.025,0.001,0.013,0.001,0.013,0.106,0.001,0.001,0.001,0.133,0.001,0.013,0.136,0.001,0.001,0.004,0.058,0.015,0.001,0.001,0.001,0.01,0.022,0.008,0.572,0.043,0.001,0.202,0.656,0.928,0.749,0.109,1,1,1,1,0.275,0.516,0.091,0.242,1,1,0.042,1,0.023,0.015,0.01
"Bilophila_wadsworthia",0.141,1,1,0.797,0.007,1,0.204,0.745,0.563,0.288,0.726,1,1,1,0.049,0.236,1,0.709,1,0.422,0.679,1,0.009,1,1,1,1,0.793,0.094,0.994,0.584,0.066,0.43,0.771,0.223,0.897,0.834,1,0.006,1,1,0.655,1,1,1,1,0.098,0.001,1,0.504,0.542,0.518,1,0.298,1,0.006,0.012,1,0.31,0.614,0.164,1,0.435,0.032,0.71,0.5,0.006,1,1,0.299,0.917,0.705,1,0.646,0.394,1,0.753,0.541,0.203,1,0.449,0.746,1,1,1,1,1,1,1,1,1,1,1,1,1,1,1,1,0.132
"Streptococcus_oligofermentans",0.629,1,0.304,0.3,0.002,0.746,0.002,0.053,0.901,0.005,0.929,0.12,0.3,0.181,0.204,0.131,0.121,0.114,0.444,0.436,0.485,0.982,0.332,0.776,0.001,1,1,0.777,0.073,0.054,0.017,0.036,0.756,0.099,0.399,1,0.011,0.891,0.078,0.015,0.023,0.902,0.466,0.654,0.393,0.894,0.105,0.069,0.001,0.839,0.779,0.04,1,0.162,0.039,0.051,0.115,0.655,0.003,0.001,0.287,0.67,0.033,0.14,0.166,0.001,0.001,0.214,0.574,0.372,0.001,0.001,0.002,0.037,0.232,0.586,0.765,0.587,0.001,0.945,1,1,0.685,1,1,1,1,1,1,1,1,1,1,1,1,1,1,1,1
"Actinomyces_lingnae",0.001,0.191,0.351,0.002,0.002,0.001,0.001,0.209,0.061,0.001,0.001,0.54,0.001,0.001,0.002,0.012,0.619,0.041,0.006,0.001,0.432,0.008,0.001,0.189,0.001,0.011,0.388,0.906,0.031,0.022,0.08,0.007,0.443,0.014,0.001,0.006,0.004,0.286,0.027,0.002,0.002,0.001,0.001,0.011,0.004,0.004,0.311,0.001,0.002,0.418,0.001,0.071,0.047,0.001,0.003,0.002,0.004,0.968,0.001,0.001,0.001,0.018,0.001,0.645,0.002,0.001,0.001,0.001,0.396,0.003,0.001,0.001,0.001,0.115,0.001,0.265,0.049,0.072,0.001,0.489,0.011,0.076,0.001,1,1,1,1,1,1,1,1,1,1,1,1,1,1,1,1
"Streptococcus_equinus",0.045,0.002,0.991,0.005,0.326,1,0.007,1,1,0.029,0.44,1,1,0.638,1,0.041,1,1,1,0.621,0.792,0.703,1,1,1,1,1,1,1,0.558,1,0.955,1,1,0.801,1,0.047,1,1,0.027,0.972,0.831,1,0.907,1,0.015,0.77,0.899,0.806,0.315,0.309,0.082,1,0.552,0.001,0.862,0.358,1,1,1,0.511,0.358,0.848,0.001,1,0.002,0.001,1,0.239,1,0.572,0.471,0.051,0.338,0.126,0.572,1,1,0.931,1,0.509,1,1,1,1,1,1,1,1,1,1,1,1,1,1,1,1,1,1
"Lactobacillus_salivarius",0.503,0.486,0.641,0.674,0.031,0.005,0.001,0.005,0.013,0.029,0.832,0.388,0.377,0.001,0.676,0.064,0.009,1,0.059,0.292,0.725,0.033,0.085,0.017,0.103,1,0.077,1,0.001,1,0.115,0.012,0.701,0.014,1,1,0.318,1,0.058,0.842,0.061,0.285,0.522,0.823,0.055,0.018,1,0.643,0.55,0.116,0.442,0.003,1,0.012,0.741,1,1,0.923,0.001,0.12,1,0.791,0.04,0.011,1,0.085,0.001,1,0.918,0.003,0.71,0.186,0.067,0.01,0.001,0.324,0.17,0.637,0.001,0.05,0.035,0.09,0.155,0.903,1,0.062,1,0.067,0.001,0.087,1,0.237,1,0.384,0.057,1,1,1,0.801
"Lactobacillus_crispatus",0.86,0.718,0.167,1,1,0.099,0.006,0.007,0.002,0.001,0.682,0.249,1,0.001,1,0.769,1,0.24,1,1,1,0.002,1,1,0.114,1,1,0.723,0.149,1,1,0.573,0.103,0.086,0.603,0.697,0.257,1,1,1,0.002,0.639,1,0.481,1,1,1,0.508,1,1,0.023,0.001,1,0.03,0.669,1,1,1,0.006,0.012,1,0.73,0.199,0.077,1,0.653,0.047,1,1,1,0.928,0.384,1,1,0.001,1,0.02,1,0.113,1,1,1,0.074,1,1,1,1,1,0.001,1,1,1,1,1,1,1,1,1,0.856
"Prevotella_maculosa",0.09,0.083,0.003,0.001,0.234,0.001,0.001,0.002,0.001,0.001,0.054,0.513,0.012,0.001,0.352,0.063,0.064,0.903,0.047,0.059,0.449,0.638,0.002,0.509,0.005,0.098,0.157,0.001,0.762,0.067,0.538,0.798,0.558,0.313,0.001,0.052,0.001,0.104,0.001,0.053,0.013,0.001,0.01,0.571,0.707,0.975,0.922,0.007,0.001,0.041,0.022,0.01,0.16,0.001,0.024,0.12,0.024,0.016,0.001,0.001,0.001,0.017,0.001,0.414,0.008,0.001,0.001,0.001,0.395,0.001,0.001,0.001,0.012,0.711,0.003,0.207,0.041,0.005,0.001,0.004,0.601,0.872,0.384,0.431,1,1,0.609,1,0.572,0.474,0.232,0.246,0.601,0.087,0.592,1,0.006,0.001,0.001
"Haemophilus_influenzae",0.022,0.067,0.003,0.522,0.013,0.001,0.001,0.004,0.001,0.038,0.218,0.024,0.346,0.002,0.004,0.036,0.92,0.101,0.061,0.045,0.474,0.154,0.002,0.053,0.003,0.192,0.991,0.003,0.978,0.006,0.006,0.005,0.168,0.001,0.185,0.047,0.447,0.092,0.145,0.014,0.463,0.058,0.009,0.026,0.955,0.521,0.216,0.11,0.026,0.966,0.098,0.906,0.913,0.001,0.324,0.006,0.061,0.653,0.001,0.001,0.001,0.027,0.001,0.2,0.132,0.001,0.001,0.455,0.83,0.001,0.001,0.001,0.001,0.001,0.001,0.148,0.03,0.277,0.271,0.077,0.015,0.5,0.462,0.463,1,0.533,0.487,1,0.356,0.316,1,1,0.838,0.374,0.109,1,0.02,0.437,0.248
"Moraxella_bovoculi",0.009,0.57,0.354,0.292,1,1,0.004,1,1,0.008,1,0.474,0.397,0.187,0.182,0.04,0.788,1,0.106,0.011,0.748,0.671,1,0.602,0.001,1,1,1,1,0.562,1,1,1,0.276,0.86,0.116,1,1,1,1,1,0.364,0.46,0.025,0.759,0.846,1,0.521,0.241,0.218,1,1,1,0.11,1,1,0.768,1,0.06,1,1,0.728,0.008,0.426,1,0.001,0.001,0.947,1,0.192,0.158,0.041,1,0.251,0.063,1,1,1,0.109,1,1,1,1,1,1,1,1,1,1,1,1,1,1,1,1,1,1,1,1
"Atopobium_minutum",0.982,1,0.676,0.216,0.188,1,0.214,1,0.461,1,1,1,1,0.009,1,1,0.857,1,1,0.892,0.481,0.014,1,0.454,1,1,1,1,0.967,0.084,1,0.858,0.964,0.886,1,1,0.077,1,0.463,0.866,1,1,1,1,1,0.239,1,0.124,0.946,1,1,0.105,1,0.051,1,0.716,0.985,1,0.014,0.192,0.16,1,0.045,1,1,0.961,0.265,0.88,1,1,0.933,0.725,1,0.614,0.222,0.155,0.467,0.845,0.001,0.943,0.016,1,0.788,0.455,1,1,1,1,1,1,1,1,1,1,1,1,1,1,1
"Capnocytophaga_haemolytica",0.958,0.627,0.28,0.042,0.12,0.001,0.007,0.326,0.219,0.832,0.893,0.19,0.764,0.135,0.298,0.973,0.23,0.385,0.729,0.499,0.439,0.776,0.015,0.266,0.201,1,1,0.201,0.702,0.918,0.817,0.965,0.001,0.386,0.949,0.102,0.269,0.103,0.124,0.459,0.25,0.899,0.489,0.051,0.142,0.544,0.522,0.424,0.163,0.656,0.909,0.468,1,0.004,0.275,0.125,0.016,0.046,0.001,0.001,0.076,0.47,0.048,0.206,0.833,0.001,0.001,0.049,0.083,0.095,0.07,0.075,0.001,0.5,0.001,0.892,0.644,0.867,0.86,0.079,0.59,0.097,0.38,0.794,1,1,1,1,0.171,1,1,1,1,0.857,0.849,1,1,0.001,0.264
"Clostridium_aminobutyricum",0.278,0.622,0.261,0.986,0.054,1,0.001,0.788,0.467,0.001,1,0.233,0.002,0.585,0.348,1,0.028,0.145,0.789,0.135,1,0.294,1,0.002,0.001,1,1,0.322,0.146,0.653,0.002,0.215,0.175,0.275,0.586,1,0.002,0.301,0.16,0.308,0.104,1,1,0.471,0.145,0.512,1,0.001,0.072,0.041,0.164,0.015,0.694,0.227,1,0.002,0.005,0.913,0.751,0.112,1,1,0.223,0.86,0.542,0.001,0.074,0.305,0.009,0.701,0.002,0.001,0.042,0.005,0.001,0.48,1,0.092,0.001,0.147,1,0.645,1,1,1,1,1,1,1,1,1,1,1,1,1,1,1,1,1
"Porphyromonas_gulae",0.136,0.083,0.931,0.463,0.353,0.356,0.077,0.044,0.235,0.028,0.83,0.407,0.511,0.633,0.153,0.066,0.85,0.876,1,0.035,0.1,0.026,0.238,0.001,0.008,1,0.608,0.055,0.231,0.001,0.617,0.169,0.459,0.672,0.265,1,0.08,1,0.55,0.409,0.095,0.04,0.477,0.876,0.345,0.742,0.025,0.593,0.26,0.841,0.398,0.677,1,0.316,0.564,0.001,0.001,0.983,0.312,0.004,1,0.154,0.495,0.483,0.609,0.001,0.15,0.967,1,0.55,0.188,0.155,0.002,0.597,0.104,0.363,0.451,0.72,0.001,0.537,0.651,0.536,0.102,1,1,1,1,1,1,1,1,1,1,1,1,1,1,1,1
"Saccharofermentans_acetigenes",0.209,1,1,0.298,0.108,1,0.116,1,1,0.298,1,0.713,0.816,1,1,0.221,0.711,1,1,1,1,0.03,1,1,1,1,1,0.693,1,0.916,1,0.92,0.719,0.206,1,1,0.605,1,0.289,1,1,1,0.472,0.898,0.604,0.051,1,1,0.233,0.929,1,0.009,0.989,0.397,1,0.47,0.154,1,1,1,1,1,0.818,1,1,0.089,0.933,1,1,1,0.448,0.77,1,0.683,0.366,1,1,1,0.081,1,1,1,1,1,1,1,1,1,1,1,1,1,1,1,1,1,1,1,1
"Veillonella_parvula",0.15,0.121,0.001,0.128,0.001,0.001,0.076,0.001,0.001,0.099,0.001,0.974,0.105,0.001,0.001,0.001,0.901,0.014,0.03,0.028,0.12,0.554,0.168,0.574,0.92,0.463,0.227,0.005,0.102,0.076,0.001,0.637,0.372,0.768,0.843,0.072,0.376,0.079,0.385,0.067,0.001,0.001,0.013,0.684,0.043,0.123,0.139,0.002,0.002,0.027,0.016,0.138,0.963,0.899,0.001,0.09,0.001,0.193,0.001,0.001,0.001,0.001,0.001,0.273,0.202,0.001,0.001,0.522,0.832,0.001,0.001,0.001,0.001,0.417,0.003,0.006,0.663,0.281,0.014,0.514,0.298,0.05,0.001,0.017,0.011,0.737,0.974,0.005,0.001,0.002,0.855,0.073,0.001,0.001,0.051,0.001,0.001,0.001,0.001
"Actinomyces_cardiffensis",0.146,0.634,0.85,0.781,0.018,0.062,0.001,0.295,0.433,0.191,0.518,0.037,0.433,0.975,0.25,0.004,0.817,0.77,0.187,0.006,0.97,0.004,0.469,0.001,0.741,1,0.003,0.097,0.91,0.053,0.918,0.362,0.429,0.797,1,1,0.074,0.367,0.017,0.007,0.223,0.003,0.466,0.603,0.115,0.951,0.193,0.88,0.038,0.219,0.37,0.035,1,0.489,0.196,0.099,0.003,0.054,0.095,0.001,0.123,1,0.277,0.461,0.096,0.48,0.001,1,1,0.708,0.008,0.001,0.131,0.28,0.016,0.45,0.761,0.099,0.002,0.274,0.433,0.143,0.858,0.002,1,1,1,1,0.064,0.305,1,0.228,1,1,0.318,1,1,0.001,0.001
"Rhodococcus_erythropolis",0.812,0.045,0.897,1,0.014,1,0.971,0.088,0.966,0.001,0.939,0.683,0.814,0.014,0.063,1,0.781,1,1,1,1,0.419,0.118,1,1,1,1,1,1,0.107,1,0.584,0.104,1,1,1,0.645,1,0.131,1,1,1,0.506,0.926,1,1,0.144,1,1,1,0.95,1,1,0.014,0.49,0.762,0.001,0.25,1,1,0.187,0.697,0.926,1,1,0.001,0.094,1,0.774,0.155,1,0.425,1,1,1,1,1,0.584,0.13,0.145,1,1,1,1,1,1,1,1,0.65,1,1,1,1,1,1,1,1,1,1
"Capnocytophaga_sputigena",0.075,0.514,0.001,0.069,0.206,0.001,0.001,0.885,0.025,0.005,0.11,0.804,0.001,0.001,0.093,0.001,0.263,0.001,0.087,0.001,0.012,0.141,0.001,0.001,0.001,0.001,0.448,0.047,0.001,0.002,0.11,0.001,0.243,0.022,0.049,0.031,0.001,0.026,0.027,0.067,0.04,0.26,0.003,0.056,0.034,0.004,0.664,0.001,0.033,0.007,0.208,0.135,0.006,0.001,0.005,0.034,0.05,0.064,0.001,0.001,0.001,0.082,0.001,0.269,0.357,0.001,0.001,0.004,0.245,0.001,0.001,0.001,0.001,0.006,0.001,0.818,0.473,0.415,0.002,0.402,0.333,0.074,0.001,0.01,0.449,0.066,0.035,0.058,0.017,0.001,0.094,0.274,0.252,0.496,0.001,0.001,0.001,0.001,0.001
"Propionibacterium_acnes",0.11,0.001,0.42,0.899,0.202,0.378,0.045,0.499,0.007,0.036,0.733,0.253,0.819,0.002,0.934,0.939,1,0.368,1,0.418,1,0.617,1,0.979,0.106,0.108,0.572,0.029,1,0.853,0.002,0.141,0.01,0.002,0.665,1,0.026,1,0.129,0.039,0.033,0.418,1,0.176,0.079,1,0.905,0.903,0.115,0.82,0.9,1,1,0.771,0.113,0.003,0.001,0.061,0.029,0.002,0.698,1,0.001,0.384,0.599,0.001,0.393,1,0.538,0.067,1,1,0.001,0.677,0.248,0.542,1,0.033,0.9,0.363,0.121,1,0.069,0.389,1,1,1,1,0.029,0.367,1,1,1,1,0.168,1,1,1,0.453
"Mobiluncus_mulieris",0.249,0.122,0.016,0.154,0.351,1,0.001,1,0.522,0.294,0.299,0.835,0.168,0.753,0.093,0.11,0.196,0.346,0.074,1,1,0.91,1,0.23,0.011,1,0.575,0.15,0.022,0.136,1,0.258,0.631,0.53,0.943,0.357,0.01,0.949,0.264,0.773,0.795,1,0.135,0.343,0.608,0.167,0.378,0.124,1,0.694,0.982,0.676,0.004,0.017,0.633,0.239,0.517,0.42,0.283,0.086,1,0.713,0.003,1,0.166,0.001,0.001,1,0.84,0.818,0.08,0.175,0.04,0.845,0.641,0.362,0.121,0.838,0.001,0.33,0.13,0.666,1,1,1,1,1,1,1,1,1,1,1,1,1,1,1,1,1
"Escherichia_coli",0.25,0.002,1,0.6,0.284,1,0.933,0.006,0.775,0.001,0.71,0.351,0.696,1,0.005,0.318,0.783,0.551,1,0.738,0.765,0.495,0.712,1,1,1,0.791,0.933,0.009,0.978,1,1,0.627,0.001,0.47,0.553,0.115,0.297,0.003,0.476,1,0.003,0.444,0.254,0.984,0.022,0.189,0.001,0.323,0.368,0.307,0.247,0.192,0.049,0.001,0.022,0.001,1,0.868,0.458,0.921,0.89,0.609,0.001,0.801,0.852,0.051,0.979,0.994,0.288,0.678,0.386,1,0.461,0.285,0.822,0.177,0.425,0.904,1,1,0.877,1,1,1,1,1,1,0.14,1,1,1,1,1,1,1,1,0.001,0.001
"Lactobacillus_vaginalis",0.14,0.986,0.372,0.275,0.166,0.006,0.489,0.038,0.001,1,0.857,0.814,0.973,0.001,0.16,0.238,1,0.436,0.854,0.826,0.156,0.002,0.001,0.261,1,1,0.032,0.49,0.03,0.803,0.177,0.234,1,0.074,1,1,0.503,0.231,0.119,0.697,0.034,0.451,1,1,0.483,0.058,0.011,0.293,0.54,0.89,0.204,0.001,0.473,0.497,1,0.156,0.076,0.084,0.384,0.027,1,0.871,0.007,0.06,0.966,0.001,0.001,1,0.036,0.781,0.552,0.446,0.016,0.08,0.001,0.318,0.014,0.616,0.001,0.167,0.206,0.081,0.609,1,1,1,1,1,0.014,0.281,1,1,1,1,0.191,1,1,0.67,0.01
"Mycoplasma_orale",0.886,0.167,0.111,0.16,0.238,0.182,0.001,0.017,1,0.532,0.226,0.273,0.151,0.854,1,0.372,0.017,0.03,0.997,1,1,0.009,1,0.446,0.021,1,1,0.103,0.072,0.409,0.099,0.002,0.192,0.08,0.691,0.505,0.008,0.134,0.884,0.878,0.257,1,1,0.9,1,0.059,1,0.71,0.338,0.565,0.382,0.71,1,1,0.563,1,1,0.68,0.002,0.001,1,1,0.005,1,1,0.001,0.001,0.546,0.867,0.091,0.001,0.002,0.716,0.259,0.55,0.779,1,1,0.097,1,1,1,0.261,1,1,1,1,1,1,1,1,1,1,1,1,1,1,1,1
"Treponema_medium",0.016,0.023,0.01,0.035,0.034,0.007,0.001,0.947,0.54,0.073,0.2,0.112,0.308,0.002,0.01,0.001,0.166,0.048,0.93,0.001,0.001,0.002,0.001,0.002,0.104,0.051,0.238,0.11,0.047,0.001,0.727,0.107,0.003,0.919,0.001,0.279,0.001,0.818,0.001,0.001,0.031,0.001,0.012,0.001,0.789,0.488,0.109,0.052,0.001,0.001,0.013,0.006,0.045,0.202,0.005,0.259,0.177,0.047,0.001,0.001,0.742,0.01,0.001,0.328,0.001,0.001,0.001,0.012,0.06,0.001,0.001,0.001,0.005,0.767,0.001,0.104,0.057,0.207,0.165,0.054,0.378,0.609,0.017,0.011,1,1,1,0.253,0.523,0.038,0.245,0.236,1,0.569,0.018,1,0.031,0.013,0.001
"Selenomonas_infelix",0.009,0.07,0.528,0.001,0.003,0.001,0.082,0.828,0.012,0.999,0.001,0.797,0.216,0.888,0.003,0.001,0.686,0.881,0.821,0.011,0.001,0.103,0.001,0.586,0.254,0.327,0.026,0.005,0.005,0.432,0.003,0.476,0.003,0.794,0.003,0.12,0.001,0.194,0.001,0.002,0.002,0.037,0.001,0.595,0.555,0.853,0.435,0.049,0.082,0.001,0.909,0.009,0.015,0.027,0.066,0.049,0.002,0.375,0.001,0.001,0.001,0.024,0.001,0.838,0.003,0.001,0.001,0.009,0.367,0.001,0.004,0.001,0.001,0.878,0.397,0.403,0.165,0.018,0.088,0.429,0.73,0.539,0.153,0.834,1,1,1,1,0.585,0.005,1,1,0.657,0.98,0.249,1,0.006,0.014,0.003
"Prevotella_corporis",0.103,0.888,0.926,0.055,0.545,0.091,0.036,1,0.132,0.049,1,0.312,0.42,1,1,0.954,0.162,0.093,0.13,1,0.783,0.122,1,1,1,1,1,0.371,1,1,0.784,0.407,0.098,0.276,0.101,1,0.343,1,1,0.242,0.162,0.665,1,0.565,1,0.122,1,1,1,0.083,0.608,0.684,1,1,1,1,1,0.822,1,1,0.807,1,0.795,0.812,1,0.061,0.001,0.045,0.756,1,0.218,0.09,0.022,0.438,0.046,1,1,1,0.344,1,1,1,0.575,1,1,1,1,1,1,1,1,1,1,1,1,1,1,1,1
"Leptotrichia_goodfellowii",0.05,0.201,0.013,0.518,0.011,0.096,0.001,0.039,0.805,0.001,0.51,0.546,0.643,0.4,0.003,0.002,0.607,0.271,0.212,0.3,0.101,0.023,0.007,0.002,0.004,0.052,0.773,0.222,0.3,0.028,0.369,0.006,0.104,0.24,0.351,0.333,0.451,0.345,0.312,0.965,0.035,0.07,0.001,0.001,0.106,0.112,0.836,0.001,0.001,0.475,0.309,0.623,0.003,0.014,0.004,0.228,0.009,0.182,0.001,0.001,0.001,0.036,0.001,0.785,0.013,0.001,0.001,0.198,0.715,0.001,0.001,0.001,0.001,0.018,0.022,0.259,0.419,0.978,0.001,0.356,0.146,0.127,0.181,0.791,1,1,1,1,0.149,0.992,1,0.075,1,1,0.754,1,0.156,1,0.639
"Selenomonas_bovis",0.423,0.029,0.01,0.09,0.488,0.002,0.001,0.006,0.88,0.083,0.422,0.918,0.003,0.001,0.124,0.104,1,0.198,0.933,0.602,1,0.116,0.055,0.003,0.092,1,0.08,0.582,0.91,0.002,0.51,0.009,0.074,0.051,0.098,0.422,0.011,0.729,0.44,0.296,1,0.282,1,0.12,0.567,1,0.353,0.087,0.624,0.912,0.949,0.62,1,0.001,1,1,0.426,0.906,0.972,0.004,1,0.74,0.001,0.44,0.087,0.001,0.001,0.082,0.842,0.001,0.242,0.187,0.001,0.125,0.012,0.849,0.095,0.92,0.001,0.005,0.954,0.512,1,1,1,1,1,1,1,1,1,1,1,1,1,1,1,1,1
"Chryseobacterium_kwangjuense",0.066,0.227,1,0.506,1,1,0.001,1,1,0.827,1,0.033,1,1,1,0.566,1,1,0.469,0.54,0.478,1,1,0.456,0.501,1,1,0.02,1,0.239,1,1,1,0.101,1,1,0.805,1,1,1,1,0.604,0.61,0.354,0.632,0.689,0.559,1,0.378,0.392,1,1,1,0.127,1,1,1,1,1,1,1,0.154,0.274,1,0.702,0.027,0.738,1,0.903,0.571,0.568,0.232,1,1,0.288,1,1,1,0.007,1,1,1,1,1,1,1,1,1,1,1,1,1,1,1,1,1,1,1,1
"Lactobacillus_delbrueckii",0.06,0.007,0.142,0.918,0.832,0.021,0.176,0.001,0.947,0.068,0.083,1,0.053,0.914,0.205,0.41,1,1,0.798,0.473,1,0.843,0.918,1,0.881,1,0.08,0.131,1,0.718,0.82,0.097,0.938,0.149,0.407,1,0.299,1,1,0.78,1,0.472,1,0.061,0.009,0.051,0.511,1,0.23,0.268,1,0.082,1,0.293,1,1,0.279,1,0.127,0.545,1,0.776,0.679,1,0.591,0.112,0.323,1,1,0.387,0.527,0.501,0.364,0.503,0.001,1,1,0.646,0.481,0.687,0.282,1,1,1,1,1,1,1,0.801,1,1,1,1,0.832,1,1,1,0.157,0.005
"Lactobacillus_fermentum",0.757,0.291,0.202,0.387,0.004,0.017,0.001,0.019,0.001,0.172,0.721,0.796,0.103,0.001,0.89,0.628,1,1,0.86,0.827,0.049,0.074,0.001,0.129,0.572,1,0.381,0.366,0.068,0.004,0.358,0.015,0.076,0.018,0.64,1,0.11,1,1,0.029,0.018,0.601,0.781,0.965,0.006,0.793,0.479,0.3,0.225,0.148,0.029,0.003,1,0.013,1,0.745,0.001,1,0.003,0.002,1,0.669,0.001,0.865,0.297,0.008,0.088,1,0.595,0.025,0.322,0.53,0.001,0.053,0.001,0.408,0.1,0.316,0.033,0.014,0.033,0.094,0.082,0.538,1,0.111,1,1,0.001,0.144,1,0.795,1,1,0.213,1,1,0.086,0.743
"Neisseria_elongata",0.041,0.151,0.001,0.207,0.324,0.001,0.001,0.005,0.005,0.061,0.74,0.745,0.001,0.005,0.148,0.017,0.555,0.125,0.74,0.452,1,0.001,0.145,0.127,0.001,1,0.304,0.001,0.767,0.462,0.327,0.002,0.358,0.079,0.002,0.81,0.01,0.543,0.101,0.001,0.002,0.809,0.001,0.055,0.001,0.117,0.136,0.623,0.282,0.247,0.015,0.095,0.503,0.001,0.031,0.158,0.156,0.756,0.001,0.001,1,0.193,0.001,0.507,0.145,0.001,0.001,0.021,0.42,0.535,0.001,0.001,0.02,0.015,0.001,0.863,0.409,0.594,0.002,0.723,0.392,0.586,0.001,0.013,0.852,0.05,0.002,0.196,0.001,0.017,0.061,0.037,0.002,0.115,0.009,0.001,0.001,0.093,0.001
"Oribacterium_sinus",0.002,0.034,0.144,0.165,0.384,0.074,0.001,0.278,0.002,0.003,0.001,0.18,0.001,0.407,0.011,0.002,0.344,0.017,0.239,0.345,0.874,0.883,0.001,0.001,0.018,0.017,0.77,0.008,0.045,0.018,0.025,0.002,0.16,0.082,0.01,0.688,0.731,0.011,0.784,0.002,0.016,0.231,0.001,0.469,0.647,0.092,0.725,0.001,0.003,0.401,0.579,0.011,0.926,0.002,0.008,0.017,0.021,0.001,0.001,0.001,0.001,0.085,0.001,0.605,0.063,0.001,0.001,0.001,0.476,0.079,0.001,0.001,0.001,0.515,0.668,0.057,0.706,0.048,0.001,0.001,0.118,0.043,0.001,0.66,0.225,0.01,1,0.002,0.001,0.202,0.85,0.045,0.179,0.055,0.327,0.001,0.001,0.007,0.001
"Solobacterium_moorei",0.013,0.12,0.001,0.105,0.001,0.022,0.001,0.115,0.983,0.003,0.004,0.096,0.001,0.001,0.001,0.074,0.059,0.074,0.039,0.024,0.02,0.986,0.233,0.531,0.001,0.073,0.219,0.264,0.002,0.001,0.007,0.001,0.611,0.029,0.007,0.81,0.085,0.428,0.083,0.02,0.02,0.017,0.001,0.001,0.083,0.175,0.131,0.001,0.001,0.588,0.002,0.016,0.071,0.001,0.003,0.044,0.197,0.787,0.001,0.001,0.001,0.003,0.001,0.411,0.001,0.001,0.001,0.001,0.493,0.009,0.001,0.001,0.508,0.036,0.038,0.013,0.768,0.646,0.001,0.003,0.003,0.037,0.001,0.001,0.049,0.338,0.595,1,0.001,0.707,0.001,0.805,0.001,0.001,0.709,0.001,0.001,0.027,0.001
"Eggerthia_catenaformis",0.134,0.087,0.029,0.445,0.006,0.701,0.015,1,0.625,0.005,0.775,0.408,0.987,0.096,0.031,0.003,0.782,1,0.546,0.006,0.025,1,0.002,0.003,0.709,1,0.049,0.152,0.242,0.001,0.562,0.904,0.112,0.786,0.613,0.053,0.001,0.836,0.002,0.001,0.827,0.001,0.06,0.278,0.3,0.251,0.11,0.348,0.541,0.161,0.255,0.67,1,0.537,0.378,0.117,0.517,0.097,0.062,0.001,1,0.202,0.005,0.668,0.025,0.004,0.378,1,0.335,0.001,0.068,0.002,0.221,0.199,0.033,0.627,0.655,0.701,0.154,0.012,0.112,0.877,0.713,0.038,1,1,1,1,0.725,0.143,1,0.209,1,1,0.915,1,1,1,0.001
"Clostridium_ultunense",0.079,0.549,1,0.688,1,1,0.023,1,1,0.039,1,0.333,0.235,0.625,0.395,0.476,0.799,1,1,0.124,1,0.012,1,1,1,1,1,1,0.746,1,1,1,0.201,0.298,1,1,0.003,1,0.003,0.242,1,0.029,0.424,0.983,0.987,1,0.275,1,0.805,0.146,0.291,1,0.263,1,1,1,1,1,1,1,1,1,0.409,0.857,0.193,0.837,0.023,1,1,0.124,0.132,0.051,1,0.512,0.671,0.5,0.875,1,0.141,1,0.964,1,1,1,1,1,1,1,1,1,1,1,1,1,1,1,1,1,1
"Granulicatella_elegans",0.187,0.023,0.002,0.146,0.173,0.001,0.001,0.005,0.012,0.028,0.005,0.287,0.003,0.001,0.003,0.005,0.091,0.826,0.27,0.001,0.156,0.277,0.002,0.871,0.17,0.015,0.884,0.088,0.746,0.001,0.002,0.022,0.213,0.099,0.14,0.519,0.153,0.068,0.314,0.147,0.05,0.475,0.037,0.536,0.123,0.543,0.117,0.266,0.001,0.364,0.026,0.227,0.081,0.001,0.285,0.001,0.001,0.463,0.001,0.001,0.001,0.003,0.001,0.393,0.365,0.001,0.001,0.417,0.157,0.009,0.001,0.001,0.001,0.015,0.011,0.156,0.003,0.209,0.031,0.409,0.54,0.402,0.001,1,0.369,0.686,0.144,0.754,0.002,0.837,0.03,0.921,0.001,0.001,0.922,0.001,0.001,0.199,0.001
"Neisseria_subflava",0.637,1,0.001,0.766,0.682,0.162,0.001,0.594,0.306,0.152,0.618,0.84,0.002,0.212,0.029,0.702,0.974,0.001,0.767,0.275,1,0.276,1,0.076,0.001,1,1,0.232,1,0.621,0.225,0.927,0.266,0.333,0.578,1,0.072,0.004,0.158,0.131,0.343,1,1,0.495,0.105,0.475,0.246,0.317,0.853,0.001,0.762,0.312,1,0.014,0.684,0.17,0.001,0.767,0.111,0.001,1,0.103,0.001,0.738,0.753,0.001,0.001,0.203,0.576,0.219,0.001,0.001,0.864,0.006,0.106,0.252,1,1,0.001,1,1,1,0.094,0.009,0.905,0.344,0.544,0.001,0.006,0.002,0.269,0.17,0.001,0.388,0.032,0.306,0.103,0.001,0.001
"Campylobacter_concisus",0.001,0.011,0.001,0.217,0.008,0.001,0.001,0.002,0.665,0.001,0.001,0.851,0.003,0.001,0.002,0.008,0.352,0.079,0.188,0.143,0.31,0.066,0.002,0.001,0.001,0.118,0.363,0.001,0.014,0.001,0.001,0.002,0.617,0.631,0.001,0.294,0.002,0.272,0.001,0.001,0.189,0.001,0.003,0.124,0.392,0.015,0.626,0.001,0.001,0.685,0.089,0.007,0.176,0.001,0.16,0.574,0.184,0.204,0.001,0.001,0.11,0.325,0.001,0.459,0.002,0.001,0.001,0.001,0.058,0.001,0.001,0.001,0.001,0.019,0.423,0.041,0.687,0.114,0.001,0.738,0.034,0.047,0.001,0.001,0.001,0.697,0.624,0.001,0.001,0.006,0.123,0.052,0.001,0.001,0.658,0.001,0.001,0.001,0.001
"Prevotella_melaninogenica",0.002,0.001,0.001,0.04,0.001,0.001,0.001,0.18,0.037,0.001,0.001,0.327,0.001,0.71,0.001,0.001,0.005,0.094,0.023,0.001,0.003,0.029,0.001,0.001,0.001,0.001,0.658,0.001,0.001,0.001,0.054,0.008,0.043,0.005,0.005,0.66,0.195,0.19,0.005,0.001,0.036,0.001,0.019,0.001,0.067,0.819,0.022,0.001,0.297,0.929,0.609,0.002,0.296,0.014,0.001,0.011,0.002,0.046,0.001,0.001,0.001,0.004,0.001,0.132,0.001,0.001,0.001,0.001,0.154,0.001,0.001,0.001,0.001,0.001,0.008,0.096,0.569,0.01,0.001,0.001,0.037,0.7,0.001,0.001,0.006,0.002,0.877,0.001,0.474,0.916,0.981,0.08,0.342,0.001,0.159,0.186,0.047,0.309,0.001
"Megasphaera_micronuciformis",0.001,0.079,0.001,0.001,0.001,0.001,0.001,0.001,0.449,0.001,0.001,0.949,0.001,0.001,0.067,0.001,0.081,0.001,0.075,0.001,0.273,0.001,0.001,0.001,0.001,0.001,0.127,0.058,0.984,0.001,0.002,0.001,0.04,0.001,0.003,0.367,0.001,0.003,0.003,0.001,0.035,0.001,0.284,0.001,0.601,0.003,0.642,0.001,0.001,0.002,0.092,0.203,0.018,0.001,0.001,0.072,0.073,0.154,0.001,0.001,0.007,0.033,0.001,0.525,0.001,0.001,0.001,0.001,0.014,0.001,0.002,0.001,0.001,0.001,0.001,0.172,0.006,0.024,0.001,0.001,0.093,0.068,0.001,0.001,0.116,0.001,1,0.001,0.001,0.001,0.001,0.132,0.001,0.001,0.001,0.001,0.015,0.001,0.001
"Cryptobacterium_curtum",0.179,0.946,0.005,0.051,0.473,0.013,0.001,0.092,0.039,0.001,0.093,0.873,0.049,0.001,0.018,0.019,0.043,0.028,1,0.518,0.386,0.013,0.001,0.815,0.089,0.159,0.035,0.394,0.046,0.001,0.03,0.001,0.013,0.019,0.109,0.427,0.038,0.827,0.801,0.05,0.001,0.225,0.515,0.316,0.744,0.84,0.54,0.09,0.022,0.126,0.004,0.734,0.015,0.001,0.76,0.882,0.031,0.63,0.001,0.001,0.041,0.012,0.001,0.919,0.605,0.001,0.001,0.304,0.013,0.001,0.012,0.005,0.001,0.252,0.001,0.114,0.119,0.213,0.001,0.004,0.142,0.142,0.038,1,1,1,1,1,1,0.001,1,0.712,1,1,0.845,1,0.015,0.107,0.001
"Prevotella_timonensis",0.241,0.001,0.042,0.449,0.178,0.016,0.371,0.666,0.417,0.952,0.692,1,0.509,0.933,1,0.534,0.134,0.112,0.353,1,1,0.761,0.714,0.01,1,1,1,0.437,0.831,0.118,0.009,0.002,0.797,0.21,0.361,1,0.612,1,0.152,1,1,0.194,1,0.876,1,0.47,1,0.661,0.024,0.869,0.713,0.003,1,0.454,1,1,1,0.729,1,0.708,0.659,0.7,0.858,1,1,0.002,0.66,0.019,0.532,0.235,0.319,0.347,0.114,0.363,0.298,1,0.315,1,0.566,0.311,1,1,1,1,1,1,1,1,1,1,1,0.232,1,1,1,1,1,1,0.57
"Atopobium_vaginae",0.075,0.303,0.897,1,0.691,0.027,0.37,0.971,0.683,0.868,0.692,0.047,1,0.942,0.128,0.163,0.332,1,1,0.073,0.075,1,0.683,0.153,1,1,0.435,1,0.081,0.018,0.258,0.217,1,0.501,0.693,1,0.109,0.103,0.3,0.899,1,0.007,1,0.533,0.052,1,0.163,1,0.876,0.056,0.459,0.097,0.386,0.421,1,1,0.842,1,0.584,0.922,0.722,0.661,0.381,0.123,0.558,0.001,0.307,1,1,0.225,0.643,0.322,0.797,0.521,0.472,0.123,0.498,0.969,0.36,0.961,0.674,1,0.622,0.173,1,1,1,1,1,0.237,1,1,1,1,1,1,1,1,0.756
"Sediminibacterium_salmoneum",0.548,0.046,1,0.448,0.284,0.464,0.254,1,1,0.021,0.355,1,1,1,0.224,0.93,1,1,1,1,0.324,0.075,1,1,1,1,1,0.216,0.584,1,1,1,1,0.116,0.884,1,1,1,1,1,0.482,0.017,0.001,1,1,0.661,0.516,0.189,1,1,1,0.822,0.009,0.767,1,0.059,0.202,1,1,0.246,0.801,0.87,0.292,0.728,0.65,0.006,0.575,1,1,1,1,1,0.095,1,1,1,1,1,0.18,0.666,1,1,1,1,1,1,1,1,1,1,1,1,1,1,1,1,1,1,1
"Abiotrophia_defectiva",0.598,0.633,0.001,0.005,0.067,0.003,0.001,0.416,0.002,0.997,0.099,0.923,0.305,0.001,0.007,0.001,0.854,0.989,0.415,0.008,0.181,0.329,0.001,0.754,0.001,0.023,0.535,0.165,0.001,0.001,0.011,0.007,0.577,0.089,0.068,0.731,0.608,0.128,0.519,0.003,0.003,0.688,0.017,0.948,0.056,0.145,0.34,0.22,0.259,0.555,0.102,0.337,0.003,0.001,0.913,0.017,0.003,0.013,0.001,0.001,0.001,0.425,0.001,0.337,0.005,0.001,0.001,0.001,0.958,0.026,0.001,0.001,0.001,0.144,0.004,0.011,0.037,0.146,0.006,0.131,0.67,0.449,0.001,0.034,1,0.631,0.22,1,0.034,0.74,0.44,0.249,0.034,0.06,0.443,0.002,0.001,0.001,0.021
"Gemella_morbillorum",0.624,0.412,0.009,0.001,0.002,0.001,0.001,0.002,0.001,0.001,0.015,0.003,0.07,0.001,0.084,0.006,0.183,0.897,0.168,1,1,0.005,0.31,0.464,0.001,1,0.53,0.001,0.004,0.429,0.013,0.362,0.014,0.005,0.006,0.196,0.001,0.063,0.004,0.002,0.024,0.676,0.041,0.886,0.05,0.821,0.139,0.11,0.003,0.098,0.298,0.044,0.194,0.037,0.041,0.001,0.001,0.009,0.001,0.001,0.295,0.583,0.001,0.284,0.102,0.001,0.001,0.003,0.429,0.074,0.001,0.001,0.001,0.048,0.001,0.714,0.801,0.841,0.001,0.149,0.998,0.387,0.001,0.078,0.107,0.64,0.7,0.018,0.001,0.414,0.066,0.349,0.177,0.189,0.581,0.291,0.001,0.3,0.001
"Lactococcus_lactis",0.128,0.507,0.42,0.614,0.001,0.016,0.468,0.135,0.093,0.684,0.642,0.213,0.789,0.375,0.761,0.849,0.148,0.35,0.225,0.101,0.669,0.237,0.062,0.138,0.654,1,0.782,0.277,0.165,0.996,0.799,0.884,0.382,0.425,0.716,0.369,0.5,0.254,1,0.383,0.946,0.086,0.866,0.769,0.609,0.006,0.084,0.379,1,0.687,1,1,0.654,0.027,0.003,0.217,0.075,0.081,0.15,0.143,0.875,0.567,0.026,0.191,0.415,0.001,0.049,0.468,0.551,0.214,0.05,0.233,0.001,0.918,0.072,0.309,0.388,0.118,0.59,0.052,0.85,0.338,1,0.167,1,1,1,1,0.84,1,1,1,0.208,0.99,1,1,1,1,0.892
"Haemophilus_sputorum",0.001,0.082,0.001,0.31,0.001,0.001,0.001,0.006,0.001,0.047,0.45,0.899,0.014,0.64,0.974,1,0.604,0.185,0.068,0.545,1,0.002,0.989,0.008,0.001,1,1,0.001,1,0.105,0.276,0.002,0.175,0.05,0.004,1,0.03,0.377,0.786,0.003,0.086,1,1,0.102,0.358,0.137,0.167,0.407,0.001,0.009,0.08,0.495,1,1,0.004,0.158,0.777,0.105,0.001,0.001,1,1,0.001,0.614,1,0.001,0.001,0.352,0.067,0.256,0.02,0.001,0.001,0.001,0.026,0.307,1,1,0.001,1,1,1,0.044,0.005,0.002,0.094,0.513,0.003,0.002,0.512,0.789,0.421,0.001,0.877,0.064,0.087,0.001,0.054,0.001
"Veillonella_atypica",0.002,0.559,0.001,0.002,0.001,0.001,0.001,0.001,0.263,0.001,0.001,0.471,0.001,0.001,0.254,0.848,0.016,0.001,0.034,0.58,1,0.001,0.087,0.001,0.001,1,0.315,0.001,0.912,0.001,0.001,0.001,0.002,0.001,0.137,0.519,0.001,0.004,0.001,0.001,0.001,0.133,0.505,0.001,0.01,0.001,0.366,0.037,0.001,0.002,0.134,0.321,1,0.016,0.003,0.125,0.003,0.056,0.001,0.001,0.17,0.297,0.001,0.952,0.746,0.001,0.001,0.001,0.122,0.03,0.001,0.001,0.001,0.001,0.001,0.391,0.293,0.128,0.001,0.556,0.28,0.816,0.015,0.001,0.021,0.001,0.383,0.001,0.001,0.001,0.018,0.028,0.001,0.001,0.001,0.001,0.001,0.001,0.001
"Intestinimonas_butyriciproducens",0.246,1,1,0.212,0.06,1,0.845,1,1,0.146,1,0.94,1,1,0.023,0.971,1,1,1,0.096,0.68,1,0.078,1,1,1,0.219,0.722,0.119,1,1,1,0.475,0.477,0.985,0.765,0.23,1,0.004,1,1,0.486,1,0.801,0.435,0.01,1,0.001,0.939,1,0.556,1,1,0.076,1,1,0.007,1,1,1,0.012,1,0.077,0.038,0.24,1,0.561,1,0.507,1,1,1,1,0.872,0.647,1,0.89,0.506,0.939,1,1,0.019,1,1,1,1,1,1,1,1,1,1,1,1,1,1,1,1,1
"Actinomyces_timonensis",0.731,0.246,0.976,0.418,0.074,0.016,0.016,0.631,0.562,0.852,0.757,0.256,0.587,0.022,1,0.001,0.961,0.023,1,0.001,0.994,0.923,0.006,0.001,0.236,1,0.033,0.084,0.273,0.117,0.487,0.743,0.261,0.341,0.309,0.617,0.038,0.062,0.187,0.052,0.605,0.041,1,0.694,0.546,0.876,1,0.251,0.967,0.704,0.145,0.091,1,0.109,0.736,0.374,0.003,0.029,0.52,0.106,0.036,0.34,0.209,0.969,0.229,0.01,0.326,0.692,0.337,0.032,0.117,0.006,0.639,0.699,0.072,0.465,0.192,0.07,0.856,0.045,1,0.286,0.034,1,1,1,1,1,1,1,1,1,1,1,1,1,1,1,1
"Campylobacter_gracilis",0.003,0.156,0.041,0.001,0.629,0.001,0.009,0.001,0.004,0.27,0.071,0.106,0.001,0.001,0.19,0.001,0.024,0.043,0.04,0.001,0.001,0.018,0.001,0.022,0.181,0.111,0.877,0.003,0.007,0.001,0.075,0.091,0.609,0.513,0.065,0.272,0.03,0.687,0.007,0.006,0.001,0.148,0.002,0.001,0.083,0.823,0.85,0.208,0.007,0.001,0.027,0.139,0.829,0.001,0.031,0.001,0.001,0.291,0.001,0.001,0.002,0.012,0.001,0.491,0.005,0.001,0.001,0.001,0.752,0.001,0.001,0.001,0.001,0.511,0.021,0.413,0.089,0.001,0.001,0.001,0.681,0.95,0.766,0.066,1,1,1,1,0.005,0.001,0.228,0.233,0.217,0.124,0.445,1,0.016,0.001,0.001
"Streptococcus_australis",0.01,0.871,0.032,0.308,0.19,0.002,0.001,0.001,0.259,0.121,0.035,0.341,0.061,0.127,0.043,0.581,0.995,0.009,0.198,0.215,0.663,0.541,0.001,0.14,0.595,1,0.925,0.053,0.002,0.001,0.113,0.015,0.914,0.483,0.461,0.337,0.014,0.729,0.034,0.117,0.278,0.001,0.002,0.97,0.009,0.126,0.125,0.002,0.58,0.083,0.137,0.226,0.094,0.282,0.012,0.051,0.258,0.75,0.001,0.001,0.214,0.011,0.453,0.71,1,0.031,0.005,0.247,0.779,0.004,0.001,0.001,0.008,0.005,0.016,0.432,0.484,0.576,0.465,0.452,0.24,0.408,0.19,0.001,0.528,0.606,1,0.113,0.001,0.001,0.13,0.036,0.015,0.045,0.028,0.105,0.001,0.017,0.001
"Phocaeicola_abscessus",0.009,0.056,0.941,0.004,0.137,0.003,0.044,0.615,0.03,0.131,0.247,0.817,0.718,0.176,0.006,0.675,0.039,0.677,0.957,0.001,0.006,0.017,0.001,0.009,0.163,1,0.452,0.29,0.875,0.001,0.019,0.314,0.038,0.538,0.962,0.104,0.005,1,0.001,0.059,0.061,0.001,0.027,0.007,0.391,0.474,0.147,0.311,0.001,0.001,0.289,0.147,1,0.343,0.104,1,0.664,0.169,0.023,0.001,1,0.268,0.061,0.627,0.001,0.391,0.001,0.495,0.75,0.001,0.023,0.002,0.027,0.737,0.188,0.079,0.391,0.763,0.001,0.136,0.192,0.383,0.323,1,1,1,1,1,1,1,1,1,1,1,1,1,1,1,1
"Acinetobacter_calcoaceticus",0.557,0.429,1,0.834,0.049,1,0.242,1,1,0.239,0.668,1,1,0.261,0.673,0.192,1,1,1,0.317,1,0.803,0.732,1,0.992,1,1,0.045,0.278,0.154,1,0.368,1,1,1,1,0.032,1,1,1,1,0.128,0.014,1,1,1,0.282,0.984,1,0.305,1,1,1,0.26,0.002,0.436,0.014,1,0.002,0.036,1,0.729,0.044,0.132,1,0.909,0.274,0.363,0.917,0.328,0.35,0.252,1,0.804,0.171,0.967,1,1,0.924,1,1,1,1,1,1,1,1,1,1,1,1,1,1,1,1,1,1,1,1
"Campylobacter_rectus",0.479,0.448,0.001,0.109,0.01,0.02,0.001,0.633,0.852,0.008,0.421,0.227,0.5,0.019,0.26,0.271,0.267,0.684,0.433,0.001,0.006,0.001,0.411,0.102,0.011,1,0.243,0.064,0.97,0.001,0.191,0.634,0.104,0.022,0.003,0.033,0.002,0.782,0.324,0.001,0.124,0.365,0.37,0.001,0.737,0.378,0.947,0.02,0.328,0.061,0.515,0.262,0.085,0.006,0.083,0.18,0.001,0.535,0.001,0.001,1,0.067,0.001,0.73,0.044,0.001,0.001,0.003,0.828,0.001,0.001,0.001,0.097,0.07,0.009,0.097,0.133,0.081,0.033,0.307,0.088,0.064,0.868,0.001,1,0.449,0.298,0.03,0.015,0.018,1,0.442,0.084,0.009,0.002,0.124,0.004,0.514,0.001
"Corynebacterium_kroppenstedtii",0.311,0.01,0.011,0.221,0.646,0.032,0.538,0.971,0.09,1,0.75,0.77,0.515,0.356,0.13,0.548,1,0.74,1,1,0.584,0.725,1,0.745,1,1,1,1,0.054,0.465,0.329,0.047,1,0.715,0.923,0.477,0.438,1,0.164,0.635,1,0.887,1,1,1,1,0.905,0.126,1,0.562,0.2,0.407,1,0.11,1,1,1,1,0.648,0.669,1,0.893,0.108,1,0.881,0.332,0.329,1,1,0.024,0.21,0.393,1,0.302,0.767,0.861,0.549,1,0.826,0.17,0.043,0.68,1,1,1,1,1,1,0.54,1,1,1,1,1,1,1,1,1,1
"Streptococcus_constellatus",0.009,0.711,0.922,0.004,0.338,0.044,0.002,0.542,0.108,0.056,0.274,0.087,0.302,0.056,0.001,0.001,0.669,0.599,0.451,0.088,0.243,0.002,0.233,0.467,0.474,1,0.165,0.398,0.081,0.219,0.9,0.708,0.066,0.466,0.002,0.336,0.006,0.953,0.315,0.024,0.727,0.005,0.156,0.014,0.881,0.48,0.242,0.046,0.002,0.756,0.888,0.077,0.025,0.331,0.687,0.009,0.001,0.066,0.004,0.001,0.516,0.094,0.001,0.149,0.014,0.001,0.001,0.103,0.181,0.001,0.002,0.001,0.9,0.054,0.472,0.521,0.448,0.311,0.011,0.001,0.117,0.437,0.866,1,1,1,1,1,1,1,1,1,1,1,1,1,1,1,1
"Prevotella_nigrescens",0.07,0.798,0.007,0.351,0.565,0.005,0.203,0.016,0.012,0.056,0.036,0.718,0.006,0.001,0.16,0.09,0.01,0.561,0.511,0.098,0.033,0.378,0.002,0.048,0.555,0.224,0.301,0.003,0.008,0.678,0.001,0.263,0.218,0.281,0.048,0.412,0.038,0.826,0.07,0.003,0.086,0.049,0.002,0.589,0.405,0.586,0.029,0.012,0.013,0.013,0.14,0.13,0.014,0.008,0.557,0.219,0.256,0.318,0.001,0.001,0.009,0.053,0.001,0.064,0.047,0.001,0.001,0.013,0.787,0.001,0.011,0.001,0.174,0.613,0.073,0.151,0.016,0.04,0.001,0.011,0.35,0.341,0.132,0.001,0.229,0.275,1,0.007,0.575,0.003,0.034,0.099,0.406,0.163,0.004,0.002,0.001,0.054,0.001
"Corynebacterium_matruchotii",0.15,0.078,0.177,0.363,0.112,0.001,0.001,0.39,0.005,0.443,0.03,0.57,0.001,0.002,0.374,0.001,0.12,0.224,0.006,0.012,0.412,0.002,0.001,0.988,0.512,0.004,0.046,0.004,0.001,0.596,0.002,0.226,0.02,0.207,0.542,0.264,0.001,0.722,0.024,0.082,0.024,0.043,0.002,0.48,0.014,0.25,0.004,0.161,0.051,0.756,0.017,0.214,0.512,0.001,0.22,0.451,0.002,0.203,0.001,0.001,0.305,0.016,0.001,0.392,0.017,0.001,0.001,0.001,0.258,0.001,0.001,0.001,0.001,0.043,0.31,0.001,0.035,0.004,0.153,0.015,0.563,0.792,0.092,0.069,0.847,0.381,0.074,0.053,0.505,0.141,0.059,0.084,0.002,0.001,0.029,0.006,0.001,0.003,0.001
"Eikenella_corrodens",0.376,0.018,0.006,0.001,0.081,0.004,0.001,0.271,0.002,0.291,0.071,0.229,0.001,0.001,0.001,0.001,0.5,0.027,0.345,0.001,0.1,0.001,0.001,0.156,0.001,0.186,0.247,0.001,0.091,0.212,0.044,0.01,0.006,0.059,0.694,0.054,0.003,0.09,0.189,0.267,0.048,0.019,0.002,0.088,0.004,0.339,0.141,0.001,0.243,0.035,0.001,0.023,0.021,0.001,0.011,0.001,0.001,0.249,0.001,0.001,0.665,0.133,0.001,0.103,0.014,0.001,0.001,0.005,0.433,0.001,0.001,0.001,0.001,0.003,0.001,0.765,0.26,0.341,0.002,0.06,0.386,0.091,0.001,0.256,0.337,0.708,0.105,0.97,0.008,0.001,0.052,0.109,0.008,0.512,0.013,1,0.002,0.003,0.001
"Parvimonas_micra",0.369,0.01,0.031,0.016,0.068,0.003,0.006,0.093,0.001,0.001,0.036,0.017,0.001,0.001,0.002,0.001,0.035,0.004,0.061,0.018,0.022,0.18,0.001,0.001,0.001,0.052,0.052,0.012,0.052,0.002,0.007,0.204,0.013,0.121,0.646,0.241,0.001,0.089,0.169,0.001,0.073,0.001,0.001,0.3,0.444,0.159,0.573,0.001,0.001,0.061,0.018,0.001,0.001,0.001,0.31,0.001,0.001,0.056,0.001,0.001,0.001,0.045,0.001,0.184,0.008,0.001,0.001,0.183,0.238,0.001,0.001,0.001,0.001,0.026,0.003,0.782,0.716,0.164,0.029,0.002,0.028,0.067,0.001,0.001,1,0.531,1,0.048,0.019,0.001,0.144,0.015,0.346,0.524,0.933,0.177,0.001,0.001,0.001
"Streptococcus_pyogenes",0.166,0.374,0.043,0.133,0.011,0.67,0.731,0.945,0.682,1,0.051,1,1,0.152,0.427,0.639,1,1,1,0.486,0.629,0.498,0.517,0.018,1,1,1,1,0.983,0.272,1,0.639,0.614,1,0.554,1,0.795,1,1,0.009,0.003,0.793,0.42,1,1,1,1,0.392,0.621,0.416,1,1,1,0.982,1,1,1,1,0.836,0.008,1,1,0.821,1,1,0.187,0.004,0.3,0.42,1,0.054,0.265,0.609,0.477,0.464,1,1,1,0.042,0.756,1,1,1,1,1,1,1,1,1,1,1,1,1,1,1,1,1,1,0.098
"Scardovia_wiggsiae",0.05,0.659,0.11,0.087,0.246,1,0.002,0.001,0.001,0.011,0.404,0.224,0.001,0.001,0.366,0.483,0.16,0.682,0.08,0.011,0.766,0.005,0.001,0.065,0.001,0.002,0.162,0.063,0.002,0.005,0.133,0.019,0.034,0.501,0.003,0.124,0.085,0.309,0.84,0.033,0.001,0.249,0.007,0.292,0.637,0.394,0.757,0.065,0.001,0.757,0.045,0.009,0.059,0.001,1,0.358,0.135,0.543,0.186,0.001,0.415,0.172,0.001,0.922,0.589,0.001,0.001,0.939,0.244,0.003,0.012,0.145,0.001,0.152,0.009,0.225,0.692,0.026,0.001,0.021,0.259,0.042,0.238,0.308,0.714,0.113,1,1,0.001,0.6,0.332,0.492,0.813,0.138,0.152,0.135,0.002,0.001,0.004
"Fusobacterium_nucleatum",0.115,0.012,0.488,0.001,0.011,0.001,0.019,0.075,0.11,0.259,0.005,0.444,0.152,0.001,0.004,0.002,0.016,0.82,0.165,0.001,0.001,0.001,0.001,0.18,0.007,0.516,0.316,0.009,0.02,0.001,0.01,0.257,0.009,0.002,0.002,0.461,0.001,0.832,0.001,0.001,0.003,0.001,0.001,0.001,0.025,0.164,0.34,0.001,0.001,0.008,0.003,0.005,0.021,0.001,0.041,0.008,0.001,0.114,0.001,0.001,0.001,0.051,0.001,0.223,0.001,0.001,0.001,0.001,0.022,0.001,0.551,0.488,0.042,0.376,0.001,0.129,0.158,0.015,0.001,0.002,0.07,0.838,0.029,0.001,0.752,0.88,0.249,0.176,0.109,0.001,0.046,0.072,0.115,0.139,0.02,0.134,0.001,0.2,0.001
"Prevotella_saccharolytica",0.78,0.296,0.048,0.004,0.064,0.291,0.003,0.526,0.001,0.107,0.22,0.5,0.06,0.024,0.023,0.01,0.43,0.209,0.004,0.002,0.004,0.189,0.001,0.858,0.109,1,0.682,0.124,0.068,0.001,0.076,0.797,0.022,0.018,0.009,0.477,0.052,0.116,0.001,0.001,0.368,0.075,0.013,0.449,0.707,0.514,0.013,0.015,0.052,0.007,0.463,0.032,0.432,0.001,0.014,0.775,0.221,0.001,0.001,0.001,0.001,0.008,0.001,0.59,0.35,0.001,0.001,0.001,0.684,0.001,0.001,0.001,0.001,0.378,0.007,0.955,0.131,0.273,0.001,0.756,0.858,0.064,0.009,0.756,1,1,0.619,1,0.831,0.211,0.253,0.602,1,0.031,0.201,1,0.005,1,0.151
"Catonella_morbi",0.028,0.055,0.003,0.016,0.065,0.179,0.014,0.028,0.258,0.029,0.001,0.101,0.162,0.026,0.009,0.001,0.383,0.035,0.212,0.002,0.023,0.031,0.004,0.001,0.001,0.043,0.859,0.002,0.007,0.712,0.266,0.03,0.019,0.018,0.001,0.45,0.001,0.561,0.002,0.006,0.702,0.001,0.002,0.013,0.881,0.887,0.828,0.003,0.316,0.001,0.221,0.182,0.831,0.001,0.515,0.006,0.001,0.077,0.001,0.001,0.334,0.008,0.065,0.396,0.06,0.776,0.496,0.088,0.94,0.1,0.001,0.001,0.001,0.694,0.001,0.704,0.002,0.846,0.001,0.117,0.005,0.064,0.002,0.079,1,1,0.61,1,0.222,0.115,1,0.322,1,0.719,0.323,1,0.002,0.874,0.001
"Moraxella_boevrei",0.34,0.692,0.106,0.066,0.034,0.721,0.791,0.747,0.305,0.293,0.927,1,0.787,0.037,1,0.122,0.77,0.702,0.498,0.011,0.942,0.39,0.653,1,0.737,1,0.571,1,0.37,0.278,0.005,0.018,0.142,0.029,0.139,0.055,0.261,1,0.585,1,0.353,0.253,0.413,0.847,0.618,0.089,1,0.348,0.872,0.918,0.377,1,1,0.136,1,1,0.069,0.175,0.464,0.057,1,0.727,0.029,0.464,0.625,0.007,0.044,1,1,0.626,0.247,0.125,0.325,0.106,0.19,1,0.291,0.061,0.761,0.972,1,1,1,1,1,1,1,1,1,1,1,1,1,1,1,1,1,1,1
"Micrococcus_luteus",0.457,0.002,0.453,0.69,0.093,1,0.023,1,0.712,0.035,0.588,0.337,1,0.854,0.042,0.274,0.986,1,1,0.002,0.557,0.262,0.406,1,0.099,0.096,0.66,0.688,0.138,0.56,1,1,1,0.913,0.514,0.176,0.042,1,0.683,1,1,0.349,0.62,1,0.629,0.446,0.635,0.255,0.062,0.117,0.031,0.377,1,0.254,1,0.061,0.001,0.525,0.038,0.929,0.921,0.594,0.458,0.174,0.728,0.284,0.093,0.313,1,0.201,0.084,0.123,1,0.653,0.744,0.335,0.734,0.095,0.001,0.513,0.467,1,1,0.25,1,1,1,1,1,1,1,1,1,1,1,1,1,1,1
"Morococcus_cerebrosus",0.729,1,0.001,0.698,0.048,1,0.005,0.549,0.805,0.286,0.959,0.181,0.423,0.659,0.159,1,0.998,1,0.072,1,1,0.12,1,0.208,0.002,1,1,0.022,1,0.059,0.02,0.62,0.001,0.462,0.747,1,0.353,0.95,0.647,0.411,0.858,0.539,1,0.665,0.546,0.21,0.723,0.002,0.076,0.082,0.113,0.575,1,0.531,1,0.101,0.012,0.855,1,1,1,1,0.725,0.24,1,0.058,0.269,0.696,0.917,0.533,0.376,0.099,0.001,0.008,0.075,0.411,1,1,0.253,1,1,1,1,0.101,0.915,0.388,0.321,0.908,0.328,0.127,0.354,0.807,0.015,0.235,0.277,0.003,0.852,0.129,0.005
"Actinomyces_massiliensis",0.601,0.411,0.384,0.893,0.13,0.003,0.001,0.157,0.359,0.003,0.569,0.119,0.004,0.008,0.063,0.033,0.434,0.05,0.01,0.194,0.339,0.037,0.001,0.069,0.036,0.002,0.557,0.006,0.019,0.626,0.001,0.873,0.023,0.085,0.292,0.079,0.018,0.946,0.743,0.185,0.09,0.101,0.037,0.043,0.81,0.194,0.003,0.206,0.056,0.113,0.007,0.314,0.093,0.001,0.011,0.043,0.002,0.972,0.001,0.001,1,0.016,0.001,0.474,0.074,0.001,0.001,0.013,0.343,0.028,0.001,0.001,0.001,0.001,0.371,0.001,0.083,0.08,0.001,0.991,0.863,0.827,0.098,0.869,0.733,0.758,1,0.857,0.001,0.094,0.045,0.013,1,0.532,0.009,0.49,0.196,0.697,0.273
"Streptococcus_salivarius",0.053,0.042,0.001,0.415,0.004,0.001,0.001,0.002,0.004,0.001,0.001,0.748,0.067,0.685,0.548,0.961,0.25,0.002,0.003,0.59,1,0.639,0.494,0.01,0.001,1,1,0.001,0.052,0.002,0.009,0.001,0.013,0.001,0.358,1,0.001,0.011,0.143,0.001,0.002,0.087,1,0.001,0.002,0.003,0.168,0.181,0.015,0.042,0.193,0.003,1,0.056,0.028,0.195,0.001,0.739,0.001,0.001,0.918,0.804,0.001,0.95,1,0.001,0.001,0.001,0.054,0.665,0.001,0.001,0.001,0.001,0.001,0.055,0.182,0.1,0.001,0.714,0.028,1,0.001,0.001,0.332,0.001,1,0.001,0.001,0.001,0.002,0.271,0.001,0.003,0.051,0.001,0.001,0.001,0.001
"Elizabethkingia_meningoseptica",0.118,1,0.055,0.407,0.617,0.074,0.537,1,0.738,0.586,0.191,1,1,0.052,0.465,0.099,1,0.968,1,0.227,1,0.187,1,0.836,1,1,1,1,1,0.504,0.496,0.202,1,0.378,0.251,1,0.048,1,0.088,1,1,0.792,1,1,1,1,1,0.583,1,1,1,1,1,0.247,0.046,1,1,1,0.001,0.001,1,0.5,0.699,0.085,1,0.001,0.597,1,0.526,0.387,0.918,0.384,0.878,0.379,0.674,1,1,1,0.319,1,1,1,0.881,1,1,1,1,1,1,1,1,1,1,1,1,1,1,1,1
"Prevotella_buccae",0.845,0.013,0.393,0.015,0.579,0.014,0.026,0.104,0.297,0.123,0.3,0.625,0.623,0.004,0.012,0.481,0.012,0.139,0.075,0.537,0.011,0.907,0.002,0.1,0.11,1,0.299,0.569,0.204,0.002,0.537,0.979,0.19,0.784,0.001,0.671,0.093,0.999,0.053,0.001,0.064,0.006,0.021,0.001,0.774,0.007,0.122,0.08,0.001,0.395,0.041,0.002,1,0.329,0.032,1,1,0.069,0.001,0.001,0.231,0.207,0.001,0.744,0.006,0.001,0.001,0.09,0.62,0.001,0.03,0.001,0.229,0.834,0.127,0.087,0.266,0.593,0.001,0.032,0.013,0.913,0.618,0.139,1,1,0.594,1,0.153,0.012,0.051,0.225,0.162,1,0.072,1,0.001,0.053,0.001
"Fusobacterium_russii",0.223,0.245,0.001,0.44,0.158,0.022,0.033,1,0.842,0.579,1,0.081,1,0.093,0.048,0.884,0.266,1,0.256,0.155,0.671,0.457,0.491,0.688,0.082,0.102,0.382,0.057,0.938,0.001,0.023,1,0.03,0.07,0.816,0.46,0.657,0.33,0.033,0.877,0.411,0.85,1,0.26,0.978,0.723,0.376,0.545,0.183,0.242,0.737,1,1,0.021,1,0.111,0.019,0.723,1,0.33,0.021,0.659,0.075,0.447,0.947,0.001,0.001,0.271,0.015,0.02,0.158,0.014,0.001,0.289,0.07,1,0.287,0.932,0.076,0.638,0.094,0.559,1,1,1,1,1,1,1,1,1,1,1,1,1,1,1,1,1
"Neisseria_meningitidis",0.257,0.077,0.004,0.894,0.031,0.025,0.002,0.092,0.285,0.003,0.394,0.321,0.03,0.341,0.028,0.493,0.647,0.023,0.739,0.001,0.103,0.02,0.5,0.635,0.082,1,0.526,0.001,0.048,0.054,0.272,0.038,0.016,0.114,0.656,0.46,0.005,0.565,0.677,0.127,0.023,0.725,0.022,0.122,0.766,0.909,0.138,0.001,0.706,0.812,0.463,0.429,0.423,0.009,0.084,0.372,0.01,0.207,0.001,0.001,0.001,0.02,0.001,0.225,0.177,0.001,0.233,0.427,0.959,0.357,0.002,0.001,0.001,0.001,0.475,0.783,0.29,0.674,0.001,0.161,0.123,0.153,0.001,0.597,1,1,1,1,1,1,1,1,1,1,0.347,1,0.124,1,0.057
"Alloscardovia_omnicolens",0.304,0.365,0.009,0.217,0.121,1,0.003,0.022,0.838,0.026,0.841,0.439,0.003,0.001,0.23,0.035,0.48,0.821,0.403,0.655,0.069,0.001,0.006,0.016,0.925,1,0.48,0.413,0.288,0.001,0.157,0.04,0.027,0.013,0.187,0.289,0.098,0.207,0.2,0.651,0.001,0.031,0.378,0.059,0.065,0.197,0.91,0.159,0.035,0.112,0.31,0.828,1,0.001,1,0.07,0.329,0.906,0.016,0.128,1,0.886,0.001,0.527,0.191,0.001,0.001,1,0.087,0.001,0.235,0.049,0.001,0.16,0.001,0.333,0.11,0.305,0.001,0.943,0.185,0.215,0.715,0.059,1,1,1,1,0.001,0.002,1,0.641,0.004,0.069,0.04,1,0.593,0.051,0.001
"Staphylococcus_epidermidis",0.106,0.001,0.57,0.531,0.097,0.335,0.043,0.256,0.157,0.272,0.44,0.816,1,0.167,1,0.396,0.078,0.939,0.386,0.859,1,0.298,0.694,0.09,0.029,1,1,0.136,1,0.537,0.084,0.715,0.881,0.002,0.142,1,0.764,1,0.983,0.208,0.565,1,0.914,0.782,0.949,0.49,1,0.293,0.739,0.351,0.322,0.794,1,0.066,0.008,0.009,0.001,1,0.142,0.002,0.068,0.354,0.003,1,0.985,0.003,0.073,0.062,0.751,0.264,0.163,0.034,0.001,0.197,0.77,0.211,0.311,1,0.718,0.407,1,1,0.176,0.831,1,1,1,1,1,0.115,1,1,1,1,1,1,1,1,0.465
"Neisseria_lactamica",0.176,1,0.019,0.723,1,0.519,0.314,1,1,0.396,0.244,0.902,1,0.711,1,0.913,0.449,0.794,0.523,1,1,0.22,1,0.824,0.259,1,1,0.059,1,0.2,0.066,0.017,0.123,0.612,0.005,1,0.403,1,1,0.827,0.327,1,1,0.669,0.945,0.274,0.689,1,0.372,0.784,1,1,1,1,1,0.295,0.945,0.496,0.364,0.995,1,1,0.067,0.58,1,0.001,0.167,0.148,1,1,0.005,0.003,0.083,0.289,0.173,1,1,1,0.163,1,1,1,0.89,0.442,1,1,0.904,1,1,1,1,1,1,0.593,0.078,1,0.01,1,0.42
"Mannheimia_haemolytica",0.023,0.871,0.811,0.325,0.251,1,0.855,1,1,0.808,1,0.373,1,0.098,0.257,0.084,1,1,1,0.077,0.179,0.917,1,0.04,1,1,1,0.424,1,0.734,1,1,1,0.126,0.219,1,0.716,1,1,0.133,1,0.745,0.655,0.096,1,0.781,0.495,0.167,0.001,0.073,1,1,1,0.283,1,0.395,0.168,0.903,1,1,0.143,0.072,1,1,1,0.001,0.025,0.019,0.526,1,0.35,0.13,1,0.513,0.146,0.149,1,1,0.005,1,1,1,1,1,1,1,1,1,1,1,1,1,1,1,1,1,1,1,1
"Pseudoramibacter_alactolyticus",0.298,0.228,0.273,0.016,0.109,0.078,0.001,0.085,0.015,0.106,0.134,0.984,0.404,0.208,0.279,0.005,0.034,0.544,0.477,0.01,0.609,0.025,0.178,0.069,0.423,1,0.002,0.179,0.693,0.489,0.838,0.291,0.246,0.045,0.983,1,0.025,0.301,0.001,0.897,0.041,0.046,0.158,0.376,0.361,0.687,1,0.258,0.03,0.044,0.084,0.799,0.078,1,0.562,0.1,0.008,0.996,0.001,0.001,1,0.895,0.001,0.946,0.067,0.305,0.001,0.866,0.372,0.216,0.009,0.008,0.162,0.279,0.039,0.179,0.14,0.613,0.001,0.05,0.214,0.475,0.939,0.243,1,1,1,1,0.156,1,1,0.012,1,1,1,1,1,1,0.242
"Mogibacterium_timidum",0.14,0.014,0.433,0.345,0.265,0.003,0.018,0.153,0.014,0.092,0.525,0.249,0.045,0.001,0.001,0.001,0.189,0.285,0.041,0.003,0.006,0.023,0.001,0.97,0.488,1,0.052,0.148,0.105,0.017,0.652,0.26,0.165,0.584,0.399,0.527,0.002,0.503,0.033,0.001,0.075,0.015,0.014,0.002,0.564,0.356,0.059,0.082,0.116,0.332,0.199,0.001,0.379,0.797,1,0.039,0.003,0.025,0.004,0.001,0.039,0.24,0.001,0.57,0.001,0.005,0.001,0.637,0.908,0.001,0.001,0.001,0.076,0.538,0.094,0.617,0.201,0.164,0.001,0.001,0.407,0.611,0.73,0.169,0.408,1,1,1,0.076,0.023,0.206,0.212,1,1,0.352,0.141,0.107,0.03,0.001
"Streptococcus_mutans",0.257,0.717,0.045,0.268,0.98,0.001,0.001,0.001,0.001,0.151,0.08,0.399,0.905,0.003,0.073,0.002,0.86,0.049,0.665,0.164,0.154,0.001,0.001,0.051,0.239,0.005,0.859,0.001,0.001,0.001,0.037,0.001,0.096,0.017,0.001,0.182,0.001,0.114,0.92,0.026,0.001,0.105,0.362,0.229,0.283,0.058,0.355,0.043,0.001,0.209,0.045,0.12,0.244,0.001,0.746,0.338,0.598,0.008,0.133,0.013,0.001,0.189,0.001,0.934,0.68,0.001,0.001,0.805,0.002,0.001,0.3,0.106,0.001,0.139,0.036,0.017,0.618,0.062,0.001,0.002,0.027,0.37,0.009,0.447,1,0.324,1,0.813,0.004,0.058,0.1,0.011,1,0.044,0.001,1,0.206,0.003,0.005
"Streptococcus_thermophilus",0.041,0.005,0.001,0.068,0.003,0.002,0.001,0.001,0.001,0.001,0.024,0.448,0.001,0.001,0.032,0.001,0.104,0.007,0.018,0.07,0.657,0.343,0.001,0.023,0.001,0.001,0.188,0.001,0.001,0.001,0.007,0.001,0.035,0.001,0.305,0.139,0.001,0.03,0.006,0.238,0.001,0.001,0.135,0.171,0.004,0.002,0.526,0.001,0.049,0.276,0.099,0.497,0.004,0.001,0.001,0.525,0.001,0.883,0.003,0.004,0.001,0.026,0.001,0.382,0.064,0.001,0.001,0.003,0.003,0.001,0.001,0.001,0.001,0.001,0.001,0.3,0.041,0.156,0.001,0.092,0.001,0.117,0.001,1,1,0.082,1,0.507,0.599,0.864,1,0.008,0.035,0.86,0.057,0.728,1,1,0.753
"Propionibacterium_propionicum",0.753,0.182,0.853,0.662,0.285,0.003,0.001,0.194,0.659,0.085,0.416,0.013,0.576,0.001,0.478,0.001,1,0.595,0.514,0.301,0.205,0.015,1,0.226,0.001,0.511,0.205,0.001,0.077,0.869,0.015,0.003,0.204,0.043,0.003,0.299,0.007,0.64,0.012,0.141,0.169,0.122,1,0.118,0.066,0.243,0.966,0.137,0.549,0.393,1,1,1,0.057,0.003,0.006,0.001,0.003,0.001,0.001,0.119,1,0.001,0.068,0.08,0.001,0.001,0.272,0.142,0.948,0.207,0.039,0.001,0.003,0.003,0.011,0.15,0.183,0.318,0.64,0.425,1,0.001,0.344,1,1,1,1,0.005,0.003,0.382,0.514,0.183,0.257,0.034,0.067,0.326,0.011,0.001
"Porphyromonas_asaccharolytica",0.941,1,0.645,1,0.548,1,1,1,0.98,1,0.136,1,1,0.28,1,0.845,1,0.752,1,1,1,0.487,1,0.167,1,1,1,1,0.032,0.548,1,0.336,0.16,0.354,1,0.776,0.119,0.835,1,1,1,0.758,1,1,1,1,1,0.259,1,1,0.041,1,1,0.437,1,1,1,0.744,0.233,0.018,0.959,1,0.551,1,1,0.216,0.731,1,1,0.316,0.383,0.448,1,1,0.931,1,0.413,1,1,0.234,0.028,1,1,1,1,1,1,1,1,0.255,1,1,1,1,1,1,1,1,0.145
"Treponema_pectinovorum",0.201,0.343,1,0.112,0.908,1,0.002,1,1,0.243,0.178,0.757,0.062,0.333,1,0.945,0.295,0.678,1,0.292,0.068,0.245,0.196,0.008,0.99,1,1,0.885,0.095,0.033,0.947,0.752,0.031,0.355,0.538,0.296,0.001,1,0.011,0.404,0.197,0.216,1,0.47,0.763,0.157,1,0.259,0.039,0.154,0.02,0.081,1,0.762,1,1,1,0.539,0.626,0.025,1,0.215,0.06,0.735,0.388,0.009,0.037,1,1,0.271,0.499,0.137,0.763,0.708,0.062,1,0.303,0.83,0.023,1,1,1,0.606,1,1,1,1,1,1,1,1,1,1,1,1,1,1,1,1
"Neisseria_flavescens",0.001,0.08,0.002,0.007,0.001,0.001,0.001,0.001,0.043,0.042,0.888,0.844,0.866,0.086,0.14,0.451,0.378,0.002,0.273,0.001,0.283,0.008,0.675,0.002,0.001,0.747,0.865,0.001,0.226,0.002,0.368,0.003,0.279,0.02,0.115,0.359,0.02,0.156,0.12,0.911,0.025,0.211,0.212,0.007,0.025,0.847,0.542,0.861,0.023,0.11,0.499,0.131,0.374,0.041,0.205,0.003,0.001,0.743,0.001,0.001,0.031,0.009,0.001,0.483,0.084,0.001,0.001,0.605,0.047,0.325,0.001,0.001,0.001,0.002,0.001,0.701,0.231,0.009,0.001,0.932,0.161,0.12,0.001,0.003,0.191,0.001,0.476,0.001,0.001,0.001,0.002,0.016,0.001,0.001,0.007,0.001,0.001,0.001,0.001
"Streptococcus_anginosus",0.098,0.429,0.01,0.456,0.001,0.005,0.001,0.001,0.977,0.002,0.625,0.334,0.509,0.001,0.015,0.002,0.04,0.41,0.299,0.114,0.359,0.121,0.003,0.04,0.063,0.565,0.028,0.473,0.039,0.001,0.085,0.264,0.134,0.551,0.001,0.809,0.018,0.606,0.665,0.004,0.002,0.076,0.031,0.391,0.323,0.002,0.09,0.042,0.001,0.064,0.046,0.001,0.068,0.008,0.577,0.011,0.001,0.921,0.001,0.001,0.279,0.005,0.001,0.556,0.01,0.001,0.001,0.007,0.38,0.001,0.001,0.001,0.001,0.006,0.121,0.191,0.498,0.027,0.001,0.028,0.454,0.1,0.965,1,1,1,1,1,1,1,1,1,1,1,1,1,1,1,1
"Leptotrichia_trevisanii",0.744,0.025,0.002,0.009,0.009,0.299,0.001,0.686,0.032,0.002,0.304,0.093,0.251,0.001,0.037,0.001,0.055,0.855,0.33,0.001,0.136,0.387,0.001,0.055,0.001,0.068,0.002,0.007,0.245,0.001,0.721,0.918,0.039,0.19,0.242,0.03,0.001,0.098,0.05,0.536,0.042,0.001,0.001,0.891,0.007,0.322,0.835,0.057,0.037,0.012,0.007,0.004,0.313,0.001,0.844,0.006,0.001,0.487,0.001,0.001,0.01,0.006,0.001,0.185,0.207,0.001,0.049,0.358,0.238,0.001,0.001,0.001,0.001,0.026,0.001,0.55,0.011,0.904,0.029,0.365,0.403,0.998,0.015,1,1,1,1,1,1,1,1,1,1,1,1,1,1,1,1
"Treponema_putidum",0.919,0.38,0.799,0.452,0.572,1,0.029,1,1,0.879,1,0.358,0.176,0.301,0.105,0.719,0.863,0.46,1,0.001,0.304,0.002,0.504,0.113,0.868,1,0.105,0.433,0.767,0.074,1,0.997,0.577,0.619,0.517,1,0.043,0.282,0.314,0.235,0.008,0.002,1,0.741,0.926,0.024,1,0.308,0.504,0.041,0.51,0.062,0.723,0.354,1,1,1,1,0.479,0.074,1,0.591,0.343,0.531,0.272,0.05,0.001,1,1,0.048,0.511,0.003,0.008,0.777,0.071,1,1,1,0.324,1,1,1,0.908,0.844,1,1,1,1,1,1,1,1,1,1,0.744,1,1,1,0.023
"Leptotrichia_wadei",0.001,0.062,0.001,0.044,0.198,0.001,0.001,0.002,0.509,0.001,0.03,0.604,0.001,0.001,0.011,0.074,0.541,0.068,0.089,0.07,0.094,0.03,0.001,0.001,0.001,0.525,0.124,0.009,0.316,0.61,0.016,0.081,0.029,0.057,0.349,0.568,0.041,0.495,0.001,0.198,0.009,0.007,0.185,0.001,0.741,0.167,0.019,0.005,0.001,0.033,0.36,0.979,0.481,0.002,0.024,0.017,0.007,0.251,0.001,0.001,0.966,0.076,0.001,0.754,0.052,0.001,0.001,0.007,0.333,0.001,0.001,0.001,0.001,0.009,0.001,0.936,0.023,0.154,0.001,0.007,0.029,0.062,0.015,0.001,0.046,0.517,0.588,0.123,0.001,0.01,0.005,0.403,0.001,0.254,0.089,1,0.001,0.001,0.001
"Streptococcus_mitis",0.015,0.334,0.001,0.121,0.379,0.001,0.001,0.078,0.011,0.001,0.001,0.633,0.001,0.001,0.004,0.447,0.162,0.639,0.003,0.001,0.655,0.045,0.012,0.238,0.001,0.533,0.598,0.063,0.016,0.061,0.009,0.622,0.657,0.004,0.512,0.327,0.102,0.073,0.054,0.033,0.136,0.013,0.034,0.963,0.336,0.952,0.032,0.001,0.955,0.348,0.007,0.688,0.329,0.001,0.004,0.001,0.453,0.339,0.001,0.001,0.992,0.115,0.009,0.092,0.029,0.001,0.001,0.629,0.048,0.175,0.001,0.001,0.004,0.001,0.245,0.157,0.759,0.158,0.001,0.255,0.033,0.354,0.245,0.041,0.002,0.641,0.015,0.054,0.757,0.001,0.332,0.836,0.001,0.001,0.904,0.001,0.001,0.001,0.001
"Dialister_micraerophilus",0.825,0.452,0.673,0.048,0.984,0.127,0.022,0.802,0.053,0.525,0.378,0.449,0.457,0.001,0.591,0.277,0.213,0.744,1,0.365,0.307,0.111,0.002,0.785,1,1,0.757,0.267,0.563,0.026,0.116,0.001,0.671,0.004,0.001,0.288,0.022,0.049,0.413,0.09,0.092,0.669,1,0.73,0.72,0.251,0.02,0.08,0.002,0.027,0.006,0.286,1,0.001,1,0.274,0.172,0.832,0.33,0.093,0.782,0.807,0.007,0.749,1,0.001,0.001,1,0.016,0.088,0.231,0.341,0.928,0.238,0.002,0.937,0.49,0.365,0.001,0.731,0.029,0.143,0.189,0.26,1,1,1,1,0.376,0.523,1,0.454,0.096,1,0.008,1,1,0.002,0.486
"Prevotella_oris",0.323,0.032,0.005,0.11,0.375,0.001,0.228,0.001,0.001,0.17,0.112,0.693,0.566,0.001,0.002,0.575,0.054,0.97,0.089,0.35,0.41,0.275,0.001,0.001,0.047,0.006,0.66,0.003,0.001,0.02,0.002,0.017,0.181,0.263,0.001,0.832,0.004,0.341,0.457,0.001,0.167,0.01,0.003,0.325,0.875,0.822,0.282,0.005,0.001,0.02,0.015,0.031,0.005,0.001,0.036,0.843,0.049,0.506,0.001,0.001,0.001,0.024,0.001,0.103,0.01,0.001,0.001,0.041,0.839,0.001,0.001,0.001,0.139,0.674,0.001,0.168,0.844,0.022,0.002,0.001,0.032,0.174,0.144,0.012,0.293,0.442,0.57,0.013,0.024,0.024,0.051,0.252,0.796,0.795,0.072,0.519,0.001,0.019,0.001
"Chryseobacterium_piscicola",0.477,1,1,0.439,0.669,1,0.001,1,0.147,0.292,1,0.129,0.382,1,1,1,0.669,1,0.192,1,1,0.44,1,0.007,0.158,1,1,1,1,1,0.586,0.517,1,0.568,0.613,1,0.937,1,1,0.464,0.25,1,1,0.864,1,1,1,1,0.549,0.685,1,0.393,1,1,1,1,1,0.823,1,1,1,1,1,0.817,1,0.001,0.003,0.052,1,1,0.026,0.182,0.436,0.236,0.185,0.248,1,1,0.632,1,1,1,1,1,1,1,1,1,1,1,1,1,1,1,1,1,1,1,1
"Porphyromonas_catoniae",0.004,0.003,0.001,0.001,0.001,0.001,0.001,0.001,0.001,0.001,0.131,0.802,0.001,0.001,0.001,0.001,0.57,0.013,0.001,0.001,0.002,0.021,0.001,0.001,0.001,0.396,0.11,0.002,0.008,0.001,0.001,0.001,0.033,0.001,0.148,0.05,0.001,0.005,0.004,0.004,0.001,0.171,0.006,0.001,0.008,0.003,0.138,0.002,0.001,0.001,0.055,0.015,0.155,0.001,0.93,0.001,0.001,0.076,0.001,0.001,0.001,0.007,0.001,0.02,0.957,0.001,0.001,0.124,0.001,0.001,0.001,0.001,0.001,0.001,0.001,0.41,0.001,0.001,0.001,0.832,0.159,0.051,0.001,0.028,0.747,0.082,1,0.723,0.01,0.073,0.066,0.049,0.015,0.875,0.164,0.165,0.003,0.009,0.001
"Fusobacterium_canifelinum",0.02,1,0.971,0.037,0.112,0.089,0.734,0.63,0.27,1,0.699,0.721,0.308,1,1,1,0.096,0.092,1,1,1,0.092,1,0.836,1,1,1,0.413,1,1,0.739,0.886,0.132,0.318,0.875,1,0.146,1,1,0.973,0.321,1,1,0.372,0.032,0.424,1,1,1,1,0.237,1,1,1,0.006,1,1,1,0.029,0.001,1,1,0.431,1,1,0.065,0.132,0.024,1,1,0.003,0.001,0.015,0.295,0.832,0.592,1,1,0.268,1,1,1,0.059,1,1,1,1,1,1,1,1,1,1,1,1,1,1,1,1
"Aggregatibacter_aphrophilus",0.544,0.362,0.004,0.065,0.03,0.001,0.001,0.783,0.001,0.372,0.897,0.217,0.463,0.003,0.181,0.019,0.27,0.7,0.033,0.001,0.001,0.099,0.036,0.074,0.001,0.07,0.098,0.002,0.062,0.351,0.002,0.124,0.36,0.025,0.216,0.353,0.014,0.072,0.548,0.01,0.036,0.01,0.064,0.027,0.003,0.329,0.729,0.449,0.001,0.03,0.022,0.047,0.053,0.001,0.294,0.168,0.001,0.916,0.025,0.001,0.405,0.662,0.001,0.499,0.558,0.001,0.001,0.008,0.673,0.003,0.001,0.001,0.001,0.007,0.001,0.22,0.296,0.523,0.276,0.043,0.555,0.921,0.09,0.1,0.759,1,0.01,0.995,0.647,0.926,0.668,0.555,0.438,0.327,0.064,1,0.001,0.131,0.001
"Lachnoanaerobaculum_umeaense",0.001,0.014,0.001,0.662,0.001,0.046,0.68,0.002,0.001,0.001,0.073,0.69,0.926,0.001,0.542,0.001,0.002,0.186,0.713,0.21,0.003,0.788,0.001,0.001,0.001,0.005,0.136,0.001,0.001,0.001,0.001,0.001,0.215,0.001,0.336,0.208,0.324,0.456,0.042,0.734,0.02,0.395,0.001,0.048,0.006,0.425,0.276,0.022,0.001,0.002,0.499,0.02,0.003,0.001,0.005,0.001,0.147,0.034,0.001,0.001,0.001,0.002,0.001,0.368,0.223,0.001,0.001,0.145,0.22,0.001,0.001,0.001,0.001,0.3,0.001,0.067,0.68,0.048,0.001,0.007,0.053,0.021,0.005,0.07,1,0.401,1,0.401,0.003,0.16,0.003,0.018,0.069,0.019,0.473,0.291,0.001,0.044,0.001
"Eubacterium_infirmum",0.01,0.035,0.06,0.088,0.002,0.454,0.047,0.274,0.006,0.691,0.584,0.975,0.841,0.008,0.082,0.007,0.315,0.669,0.156,0.368,0.003,0.541,0.02,0.07,0.001,0.877,0.043,0.202,0.083,0.392,0.076,0.602,0.087,0.482,0.478,0.76,0.001,0.406,0.098,0.007,0.382,0.001,0.003,0.021,0.757,0.634,0.012,0.002,0.428,0.048,0.501,0.107,0.016,0.01,0.336,0.102,0.304,0.323,0.001,0.001,0.002,0.482,0.003,0.143,0.005,0.001,0.001,0.078,0.673,0.001,0.001,0.001,0.002,0.961,0.496,0.261,0.352,0.239,0.339,0.029,0.315,0.939,0.181,0.126,1,0.001,0.574,1,0.049,0.298,0.026,0.427,0.266,0.112,0.708,0.464,0.001,0.003,0.001
"Neisseria_mucosa",0.558,0.945,0.001,0.445,0.812,0.001,0.012,0.473,0.319,0.336,0.503,0.652,0.453,0.387,0.01,0.189,0.13,0.025,0.303,0.116,0.727,0.345,0.33,0.005,0.004,0.246,0.976,0.001,0.058,0.01,0.386,0.039,0.686,0.045,0.662,0.17,0.016,0.241,0.409,0.353,0.054,0.139,0.29,0.375,0.393,0.594,0.676,0.062,0.241,0.011,0.107,0.071,0.717,0.002,1,0.014,0.857,0.223,0.001,0.001,1,0.004,0.001,0.712,0.844,0.002,0.353,0.01,0.654,0.196,0.001,0.001,0.001,0.273,0.051,0.567,0.395,0.007,0.995,0.284,0.065,0.074,0.067,0.176,0.902,0.898,0.179,0.338,0.02,0.198,0.208,0.938,0.001,0.929,0.514,0.002,0.382,0.001,0.005
"Neisseria_dentiae",0.695,0.107,0.001,0.28,0.863,1,0.131,1,0.36,0.383,1,0.334,0.102,0.72,0.165,0.137,0.178,1,0.582,0.314,0.482,0.662,0.586,0.041,0.423,0.409,1,0.248,0.677,0.001,0.287,0.472,0.347,0.019,0.381,0.958,0.543,0.572,1,0.142,0.262,0.067,0.075,0.277,0.071,0.326,0.55,0.309,0.469,0.173,1,0.288,0.036,0.006,1,0.323,0.063,0.009,1,1,0.001,0.057,0.007,0.816,0.631,0.001,0.005,0.129,0.903,0.003,0.016,0.021,0.987,0.526,0.187,0.46,0.265,0.842,0.629,0.526,0.324,1,1,1,1,1,1,1,1,1,1,1,1,1,1,1,1,1,1
"Haemophilus_pittmaniae",0.003,0.024,0.001,0.451,0.026,0.807,0.032,0.039,0.298,0.001,0.764,0.075,0.001,0.906,0.617,0.305,0.402,0.123,0.035,1,1,0.013,0.857,0.001,0.001,1,1,0.015,1,0.356,0.517,0.013,0.151,0.223,0.62,1,0.475,0.97,0.17,0.114,0.04,0.163,1,0.081,0.007,0.675,1,0.339,0.001,0.004,0.294,0.418,1,0.479,0.695,0.002,0.001,0.627,0.553,0.151,1,0.674,0.002,0.913,1,0.001,0.008,0.837,0.421,0.366,0.001,0.001,0.001,0.001,0.031,0.739,1,0.465,0.001,1,1,1,0.96,0.393,0.248,1,1,0.357,0.117,0.414,0.41,0.441,0.001,0.964,0.12,1,0.001,0.001,0.735
"Prevotella_micans",0.054,0.084,0.058,0.066,0.148,0.007,0.033,0.985,0.334,0.392,0.105,0.675,0.117,0.019,0.044,0.038,0.054,0.781,0.001,0.128,0.026,0.256,0.005,0.54,0.065,0.027,0.422,0.04,0.649,0.06,0.062,0.881,0.021,0.362,0.275,0.035,0.001,0.196,0.052,0.001,0.268,0.005,0.054,0.825,0.468,0.355,0.276,0.095,0.002,0.621,0.18,0.202,0.058,0.004,0.011,0.813,0.016,0.011,0.001,0.001,0.285,0.263,0.034,0.709,0.023,0.001,0.003,0.003,0.486,0.203,0.001,0.001,0.646,0.716,0.001,0.689,0.575,0.171,0.284,0.789,0.727,0.401,0.065,0.057,1,1,0.597,1,0.547,0.103,0.251,0.24,0.673,0.044,0.158,1,0.034,0.126,0.01
"Treponema_succinifaciens",0.073,0.078,0.763,0.112,0.054,1,0.042,1,1,0.218,1,0.149,0.747,0.002,0.183,0.045,0.161,1,0.065,0.004,0.003,0.012,1,1,1,1,0.535,0.263,0.214,1,0.72,0.555,0.888,0.249,0.942,0.773,0.008,0.351,0.083,0.01,0.074,0.011,0.244,0.024,1,0.87,0.279,0.3,0.486,0.027,0.536,0.135,0.194,0.334,1,1,0.158,0.275,1,1,1,1,0.644,0.742,0.001,0.132,0.013,1,0.024,0.006,0.103,0.069,0.001,0.536,0.032,1,0.327,0.01,0.994,0.136,1,0.462,1,1,1,1,1,1,1,1,1,1,1,1,1,1,1,1,1
"Kingella_denitrificans",0.215,0.141,0.005,0.185,0.563,0.001,0.001,0.934,0.513,0.059,0.259,0.141,0.767,0.693,1,0.264,0.301,0.537,0.134,1,1,0.532,1,0.012,0.001,1,1,0.001,1,0.36,0.863,0.358,0.138,0.035,0.001,1,0.039,0.191,0.047,0.072,0.001,1,1,0.032,0.118,0.78,1,0.604,0.523,0.072,0.079,0.455,1,0.002,0.368,0.135,0.05,0.004,0.001,0.001,0.495,1,0.001,0.975,0.381,0.001,0.001,0.159,0.342,0.187,0.005,0.001,0.001,0.389,0.018,0.22,0.382,1,0.689,1,0.372,1,0.401,0.073,1,0.101,0.085,0.552,0.073,0.825,1,0.873,0.179,0.458,0.446,1,0.005,0.123,0.001
"Veillonella_denticariosi",0.584,0.416,0.008,0.642,0.248,0.874,0.92,0.001,0.074,0.025,0.031,0.169,0.377,1,1,1,0.924,0.17,0.486,1,1,0.559,1,0.009,0.044,1,1,0.393,1,1,0.586,0.592,0.259,0.747,0.422,1,0.108,0.366,0.537,0.005,0.013,1,1,0.724,0.929,0.01,1,1,0.001,0.055,0.178,0.492,1,1,0.531,0.078,0.019,0.622,0.006,0.001,1,1,0.278,0.407,1,0.001,0.001,0.607,0.021,1,0.068,0.166,0.001,0.205,0.11,0.68,1,1,0.008,0.585,1,1,1,0.072,1,1,0.502,1,0.005,1,1,1,1,1,0.413,1,1,1,0.774
"Corynebacterium_durum",0.566,0.104,0.001,0.095,0.167,0.001,0.001,0.767,0.014,0.007,0.775,0.058,0.001,0.047,0.087,0.001,0.04,0.925,0.001,0.021,0.959,0.205,0.001,0.001,0.263,0.007,0.743,0.015,0.001,0.285,0.085,0.001,0.425,0.414,0.072,0.936,0.001,0.107,0.168,0.032,0.179,0.232,0.003,0.008,0.223,0.184,0.007,0.002,0.004,0.338,0.211,0.272,0.019,0.001,0.001,0.256,0.118,0.06,0.001,0.001,0.002,0.128,0.001,0.329,0.014,0.001,0.001,0.9,0.029,0.001,0.001,0.001,0.001,0.001,0.023,0.313,0.074,0.648,0.04,0.111,0.564,0.066,0.118,0.013,0.695,0.476,1,0.832,0.002,0.392,0.03,0.047,0.022,0.072,0.137,0.003,0.664,0.121,0.001
"Neisseria_bacilliformis",0.686,0.683,0.003,0.002,0.091,0.003,0.163,0.277,0.366,0.024,0.372,0.888,0.106,0.001,0.497,0.066,0.188,0.007,0.99,0.985,0.132,0.057,0.143,0.62,0.451,0.015,0.118,0.004,0.561,0.005,0.754,0.001,0.003,0.196,0.265,0.899,0.249,0.853,0.436,0.878,0.001,0.341,0.077,0.17,0.653,0.17,0.915,0.125,0.006,0.939,0.075,0.501,1,0.001,0.21,0.195,0.047,0.212,0.002,0.001,0.158,0.347,0.001,0.445,0.765,0.001,0.047,0.942,0.942,0.247,0.034,0.117,0.001,0.471,0.009,0.236,0.885,0.621,0.005,0.053,0.018,0.673,0.064,0.516,0.838,1,1,0.897,0.336,0.117,1,0.917,0.016,0.693,0.537,0.523,0.001,0.001,0.128
"Kingella_oralis",0.041,0.007,0.629,0.267,0.718,0.002,0.127,0.001,0.001,0.072,0.119,0.347,0.039,0.001,0.045,0.001,0.057,0.682,0.054,0.815,0.416,0.058,0.01,0.439,0.985,0.03,0.988,0.017,0.138,0.001,0.002,0.001,0.001,0.38,0.01,0.127,0.079,0.708,0.43,0.664,0.001,0.465,0.004,0.01,0.072,0.08,0.962,0.004,0.033,0.91,0.007,0.103,0.377,0.001,0.066,0.001,0.003,0.879,0.001,0.001,0.001,0.031,0.001,0.466,0.268,0.001,0.001,0.347,0.298,0.001,0.002,0.001,0.001,0.324,0.007,0.921,0.439,0.04,0.001,0.002,0.036,0.394,0.176,0.236,1,1,1,0.423,0.132,0.007,0.247,0.412,0.111,0.001,0.042,1,0.001,0.264,0.057
"Cardiobacterium_hominis",0.058,0.035,0.013,0.981,0.002,0.002,0.001,0.852,0.017,0.001,0.127,0.005,0.001,0.001,0.01,0.001,0.931,0.685,0.37,0.007,0.204,0.012,0.001,0.029,0.001,0.039,0.481,0.001,0.81,0.594,0.02,0.006,0.001,0.048,0.02,0.533,0.009,0.622,0.106,0.003,0.001,0.868,0.001,0.02,0.016,0.59,0.592,0.074,0.121,0.232,0.036,0.067,0.044,0.001,0.084,0.001,0.001,0.003,0.001,0.001,0.429,0.027,0.001,0.022,0.328,0.001,0.001,0.025,0.488,0.207,0.001,0.001,0.001,0.112,0.001,0.426,0.641,0.016,0.001,0.961,0.946,0.339,0.304,0.188,0.457,0.596,0.101,0.602,0.001,0.02,0.062,0.331,0.019,0.603,0.003,0.791,0.001,0.001,0.001
"Fretibacterium_fastidiosum",0.001,0.118,0.096,0.001,0.001,0.003,0.001,0.64,0.003,0.04,0.229,0.243,0.122,0.001,0.001,0.001,0.025,0.573,0.869,0.002,0.212,0.004,0.001,0.001,0.09,0.102,0.252,0.033,0.07,0.001,0.064,0.067,0.003,0.321,0.003,0.293,0.001,0.836,0.001,0.001,0.017,0.001,0.012,0.001,0.518,0.202,0.204,0.016,0.001,0.001,0.09,0.002,0.002,0.302,0.041,0.001,0.001,0.227,0.002,0.001,0.23,0.226,0.001,0.37,0.001,0.001,0.001,0.058,0.021,0.001,0.002,0.001,0.759,0.377,0.001,0.833,0.085,0.861,0.001,0.002,0.222,0.354,0.405,0.001,1,0.975,1,0.479,0.074,0.003,1,0.008,1,1,0.667,1,1,0.001,0.001
"Streptococcus_peroris",0.046,0.193,0.033,0.256,0.032,0.08,0.045,0.123,0.484,0.515,0.136,0.708,0.318,0.441,0.016,0.678,0.324,0.378,0.114,0.376,0.754,0.027,0.025,0.025,0.001,1,0.165,0.976,0.012,0.375,0.89,0.243,0.009,0.11,0.33,0.8,0.001,0.917,0.302,0.085,0.181,0.004,0.945,0.255,0.426,0.899,0.027,0.212,0.003,0.827,0.356,0.512,0.601,0.001,0.589,0.32,0.149,0.594,0.002,0.001,0.001,0.021,0.543,0.103,0.168,0.164,0.004,0.158,0.359,0.864,0.001,0.001,0.001,0.299,0.2,0.715,0.945,0.004,0.116,0.117,0.947,0.159,0.752,0.774,1,1,1,0.152,0.229,0.031,1,0.155,0.001,0.629,0.128,0.558,0.001,0.001,0.046
"Olsenella_profusa",0.011,0.323,0.009,0.004,0.071,0.088,0.001,0.005,0.122,0.171,0.21,0.977,0.002,0.001,0.052,0.067,0.14,1,0.186,0.001,0.457,0.106,0.007,0.163,0.051,0.064,0.066,0.103,0.01,0.122,0.012,0.013,0.027,0.161,0.27,0.077,0.009,0.062,0.131,0.484,0.215,0.782,0.007,0.358,0.508,0.407,0.642,0.03,0.001,0.085,0.362,0.009,0.043,0.164,1,0.235,0.001,0.008,0.019,0.053,0.097,0.387,0.001,0.628,0.487,0.001,0.001,0.028,0.048,0.625,0.005,0.002,0.451,0.013,0.001,0.069,0.069,0.002,0.001,0.192,0.682,0.052,0.572,1,1,1,1,1,0.225,0.284,0.051,0.228,1,1,1,1,0.595,0.001,0.001
"Agrobacterium_tumefaciens",0.171,0.057,1,0.601,0.137,0.15,0.253,1,0.843,0.28,0.645,1,1,0.112,1,0.734,0.152,1,1,1,1,0.098,1,1,1,1,1,0.397,1,0.831,1,1,0.095,0.067,0.963,1,1,1,0.328,0.084,0.308,0.521,0.079,0.258,1,0.676,1,0.981,0.174,0.701,0.097,1,0.296,0.003,1,0.014,0.001,1,0.12,0.046,1,0.79,0.153,0.221,1,0.002,0.001,0.389,1,1,0.569,0.382,1,1,0.556,1,1,1,0.051,1,1,1,0.813,1,1,1,1,1,1,1,1,1,1,1,0.312,1,1,1,1
"Lactobacillus_gasseri",0.395,0.943,0.026,0.224,0.428,0.008,0.001,0.001,0.001,0.504,0.218,1,0.943,0.037,0.762,0.753,1,0.752,1,1,1,0.914,1,0.028,1,1,1,0.598,0.045,0.843,0.147,0.073,0.785,0.045,0.341,1,0.434,1,1,0.096,0.195,1,1,1,0.006,0.011,0.811,0.335,0.152,0.324,0.024,0.002,1,0.02,1,1,0.012,0.383,0.003,0.009,1,0.551,0.264,0.049,1,0.001,0.118,0.958,0.434,0.001,0.336,0.141,0.039,0.029,0.001,0.18,0.591,0.304,0.001,0.172,0.045,0.062,0.309,1,1,1,1,1,0.028,1,1,0.717,1,1,0.193,1,1,0.229,0.322
"Prevotella_albensis",0.326,0.688,0.198,0.214,0.058,1,0.718,1,0.442,0.943,1,1,0.154,0.012,1,0.111,0.65,1,1,0.002,0.909,0.537,1,0.444,1,1,0.276,0.782,1,0.345,1,0.049,0.26,0.889,0.741,1,0.448,1,0.718,1,1,0.155,1,0.373,1,0.335,1,0.27,0.917,0.217,0.687,1,1,0.174,1,1,1,1,0.788,0.312,1,1,0.001,1,1,0.001,0.836,1,1,0.227,0.321,0.433,0.024,0.26,0.914,1,0.809,1,0.003,0.244,0.71,1,1,1,1,1,1,1,1,1,1,1,1,1,1,1,1,1,1
"Selenomonas_artemidis",0.054,0.027,0.215,0.069,0.001,0.024,0.611,0.154,0.009,0.372,0.178,0.829,0.04,0.001,0.372,0.013,0.053,0.376,0.205,0.58,0.21,0.195,0.001,0.377,0.093,0.04,0.105,0.121,0.03,0.001,0.005,0.854,0.271,0.317,0.767,0.295,0.193,0.581,0.973,0.006,0.014,0.304,0.059,0.04,0.015,1,0.226,0.219,0.001,0.002,0.056,0.768,0.019,0.003,0.453,0.007,0.033,0.743,0.002,0.001,0.001,0.21,0.001,0.291,0.628,0.001,0.001,0.006,0.534,0.214,0.001,0.211,0.001,0.758,0.015,0.006,0.835,0.032,0.085,0.583,0.003,0.868,0.783,0.375,1,1,1,1,0.349,0.523,0.233,0.18,1,0.025,0.249,1,0.056,0.519,0.407
"Streptococcus_infantis",0.407,0.826,0.574,0.408,0.006,0.001,0.004,0.88,0.484,0.03,0.282,0.402,0.821,0.156,0.32,0.264,0.531,0.009,0.633,0.536,0.996,0.686,0.669,0.584,0.392,1,0.128,0.57,0.438,0.124,0.74,0.815,0.64,0.018,0.534,0.212,0.106,0.544,0.594,0.015,0.194,0.603,0.141,0.991,0.01,0.921,0.091,0.125,0.623,0.908,0.209,0.659,0.486,0.001,0.008,0.211,0.722,0.387,0.001,0.001,0.613,0.526,0.002,0.24,0.909,0.155,0.001,0.932,0.26,0.641,0.003,0.001,0.001,0.01,0.009,0.264,0.036,1,0.963,0.723,0.46,0.213,0.001,0.001,0.384,0.552,1,0.648,0.001,0.002,0.002,0.005,0.001,0.007,0.049,0.001,0.001,0.001,0.001
"Prevotella_histicola",0.023,0.036,0.001,0.001,0.001,0.001,0.001,0.035,0.269,0.001,0.053,0.433,0.001,0.001,0.079,0.001,0.049,0.036,0.073,0.001,0.001,0.001,0.001,0.001,0.001,0.024,0.168,0.001,0.178,0.001,0.001,0.001,0.086,0.001,0.011,0.07,0.001,0.491,0.001,0.001,0.001,0.006,0.136,0.001,0.03,0.01,0.963,0.001,0.002,0.003,0.516,0.23,0.042,0.001,0.002,0.002,0.424,0.54,0.001,0.001,0.001,0.439,0.001,0.211,0.001,0.001,0.001,0.001,0.042,0.001,0.004,0.001,0.001,0.001,0.001,0.522,0.055,0.06,0.001,0.304,0.049,0.006,0.001,0.001,0.01,0.001,1,0.001,0.001,0.001,0.009,0.203,0.001,0.001,0.001,0.001,0.002,0.001,0.001
"Aggregatibacter_segnis",0.537,0.081,0.002,0.065,0.085,0.001,0.001,0.037,0.005,0.527,0.946,0.252,0.207,0.001,0.045,0.001,0.115,0.729,0.006,0.001,0.475,0.044,0.001,0.213,0.002,0.716,0.307,0.006,0.113,0.001,0.056,0.01,0.306,0.038,0.01,0.494,0.011,0.341,0.26,0.023,0.001,0.01,0.001,0.002,0.111,0.195,0.32,0.125,0.013,0.117,0.022,0.054,0.021,0.001,0.009,0.247,0.001,0.86,0.001,0.001,0.001,0.029,0.001,0.54,0.131,0.001,0.001,0.001,0.091,0.001,0.001,0.001,0.001,0.005,0.001,0.217,0.364,0.216,0.249,0.853,0.662,0.043,0.01,0.06,0.18,0.313,0.474,0.483,0.004,0.664,0.088,0.142,0.053,0.866,0.225,0.001,0.028,0.39,0.001
"Rothia_terrae",0.673,1,0.009,1,0.956,1,0.119,1,1,0.212,1,0.208,0.085,0.008,0.548,0.71,1,1,1,0.711,1,0.392,1,1,1,1,0.522,1,0.689,0.465,1,1,0.098,0.045,1,1,0.641,0.15,1,1,1,0.365,0.77,1,1,0.551,0.749,0.94,1,1,1,1,0.031,0.007,1,0.631,0.074,1,1,0.441,1,0.281,0.133,0.935,0.489,0.421,0.183,0.793,1,1,0.226,0.099,0.231,0.245,0.536,0.822,0.582,0.868,0.065,0.907,0.026,0.815,1,1,1,1,1,1,1,1,1,1,1,1,1,1,1,1,1
"Streptococcus_suis",0.199,0.092,0.001,0.075,0.333,1,0.001,1,0.421,0.068,0.354,0.09,0.02,0.001,0.11,0.095,0.139,1,0.025,0.905,0.733,0.353,0.69,0.069,0.178,1,0.35,1,0.794,0.001,0.918,0.837,0.07,0.005,0.777,0.019,0.001,1,1,0.018,0.045,0.281,0.89,0.504,0.172,0.038,0.572,0.005,0.003,0.018,0.319,0.475,1,0.001,0.383,0.219,0.231,1,1,0.05,0.132,0.003,0.001,0.639,0.158,0.001,0.001,0.359,0.238,0.232,0.001,0.001,0.854,0.001,0.001,0.018,0.035,0.272,0.001,0.01,0.002,0.819,1,1,1,1,1,1,1,1,1,1,1,1,1,1,1,1,1
"Achromobacter_xylosoxidans",0.305,0.022,0.781,0.164,0.052,1,0.678,1,1,1,0.77,1,1,0.462,1,0.96,1,1,1,0.198,0.829,0.137,1,0.567,1,1,1,1,1,0.467,1,1,1,0.144,1,1,0.249,1,1,1,1,1,1,0.337,1,0.635,1,0.932,1,1,1,1,1,1,1,0.009,0.001,1,0.174,0.014,1,0.723,0.381,0.858,0.161,0.001,0.001,0.043,1,1,0.332,0.4,1,1,0.816,0.316,1,0.576,0.828,1,1,1,1,1,1,1,1,1,1,1,1,1,1,1,1,1,1,1,1
"Ruminofilibacter_xylanolyticum",0.275,0.389,0.152,0.178,0.014,1,0.028,1,1,0.057,1,0.484,0.053,0.305,1,0.174,0.108,1,1,0.018,0.115,0.751,0.378,1,0.833,1,0.035,1,0.323,0.001,1,1,0.123,0.122,0.005,0.32,0.006,1,1,0.571,0.094,0.041,0.347,0.138,1,0.232,1,0.152,1,1,0.26,0.007,1,0.692,1,0.038,0.042,1,1,1,0.917,0.828,0.079,0.6,0.016,0.001,0.001,0.497,0.161,0.005,0.043,0.007,1,0.802,1,0.165,0.174,0.013,0.425,0.464,0.492,0.087,1,1,1,1,1,1,1,1,1,1,1,1,1,1,1,1,1
"Finegoldia_magna",0.374,0.018,0.6,1,0.405,0.731,0.466,0.797,0.09,0.03,0.668,1,0.743,0.614,1,0.327,0.86,1,1,0.91,1,0.68,0.907,0.755,0.41,1,1,1,0.743,0.307,1,0.97,0.115,1,0.585,0.812,0.905,1,0.495,0.321,1,0.993,1,1,0.623,1,1,0.327,1,0.693,0.487,1,1,0.056,1,0.178,0.007,1,1,1,0.377,1,0.037,1,1,0.139,0.009,1,0.454,0.402,0.713,1,0.107,0.425,0.908,1,0.066,1,0.93,1,0.746,1,1,1,1,1,1,1,1,1,1,1,1,1,1,1,1,1,1
"Prevotella_multiformis",0.248,0.541,0.003,0.253,0.37,0.278,0.766,0.596,0.226,0.018,0.749,0.915,0.008,0.4,0.002,0.426,0.796,0.709,0.343,0.311,0.025,0.655,0.198,0.829,0.261,1,0.207,0.062,0.128,0.081,0.03,0.36,0.797,0.987,0.659,1,0.38,0.236,0.354,0.005,0.896,0.003,0.157,0.528,0.946,0.717,0.159,0.371,0.05,0.07,0.768,0.146,0.002,0.455,0.929,1,0.156,0.92,0.004,0.001,0.637,0.177,0.167,0.821,0.356,0.03,0.001,0.808,0.679,0.194,0.304,0.001,0.522,0.399,0.006,0.098,0.922,0.888,0.001,0.085,0.128,0.186,0.911,0.008,1,0.793,1,0.383,0.913,0.007,0.061,1,1,0.227,0.056,0.295,0.001,0.165,0.001
"Neisseria_canis",0.829,0.118,0.002,0.021,0.442,1,0.001,0.977,0.187,0.019,0.658,0.283,0.011,0.006,0.207,0.016,0.935,1,0.755,0.016,0.11,0.916,0.002,0.305,0.001,0.085,0.714,0.061,0.224,0.011,1,1,0.311,0.322,0.162,0.551,0.057,1,0.669,0.671,0.382,0.216,0.16,0.841,0.002,0.259,0.472,0.317,0.241,0.343,0.079,0.448,0.592,0.004,1,0.016,0.224,0.209,1,1,0.206,0.11,0.001,0.651,0.715,0.001,0.001,0.466,0.365,0.131,0.001,0.002,0.979,0.223,0.001,0.916,0.279,0.264,0.391,0.547,0.338,0.145,1,1,1,1,1,1,1,1,1,1,1,1,1,1,1,1,0.004
"Centipeda_periodontii",0.039,0.118,0.001,0.001,0.093,0.11,0.001,0.003,0.583,0.001,0.001,0.494,0.002,0.307,0.002,0.001,0.126,0.001,0.854,0.063,0.95,0.156,0.001,0.06,0.001,0.683,0.055,0.102,0.061,0.986,0.203,0.03,0.24,0.112,0.241,0.143,0.002,0.124,0.001,0.01,0.308,0.063,0.258,0.003,0.91,0.319,0.025,0.131,0.001,0.008,0.267,0.027,0.058,0.507,0.002,0.189,0.013,0.21,0.001,0.001,1,0.016,0.798,0.988,0.339,0.001,0.001,0.008,0.028,0.051,0.07,0.001,0.006,0.14,0.009,0.042,0.038,0.467,0.001,0.922,0.399,0.635,0.291,0.886,1,1,1,1,0.728,0.087,1,1,0.461,1,0.406,1,0.063,0.001,0.065
"Actinomyces_israelii",0.86,0.68,0.675,0.002,0.162,0.054,0.001,0.214,0.767,0.813,0.88,0.864,0.001,0.005,0.322,0.468,0.316,1,1,0.009,1,0.167,0.005,0.182,0.11,0.725,0.038,0.06,0.863,0.198,0.294,0.015,0.011,0.364,0.119,0.808,0.168,0.405,0.317,0.025,0.415,0.179,0.151,0.017,0.342,0.709,0.799,0.123,0.001,0.793,0.003,0.353,0.209,0.216,0.057,0.651,0.007,0.058,0.015,0.001,1,0.082,0.001,0.588,0.069,0.012,0.001,0.029,0.9,0.01,0.001,0.001,0.072,0.003,0.052,0.713,0.182,0.101,0.001,0.006,0.214,0.569,0.267,1,1,1,1,1,1,1,1,1,1,1,1,1,1,1,1
"Actinomyces_naeslundii",0.1,0.487,0.03,0.497,0.069,0.001,0.001,0.135,0.019,0.001,0.757,0.369,0.012,0.001,0.393,0.326,0.003,0.173,0.001,0.163,1,0.079,0.008,0.353,0.001,1,0.076,0.007,0.585,0.001,0.007,0.042,0.099,0.486,0.021,0.435,0.12,0.19,0.942,0.054,0.334,0.336,0.79,0.073,0.031,0.126,0.004,0.002,0.001,0.897,0.122,0.038,1,0.005,0.002,0.019,0.001,0.022,0.001,0.001,0.879,0.258,0.001,0.257,0.836,0.001,0.001,0.058,0.598,0.517,0.001,0.001,0.001,0.016,0.362,0.001,0.559,0.036,0.001,0.028,0.081,1,0.986,0.02,0.909,0.066,1,0.095,0.623,0.131,0.05,0.042,0.667,0.003,0.197,0.002,0.003,0.793,0.001
"Actinomyces_turicensis",0.016,0.463,0.842,0.123,0.787,0.648,0.968,1,0.529,0.227,1,1,0.26,0.569,0.395,0.34,0.924,1,1,0.767,0.869,0.667,0.022,0.608,0.802,1,0.472,0.675,0.469,0.116,0.182,0.262,0.885,0.026,0.044,0.429,0.072,1,1,0.274,1,0.011,1,1,0.315,0.035,0.175,0.054,0.991,0.329,0.518,0.695,1,0.506,1,0.006,0.097,0.266,1,0.743,0.001,0.91,0.441,0.967,1,0.005,0.008,0.324,0.098,0.361,0.11,0.178,0.774,0.415,0.048,0.53,0.757,0.572,0.031,0.928,1,0.399,0.785,1,1,1,1,1,1,1,1,1,1,1,1,1,1,1,1
"Lactobacillus_oris",0.389,0.914,0.105,1,1,0.029,0.001,0.04,0.062,0.114,0.754,0.412,0.968,1,1,1,1,1,0.015,1,1,0.001,1,1,1,1,1,1,1,1,0.426,0.266,1,0.111,1,1,0.201,1,0.122,0.886,0.016,1,1,1,0.006,0.596,1,1,0.303,0.323,0.04,0.002,1,1,1,1,0.273,1,0.068,0.367,1,1,1,0.071,1,0.002,0.006,1,1,1,0.795,0.414,0.177,0.05,0.001,1,1,1,0.003,1,1,1,0.452,0.907,1,1,1,0.071,0.004,0.285,1,1,1,1,1,1,1,1,0.489
"Streptococcus_lactarius",0.001,0.001,0.001,0.781,0.001,0.1,0.001,0.01,0.75,0.001,0.166,0.713,0.001,0.668,0.05,0.212,0.273,0.888,0.068,0.222,1,0.032,1,0.004,0.001,1,0.856,0.033,1,0.834,0.041,0.002,0.913,0.062,0.848,1,0.001,0.512,0.011,0.005,0.255,0.706,0.368,0.488,0.725,0.959,0.404,0.435,0.061,0.04,0.642,0.099,1,0.132,0.172,0.001,0.001,0.502,0.702,0.651,0.57,0.16,0.036,0.381,1,0.001,0.007,0.055,0.853,0.911,0.001,0.001,0.001,0.001,0.001,0.303,0.751,1,0.001,1,1,0.224,1,1,1,1,1,1,1,1,1,1,1,1,1,1,1,1,1
"Capnocytophaga_gingivalis",0.111,0.201,0.001,0.078,0.002,0.001,0.001,0.525,0.066,0.087,0.105,0.692,0.001,0.004,0.051,0.016,0.001,0.002,0.014,0.001,0.064,0.001,0.004,0.579,0.001,0.215,0.139,0.008,0.001,0.626,0.001,0.001,0.032,0.003,0.118,0.042,0.014,0.467,0.021,0.011,0.046,0.138,0.001,0.002,0.007,0.028,0.903,0.029,0.013,0.191,0.052,0.036,0.002,0.001,0.188,0.038,0.01,0.178,0.001,0.001,0.324,0.003,0.001,0.414,0.761,0.001,0.001,0.588,0.321,0.001,0.001,0.001,0.001,0.022,0.003,0.97,0.373,0.309,0.001,0.438,0.002,0.246,0.001,0.003,0.261,0.072,0.056,0.004,0.001,0.005,0.011,0.274,0.001,0.001,0.016,0.004,0.001,0.001,0.001
"Prevotella_loescheii",0.257,0.055,0.235,0.002,0.011,0.001,0.001,0.566,0.001,0.928,0.056,0.123,0.006,0.001,0.077,0.002,0.178,0.592,0.051,0.003,0.531,0.007,0.001,0.406,0.002,0.067,0.469,0.001,0.368,0.173,0.005,0.94,0.191,0.084,0.255,0.169,0.001,0.085,0.008,0.002,0.942,0.365,0.002,0.015,0.633,0.368,0.145,0.031,0.45,0.001,0.006,0.024,0.271,0.001,0.07,0.61,0.005,0.245,0.001,0.001,0.001,0.022,0.001,0.14,0.004,0.001,0.001,0.001,0.819,0.004,0.001,0.001,0.083,0.12,0.001,0.506,0.039,0.014,0.001,0.391,0.361,0.678,0.047,0.955,1,1,1,1,0.871,0.009,0.078,0.373,0.574,0.575,0.763,1,0.01,0.178,0.001
"Bergeriella_denitrificans",0.869,0.134,0.818,0.132,0.648,0.005,0.945,1,1,0.823,0.657,0.39,0.132,0.28,0.916,0.423,0.267,0.796,0.959,0.398,0.061,0.123,0.029,0.11,0.014,1,1,0.662,0.824,0.303,0.483,0.125,0.254,0.444,0.115,1,0.651,1,0.64,0.061,1,0.463,0.442,0.57,0.376,0.306,1,0.57,0.293,0.286,1,1,1,0.001,0.117,0.675,0.358,1,0.011,0.001,0.282,0.507,0.244,0.457,0.632,0.001,0.001,0.556,0.268,0.823,0.002,0.036,1,0.641,0.841,0.795,1,1,0.363,1,1,1,0.03,1,1,1,1,1,1,1,1,1,1,1,1,1,1,1,1
"Paludibacter_propionicigenes",0.152,0.463,0.877,0.041,0.18,1,0.958,0.145,0.014,1,1,0.808,0.04,0.002,0.127,0.052,0.139,1,1,0.008,0.001,0.927,1,0.712,1,1,0.292,0.812,0.388,0.147,1,1,0.239,0.057,0.012,1,0.006,0.332,0.259,0.781,0.087,1,0.001,0.94,0.05,0.053,0.747,0.225,0.339,0.293,0.634,0.05,0.483,0.67,0.238,1,1,0.074,1,0.497,1,0.793,0.001,1,1,0.001,0.049,0.374,1,0.876,0.009,0.045,0.777,1,0.426,1,0.978,1,0.122,0.98,1,1,1,1,1,1,1,1,1,1,1,1,1,1,1,1,1,1,1
"Veillonella_tobetsuensis",0.038,0.512,0.001,0.548,0.008,0.001,0.001,0.625,0.151,0.546,0.963,0.055,0.512,0.319,0.053,0.296,0.061,0.07,0.341,0.602,1,0.118,0.573,0.125,0.008,1,0.033,0.01,1,0.179,0.006,0.449,0.645,0.018,0.836,1,0.843,0.654,0.21,0.633,0.074,1,1,0.005,0.737,0.875,0.897,0.643,0.895,0.527,0.753,0.899,1,0.285,0.161,0.001,0.002,0.022,0.001,0.001,1,0.195,0.323,0.065,1,0.001,0.001,0.381,0.048,1,0.001,0.001,0.004,0.003,0.108,0.045,0.87,0.049,0.001,0.29,0.152,1,0.001,0.001,0.23,0.017,1,0.03,0.001,0.601,0.005,0.182,0.001,0.997,0.469,0.001,0.001,0.003,0.001
"Prevotella_oulorum",0.001,0.038,0.001,0.008,0.549,0.001,0.001,0.001,0.411,0.001,0.005,0.616,0.001,0.707,0.111,0.001,0.187,0.264,0.064,0.004,0.029,0.001,0.002,0.003,0.001,0.145,0.859,0.005,0.503,0.001,0.019,0.006,0.011,0.313,0.303,0.682,0.002,0.058,0.002,0.083,0.744,0.01,0.029,0.001,0.94,0.028,0.898,0.003,0.003,0.044,0.728,0.985,0.004,0.001,0.039,0.135,0.096,0.257,0.001,0.001,0.001,0.035,0.001,0.834,0.016,0.001,0.001,0.007,0.309,0.001,0.001,0.001,0.001,0.001,0.001,0.034,0.007,0.08,0.001,0.046,0.913,0.227,0.003,0.001,0.098,0.061,0.604,0.298,0.012,0.009,0.002,0.076,0.001,0.003,0.406,0.164,0.001,0.001,0.001
"Sneathia_sanguinegens",0.198,0.823,0.5,0.072,0.829,0.036,0.788,0.942,0.823,0.016,0.972,0.688,1,0.016,1,0.123,0.116,0.045,1,0.143,0.019,0.001,0.923,0.095,0.761,0.863,1,1,0.81,0.081,1,0.399,0.638,0.831,0.001,0.298,0.004,1,0.495,0.415,0.036,0.189,0.943,0.051,0.948,0.047,0.575,0.023,0.813,0.772,0.315,0.001,1,0.731,0.573,1,0.51,0.952,0.024,0.001,1,1,0.46,1,0.054,0.01,0.003,0.766,1,0.132,0.089,0.203,0.391,0.29,0.188,1,0.516,0.627,0.001,0.496,0.261,1,0.411,1,1,1,1,1,1,1,1,1,1,1,1,1,1,1,1
"Atopobium_rimae",0.037,0.145,0.328,0.821,0.238,0.002,0.001,0.004,0.001,0.003,0.156,0.891,0.222,0.069,0.037,0.362,0.659,0.082,0.022,0.005,0.015,0.013,0.001,0.181,0.016,0.021,0.006,0.159,0.001,0.002,0.001,0.018,0.021,0.453,0.002,0.282,0.001,0.991,0.179,0.004,0.026,0.658,0.006,0.173,0.31,0.41,0.779,0.017,0.119,0.059,0.049,0.491,0.008,0.006,0.672,0.329,0.054,0.335,0.001,0.001,0.177,0.148,0.001,0.295,0.011,0.001,0.001,0.325,0.435,0.001,0.001,0.001,0.001,0.108,0.003,0.475,0.317,0.001,0.001,0.001,0.019,0.487,0.807,0.001,0.463,0.006,0.613,1,0.401,0.093,0.077,0.035,1,0.185,0.609,0.06,0.001,0.001,0.001
"Bryobacter_aggregatus",0.459,0.001,1,1,0.539,1,1,1,1,1,1,1,1,1,1,1,1,1,1,1,0.599,1,1,1,1,1,1,0.113,1,1,1,1,0.085,0.001,0.797,1,1,1,0.045,1,1,0.419,0.003,0.547,1,0.001,1,0.769,1,1,1,1,0.656,0.69,0.719,0.002,0.001,1,1,1,1,1,0.369,1,1,0.024,1,0.621,1,1,1,1,1,1,0.852,1,1,1,0.038,1,1,1,1,1,1,1,1,1,1,1,1,1,1,1,1,1,1,1,1
"Scardovia_inopinata",0.749,0.608,0.159,0.29,1,1,0.084,0.684,0.063,0.541,0.076,0.837,1,0.001,0.288,0.141,1,1,1,0.603,0.938,0.659,0.986,0.547,0.798,1,0.965,1,0.667,1,0.125,0.792,0.676,0.816,1,1,0.232,0.641,0.402,0.418,0.493,0.358,1,0.376,0.736,0.184,0.097,1,0.419,0.752,0.899,0.805,1,1,1,1,1,1,1,0.015,1,0.504,0.069,0.937,0.23,0.463,0.002,1,1,0.813,0.191,0.12,0.401,0.292,0.109,0.074,0.05,1,0.004,0.007,0.086,1,1,0.862,1,1,1,1,0.007,1,1,0.79,1,1,1,1,1,1,0.005
"Selenomonas_dianae",0.076,0.08,0.341,0.029,0.102,0.003,0.315,0.226,0.274,0.004,0.064,0.964,0.187,0.566,0.002,0.001,0.659,0.038,0.735,0.001,0.129,0.103,0.015,0.469,0.575,0.086,0.15,0.118,0.269,0.269,0.023,0.37,0.009,0.805,0.039,0.165,0.001,0.291,0.03,0.017,0.013,0.003,0.158,0.669,0.579,0.59,0.189,0.705,0.103,0.003,0.063,0.049,0.519,0.197,0.001,0.103,0.001,0.113,0.001,0.001,0.712,0.308,0.006,0.801,0.017,0.001,0.002,0.051,0.205,0.01,0.016,0.004,0.424,0.563,0.375,0.066,0.027,0.331,0.003,0.075,0.378,0.906,0.113,1,1,1,1,1,1,1,1,1,1,1,1,1,1,1,1
"Streptococcus_pseudopneumoniae",0.371,1,0.191,0.353,0.489,1,0.027,0.736,0.438,1,0.005,0.803,1,1,1,0.669,1,1,0.551,0.476,1,0.184,1,1,0.039,1,1,0.955,0.948,0.156,1,1,0.369,0.341,0.275,1,0.045,1,1,0.153,0.486,1,0.882,1,0.113,1,1,0.944,1,1,1,1,1,0.557,1,0.426,0.523,1,1,0.503,1,1,0.013,1,1,0.001,0.015,0.559,1,0.787,0.106,0.149,0.129,0.392,1,1,1,1,0.46,1,1,1,1,0.048,1,1,0.8,0.935,0.427,0.006,0.182,0.094,0.001,0.001,0.779,0.852,0.001,0.445,0.001
"Treponema_maltophilum",0.295,0.074,0.118,0.001,0.023,0.026,0.001,0.867,0.55,0.169,0.64,0.041,0.616,0.001,0.034,0.028,0.229,0.758,0.856,0.001,0.001,0.001,0.001,0.001,0.981,0.095,0.044,0.13,0.441,0.001,0.093,0.349,0.001,0.83,0.001,0.254,0.001,0.941,0.024,0.001,0.02,0.009,0.018,0.001,0.678,0.58,0.672,0.091,0.353,0.001,0.134,0.017,0.042,0.593,0.205,0.727,0.02,0.01,0.001,0.001,0.659,0.063,0.001,0.121,0.001,0.001,0.001,0.061,0.336,0.001,0.001,0.001,0.001,0.534,0.001,0.165,0.035,0.089,0.024,0.009,0.218,0.211,0.357,0.067,1,0.355,1,1,0.162,0.021,1,0.238,1,0.195,0.318,1,0.35,0.712,0.001
"Treponema_vincentii",0.05,0.256,0.001,0.208,0.019,0.074,0.001,1,1,0.001,0.542,0.393,0.851,0.096,0.369,0.001,0.048,0.037,0.873,0.001,0.005,0.195,0.001,0.001,0.134,0.131,0.043,0.006,0.01,0.001,0.259,0.357,0.053,0.972,0.002,0.053,0.001,0.04,0.05,0.001,0.006,0.001,0.003,0.2,0.718,0.383,0.935,0.221,0.12,0.001,0.189,0.159,0.038,0.001,0.114,1,0.281,0.188,0.001,0.001,0.126,0.391,0.001,0.323,0.037,0.001,0.001,0.018,0.409,0.001,0.002,0.001,0.002,0.584,0.001,0.226,0.072,0.252,0.401,0.682,0.189,0.995,0.41,0.624,1,0.357,1,0.257,0.411,0.41,1,1,1,1,0.148,1,0.019,0.263,0.001
"Butyrivibrio_proteoclasticus",0.145,0.571,0.085,0.049,0.073,1,0.001,0.347,0.864,0.017,1,0.309,0.022,0.462,0.184,0.928,0.644,1,0.025,0.595,0.224,0.125,0.694,0.584,0.001,1,0.091,0.987,1,0.001,0.721,0.019,0.553,0.086,0.297,1,0.653,1,0.837,0.417,0.644,0.002,0.601,0.002,0.239,0.086,1,0.273,0.808,0.16,0.013,0.199,1,1,1,0.033,0.271,0.589,1,1,1,1,0.026,1,0.177,0.001,0.001,0.001,0.762,0.208,0.039,0.006,0.108,0.248,0.001,0.286,1,1,0.001,0.908,1,1,1,1,1,1,1,1,1,1,1,1,1,1,1,1,1,1,1
"Haemophilus_haemolyticus",0.024,0.266,0.017,0.266,0.112,0.001,0.001,0.044,0.005,0.036,0.003,0.055,0.039,0.016,0.03,0.805,0.239,0.084,0.001,0.555,0.671,0.083,0.026,0.746,0.001,0.124,0.172,0.112,0.603,0.155,0.276,0.1,0.12,0.017,0.423,0.681,0.838,0.04,0.937,0.005,0.04,0.245,0.147,0.014,0.625,0.801,0.293,0.369,0.14,0.371,0.079,0.127,1,0.055,0.011,0.043,0.002,0.701,0.001,0.001,0.001,0.015,0.001,0.218,0.546,0.001,0.001,0.562,0.049,0.21,0.005,0.001,0.001,0.004,0.002,0.354,0.062,0.306,0.001,0.068,0.041,0.703,0.888,0.001,0.009,0.753,0.288,0.194,0.047,0.172,0.502,0.975,0.001,0.001,0.29,0.001,0.001,0.003,0.001
"Lactobacillus_iners",0.28,0.135,0.004,0.777,0.003,0.206,0.97,0.398,0.808,0.001,0.71,0.162,1,0.819,0.611,0.234,1,0.262,1,0.667,0.596,0.421,0.574,0.291,1,1,1,0.827,0.959,0.452,0.029,0.845,0.092,0.099,0.32,1,0.984,0.795,0.118,0.402,0.044,0.435,1,0.685,1,1,0.745,0.573,0.209,0.507,0.097,0.107,0.004,0.384,1,1,0.066,0.158,0.376,0.488,1,1,0.017,1,0.873,0.508,0.07,0.504,1,0.262,0.787,0.381,0.001,0.215,0.107,0.09,0.867,1,0.898,0.888,0.3,1,1,1,0.5,1,1,1,1,1,1,1,1,1,1,1,1,1,0.962
"Johnsonella_ignava",0.04,0.135,0.769,0.814,0.002,0.055,0.001,0.704,0.968,0.068,0.673,0.014,0.512,0.055,0.175,0.004,0.09,0.675,0.436,0.001,0.001,0.013,0.022,0.066,0.246,0.082,0.162,0.049,0.669,0.001,0.712,0.501,0.049,0.516,0.001,0.415,0.001,0.71,0.188,0.169,0.018,0.056,0.187,0.002,0.013,0.114,0.74,0.092,0.001,0.002,0.42,0.042,0.131,0.049,0.141,0.049,0.001,0.432,0.001,0.001,0.048,0.084,0.001,0.642,0.001,0.001,0.001,0.548,0.147,0.002,0.001,0.001,0.003,0.148,0.001,0.825,0.539,0.298,0.561,0.022,0.442,0.217,0.432,0.43,1,1,1,1,0.684,0.274,1,1,1,1,0.986,1,1,1,0.006
"Lactobacillus_helveticus",0.735,0.261,0.005,1,0.288,0.242,0.002,0.098,0.001,0.001,0.656,0.173,0.798,0.001,1,0.925,1,1,0.859,0.574,1,0.002,0.794,0.693,0.946,1,0.289,0.111,1,0.699,0.087,0.334,0.038,0.082,1,0.684,0.328,1,0.613,0.667,0.004,0.713,1,0.666,1,0.057,1,0.521,0.319,0.497,0.026,0.001,0.017,0.029,0.001,0.837,0.002,1,0.96,0.626,0.744,0.76,0.169,0.006,1,0.001,0.007,1,1,0.016,0.648,0.258,0.495,0.553,0.001,1,0.018,1,0.15,0.216,1,0.388,1,1,1,1,1,1,1,1,1,1,1,1,1,1,1,1,0.074
"Moryella_indoligenes",0.311,0.612,0.025,0.637,0.141,1,0.001,0.128,0.012,0.001,1,0.935,0.673,0.002,0.114,0.001,0.342,1,0.991,0.001,0.489,0.261,0.14,0.026,0.035,0.252,0.856,0.622,0.026,0.001,1,0.029,0.068,0.094,0.243,0.062,0.331,0.239,0.009,0.093,0.005,0.01,0.14,0.001,0.928,0.162,0.203,0.021,0.307,1,0.38,0.298,0.017,0.002,1,0.003,0.812,0.508,1,1,1,0.568,0.001,1,0.109,0.001,0.001,0.267,0.972,0.001,0.001,0.004,0.001,0.006,0.001,0.623,0.191,0.29,0.001,0.012,0.226,0.097,1,1,1,1,1,1,1,1,1,1,1,1,1,1,1,1,1
"Pseudomonas_putida",0.893,0.836,1,0.831,0.001,1,0.043,0.052,0.864,0.214,0.378,1,0.529,0.195,0.021,0.034,0.004,1,1,1,1,0.005,1,1,1,1,1,1,1,0.006,1,0.427,1,0.155,0.972,1,0.402,1,0.083,1,1,0.952,0.122,0.742,0.205,0.053,0.311,0.793,0.905,0.288,0.246,0.757,0.006,1,0.001,0.059,0.02,1,0.39,0.001,0.902,0.707,0.599,0.514,0.617,0.001,0.001,0.058,0.915,0.168,1,0.408,0.04,1,0.539,1,0.601,0.975,0.511,1,1,1,1,1,1,1,1,1,1,1,1,1,1,1,1,1,1,1,1
"Stomatobaculum_longum",0.001,0.133,0.001,0.903,0.001,0.033,0.001,0.001,0.094,0.082,0.008,0.924,0.001,0.003,0.001,0.094,0.412,0.036,0.635,0.001,0.213,0.004,0.001,0.001,0.001,0.003,0.796,0.21,0.76,0.001,0.164,0.001,0.015,0.044,0.241,0.676,0.408,0.017,0.719,0.01,0.001,0.001,0.029,0.305,0.959,0.421,0.94,0.002,0.001,0.1,0.001,0.023,0.074,0.001,0.044,0.009,0.767,0.056,0.001,0.001,0.001,0.009,0.001,0.301,0.097,0.001,0.001,0.001,0.573,0.001,0.001,0.001,0.001,0.006,0.001,0.078,0.066,0.38,0.001,0.009,0.061,0.157,0.057,0.001,0.009,0.002,1,0.001,0.001,0.001,0.049,0.006,0.001,0.001,0.074,0.001,0.699,0.001,0.001
"Murdochiella_asaccharolytica",0.169,0.495,1,0.139,0.08,0.408,0.323,1,0.671,0.083,1,0.126,0.477,1,0.21,0.325,0.242,1,0.814,0.067,0.888,1,0.322,1,1,1,1,1,1,1,0.535,0.324,1,0.78,0.921,1,1,1,0.295,0.07,1,1,1,0.174,0.482,1,0.553,1,0.818,0.574,0.849,0.293,1,1,1,1,1,1,1,1,0.856,1,0.029,1,1,0.577,0.323,1,1,0.641,0.694,0.417,1,0.205,0.827,1,1,1,0.876,1,0.151,1,1,1,1,1,1,1,1,1,1,1,1,1,1,1,1,1,1
"Veillonella_caviae",0.651,0.717,0.254,0.084,0.028,1,0.001,1,1,0.109,0.256,0.651,0.06,0.008,0.093,0.14,0.337,0.145,1,0.572,0.176,0.014,0.181,0.067,0.145,1,0.599,0.01,0.405,0.002,0.373,0.008,0.43,0.022,0.827,0.529,0.001,1,1,0.895,0.689,0.617,1,0.371,0.386,1,0.746,0.009,0.003,0.037,0.943,1,0.597,0.001,1,0.103,0.921,0.776,0.217,0.001,0.068,0.073,0.119,0.814,0.972,0.001,0.001,0.05,0.139,0.864,0.012,0.001,0.734,0.028,0.001,0.299,0.071,0.386,0.001,0.967,0.014,1,1,1,1,1,1,1,1,1,1,1,1,1,1,1,1,1,1
"Actinobaculum_schaalii",1,1,0.222,0.707,1,1,0.408,1,1,0.437,0.963,1,0.094,1,1,1,1,1,1,1,1,0.738,1,0.936,1,1,1,1,1,1,0.901,0.458,1,1,0.233,1,0.12,1,1,0.103,0.221,1,1,1,1,0.603,1,1,1,1,0.126,1,1,1,1,1,0.324,0.085,1,1,1,1,1,1,1,0.003,0.411,0.877,1,0.339,0.2,0.117,1,0.503,0.217,0.897,1,1,0.597,1,1,1,1,1,1,1,1,1,1,1,1,1,1,1,1,1,1,1,1
"Gemmiger_formicilis",1,0.478,1,1,0.016,1,1,1,1,0.224,1,1,1,0.03,0.135,0.607,1,1,1,0.186,0.769,1,1,1,1,1,1,0.973,0.156,0.443,1,1,0.361,0.563,1,0.412,0.301,1,0.029,1,1,0.049,1,0.95,1,0.282,1,1,0.273,0.625,1,1,1,0.121,1,0.32,0.007,1,1,1,0.061,0.098,0.716,0.001,0.487,0.433,0.763,0.129,0.957,0.07,0.801,0.756,1,0.64,0.203,1,0.517,0.722,0.916,1,1,0.59,1,0.58,1,1,1,1,1,1,1,1,1,1,1,1,1,1,1
"Roseburia_hominis",1,0.295,1,1,0.101,1,1,1,1,0.917,1,1,1,1,0.666,0.831,1,1,1,0.554,0.362,1,1,1,1,1,1,1,0.059,0.104,1,1,0.289,0.203,1,1,0.84,1,0.016,1,1,0.703,1,0.971,1,1,1,0.001,0.953,1,1,1,1,1,1,0.717,1,1,1,1,0.04,1,0.11,0.057,0.686,1,1,1,0.277,0.676,1,0.926,0.716,0.714,0.667,1,0.788,1,0.899,1,1,0.006,1,0.435,1,1,1,1,1,1,1,1,1,1,1,1,1,1,1
"Eubacterium_coprostanoligenes",1,0.926,1,0.359,0.068,1,1,1,0.941,0.69,0.366,0.789,1,1,0.02,0.111,1,1,1,0.308,0.365,1,1,1,1,1,1,0.513,0.204,0.731,1,1,0.238,0.54,0.022,0.545,0.586,1,0.021,1,1,0.027,1,0.876,1,0.012,1,0.001,0.208,0.648,1,1,1,1,1,0.86,0.108,1,1,1,0.502,0.584,0.142,0.001,0.653,0.31,0.062,0.398,0.684,0.666,1,0.424,0.605,0.137,0.354,1,0.192,0.448,0.972,1,1,0.291,1,1,1,1,1,1,1,1,1,1,1,1,1,1,1,1,1
"Bacteroides_plebeius",1,0.659,1,0.891,0.771,1,1,1,1,0.214,1,1,1,1,0.439,0.216,1,0.625,1,0.113,0.85,1,1,0.151,1,1,1,0.192,1,0.129,1,1,0.631,0.477,0.291,0.583,0.175,1,0.027,1,1,0.371,0.678,0.936,1,0.021,1,1,1,1,1,1,1,1,0.091,0.21,0.022,1,1,0.899,0.001,0.915,0.602,0.521,0.584,0.063,0.052,1,0.651,0.864,0.561,0.292,0.593,0.39,0.71,1,0.93,0.909,0.911,1,1,0.631,0.056,1,1,1,1,1,1,1,1,1,1,1,1,1,1,1,0.345
"Bacteroides_vulgatus",1,0.107,1,0.735,0.028,1,1,1,0.122,0.013,0.223,0.5,1,0.531,0.002,0.261,1,0.799,1,0.066,0.32,0.828,0.744,0.256,1,0.088,1,0.851,0.154,0.333,1,1,0.782,0.009,0.769,0.635,0.547,1,0.002,1,1,0.019,1,0.902,1,0.042,0.076,0.001,0.695,0.251,1,0.067,0.021,0.243,1,0.11,0.019,1,1,1,0.008,0.957,0.18,0.004,0.792,0.04,0.001,0.384,0.738,0.359,0.484,0.421,0.702,0.703,0.947,0.478,0.49,0.687,0.937,1,1,0.015,1,1,1,1,1,1,1,1,1,1,1,0.877,1,1,0.198,1,1
"Fusobacterium_necrophorum",1,0.372,0.03,0.744,0.974,0.686,0.607,0.678,0.41,0.973,0.371,1,1,0.693,0.923,0.763,1,0.5,0.539,0.818,0.178,0.451,0.248,0.157,1,1,0.712,1,0.933,0.168,0.834,0.371,0.078,0.665,0.001,0.395,0.919,0.459,0.529,0.687,0.517,0.393,1,1,1,0.481,0.928,0.988,1,0.622,0.357,0.359,1,0.469,0.761,0.106,0.136,0.682,0.411,0.253,1,1,0.061,1,1,0.361,0.307,1,0.091,0.696,0.715,0.466,0.287,0.248,0.144,0.679,0.422,0.607,0.029,0.692,0.196,1,0.591,1,1,1,1,0.385,1,0.571,1,1,1,1,0.912,1,0.044,1,0.073
"Streptococcus_uberis",1,0.038,0.823,0.031,1,1,0.575,1,1,0.027,1,1,1,0.001,0.14,1,0.767,1,1,1,1,0.592,0.853,1,0.104,1,1,1,0.078,0.007,1,1,1,0.767,1,0.099,0.035,1,1,1,1,0.468,0.9,1,1,1,0.926,0.082,1,1,0.356,0.85,1,0.014,0.002,1,0.158,1,1,1,0.332,0.042,0.713,1,1,0.042,0.001,0.887,1,1,0.241,0.242,1,0.017,0.071,0.162,0.031,0.102,0.048,0.274,0.051,1,1,1,1,1,1,1,1,1,1,1,1,1,1,1,1,1,1
"Turicibacter_sanguinis",1,1,1,0.313,0.974,1,1,1,1,0.171,1,1,1,1,0.002,0.478,1,0.413,1,0.806,1,1,0.176,1,1,1,1,0.678,0.145,0.223,1,1,0.273,0.002,0.852,0.416,0.466,1,0.038,1,1,0.712,1,0.267,1,0.019,1,1,1,1,1,1,0.853,1,0.003,1,1,1,1,1,0.001,1,0.083,0.693,0.052,1,0.467,1,0.947,0.341,1,1,0.606,0.168,0.814,1,1,0.826,0.102,1,1,0.017,0.287,1,1,1,1,1,1,1,1,1,1,1,1,1,1,1,1
"Dialister_succinatiphilus",1,0.266,0.824,0.44,0.576,1,0.561,1,0.36,0.021,0.374,1,0.734,0.012,0.031,0.464,1,1,1,0.29,0.045,0.106,0.997,0.757,1,1,0.209,0.043,0.585,0.935,1,0.816,0.446,0.178,1,1,0.66,1,0.031,0.993,1,0.629,1,0.694,1,1,0.112,0.607,0.053,0.041,0.314,0.001,1,0.377,1,0.019,0.135,1,0.753,0.655,1,0.53,0.001,0.001,0.62,0.393,0.005,1,0.934,0.033,0.903,0.518,0.612,0.25,0.248,1,0.021,0.072,0.873,0.964,0.736,0.404,1,1,1,1,1,1,1,1,1,1,1,1,1,1,1,1,1
"Bacteroides_uniformis",1,0.227,1,0.77,0.052,1,1,1,0.321,0.372,0.793,1,1,1,0.031,0.926,1,0.561,1,0.158,0.142,1,0.718,0.792,1,1,1,0.981,0.746,0.319,1,0.017,0.623,0.542,0.248,0.836,0.006,1,0.241,1,1,0.249,1,0.109,1,0.064,0.36,0.001,1,1,1,0.102,0.019,0.125,1,0.175,0.001,1,1,1,0.003,1,0.027,0.003,0.799,0.146,0.398,1,0.686,0.184,0.659,0.263,0.699,0.387,0.282,0.84,0.695,0.59,0.383,1,1,0.227,1,1,1,1,1,1,1,1,1,1,1,1,1,1,0.257,1,0.368
"Flavonifractor_plautii",1,0.017,1,0.199,0.102,1,0.288,1,1,0.717,1,0.152,1,1,0.002,0.225,1,0.642,1,0.834,1,1,0.558,0.323,1,1,1,0.776,0.214,0.955,1,0.159,0.96,0.433,0.856,0.901,0.793,1,0.001,1,1,0.667,1,0.951,0.494,0.005,0.466,0.001,0.952,0.691,0.384,1,0.914,1,1,0.474,0.01,1,1,1,0.28,1,0.166,0.05,0.198,0.964,0.878,0.934,0.441,0.637,1,1,0.606,0.715,0.079,0.09,0.779,0.421,0.119,1,1,0.009,1,1,1,1,1,1,1,1,1,1,1,1,1,1,1,1,1
"Parabacteroides_merdae",1,0.005,1,0.381,0.329,1,1,1,1,0.506,0.427,1,0.723,1,0.108,0.206,1,0.793,1,0.756,0.11,1,1,0.554,1,1,1,0.975,0.035,0.686,1,1,0.385,1,0.23,0.647,0.056,1,0.011,1,1,0.881,1,0.988,1,0.014,1,0.001,1,0.145,1,1,0.108,1,1,1,0.816,1,0.507,0.651,0.191,1,0.237,0.002,0.702,0.894,0.614,1,0.68,0.233,0.598,1,0.094,0.165,0.027,0.093,0.69,0.602,0.992,1,1,0.003,1,1,1,1,1,1,1,1,1,1,1,1,1,1,1,1,1
"Ruminococcus_gnavus",1,0.048,1,1,0.225,1,1,1,1,0.184,0.795,1,1,1,0.276,0.313,1,1,1,0.541,0.194,1,1,1,1,1,1,0.919,0.345,0.593,1,1,0.796,0.309,1,1,0.218,1,0.008,1,1,0.463,1,0.669,1,0.015,0.653,0.024,1,1,1,0.094,1,0.377,1,0.622,0.003,1,1,0.703,0.042,1,0.776,0.047,0.867,1,0.081,1,0.171,0.664,1,1,1,0.424,0.801,0.81,0.881,0.928,0.788,1,1,0.022,1,1,1,1,1,1,1,1,1,1,1,1,1,1,1,1,1
"Coprococcus_eutactus",1,0.908,1,0.359,0.043,1,1,1,0.062,0.124,0.332,0.689,1,1,0.363,0.821,1,0.707,1,0.029,0.005,1,0.852,1,1,1,1,0.982,0.142,1,1,1,0.505,0.822,0.55,0.948,0.85,1,0.025,1,1,0.002,1,1,1,0.048,1,1,0.283,1,1,1,1,1,1,0.502,0.893,1,1,1,0.005,0.777,0.76,0.482,0.805,0.232,0.548,0.91,0.468,0.557,0.622,1,1,0.203,0.338,1,0.474,0.915,0.906,1,1,0.951,1,0.504,1,1,1,1,1,1,1,1,1,1,1,1,1,1,0.958
"Pseudomonas_fluorescens",1,0.824,0.887,0.518,0.001,1,1,0.372,1,0.023,0.556,1,1,0.856,0.052,0.119,1,1,1,1,1,0.816,0.676,0.054,1,1,1,1,0.004,0.992,1,1,1,0.001,1,0.213,1,0.604,0.821,1,1,0.743,0.328,0.881,1,0.052,0.813,1,0.926,0.594,0.347,0.941,1,1,0.001,1,1,1,0.515,0.014,1,0.378,0.223,1,0.349,0.017,0.001,1,1,1,0.552,0.826,0.029,1,0.861,1,1,1,0.74,1,1,1,1,1,1,1,1,1,1,1,1,1,1,1,1,1,1,1,1
"Ruminococcus_bromii",1,1,1,0.379,0.078,1,1,1,1,0.04,0.328,0.503,1,1,0.014,0.254,1,0.807,1,0.968,0.357,1,0.569,1,1,1,1,0.203,0.006,0.109,1,0.095,0.048,0.716,0.269,0.984,0.283,1,0.303,1,1,0.04,1,0.862,1,0.009,0.529,0.001,1,1,1,1,1,0.759,0.147,0.258,0.075,1,1,1,0.001,0.91,0.645,0.878,0.389,0.402,0.634,1,0.699,0.304,0.843,0.433,0.33,0.418,0.241,1,0.578,0.192,0.97,1,1,0.02,1,1,1,1,1,1,1,1,1,1,1,1,1,1,1,1,0.375
"Lactobacillus_casei",1,0.001,0.131,0.265,0.393,1,0.002,0.001,0.003,1,0.514,1,1,0.193,0.188,0.859,0.437,1,0.864,1,1,0.222,1,0.348,1,1,0.309,0.302,1,0.339,0.602,0.124,1,0.31,0.852,1,0.807,1,1,0.579,0.148,1,1,0.938,0.375,0.009,0.104,0.52,1,1,0.846,0.554,1,0.043,0.842,0.248,0.112,1,0.105,0.049,1,0.927,0.212,0.326,0.64,0.002,0.093,1,1,0.246,0.905,0.946,0.013,0.073,0.001,0.117,0.388,0.83,0.399,0.001,0.021,0.051,1,1,1,1,1,1,1,1,1,1,1,1,1,1,1,1,1
"Anaerostipes_hadrus",1,0.043,1,1,0.249,1,1,0.359,1,0.23,0.765,1,1,1,0.019,0.397,1,0.713,1,0.293,0.126,1,1,1,1,1,1,0.16,0.181,0.852,1,1,0.631,0.522,1,0.89,0.061,1,0.647,1,1,0.001,1,0.02,1,0.047,1,1,0.622,0.305,1,1,1,0.138,1,1,0.109,1,1,1,0.001,0.693,0.678,0.003,0.643,0.423,0.407,1,0.888,0.665,1,1,0.595,0.031,0.038,0.173,0.968,0.586,0.917,1,1,0.019,1,1,1,1,1,1,1,1,1,1,1,1,1,1,1,1,1
"Actinomyces_funkei",1,1,0.475,0.426,0.417,1,0.22,0.118,0.418,0.034,0.705,0.626,0.82,1,1,1,0.841,1,1,1,1,0.956,1,1,0.239,1,1,0.152,1,1,0.414,0.065,0.69,0.748,1,1,0.197,1,0.242,1,0.86,1,1,0.109,0.765,0.701,1,0.331,0.569,0.223,0.021,1,1,0.655,1,0.025,0.005,0.161,1,1,1,1,0.651,0.607,1,0.001,0.001,0.044,1,1,0.032,0.083,1,0.397,0.811,0.321,0.369,0.553,0.196,1,1,1,0.323,1,1,1,1,1,1,1,1,1,1,1,1,1,1,1,1
"Bacillus_subtilis",1,0.699,0.241,0.198,0.981,1,0.774,1,1,0.045,0.649,1,1,1,1,0.499,1,1,1,1,1,0.093,1,0.872,0.008,1,1,0.495,1,0.252,1,1,1,0.001,0.605,1,0.472,1,0.981,1,1,1,0.457,0.62,1,0.012,1,0.001,1,1,1,1,0.028,1,0.001,1,1,1,1,1,0.692,0.842,0.21,1,1,0.853,0.001,0.241,0.348,0.277,0.347,0.444,1,0.762,0.93,0.114,0.589,0.04,0.731,1,1,1,0.617,1,1,1,1,1,1,1,1,1,1,1,1,1,1,1,1
"Peptostreptococcus_anaerobius",1,0.11,0.001,0.068,0.041,1,0.486,0.749,0.658,0.027,0.088,0.109,1,0.597,1,0.342,0.237,0.444,1,0.645,0.74,0.396,0.008,0.426,0.092,1,1,0.641,0.791,0.835,0.464,0.705,0.707,0.461,1,1,0.001,1,1,0.815,0.694,1,1,0.176,0.139,0.835,0.451,0.628,0.149,0.43,1,0.092,1,0.648,1,0.001,0.001,0.654,0.153,0.031,1,1,0.254,0.268,0.607,0.094,0.037,0.045,0.696,0.072,0.004,0.221,0.273,0.884,0.004,0.115,0.078,1,0.001,0.605,1,1,1,1,1,1,1,1,1,1,1,1,1,1,1,1,1,1,0.395
"Lactobacillus_amylovorus",1,0.543,1,1,1,1,0.007,0.194,0.021,1,0.696,1,1,0.004,1,0.622,1,1,1,1,1,0.002,0.055,1,1,1,0.988,1,0.101,1,0.08,0.481,0.69,0.31,1,1,0.488,0.26,1,1,0.847,1,1,1,1,0.043,1,0.516,0.277,0.075,0.147,0.672,1,1,1,1,1,1,1,0.006,1,1,0.005,1,1,0.387,0.106,1,1,0.009,0.564,0.675,1,0.783,0.002,1,0.721,1,0.01,0.103,0.039,1,1,1,1,1,1,1,1,1,1,1,1,1,1,1,1,1,1
"Lactobacillus_rhamnosus",1,0.222,0.875,1,0.053,1,0.119,0.001,0.11,1,0.823,1,1,1,0.641,0.843,1,1,1,1,1,0.019,0.032,1,1,1,1,0.064,1,0.497,0.135,0.018,1,0.326,1,1,1,1,1,1,0.113,0.768,1,1,0.007,1,0.887,0.921,1,1,0.661,0.694,1,0.051,1,1,1,1,0.525,0.016,1,0.731,0.051,1,1,0.027,0.001,1,1,0.016,0.507,0.429,0.142,0.011,0.001,0.162,0.752,0.473,0.088,0.029,0.029,0.169,1,1,1,1,1,1,0.005,1,1,0.692,1,1,1,1,1,0.683,1
"Neisseria_perflava",1,1,1,1,1,0.081,1,1,1,1,0.729,1,1,1,1,0.097,1,1,1,1,1,0.906,1,1,1,1,1,1,1,1,0.961,0.091,1,0.083,1,1,1,1,1,1,1,1,1,1,1,1,1,1,1,1,0.581,1,1,0.944,1,1,1,1,1,0.622,1,1,0.026,1,1,0.498,0.007,0.382,1,1,0.443,0.837,0.84,1,1,1,1,1,0.34,1,1,1,1,0.477,0.044,0.434,0.073,0.03,0.123,0.015,0.125,0.704,0.059,0.001,0.389,0.205,0.052,0.182,0.001
"Blautia_luti",1,0.133,1,0.21,0.297,1,1,0.873,1,0.003,1,1,1,1,0.504,0.703,1,0.954,1,0.539,0.089,1,1,1,1,1,1,0.533,0.658,0.097,1,1,0.004,0.577,1,0.913,0.334,1,0.014,1,1,0.006,1,0.944,1,0.002,1,0.001,0.121,0.413,1,0.103,1,0.529,1,1,0.075,1,1,1,0.014,0.537,0.764,0.002,0.629,0.561,0.305,1,0.719,0.556,1,1,0.313,0.417,0.992,1,0.556,0.627,0.992,1,1,0.028,1,1,1,1,1,1,1,1,1,1,1,1,1,1,1,1,1
"Eubacterium_hallii",1,0.001,1,0.409,0.01,1,1,1,1,0.961,0.436,1,1,1,0.692,0.781,1,0.229,1,0.951,0.466,1,1,1,1,1,1,0.359,0.908,0.235,1,1,0.169,0.734,1,0.298,0.683,1,0.034,1,1,0.029,1,1,1,0.003,0.903,0.001,0.617,0.272,1,0.093,0.002,1,1,1,0.107,1,1,1,0.003,0.588,0.344,0.001,0.452,0.383,1,0.963,0.426,0.337,0.626,0.643,0.811,0.078,0.773,1,0.822,0.224,0.836,1,1,0.015,1,1,1,1,1,1,1,1,1,1,1,1,1,1,1,1,1
"Roseburia_faecis",1,0.521,1,0.859,0.08,1,1,1,1,0.032,0.033,1,1,1,0.028,0.883,1,0.364,1,0.255,0.083,1,1,1,1,1,1,0.003,0.524,0.721,1,1,0.031,0.919,0.817,0.215,0.678,1,0.005,1,1,0.996,1,0.322,1,0.015,1,0.001,0.077,0.633,1,1,1,1,1,0.084,0.027,1,1,0.149,1,0.883,0.194,0.017,0.65,0.568,1,1,0.342,0.442,1,0.933,0.35,0.063,0.383,1,0.574,0.317,0.929,1,1,0.007,1,0.451,1,1,1,1,1,1,1,1,1,1,1,1,1,1,1
"Peptostreptococcus_russellii",1,1,0.589,0.635,0.004,1,0.376,1,1,0.584,1,0.109,1,0.904,1,1,0.564,1,1,1,1,0.063,0.19,0.835,0.563,1,1,1,1,1,0.262,0.45,0.398,0.407,1,1,0.172,1,1,1,1,1,1,0.107,1,1,1,1,0.627,0.151,1,0.884,1,1,1,1,0.42,0.765,1,1,1,1,0.031,1,1,0.039,0.257,1,0.433,1,0.33,0.253,1,0.499,0.289,0.58,1,1,0.001,1,1,1,1,1,1,1,1,1,1,1,1,1,1,1,1,1,1,1,1
"Dorea_longicatena",1,0.073,1,0.395,0.701,1,1,1,1,0.005,1,1,1,1,0.023,0.722,1,0.708,1,0.652,0.671,1,1,1,1,1,1,0.423,0.27,0.764,1,1,0.035,0.986,1,0.325,0.878,1,0.007,1,1,0.006,1,0.886,1,0.005,1,1,1,0.917,1,1,1,0.543,1,1,0.087,1,1,1,0.004,0.75,0.791,0.004,0.947,0.557,0.179,0.728,0.489,0.007,1,1,1,0.032,0.22,0.528,0.484,0.3,0.929,1,1,0.009,1,0.692,1,1,1,1,1,1,1,1,1,1,1,1,1,1,1
"Bifidobacterium_breve",1,0.001,0.519,1,0.679,1,0.028,0.056,0.891,0.001,1,1,1,0.02,0.04,1,1,1,1,1,1,1,1,1,1,1,1,0.068,0.598,1,1,0.734,1,0.007,0.829,1,0.417,1,1,0.058,0.199,0.1,1,1,1,0.05,1,0.207,0.262,0.758,0.055,0.013,1,1,1,1,0.134,1,1,1,1,1,0.132,0.067,1,0.344,0.978,0.329,1,1,1,0.972,0.565,0.943,0.001,0.827,0.229,1,0.001,0.039,0.311,0.039,1,1,1,1,1,1,1,1,1,1,1,1,1,1,1,1,1
"Alistipes_putredinis",1,1,1,0.349,0.309,1,1,1,1,0.248,0.096,0.795,1,1,0.002,0.148,1,0.198,1,0.852,0.036,1,0.15,1,1,1,1,0.064,0.784,0.477,1,1,0.919,0.564,1,0.231,0.252,1,0.601,1,1,0.484,1,0.877,0.918,0.025,1,0.082,1,1,1,1,1,1,0.139,0.179,0.113,1,1,1,0.011,1,0.098,0.1,0.17,0.899,0.047,1,0.81,0.271,0.63,1,0.339,0.266,0.716,1,0.69,0.975,0.182,1,1,0.535,1,1,1,1,1,1,1,1,1,1,1,0.88,1,1,0.243,1,1
"Staphylococcus_aureus",1,0.008,0.912,0.858,0.575,0.035,0.176,0.172,0.122,0.002,0.567,0.844,1,0.666,0.831,0.387,1,0.22,1,1,1,0.022,1,0.893,0.378,1,1,0.795,1,0.629,0.296,0.45,0.583,0.001,0.482,1,0.099,1,0.149,0.004,0.271,1,0.607,0.415,1,1,0.329,0.388,0.588,0.725,0.022,0.406,1,1,0.283,0.036,0.001,0.07,0.25,0.19,0.262,0.912,0.966,1,1,0.574,0.064,1,0.504,0.257,0.165,0.158,0.064,0.256,0.888,0.704,1,1,0.492,1,1,1,1,1,1,1,1,1,1,0.515,1,1,0.919,1,1,1,1,1,0.587
"Veillonella_magna",1,1,0.197,0.413,0.915,1,0.555,0.799,1,1,0.02,0.746,1,1,1,1,1,0.572,1,0.935,1,0.377,1,0.873,0.205,1,1,1,1,1,0.057,0.736,1,1,0.201,1,0.12,1,1,0.044,0.026,1,1,1,0.963,1,1,1,0.821,0.117,1,0.681,1,0.793,0.8,1,1,0.829,0.009,0.001,1,1,0.308,1,1,0.008,0.415,0.412,1,1,0.396,0.961,0.767,0.667,0.084,1,1,1,0.64,1,1,1,1,1,1,1,1,1,1,1,1,1,1,1,1,1,1,1,1
"Prevotella_jejuni",1,0.587,0.519,0.047,0.876,0.001,0.002,0.604,1,1,0.033,1,1,0.527,1,1,1,0.101,1,1,1,0.051,1,0.624,0.284,1,1,0.434,1,0.973,0.725,0.752,0.898,0.511,0.419,1,0.192,1,0.519,0.273,0.083,1,1,1,1,1,1,1,0.738,1,1,1,1,1,0.014,1,1,1,0.001,0.001,1,1,0.647,1,1,0.001,0.059,0.416,1,1,1,0.863,0.914,0.77,0.078,1,1,1,0.365,1,1,1,0.002,0.001,0.001,0.003,0.584,0.001,0.001,0.001,0.005,0.645,0.001,0.438,0.001,0.001,0.061,0.001,0.001
"Dolosigranulum_pigrum",1,1,0.122,0.411,1,0.1,0.443,0.055,0.979,0.178,1,0.723,1,0.029,1,1,1,1,1,0.944,0.335,0.705,0.821,0.034,1,1,1,1,0.764,0.326,1,0.851,0.96,0.004,1,1,0.416,1,1,0.352,0.738,0.522,1,0.163,0.759,1,1,1,0.653,0.52,0.491,0.527,1,0.299,1,0.102,0.001,1,1,0.152,0.415,0.799,0.932,1,0.793,0.304,0.047,0.649,1,0.279,0.653,0.285,1,0.521,0.026,0.213,0.044,1,0.945,0.269,1,0.901,1,1,1,1,1,1,1,1,1,1,1,1,1,1,1,1,0.034
"Eubacterium_siraeum",1,0.978,1,0.263,0.116,1,1,1,1,0.59,0.403,0.769,0.38,1,0.498,0.759,1,0.862,1,0.91,0.306,1,0.415,1,1,1,1,0.165,0.032,0.209,1,1,0.734,1,1,0.856,0.622,1,1,1,1,0.012,1,0.968,1,0.024,1,0.01,1,1,1,1,0.042,1,1,0.945,0.102,1,1,1,0.113,1,0.82,0.153,0.308,0.18,0.617,1,0.674,0.479,1,1,0.78,0.654,0.361,1,0.579,0.479,0.898,1,1,0.024,1,1,1,1,1,1,1,1,1,1,1,1,1,1,1,1,1
"Akkermansia_muciniphila",1,0.479,1,0.163,0.128,0.609,1,1,1,0.343,1,1,1,1,0.001,0.542,1,1,1,0.155,0.699,1,0.573,1,1,1,1,0.875,0.001,1,0.977,0.844,0.449,0.026,0.839,0.211,0.724,1,0.064,1,1,0.039,1,0.614,1,0.495,1,0.001,1,1,1,1,1,0.199,1,0.263,0.093,1,1,1,0.001,0.735,0.007,0.772,0.521,0.872,0.202,1,0.974,0.442,1,1,1,0.038,0.727,1,0.511,0.686,0.178,1,1,0.018,1,1,1,1,1,1,1,1,1,1,1,1,1,1,1,1,1
"Blautia_faecis",1,0.079,1,1,0.002,1,1,1,1,0.748,1,0.146,1,1,0.012,0.242,1,1,1,0.682,0.076,1,0.533,1,1,1,1,0.76,0.896,0.351,1,1,0.271,0.647,1,0.079,0.11,1,0.011,1,1,0.117,1,1,1,0.019,1,0.001,0.285,1,1,1,1,0.455,1,0.819,0.448,1,1,1,0.008,0.664,0.224,0.003,0.622,0.935,0.586,1,0.268,0.287,1,1,0.8,0.075,0.472,1,0.493,0.232,0.832,1,1,0.017,1,1,1,1,1,1,1,1,1,1,1,1,1,1,1,1,1
"Bacteroides_caccae",1,0.239,1,0.801,0.046,1,1,1,1,0.467,0.658,1,1,0.752,0.034,0.333,1,0.898,1,0.258,0.004,1,0.252,0.269,1,1,1,0.452,0.003,0.643,1,1,0.658,0.297,0.962,0.85,0.054,1,0.094,1,1,0.007,1,1,1,0.048,1,0.001,1,1,1,1,1,1,1,0.409,0.068,1,1,1,0.7,1,0.045,0.004,0.75,0.984,0.271,1,1,0.432,1,1,0.747,0.351,0.366,1,0.849,0.455,0.151,1,1,0.035,1,1,1,1,1,1,1,1,1,1,1,1,1,1,1,1,1
"Campylobacter_lanienae",1,0.235,0.614,0.534,0.391,0.061,0.855,1,1,0.001,0.949,0.701,0.022,1,1,1,0.323,0.292,1,0.881,1,0.085,1,1,0.01,1,1,1,1,1,1,0.45,0.938,0.205,0.089,1,0.392,1,0.042,1,1,1,1,0.907,1,0.075,1,1,1,1,0.159,0.187,1,1,1,1,0.737,1,1,0.363,1,1,0.046,1,1,0.697,0.001,0.117,1,1,0.125,0.289,1,0.027,1,0.043,1,1,0.001,1,1,1,0.781,1,1,1,1,1,1,1,1,1,1,1,1,1,1,1,1
"Phascolarctobacterium_succinatutens",1,0.517,1,0.78,0.122,1,1,1,1,0.731,0.612,1,1,1,0.029,0.719,1,0.144,1,0.496,0.542,1,1,1,1,1,1,0.607,0.885,1,1,1,0.95,1,1,1,0.8,1,0.88,0.576,1,0.003,1,0.583,1,1,1,0.012,0.675,0.191,1,1,1,1,1,1,0.092,1,1,1,1,1,0.575,0.061,0.438,0.145,0.393,1,1,0.68,1,1,1,0.726,0.935,1,0.135,0.808,0.245,1,1,0.04,1,0.518,1,1,1,1,1,1,1,1,1,1,1,1,1,1,1
"Ruminococcus_flavefaciens",1,0.59,1,0.661,0.093,1,1,1,1,0.781,0.354,0.694,1,1,0.3,0.935,0.145,0.504,1,0.432,0.703,1,1,1,1,1,1,0.579,0.972,0.281,1,1,0.268,0.158,1,0.316,0.457,1,0.599,1,1,0.518,1,0.933,1,0.005,1,0.001,0.042,0.441,1,0.845,1,0.577,1,1,1,1,1,1,0.002,1,0.016,0.754,0.743,0.519,0.891,1,0.757,0.813,1,0.493,1,0.015,0.297,1,0.795,1,0.983,1,1,0.953,1,1,1,1,1,1,1,1,1,1,1,1,1,1,1,1,1
"Faecalibacterium_prausnitzii",1,0.001,1,0.473,0.053,0.103,1,0.478,1,0.072,0.529,0.979,0.79,1,0.003,0.245,1,0.195,1,0.746,0.066,1,0.752,0.969,1,1,1,0.987,0.317,0.315,1,1,0.792,0.025,0.49,0.689,0.011,1,0.043,1,1,0.001,1,0.949,1,0.069,0.808,0.001,0.256,0.393,1,1,1,0.173,0.041,0.008,0.061,1,1,1,0.021,0.31,0.334,0.007,0.642,0.006,0.466,0.194,0.729,0.503,0.382,0.495,0.92,0.228,0.016,0.285,0.476,0.723,0.891,1,1,0.029,1,0.562,1,1,1,1,1,1,1,1,1,1,1,1,0.046,1,1
"Vagococcus_lutrae",1,1,0.016,0.219,0.867,1,0.805,0.828,0.135,0.022,1,0.263,1,0.469,0.215,0.046,0.721,1,1,0.062,0.602,0.793,0.056,0.302,0.3,1,0.623,0.335,0.062,0.094,1,1,0.196,0.579,1,0.967,0.035,1,0.839,1,1,0.103,0.527,0.378,0.947,1,0.756,0.116,0.163,0.347,0.05,1,1,0.038,1,0.036,0.003,0.086,1,1,0.011,0.211,0.88,1,0.809,0.11,0.919,0.405,1,0.921,0.001,0.005,0.045,0.942,0.095,1,0.244,0.784,0.196,1,0.493,0.925,1,1,1,1,1,1,1,1,1,1,1,1,1,1,1,1,1
"Enterococcus_faecalis",1,0.019,0.126,0.952,0.001,1,0.918,1,1,0.285,1,1,1,1,1,1,1,1,1,0.085,1,1,1,0.408,1,1,0.388,0.81,0.399,0.958,1,0.832,1,0.117,0.239,1,0.401,1,1,1,0.746,1,1,1,0.52,0.048,1,0.002,1,1,1,0.089,1,1,0.044,0.125,0.001,0.487,1,0.641,1,0.83,0.962,0.093,1,0.242,0.075,0.367,1,1,0.198,0.198,1,0.612,0.683,1,1,0.424,0.273,1,0.749,0.762,1,1,1,1,1,1,0.13,1,1,1,1,1,1,1,1,1,1
"Bacteroides_pyogenes",1,0.415,0.498,0.459,0.049,0.086,0.617,0.183,0.605,0.052,1,1,0.131,1,0.506,0.303,0.104,1,1,1,1,0.79,1,0.494,0.162,1,1,0.889,0.038,1,0.17,0.002,0.687,0.011,0.781,1,0.017,1,1,0.374,0.413,0.192,1,0.041,0.159,1,1,0.117,0.004,0.004,1,1,1,1,1,1,0.481,0.097,0.661,0.005,1,1,0.537,0.656,1,0.001,0.001,0.009,1,0.706,0.232,0.128,0.254,0.347,0.001,1,1,1,0.14,1,1,1,1,1,1,1,1,1,1,1,1,1,1,1,1,1,1,1,1
"Actinomyces_suimastitidis",1,1,0.79,1,0.303,1,0.056,1,1,0.036,1,0.392,1,0.074,1,0.771,0.03,1,1,1,1,0.563,0.229,1,0.991,1,0.093,1,1,1,0.239,0.705,1,0.199,1,1,0.476,1,1,1,1,0.272,1,1,1,1,1,0.46,0.094,0.341,0.569,1,1,1,1,0.35,0.036,0.195,1,1,0.001,1,1,1,1,0.001,0.286,0.091,1,1,0.486,0.099,1,0.545,0.002,0.464,0.823,1,0.003,1,1,1,1,1,1,1,1,1,1,1,1,1,1,1,1,1,1,1,1
"Prevotella_bergensis",1,0.962,1,0.183,0.911,0.844,1,0.04,0.333,0.069,0.058,1,0.93,0.634,0.915,0.183,1,1,1,0.288,0.722,0.378,0.001,1,0.908,1,1,1,0.349,0.768,1,1,0.709,1,0.02,1,0.01,1,0.4,1,1,0.037,0.785,1,1,1,1,0.527,0.959,0.523,0.944,0.082,1,0.045,1,1,1,1,0.88,0.159,0.613,0.8,0.606,1,1,0.135,0.575,1,1,0.933,0.211,0.203,0.152,0.871,0.431,1,0.686,0.085,0.548,0.107,1,0.166,0.133,1,1,1,1,1,1,1,1,1,1,1,1,1,1,1,1
"Eubacterium_eligens",1,0.525,1,0.809,0.182,1,1,1,1,0.905,1,0.687,1,1,0.015,0.739,1,0.643,1,0.128,0.437,1,1,1,1,1,1,0.977,0.178,0.66,1,1,0.274,0.69,1,0.134,0.645,1,0.022,1,1,0.038,1,0.961,0.46,0.001,0.259,0.001,1,0.643,1,1,1,1,1,0.172,0.32,1,1,1,0.041,0.918,0.419,0.022,0.6,0.351,1,0.289,0.145,1,1,1,0.849,0.082,0.235,1,0.398,0.575,0.901,1,1,0.004,1,0.44,1,1,1,1,1,1,1,1,1,1,1,1,1,1,1
"Parabacteroides_distasonis",1,0.001,1,0.009,0.152,1,1,1,0.964,0.019,0.265,1,1,1,0.009,0.182,1,0.608,1,0.512,0.02,1,0.758,0.807,1,1,1,0.11,0.194,0.656,1,1,0.21,0.141,0.368,0.89,0.4,1,0.025,1,1,0.019,1,0.719,1,0.014,0.1,0.001,1,1,1,1,1,1,1,0.306,0.05,1,1,1,0.147,1,0.748,0.005,0.26,0.565,0.159,0.961,0.757,0.091,0.718,0.447,1,0.802,0.391,0.741,0.768,0.701,0.96,1,1,0.126,1,1,1,1,1,1,1,1,1,1,1,1,1,1,1,1,1
"Anaerococcus_octavius",1,0.204,0.198,0.074,0.067,1,0.147,0.739,0.233,0.245,0.764,0.581,0.576,0.013,0.83,0.795,1,1,1,0.102,0.526,0.628,0.757,0.974,1,1,1,1,0.055,0.441,0.064,0.437,0.995,0.742,1,1,0.057,1,0.493,0.024,0.275,0.931,0.596,1,1,1,0.094,0.451,0.171,0.277,0.581,0.039,1,0.201,1,0.024,0.019,1,1,0.637,0.241,0.747,0.779,1,1,0.02,0.916,1,0.178,0.009,1,0.553,0.049,0.617,0.359,1,0.006,0.338,0.922,0.878,0.097,1,0.116,1,1,1,1,1,1,1,1,1,1,1,1,1,1,1,1
"Roseburia_inulinivorans",1,0.134,1,0.14,0.042,1,1,1,1,0.94,0.522,1,1,1,0.181,0.475,1,0.278,1,0.865,0.014,0.52,1,1,1,1,1,0.13,0.691,0.276,1,1,0.763,0.169,1,0.079,0.117,1,0.011,1,1,0.002,1,0.906,1,0.035,1,0.02,1,1,1,0.079,1,1,1,0.931,0.852,1,1,1,0.082,1,0.06,0.005,0.946,0.044,0.805,1,0.185,1,1,0.374,1,0.053,0.146,1,0.727,0.68,0.897,1,1,0.006,1,0.545,1,1,1,1,1,1,1,1,1,1,1,1,0.186,1,1
"Streptococcus_massiliensis",1,1,0.005,1,0.012,0.924,1,0.727,0.241,1,0.404,1,1,0.143,0.924,0.718,1,0.859,0.329,1,1,0.995,0.001,1,1,0.106,0.718,0.398,0.937,0.011,1,0.017,0.007,0.036,0.368,1,0.998,1,1,0.956,0.019,0.315,1,1,1,1,1,0.548,0.882,0.63,0.649,0.156,1,0.212,1,1,0.637,0.852,1,1,0.236,1,0.473,1,1,0.005,0.303,0.919,0.931,0.52,0.863,0.442,0.019,0.147,0.298,1,0.932,0.657,0.809,0.559,0.633,0.315,0.445,1,1,1,1,1,1,1,1,1,1,1,1,1,1,1,1
"Lactobacillus_plantarum",1,0.047,0.662,0.789,0.006,0.026,0.357,0.074,0.097,1,0.475,1,0.395,1,0.629,0.306,1,1,1,0.115,1,0.635,0.671,0.166,1,1,1,1,0.01,0.322,1,0.903,1,0.315,0.667,1,0.703,1,0.509,0.257,1,0.557,0.43,0.63,1,0.002,0.467,1,1,1,1,1,0.786,0.019,1,0.012,0.07,1,1,0.019,0.298,0.876,0.265,1,0.739,0.138,0.767,1,1,0.461,0.948,0.315,0.131,0.162,0.114,0.248,0.225,0.106,0.817,0.088,0.203,1,1,1,1,1,1,1,0.015,1,1,0.864,1,1,1,1,1,1,1
"Eubacterium_biforme",1,0.108,1,0.24,0.461,1,1,1,1,0.486,1,1,1,1,0.035,1,1,1,1,0.667,0.22,1,1,1,1,1,1,0.915,0.497,1,1,1,0.148,0.893,1,0.486,0.949,1,0.025,1,1,0.004,1,1,1,0.006,1,1,0.283,0.799,1,1,1,1,1,1,0.107,1,1,1,1,0.155,0.191,0.001,0.617,0.888,0.157,1,1,1,0.65,1,0.43,0.776,0.565,1,0.085,1,0.081,1,1,0.023,1,0.579,1,1,1,1,1,1,1,1,1,1,1,1,1,1,1
"Prevotella_disiens",1,0.48,0.782,0.56,0.589,1,0.015,0.94,0.978,0.123,0.803,0.69,1,0.003,0.131,0.124,0.077,0.967,1,0.086,0.211,0.16,0.079,0.004,0.299,1,1,0.611,0.965,0.011,0.097,0.253,0.047,0.319,0.382,1,0.96,0.064,0.12,0.218,0.824,0.214,1,1,1,0.212,0.195,0.077,0.611,0.172,0.786,0.333,1,0.124,0.643,1,1,1,0.001,0.002,0.326,1,0.356,1,0.566,0.001,0.71,1,0.485,0.862,0.534,0.244,0.471,0.695,0.03,0.101,0.295,0.716,0.875,0.107,1,0.857,0.274,1,1,1,1,1,0.725,0.866,1,1,1,1,1,1,1,1,0.109
"Coprococcus_comes",1,0.555,0.348,0.256,0.079,1,0.049,1,1,0.255,1,1,1,0.401,0.709,0.563,1,1,1,0.61,0.862,1,1,0.687,1,1,1,0.816,0.905,0.608,1,1,0.053,0.114,1,0.265,0.086,1,0.013,1,1,0.034,1,0.926,1,0.051,1,0.001,1,1,1,1,0.595,1,1,0.019,0.104,1,1,1,1,1,0.211,0.082,0.61,0.734,0.049,1,0.429,0.443,1,0.986,1,0.641,0.404,1,0.105,1,0.743,1,1,0.177,1,1,1,1,1,1,1,1,1,1,1,1,1,1,1,1,1
"Bifidobacterium_longum",1,0.003,0.051,0.754,0.281,1,1,0.16,0.092,0.016,0.002,1,0.813,0.006,0.314,0.024,1,1,0.123,1,1,0.012,0.757,0.137,1,1,0.094,0.089,0.975,1,0.041,0.004,0.164,0.001,0.634,0.304,0.437,0.008,0.874,0.324,0.011,0.251,1,1,1,0.127,1,0.001,0.196,0.097,0.001,0.633,1,0.003,1,0.726,0.072,0.787,0.011,1,0.166,0.597,0.42,0.037,1,0.007,0.002,0.746,0.263,0.001,0.686,0.808,0.064,0.042,0.001,0.836,0.113,0.916,0.001,0.004,0.142,0.017,1,0.052,0.592,0.131,1,1,0.022,0.015,0.837,0.008,0.117,0.066,0.003,1,0.252,0.001,0.908
"Oscillibacter_valericigenes",1,0.415,1,0.343,0.053,1,1,1,1,0.496,0.878,1,1,1,0.002,0.113,1,0.952,1,0.483,0.573,1,1,1,1,1,1,0.921,0.351,0.957,1,1,0.485,0.45,0.884,0.273,0.787,1,0.023,1,1,0.71,1,0.776,1,0.017,1,0.001,1,1,1,1,1,1,0.217,0.868,0.419,1,1,1,0.02,1,0.723,0.005,0.698,1,0.937,1,0.814,1,1,1,1,0.252,0.529,0.19,0.976,0.981,0.933,1,1,0.19,1,1,1,1,1,1,1,1,1,1,1,1,1,1,1,1,1
"Necropsobacter_rosorum",1,1,0.39,0.991,0.104,1,0.017,1,1,1,1,0.08,1,0.066,0.231,0.33,1,1,1,0.753,0.236,0.691,0.25,0.192,1,1,1,0.85,0.297,0.006,1,1,0.619,0.025,0.901,1,0.008,1,1,1,1,0.407,0.979,0.426,0.091,0.696,0.755,0.566,0.034,0.518,1,1,1,0.123,1,0.669,0.234,1,1,1,0.738,1,0.354,0.329,0.376,0.001,0.001,0.178,0.228,0.187,0.063,0.058,1,0.245,0.047,0.216,0.437,0.926,0.001,0.955,1,1,1,1,1,1,1,1,1,1,1,1,1,1,1,1,1,1,1
"Riemerella_anatipestifer",1,0.486,0.91,0.766,0.959,1,0.008,1,1,0.689,1,0.854,1,0.046,1,1,1,1,1,0.337,1,0.112,1,0.805,1,1,1,1,1,0.823,0.107,0.001,0.011,0.26,0.059,1,0.001,1,1,1,1,1,1,1,1,0.56,1,0.275,1,0.885,1,1,1,0.223,1,1,1,1,1,0.198,0.637,0.786,0.594,0.722,1,0.001,0.001,1,0.376,1,0.175,0.053,1,0.508,1,0.838,1,1,0.005,1,1,1,1,1,1,1,1,1,1,1,1,1,1,1,1,1,1,1,1
"Bacteroides_coprocola",1,0.422,0.004,0.889,0.128,0.046,0.338,0.874,1,0.998,1,1,0.475,1,0.039,0.439,0.814,0.928,1,0.748,1,0.458,1,0.969,1,1,1,0.263,0.196,0.4,0.125,0.082,0.168,0.054,0.618,1,0.283,1,0.479,0.025,0.035,0.543,1,0.849,1,0.004,1,1,1,0.139,1,1,1,0.119,1,0.018,0.103,0.298,1,1,0.31,1,0.477,0.14,0.683,0.001,0.001,0.532,0.338,0.095,0.154,0.279,0.545,0.688,0.767,1,0.781,0.237,0.001,1,1,0.019,1,1,1,1,1,1,1,1,1,1,1,1,1,1,0.377,1,1
"Ottowia_pentelensis",1,0.865,1,0.148,0.911,0.001,0.005,1,1,1,0.496,1,1,1,1,1,1,0.264,1,1,1,1,1,1,1,1,1,1,1,1,0.963,0.481,0.016,1,1,1,0.437,1,1,0.082,0.188,1,1,1,1,1,1,1,0.529,0.858,1,1,1,1,0.334,1,1,1,0.001,0.001,1,1,1,1,1,0.364,0.96,1,1,1,1,1,1,1,1,1,1,1,0.256,1,1,1,0.007,1,1,1,1,1,1,1,1,1,1,1,1,1,1,1,1
"Alistipes_shahii",1,1,1,0.194,0.13,1,1,1,1,0.978,1,1,1,1,0.002,0.313,1,0.273,1,0.17,0.393,1,1,1,1,1,1,0.979,1,0.968,1,1,0.433,0.025,1,0.862,0.775,1,0.011,1,1,0.05,1,0.751,1,0.007,1,0.001,1,1,1,1,0.462,1,1,1,1,1,1,1,0.006,1,0.182,0.046,0.502,0.575,0.712,1,0.571,0.421,1,1,1,0.981,0.72,1,0.492,1,0.971,1,1,1,1,1,1,1,1,1,1,1,1,1,1,1,1,1,1,1,1
"Enterococcus_faecium",1,0.015,0.882,0.354,0.198,0.794,1,1,1,0.651,0.363,0.751,1,0.933,0.094,0.263,0.37,1,1,0.582,0.487,0.541,0.32,1,1,1,1,0.638,1,0.679,1,1,1,0.038,1,1,0.327,1,0.211,1,1,1,1,0.946,1,0.016,1,0.012,1,1,1,1,0.325,0.527,0.737,0.122,0.041,1,1,0.187,0.749,0.84,0.598,0.105,1,0.294,0.217,0.331,1,0.26,0.181,0.099,1,0.702,0.859,1,1,0.535,0.24,1,0.342,0.562,1,1,1,1,1,1,1,1,1,1,1,1,1,1,1,1,1
"Alistipes_finegoldii",1,1,1,1,0.148,1,1,1,1,0.004,0.869,1,1,1,0.018,0.812,1,0.544,1,0.211,0.352,1,1,1,1,1,1,0.108,0.7,0.624,1,1,0.474,0.115,0.504,0.226,0.288,1,0.015,1,1,0.758,1,0.325,1,0.017,1,0.001,1,1,1,1,0.154,0.362,1,0.461,1,1,1,1,1,1,0.155,0.866,0.391,0.572,1,1,0.568,0.256,1,1,1,0.059,0.241,1,0.937,0.735,0.573,1,1,0.371,1,1,1,1,1,1,1,1,1,1,1,1,1,1,0.136,1,1
"Catenibacterium_mitsuokai",1,1,1,1,0.035,1,1,1,1,0.747,1,1,1,1,1,1,1,0.514,1,0.121,0.223,1,1,1,1,1,1,0.85,0.001,1,1,1,0.162,0.642,1,0.706,0.011,1,1,1,1,0.001,1,1,1,1,1,1,0.478,0.672,1,1,1,1,1,1,0.11,1,1,1,0.06,0.235,0.405,0.004,0.027,0.933,0.323,0.692,1,1,0.646,0.756,1,0.067,0.948,1,0.008,1,0.486,1,1,0.008,1,1,1,1,1,1,1,1,1,1,1,1,1,1,1,1,1
"Acidaminococcus_intestini",1,1,1,0.601,0.951,1,0.165,1,1,1,1,1,1,1,1,0.088,1,0.656,1,0.494,1,1,1,1,1,1,0.083,1,1,0.846,0.022,0.755,0.849,0.005,0.37,0.6,0.37,1,1,1,0.779,0.627,1,1,0.555,1,1,1,1,1,1,0.092,1,1,1,1,1,1,1,0.946,0.938,1,0.301,0.476,1,0.622,0.041,1,1,1,1,1,0.586,0.436,0.52,1,0.69,1,0.943,0.014,1,0.815,1,1,1,1,1,1,1,1,1,1,1,1,1,1,1,1,0.073
"Granulicatella_balaenopterae",1,0.627,0.357,0.327,1,1,0.926,1,1,0.011,1,0.803,1,0.278,0.386,0.372,0.841,1,0.328,1,1,1,1,0.837,0.048,1,0.005,0.002,1,0.041,1,1,0.761,0.007,1,0.409,0.435,1,1,1,1,1,0.139,1,1,1,0.18,0.345,1,0.081,0.311,0.27,1,0.013,1,0.144,0.07,0.371,1,1,0.742,0.208,0.162,1,0.778,0.243,0.076,0.135,1,0.316,0.003,0.004,1,0.263,0.127,0.926,0.574,1,0.519,0.833,0.485,1,1,1,1,1,1,1,1,1,1,1,1,1,1,1,1,1,1
"Parasutterella_excrementihominis",1,0.421,1,1,0.502,1,1,1,1,0.161,0.81,0.545,0.771,1,0.428,0.461,1,0.243,1,1,1,1,0.012,1,1,1,1,0.597,0.856,0.994,1,1,0.691,0.138,0.168,0.402,0.64,1,0.012,1,1,0.941,1,0.569,1,0.016,1,0.001,1,1,1,1,1,1,1,0.016,0.459,1,1,1,0.46,0.769,0.101,0.163,0.292,1,1,1,1,1,1,1,1,0.769,0.414,1,0.853,0.647,0.503,1,1,0.146,1,1,1,1,1,1,1,1,1,1,1,1,1,1,1,1,1
"Bacteroides_dorei",1,0.037,1,1,0.099,1,1,1,0.884,0.813,0.564,0.484,0.767,1,0.112,0.492,1,0.947,1,0.632,0.111,1,0.679,1,0.027,1,1,0.98,0.261,0.209,1,1,0.478,0.655,0.804,0.984,0.575,1,0.043,1,1,0.779,1,0.537,1,0.033,0.462,0.001,1,0.652,1,1,1,1,1,0.857,0.159,1,1,1,1,1,0.628,0.984,0.074,0.818,0.036,0.966,0.792,0.335,0.46,1,0.616,0.309,0.197,0.33,0.911,0.584,0.919,1,1,0.687,1,1,1,1,1,1,1,1,1,1,1,1,1,1,1,1,1
"Clostridium_disporicum",1,0.272,1,0.259,0.089,1,1,1,1,0.213,0.302,0.574,1,1,0.548,0.815,1,1,1,0.246,1,0.067,0.784,1,1,1,1,0.243,0.089,0.782,1,1,0.746,1,1,0.706,0.373,1,0.004,1,1,0.633,1,0.256,1,0.002,1,1,1,0.126,1,1,0.77,0.971,0.166,0.599,0.095,1,1,1,1,0.295,0.878,1,0.758,0.277,0.904,1,1,1,1,1,1,0.121,0.209,1,1,0.526,0.974,1,1,0.017,1,1,1,1,1,1,1,1,1,1,1,1,1,1,1,1,1
"Ruminococcus_torques",1,0.034,1,0.642,0.017,0.713,0.08,1,1,0.026,0.139,1,1,1,0.719,0.07,1,0.151,1,0.335,0.488,1,1,1,1,1,1,0.174,0.802,0.269,1,1,0.618,0.604,0.336,0.617,0.044,1,0.031,0.241,0.488,0.001,1,0.237,1,0.018,1,0.001,1,1,1,1,1,1,0.21,0.01,0.093,1,0.273,0.002,0.001,0.579,0.727,0.003,0.875,0.171,0.239,1,0.735,0.527,1,1,1,0.09,0.469,1,0.985,0.8,0.234,1,1,0.016,0.366,0.541,1,1,1,1,1,1,1,1,1,1,1,1,1,1,1
"Mycoplasma_spermatophilum",1,0.358,1,1,0.333,0.987,0.525,1,1,0.473,1,1,0.306,0.046,1,1,1,0.274,0.411,0.376,0.945,0.247,0.476,1,1,1,1,0.173,0.268,1,0.407,0.161,0.999,0.771,0.501,1,0.179,0.298,0.774,0.462,1,1,1,0.268,1,0.266,1,0.896,1,1,1,1,1,1,1,1,1,0.516,1,0.067,1,1,0.79,1,0.669,0.379,0.013,1,0.557,0.408,1,0.378,0.592,1,0.112,1,1,1,1,1,1,0.729,0.313,1,1,1,1,1,1,1,1,1,1,1,1,1,1,1,1
"Enterococcus_italicus",1,0.001,0.846,0.265,0.206,1,0.545,1,1,1,1,0.383,0.365,0.085,0.116,0.444,0.622,1,1,0.606,0.71,0.179,0.013,1,0.001,1,0.453,0.662,0.007,0.361,1,1,0.142,0.966,1,1,0.014,1,1,1,1,0.233,0.232,0.516,1,0.079,0.478,0.425,1,0.318,0.831,1,1,0.427,0.001,0.422,0.04,0.613,1,1,1,0.46,0.496,0.599,0.078,0.089,0.321,0.452,1,0.369,0.029,0.001,1,0.187,0.215,0.668,0.862,1,0.587,0.505,0.06,0.612,1,1,1,1,1,1,1,1,1,1,1,1,1,1,1,1,1
"Actinomyces_radicidentis",1,1,0.145,0.313,0.382,1,0.717,0.172,0.049,0.463,0.337,0.362,0.658,0.66,0.472,0.382,1,1,1,1,1,0.002,1,0.891,0.782,1,1,1,0.074,0.177,1,0.912,0.112,0.883,1,1,0.363,1,1,0.604,1,0.489,1,1,0.552,1,0.078,0.504,1,1,1,0.636,1,0.761,1,1,1,1,1,0.1,0.507,0.175,0.039,1,0.664,0.415,0.423,0.309,1,1,0.456,0.394,0.83,0.025,0.704,0.654,0.855,0.408,0.425,0.029,0.112,1,1,1,1,1,1,1,0.841,1,1,1,1,1,1,1,1,0.501,0.126
"Actinomyces_johnsonii",1,1,1,1,1,0.722,1,1,1,1,0.187,1,1,1,1,1,1,1,1,1,1,1,1,1,1,1,1,1,1,1,1,1,1,1,0.1,1,1,1,1,0.208,1,1,1,1,1,1,1,1,1,1,1,1,1,1,0.741,1,1,1,0.001,0.001,1,1,0.171,1,1,0.586,1,1,1,1,1,1,1,0.985,1,1,1,1,1,1,1,1,0.001,0.94,1,1,1,1,0.712,0.942,0.096,0.443,1,0.855,0.341,0.948,0.001,0.004,0.955
"Clostridium_lactatifermentans",1,0.033,1,0.401,0.107,1,1,1,1,0.22,0.208,1,1,1,0.177,0.788,1,1,1,0.73,0.426,1,1,1,1,1,1,0.036,0.19,0.72,1,1,0.709,0.119,0.123,0.514,0.93,1,0.002,1,1,0.042,1,0.455,0.468,0.007,1,0.001,1,1,1,0.084,0.892,1,0.141,0.768,0.106,1,1,1,0.241,1,0.146,0.004,0.626,1,0.849,1,0.378,0.634,1,0.842,1,0.618,0.237,1,0.356,0.523,0.768,1,1,0.521,1,1,1,1,1,1,1,1,1,1,1,1,1,1,1,1,1
"Bacteroides_ovatus",1,0.002,1,1,0.192,1,1,1,1,0.014,1,1,1,1,0.615,0.301,1,0.728,1,0.753,0.796,1,1,1,1,1,1,0.073,0.035,0.133,1,1,0.806,0.217,0.661,0.596,0.528,1,0.022,1,1,0.989,1,1,1,0.049,1,0.001,1,1,1,1,1,0.587,1,0.193,0.113,1,1,1,1,1,0.474,0.002,0.619,0.159,0.518,1,0.392,0.362,1,1,0.36,0.458,0.689,0.666,0.562,0.472,0.681,1,1,0.928,1,1,1,1,1,1,1,1,1,1,1,1,1,1,1,1,1
"Bacteroides_eggerthii",1,0.01,1,1,0.036,1,1,0.167,1,0.417,1,1,1,1,0.686,0.702,1,0.855,1,0.342,0.668,1,1,1,1,1,1,0.853,0.492,0.441,1,1,0.693,1,0.195,0.708,0.458,1,0.486,1,1,0.338,1,1,1,1,1,1,1,1,1,1,1,1,1,0.065,0.545,1,1,1,0.326,0.736,0.358,0.144,0.184,1,0.48,1,0.919,1,1,0.409,1,0.019,0.907,1,0.825,1,0.836,1,1,0.11,1,1,1,1,1,1,1,1,1,1,1,1,1,1,1,1,1
"Collinsella_aerofaciens",1,0.01,1,0.318,0.455,1,1,1,1,0.001,0.597,0.054,1,1,0.036,0.515,1,0.059,1,0.357,0.003,1,1,1,1,1,1,0.986,0.095,0.719,1,1,0.488,0.664,1,0.932,0.605,1,0.002,1,1,0.003,1,0.481,1,1,1,1,0.588,0.413,1,0.007,1,0.553,1,0.531,0.078,1,1,1,0.09,0.06,0.416,0.005,0.613,0.377,0.419,0.699,0.376,0.293,0.941,0.372,1,0.054,0.055,1,0.314,0.918,0.975,1,1,0.019,1,0.46,1,1,1,1,1,1,1,1,1,1,1,1,1,1,1
"Eubacterium_desmolans",1,0.106,1,0.94,0.001,1,1,1,1,0.266,1,1,1,1,0.016,0.56,1,1,1,0.583,0.927,1,1,1,1,1,1,0.447,0.941,0.902,1,1,0.683,0.924,0.139,0.207,0.663,1,0.019,1,1,0.03,1,0.069,1,0.003,1,0.001,1,1,1,1,1,1,1,0.105,0.461,1,1,1,1,1,0.172,0.001,0.619,0.344,1,1,0.741,1,1,0.817,1,0.459,0.207,1,1,1,0.921,1,1,0.007,1,1,1,1,1,1,1,1,1,1,1,1,1,1,1,1,1
"Clostridium_hylemonae",1,0.901,0.586,1,0.114,1,0.83,1,1,0.282,1,1,0.425,0.845,0.444,0.526,1,1,1,1,0.993,0.517,0.124,1,1,1,1,1,0.869,0.62,1,1,0.774,1,1,0.911,0.143,1,0.378,1,1,0.201,0.695,0.637,1,0.11,0.271,0.001,1,1,1,0.087,1,0.119,1,1,0.116,1,1,1,0.045,0.54,0.574,0.009,0.59,0.526,0.475,0.625,0.47,0.07,0.586,0.371,1,0.607,0.706,1,0.118,1,0.877,1,1,0.004,1,1,1,1,1,1,1,1,1,1,1,1,1,1,1,1,1
"Fusicatenibacter_saccharivorans",1,0.553,1,1,0.068,1,1,1,1,0.01,0.345,1,1,1,0.665,0.78,1,0.659,1,0.74,1,1,1,1,1,1,1,0.921,0.782,0.174,1,0.26,0.26,0.195,1,0.893,0.405,1,0.031,1,1,0.355,1,1,1,0.002,1,0.882,1,1,1,1,1,0.67,0.725,0.75,0.099,1,1,1,0.014,1,0.724,0.01,0.578,0.245,1,1,0.766,0.672,1,1,1,0.205,0.547,1,0.38,0.246,0.828,1,1,0.018,1,1,1,1,1,1,1,1,1,1,1,1,1,1,1,1,1
"Kingella_kingae",1,0.015,0.016,0.621,0.826,0.201,0.344,1,1,0.45,0.898,1,1,1,1,0.042,1,0.546,1,0.008,0.691,0.967,0.289,0.36,1,1,1,1,0.631,0.222,0.047,1,0.288,1,0.035,1,0.231,1,0.218,0.399,0.662,0.99,1,0.244,1,1,1,1,0.753,1,1,1,1,0.937,0.079,1,1,1,0.002,0.004,0.954,0.543,0.001,1,0.481,0.629,0.994,0.926,1,0.134,0.651,0.319,0.429,0.605,0.785,0.818,1,1,0.82,0.031,1,1,0.036,1,1,1,0.634,1,0.255,0.533,1,1,0.778,0.001,0.193,1,1,1,0.001
"Phascolarctobacterium_faecium",1,0.001,1,0.447,0.084,1,1,1,1,0.747,1,1,1,1,0.033,0.208,1,0.471,1,0.421,0.877,1,1,1,1,1,1,0.848,0.059,0.23,1,1,0.945,0.798,1,0.06,0.309,1,0.009,1,1,0.017,1,0.959,1,1,1,0.001,1,1,1,1,1,1,1,0.35,0.44,1,1,1,0.007,1,0.339,0.002,0.117,0.217,1,1,0.995,0.429,1,1,0.087,0.573,0.766,0.089,0.626,0.728,0.874,1,1,0.598,1,1,1,1,1,1,1,1,1,1,1,1,1,1,1,1,1
"Sutterella_wadsworthensis",1,0.001,1,0.996,0.557,1,1,1,1,0.124,0.167,1,1,1,0.033,0.426,1,1,1,0.759,0.806,1,1,1,1,1,1,0.802,1,1,1,1,0.701,0.927,1,0.41,0.125,1,1,1,1,0.046,1,1,1,0.606,0.092,0.001,0.211,0.387,1,0.426,1,1,1,0.143,0.781,1,1,1,1,1,0.611,0.994,0.649,0.982,1,1,0.743,0.519,0.399,1,1,0.015,0.804,0.971,1,0.228,0.927,1,1,0.037,1,1,1,1,1,1,1,1,1,1,1,1,1,1,1,1,1
"Bacteroides_fragilis",1,0.001,1,0.408,0.645,1,0.42,1,1,0.145,0.922,0.406,1,1,0.91,0.167,1,0.054,1,0.342,0.233,1,1,1,1,1,1,0.808,0.001,1,1,0.505,0.981,0.796,1,0.389,0.316,1,0.061,1,1,0.965,1,1,1,0.005,0.818,0.001,1,1,1,1,1,0.465,1,0.296,0.948,1,1,1,0.075,0.802,0.694,0.059,0.476,0.546,0.275,1,0.272,0.435,0.319,0.705,0.144,0.466,0.657,0.275,0.861,0.403,0.073,1,1,0.199,1,1,1,1,1,1,1,1,1,1,1,1,1,1,1,1,1
"Ruminococcus_albus",1,0.62,1,0.05,0.1,0.782,1,1,1,0.063,0.17,1,1,1,0.859,0.449,1,0.296,1,0.4,1,0.067,1,1,1,1,1,0.217,0.106,0.595,1,1,0.504,1,1,0.2,0.523,1,0.22,1,1,0.43,1,0.882,1,0.002,1,0.075,1,0.637,1,1,1,1,0.431,0.121,1,1,0.342,0.002,1,1,0.446,0.006,1,0.034,1,1,0.755,1,1,1,1,0.144,0.945,1,1,1,0.994,1,1,0.431,0.343,1,1,1,1,1,1,1,1,1,1,1,1,1,1,1,1
"Bacteroides_massiliensis",1,0.636,1,0.331,0.057,1,1,1,1,0.186,0.228,1,1,1,0.013,0.532,1,0.668,1,0.575,0.278,1,1,0.895,1,1,1,0.467,0.079,0.484,1,1,0.484,1,1,0.938,0.24,1,1,1,1,0.241,1,0.994,1,0.063,1,0.001,1,1,1,1,1,1,1,0.124,0.019,1,1,1,1,1,0.325,1,0.263,0.767,0.099,0.903,1,0.269,0.846,1,0.377,0.061,0.652,1,0.58,0.64,0.098,1,1,0.181,1,1,1,1,1,1,1,1,1,1,1,1,1,1,1,1,1
"Prevotella_stercorea",1,0.025,0.179,0.811,1,0.046,0.536,1,1,0.001,0.867,1,1,1,1,0.739,1,0.112,1,0.127,0.077,1,1,0.124,1,1,1,1,0.002,1,1,1,0.892,0.931,0.599,1,0.203,1,0.018,1,1,0.002,1,1,1,0.041,1,1,0.757,0.439,1,1,1,1,0.96,0.197,0.788,1,0.244,0.051,0.349,0.736,0.223,0.001,0.645,0.198,0.086,0.317,1,1,1,0.53,1,0.026,0.655,1,0.218,0.243,0.899,1,1,0.255,1,0.482,1,1,1,1,1,1,1,1,1,1,1,1,1,1,0.305
"Clostridium_symbiosum",1,0.019,0.029,1,0.476,1,1,1,1,0.577,1,1,1,1,1,0.008,1,1,1,1,1,0.401,0.796,1,0.683,1,1,0.447,0.15,1,0.521,1,0.906,0.264,0.332,0.4,0.753,1,0.02,1,1,0.663,1,0.048,1,0.034,1,0.001,1,1,1,1,0.163,0.715,1,1,1,1,1,1,0.021,1,0.211,0.07,1,0.648,0.121,1,1,1,0.439,0.459,1,0.479,0.093,0.888,1,0.529,0.074,1,1,0.96,1,1,1,1,1,1,1,1,1,1,1,1,1,1,1,1,1
"Dorea_formicigenerans",1,0.042,1,1,0.477,1,1,1,1,0.016,1,0.531,1,1,1,0.539,1,1,1,0.758,0.092,1,1,1,1,1,1,0.403,0.582,0.662,1,1,0.292,0.774,1,0.33,0.014,1,0.005,1,1,0.002,1,1,1,0.012,1,1,1,0.646,1,1,1,0.454,1,0.047,0.076,1,1,1,0.012,1,0.453,0.007,0.36,0.033,0.462,0.694,0.594,0.264,1,0.712,1,0.518,0.638,1,1,1,0.905,1,1,0.733,1,1,1,1,1,1,1,1,1,1,1,1,1,1,1,1,1
"Ruminococcus_obeum",1,0.088,0.687,0.049,0.081,1,1,1,1,0.022,0.769,1,1,0.889,0.015,0.32,1,0.553,1,0.958,0.24,1,0.642,1,1,1,1,0.827,0.21,0.045,1,1,0.19,0.227,1,0.806,0.478,1,0.016,1,1,0.018,1,0.924,1,0.033,1,0.001,0.744,1,1,1,1,1,1,0.126,0.112,1,1,1,0.003,0.529,0.308,0.004,0.304,0.424,1,1,0.759,0.331,1,0.723,0.611,0.078,0.003,1,0.852,0.26,0.906,1,1,0.022,1,1,1,1,1,1,1,1,1,1,1,1,1,1,1,1,1
"Oscillospira_guilliermondii",1,0.49,1,0.952,0.127,1,1,1,1,0.349,1,1,1,1,0.006,0.412,1,1,1,0.967,0.572,1,0.822,1,1,1,1,0.223,0.128,0.232,1,1,0.41,1,1,0.786,0.444,1,0.017,1,1,0.29,1,0.224,1,0.019,1,0.001,1,0.737,1,1,0.127,1,1,1,0.022,1,1,1,0.002,1,0.456,0.022,0.766,0.43,1,1,0.728,0.48,1,0.564,0.606,0.304,0.983,1,1,1,0.906,1,1,0.212,1,1,1,1,1,1,1,1,1,1,1,1,1,1,1,1,1
"Roseburia_intestinalis",1,0.798,1,0.37,0.024,1,1,1,1,0.009,0.486,0.943,1,1,1,0.441,1,0.164,1,1,1,1,1,1,1,1,1,0.67,0.273,0.429,1,1,0.96,1,1,0.179,0.259,1,1,1,1,0.158,1,1,1,0.074,1,0.032,1,1,1,1,1,1,1,0.121,0.096,1,1,1,1,1,0.879,0.738,0.775,0.154,1,1,0.877,1,1,1,1,0.527,0.233,1,0.836,0.46,0.93,1,1,0.024,1,0.68,1,1,1,1,1,1,1,1,1,1,1,1,0.19,1,1
"Actinobacillus_succinogenes",1,0.758,1,0.453,1,1,0.603,1,1,0.312,1,1,1,0.444,1,0.627,0.935,1,1,0.024,0.648,0.762,0.139,0.356,1,1,1,0.118,0.079,0.166,1,1,0.881,1,1,1,0.631,1,1,1,1,0.168,0.462,1,1,0.809,1,0.99,1,0.897,1,1,1,0.472,1,1,1,1,1,1,0.393,0.709,0.001,0.865,0.818,0.001,0.136,0.175,0.324,0.228,0.264,0.058,1,0.213,0.338,1,0.657,0.495,0.592,1,1,0.562,1,1,1,1,1,1,1,1,1,1,1,1,1,1,1,1,1
"Bacteroides_thetaiotaomicron",1,0.003,1,1,0.08,1,0.399,1,1,0.425,1,0.571,1,1,1,0.235,1,0.544,1,0.359,1,1,0.406,1,1,1,1,0.705,1,0.996,1,1,0.815,0.051,1,1,0.324,1,0.023,1,1,0.968,1,0.764,1,0.002,1,0.001,1,1,1,1,1,1,1,0.388,0.741,1,0.633,1,0.049,1,0.269,0.017,0.072,0.404,0.035,1,1,0.66,1,1,0.73,0.474,0.928,1,0.816,0.539,0.219,1,1,0.765,1,1,1,1,1,1,1,1,1,1,1,1,1,1,1,1,0.373
"Clostridium_ramosum",1,0.022,1,0.441,0.879,1,1,1,1,0.022,1,1,1,1,0.553,1,1,1,1,0.965,0.492,1,1,1,1,1,1,0.857,0.002,1,1,1,0.53,0.997,1,0.504,0.696,1,0.019,1,1,0.718,1,1,1,1,1,0.021,1,1,1,1,1,0.445,1,1,0.078,1,1,1,0.039,1,0.626,0.113,0.197,1,1,1,0.516,1,1,1,1,0.519,0.342,0.089,0.255,1,0.232,1,1,0.022,1,1,1,1,1,1,1,1,1,1,1,1,1,1,1,1,1
"Haemophilus_parasuis",1,0.424,0.805,0.218,0.011,0.02,0.318,1,1,1,0.364,0.054,1,0.002,0.886,0.525,0.817,0.401,0.555,0.003,0.026,0.006,0.655,0.404,1,1,1,1,1,0.313,1,1,0.767,0.08,0.216,1,0.001,1,1,1,1,0.777,1,1,0.273,0.308,0.917,0.203,1,0.96,1,1,1,0.826,1,1,0.95,1,0.02,0.001,0.612,0.153,0.455,1,1,0.001,0.001,0.152,1,0.895,0.11,0.011,1,0.035,0.047,1,1,0.04,0.216,0.042,0.669,0.44,0.222,1,1,1,1,1,1,1,1,1,1,1,1,1,1,1,1
"Veillonella_criceti",1,0.532,0.196,0.182,1,0.937,0.715,1,1,1,0.388,1,1,1,1,0.956,1,0.621,1,1,1,0.267,1,0.878,0.04,1,1,0.555,1,0.265,0.026,0.152,1,0.013,0.47,1,0.637,1,1,0.209,0.068,1,1,1,0.758,1,1,0.589,1,1,1,1,1,0.441,0.539,1,1,1,0.611,0.018,0.042,0.827,0.035,1,0.497,0.03,0.044,0.222,1,0.946,0.669,0.929,0.214,0.914,0.183,1,1,1,0.001,1,1,1,1,1,1,1,1,1,1,1,1,1,1,1,1,1,1,1,1
"Parabacteroides_goldsteinii",1,0.001,0.184,0.183,0.871,1,0.058,1,1,0.528,0.192,1,1,1,0.49,0.424,0.854,1,1,0.755,0.943,1,1,0.086,1,1,1,1,1,0.962,1,0.446,0.021,0.534,0.942,0.491,0.007,0.098,0.35,1,1,0.665,1,1,1,0.024,1,1,0.375,1,1,1,1,1,1,0.769,0.451,1,1,0.14,1,1,0.196,0.055,1,0.001,0.811,0.405,0.234,0.441,0.571,0.588,1,0.347,0.187,1,0.833,1,0.835,1,1,1,1,1,1,1,1,1,1,1,1,1,1,1,1,1,1,1,1
"Clostridium_leptum",1,0.49,1,0.044,0.083,1,1,1,1,0.083,1,1,1,1,0.872,0.276,1,0.508,1,0.656,1,1,0.589,1,1,1,1,0.037,0.719,0.965,1,1,0.518,1,1,0.413,0.942,1,0.037,1,1,0.542,0.321,0.228,1,0.008,1,0.001,1,1,1,1,1,1,1,0.188,0.082,1,1,1,0.182,1,0.242,0.003,0.186,0.435,0.232,1,0.145,1,1,1,0.954,0.237,0.234,0.03,0.246,0.299,0.471,1,1,0.023,1,1,1,1,1,1,1,1,1,1,1,1,1,1,1,1,1
"Odoribacter_splanchnicus",1,0.055,1,0.266,0.064,1,1,1,1,0.932,0.048,1,1,1,0.511,0.724,1,0.099,1,0.812,0.16,1,1,1,1,1,1,0.988,1,0.512,1,1,0.961,0.447,1,0.657,0.162,1,0.018,0.615,1,0.669,1,0.755,0.382,0.002,1,0.001,1,1,1,1,0.001,1,1,0.304,0.827,1,1,1,1,1,0.136,0.005,0.621,0.255,0.556,1,1,0.315,0.952,1,0.802,0.37,0.159,1,0.251,0.933,0.502,1,1,0.62,1,1,1,1,1,1,1,1,1,1,1,1,1,1,1,1,1
"Lactobacillus_animata",1,0.451,0.169,0.952,0.72,1,0.152,1,1,0.104,1,1,0.094,0.402,0.059,0.216,1,1,1,1,1,0.459,0.157,0.45,1,0.812,0.279,1,1,0.383,0.054,0.075,0.225,0.015,0.569,1,0.204,1,1,1,1,1,0.098,1,1,0.298,0.378,0.01,1,1,1,1,1,0.699,1,1,1,1,0.493,0.004,1,0.003,0.226,0.494,1,0.693,0.004,0.271,1,1,0.001,0.001,1,0.385,0.294,0.4,0.379,1,0.403,0.151,0.455,1,1,1,1,1,1,1,1,1,1,1,1,1,1,1,1,1,1
"Clostridium_bartlettii",1,0.036,1,0.632,0.522,1,1,0.149,1,0.446,0.125,1,1,0.315,0.001,0.822,1,0.135,1,0.166,0.314,1,1,1,1,1,1,1,0.655,0.787,1,1,0.83,0.095,0.187,0.514,0.915,1,0.027,1,1,0.039,1,1,1,0.012,1,1,1,0.041,1,1,1,1,0.393,1,1,1,1,1,0.004,0.576,0.784,0.897,0.772,0.967,1,1,0.661,1,1,1,1,0.3,0.524,1,0.576,1,0.262,1,1,0.022,1,1,1,1,1,1,1,1,1,1,1,1,1,1,1,1,1
"Pseudoflavonifractor_capillosus",1,1,1,0.247,0.149,1,1,1,1,0.566,1,1,1,1,0.657,0.609,1,0.446,1,1,1,1,0.346,1,1,1,1,0.196,1,1,1,1,0.887,1,0.325,0.893,1,1,1,1,1,0.94,1,0.621,0.897,0.006,1,0.001,1,1,1,1,0.601,1,1,1,1,1,1,1,0.462,1,0.2,0.069,1,1,1,1,0.577,1,1,1,1,0.699,0.153,0.032,1,1,0.475,1,1,0.51,1,1,1,1,1,1,1,1,1,1,1,1,1,1,1,1,1
"Coprococcus_catus",1,1,1,1,0.04,1,1,1,1,0.65,0.693,1,1,1,0.003,1,1,1,1,0.92,0.506,1,1,1,1,1,1,0.279,0.077,0.427,1,1,0.123,0.427,1,0.703,0.031,1,0.023,1,1,0.009,1,1,1,0.008,1,0.001,1,0.636,1,1,1,1,1,0.764,0.1,1,1,1,0.008,1,0.819,0.099,0.866,0.624,1,0.563,0.743,0.847,0.945,1,0.622,0.205,0.583,1,0.263,1,0.331,1,1,0.026,1,1,1,1,1,1,1,1,1,1,1,1,1,1,1,1,1
"Clostridium_scindens",1,1,1,1,0.49,1,1,1,1,0.187,1,0.41,0.87,1,1,1,1,1,1,1,1,1,0.803,1,1,1,1,1,1,0.653,1,1,0.871,0.734,1,0.656,0.88,1,0.018,1,1,0.583,1,0.086,1,0.018,1,0.001,1,1,1,1,1,1,1,1,0.094,1,1,1,0.021,1,0.206,0.066,1,1,1,1,0.663,0.553,1,0.672,1,0.995,0.106,1,0.863,0.53,0.931,1,1,0.107,1,1,1,1,1,1,1,1,1,1,1,1,1,1,1,1,1
"Bacteroides_cellulosilyticus",1,1,1,0.459,0.634,1,1,1,1,0.865,1,1,1,1,0.005,0.745,1,0.69,1,0.72,0.006,1,1,1,1,1,1,0.244,0.47,0.65,1,1,0.12,1,1,0.964,0.128,1,0.237,1,1,1,1,1,1,0.057,1,0.506,1,1,1,1,1,1,1,1,1,1,1,1,0.004,1,0.088,0.067,0.756,0.187,1,1,0.494,0.668,1,1,0.947,0.262,0.941,0.583,0.189,0.244,0.891,1,1,0.136,1,1,1,1,1,1,1,1,1,1,1,1,1,1,1,1,1
"Eubacterium_ventriosum",1,1,1,1,0.26,1,0.467,1,1,0.035,1,1,1,1,0.375,0.754,1,0.602,1,0.893,0.832,1,0.666,1,1,1,1,0.771,1,0.162,1,1,0.917,1,1,0.702,0.289,1,0.798,1,1,0.044,1,1,1,1,1,0.001,1,1,1,1,1,1,1,1,0.992,1,1,1,0.034,1,0.373,1,0.32,0.131,0.946,1,1,1,1,0.639,0.818,0.221,0.049,1,0.825,0.223,0.899,1,1,0.009,1,1,1,1,1,1,1,1,1,1,1,1,1,1,1,1,1
"Streptococcus_troglodytae",1,1,0.413,0.367,1,1,0.017,1,1,1,1,1,0.539,0.001,0.831,0.302,1,1,0.921,1,1,0.049,0.515,1,1,1,1,0.003,1,0.064,1,1,1,0.199,1,1,0.014,1,1,1,1,0.398,1,1,1,0.101,1,0.174,0.06,1,0.545,1,1,0.15,1,1,1,1,1,1,0.345,1,0.02,1,1,0.001,0.001,0.562,1,0.682,0.526,0.302,1,0.17,0.01,0.363,0.955,0.019,0.001,0.001,0.013,0.094,1,1,1,1,1,1,1,1,1,1,1,1,1,1,1,1,1
"Porphyromonas_somerae",1,1,1,1,0.582,1,1,1,1,1,1,1,1,1,1,0.554,1,1,1,1,1,1,1,1,1,1,1,1,1,1,1,1,0.612,1,1,1,1,1,1,1,1,1,1,1,1,1,1,1,1,1,1,0.096,1,1,1,1,1,1,1,1,1,1,1,1,1,0.153,0.752,1,1,1,1,1,1,1,0.465,1,1,1,0.096,1,1,1,1,0.001,0.595,0.004,0.252,0.001,0.001,0.001,0.001,0.008,0.001,0.001,0.135,0.061,0.002,0.001,0.001
"Haemophilus_quentini",1,1,1,1,1,0.047,1,1,1,1,0.134,1,1,1,1,1,1,0.36,1,1,1,1,1,1,1,1,1,1,1,1,1,1,1,1,0.109,1,1,1,1,1,1,1,1,1,1,1,1,1,1,1,1,1,1,1,1,1,1,1,0.008,0.001,1,1,1,1,1,1,1,1,1,1,1,1,1,1,1,1,1,1,0.036,1,1,1,0.174,0.001,0.845,0.386,0.741,0.224,0.022,0.04,0.852,0.565,0.28,0.022,0.205,0.001,0.002,0.682,0.001
"Methylobacterium_jeotgali",1,1,1,1,0.622,1,1,0.136,0.276,0.019,0.314,1,1,0.001,0.641,0.093,1,1,1,0.708,0.451,0.249,1,1,0.892,1,1,1,1,1,1,1,1,1,1,1,1,1,1,1,1,0.206,1,1,1,1,0.803,1,1,1,1,1,0.004,0.126,0.668,0.007,0.001,1,1,1,1,1,1,0.262,0.784,0.229,1,1,0.834,1,1,1,0.909,0.282,0.781,0.803,1,1,0.168,0.54,0.109,1,1,1,1,1,1,1,1,1,1,1,1,1,1,1,1,1,1
"Ruminococcus_callidus",1,1,1,1,0.049,1,1,1,1,0.027,1,1,1,1,0.029,0.294,1,1,1,0.218,0.117,1,1,1,1,1,1,1,0.045,1,1,1,0.745,1,1,0.602,0.786,1,0.016,1,1,0.246,1,0.978,1,0.264,1,1,0.381,0.653,1,1,1,0.425,1,1,1,1,1,1,1,1,0.327,0.074,0.832,1,1,1,1,1,1,1,0.576,0.163,0.797,1,0.279,0.259,0.164,1,1,0.019,1,1,1,1,1,1,1,1,1,1,1,1,1,1,1,1,1
"Aggregatibacter_sp_oral_taxon_458",1,1,1,1,1,1,1,1,1,1,1,1,1,1,1,1,1,1,1,1,1,1,1,1,1,1,1,1,1,1,1,1,1,1,1,1,1,1,1,1,1,1,1,1,1,1,1,1,1,1,1,1,1,1,1,1,1,1,1,1,1,1,1,1,1,1,1,1,1,1,1,1,1,1,1,1,1,1,1,1,1,1,1,0.001,0.999,0.184,0.102,0.336,0.001,0.058,0.165,0.446,0.001,0.172,0.046,0.002,0.001,0.001,0.001
"Lachnospiraceae_bacterium_oral_taxon_096",1,1,1,1,1,1,1,1,1,1,1,1,1,1,1,1,1,1,1,1,1,1,1,1,1,1,1,1,1,1,1,1,1,1,1,1,1,1,1,1,1,1,1,1,1,1,1,1,1,1,1,1,1,1,1,1,1,1,1,1,1,1,1,1,1,1,1,1,1,1,1,1,1,1,1,1,1,1,1,1,1,1,1,0.001,0.591,0.071,0.594,0.431,0.001,0.002,0.973,0.026,0.001,0.513,0.16,0.001,0.001,0.001,0.001
"Leptotrichia_sp_oral_taxon_215",1,1,1,1,1,1,1,1,1,1,1,1,1,1,1,1,1,1,1,1,1,1,1,1,1,1,1,1,1,1,1,1,1,1,1,1,1,1,1,1,1,1,1,1,1,1,1,1,1,1,1,1,1,1,1,1,1,1,1,1,1,1,1,1,1,1,1,1,1,1,1,1,1,1,1,1,1,1,1,1,1,1,1,0.001,0.217,0.945,0.618,0.002,0.001,0.047,0.001,0.395,0.784,0.001,0.295,0.86,0.001,0.06,0.001
"Neisseria_sp_oral_taxon_014",1,1,1,1,1,1,1,1,1,1,1,1,1,1,1,1,1,1,1,1,1,1,1,1,1,1,1,1,1,1,1,1,1,1,1,1,1,1,1,1,1,1,1,1,1,1,1,1,1,1,1,1,1,1,1,1,1,1,1,1,1,1,1,1,1,1,1,1,1,1,1,1,1,1,1,1,1,1,1,1,1,1,1,0.001,0.307,0.268,0.153,0.769,0.073,0.266,0.415,0.39,0.171,0.322,0.256,0.668,0.001,0.002,0.001
"Prevotella_sp_oral_taxon_306",1,1,1,1,1,1,1,1,1,1,1,1,1,1,1,1,1,1,1,1,1,1,1,1,1,1,1,1,1,1,1,1,1,1,1,1,1,1,1,1,1,1,1,1,1,1,1,1,1,1,1,1,1,1,1,1,1,1,1,1,1,1,1,1,1,1,1,1,1,1,1,1,1,1,1,1,1,1,1,1,1,1,1,0.001,0.027,0.001,1,0.001,0.001,0.001,0.084,0.053,0.001,0.111,0.001,0.002,0.001,0.001,0.001
"Prevotella_sp_oral_taxon_473",1,1,1,1,1,1,1,1,1,1,1,1,1,1,1,1,1,1,1,1,1,1,1,1,1,1,1,1,1,1,1,1,1,1,1,1,1,1,1,1,1,1,1,1,1,1,1,1,1,1,1,1,1,1,1,1,1,1,1,1,1,1,1,1,1,1,1,1,1,1,1,1,1,1,1,1,1,1,1,1,1,1,1,0.564,0.468,0.092,0.449,0.028,0.268,0.013,0.035,0.224,0.001,0.413,0.231,0.162,0.001,0.002,0.001
"Tannerella_sp_oral_taxon_HOT_286",1,1,1,1,1,1,1,1,1,1,1,1,1,1,1,1,1,1,1,1,1,1,1,1,1,1,1,1,1,1,1,1,1,1,1,1,1,1,1,1,1,1,1,1,1,1,1,1,1,1,1,1,1,1,1,1,1,1,1,1,1,1,1,1,1,1,1,1,1,1,1,1,1,1,1,1,1,1,1,1,1,1,1,0.061,0.089,0.233,0.592,0.1,0.001,0.049,0.318,0.001,0.001,0.02,0.362,0.174,0.001,0.001,0.032
"Actinomyces_sp_HMSC035G02",1,1,1,1,1,1,1,1,1,1,1,1,1,1,1,1,1,1,1,1,1,1,1,1,1,1,1,1,1,1,1,1,1,1,1,1,1,1,1,1,1,1,1,1,1,1,1,1,1,1,1,1,1,1,1,1,1,1,1,1,1,1,1,1,1,1,1,1,1,1,1,1,1,1,1,1,1,1,1,1,1,1,1,0.001,0.132,0.586,1,0.001,0.125,0.451,0.163,0.374,0.022,0.001,0.821,0.001,0.001,0.001,0.001
"Actinomyces_sp_ICM47",1,1,1,1,1,1,1,1,1,1,1,1,1,1,1,1,1,1,1,1,1,1,1,1,1,1,1,1,1,1,1,1,1,1,1,1,1,1,1,1,1,1,1,1,1,1,1,1,1,1,1,1,1,1,1,1,1,1,1,1,1,1,1,1,1,1,1,1,1,1,1,1,1,1,1,1,1,1,1,1,1,1,1,0.001,0.013,0.388,1,0.005,0.033,0.043,0.005,0.531,0.031,0.001,0.016,0.003,0.001,0.001,0.001
"Actinomyces_sp_oral_taxon_181",1,1,1,1,1,1,1,1,1,1,1,1,1,1,1,1,1,1,1,1,1,1,1,1,1,1,1,1,1,1,1,1,1,1,1,1,1,1,1,1,1,1,1,1,1,1,1,1,1,1,1,1,1,1,1,1,1,1,1,1,1,1,1,1,1,1,1,1,1,1,1,1,1,1,1,1,1,1,1,1,1,1,1,0.001,0.176,0.021,1,0.015,0.001,0.856,0.324,0.005,0.13,0.022,0.368,0.001,0.008,0.001,0.001
"Oribacterium_parvum",1,1,1,1,1,1,1,1,1,1,1,1,1,1,1,1,1,1,1,1,1,1,1,1,1,1,1,1,1,1,1,1,1,1,1,1,1,1,1,1,1,1,1,1,1,1,1,1,1,1,1,1,1,1,1,1,1,1,1,1,1,1,1,1,1,1,1,1,1,1,1,1,1,1,1,1,1,1,1,1,1,1,1,0.001,0.014,0.001,1,0.053,0.001,0.01,0.003,0.518,0.001,0.001,0.285,0.004,0.001,0.001,0.001
"Streptococcus_sp_A12",1,1,1,1,1,1,1,1,1,1,1,1,1,1,1,1,1,1,1,1,1,1,1,1,1,1,1,1,1,1,1,1,1,1,1,1,1,1,1,1,1,1,1,1,1,1,1,1,1,1,1,1,1,1,1,1,1,1,1,1,1,1,1,1,1,1,1,1,1,1,1,1,1,1,1,1,1,1,1,1,1,1,1,0.001,0.126,0.684,1,0.09,0.001,0.064,0.323,0.842,0.006,0.915,0.038,0.182,0.305,0.001,0.026
"Veillonella_infantium",1,1,1,1,1,1,1,1,1,1,1,1,1,1,1,1,1,1,1,1,1,1,1,1,1,1,1,1,1,1,1,1,1,1,1,1,1,1,1,1,1,1,1,1,1,1,1,1,1,1,1,1,1,1,1,1,1,1,1,1,1,1,1,1,1,1,1,1,1,1,1,1,1,1,1,1,1,1,1,1,1,1,1,0.001,0.082,0.009,1,0.001,0.001,0.783,0.838,0.098,0.175,0.047,0.799,0.001,0.168,0.274,0.001
"Veillonella_sp_T11011_6",1,1,1,1,1,1,1,1,1,1,1,1,1,1,1,1,1,1,1,1,1,1,1,1,1,1,1,1,1,1,1,1,1,1,1,1,1,1,1,1,1,1,1,1,1,1,1,1,1,1,1,1,1,1,1,1,1,1,1,1,1,1,1,1,1,1,1,1,1,1,1,1,1,1,1,1,1,1,1,1,1,1,1,0.001,0.006,0.001,1,0.001,0.001,0.042,0.546,0.078,0.001,0.001,0.042,0.001,0.008,0.009,0.001
