"","Node1","Node2","Weight"
"30","Rothia_aeria","Leptotrichia_buccalis",1
"49","Butyrivibrio_hungatei","Actinomyces_odontolyticus",1
"126","Veillonella_dispar","Prevotella_pallens",1
"131","Actinomyces_odontolyticus","Prevotella_pallens",1
"151","Prevotella_baroniae","Treponema_denticola",1
"161","Eubacterium_saphenum","Eubacterium_brachy",1
"168","Prevotella_baroniae","Eubacterium_brachy",1
"179","Eubacterium_saphenum","Porphyromonas_endodontalis",1
"186","Prevotella_baroniae","Porphyromonas_endodontalis",1
"189","Treponema_denticola","Porphyromonas_endodontalis",1
"190","Eubacterium_brachy","Porphyromonas_endodontalis",1
"192","Rothia_aeria","Eubacterium_yurii",1
"227","Prevotella_pallens","Prevotella_shahii",1
"259","Veillonella_dispar","Prevotella_denticola",1
"261","Eubacterium_saphenum","Prevotella_denticola",1
"268","Prevotella_baroniae","Prevotella_denticola",1
"271","Treponema_denticola","Prevotella_denticola",1
"272","Eubacterium_brachy","Prevotella_denticola",1
"273","Porphyromonas_endodontalis","Prevotella_denticola",1
"342","Prevotella_pallens","Prevotella_scopos",1
"375","Prevotella_denticola","Actinomyces_oris",1
"424","Treponema_denticola","Dialister_invisus",1
"426","Porphyromonas_endodontalis","Dialister_invisus",1
"430","Prevotella_denticola","Dialister_invisus",1
"437","Rothia_aeria","Granulicatella_adiacens",1
"474","Leptotrichia_buccalis","Prevotella_enoeca",1
"480","Prevotella_baroniae","Prevotella_enoeca",1
"483","Treponema_denticola","Prevotella_enoeca",1
"489","Prevotella_denticola","Prevotella_enoeca",1
"495","Dialister_invisus","Prevotella_enoeca",1
"601","Veillonella_dispar","Lachnoanaerobaculum_orale",1
"606","Actinomyces_odontolyticus","Lachnoanaerobaculum_orale",1
"612","Prevotella_pallens","Lachnoanaerobaculum_orale",1
"677","Actinomyces_odontolyticus","Orientia_tsutsugamushi",1
"683","Prevotella_pallens","Orientia_tsutsugamushi",1
"797","Prevotella_pallens","Mogibacterium_diversum",1
"839","Eubacterium_brachy","Actinomyces_meyeri",1
"870","Leptotrichia_buccalis","Bergeyella_zoohelcum",1
"877","Capnocytophaga_leadbetteri","Bergeyella_zoohelcum",1
"882","Eubacterium_yurii","Bergeyella_zoohelcum",1
"952","Veillonella_dispar","Prevotella_salivae",1
"957","Actinomyces_odontolyticus","Prevotella_salivae",1
"963","Prevotella_pallens","Prevotella_salivae",1
"982","Lachnoanaerobaculum_orale","Prevotella_salivae",1
"984","Orientia_tsutsugamushi","Prevotella_salivae",1
"992","Rothia_aeria","Actinobaculum_massiliense",1
"999","Leptotrichia_buccalis","Actinobaculum_massiliense",1
"1089","Eubacterium_saphenum","Eubacterium_nodatum",1
"1096","Prevotella_baroniae","Eubacterium_nodatum",1
"1099","Treponema_denticola","Eubacterium_nodatum",1
"1100","Eubacterium_brachy","Eubacterium_nodatum",1
"1101","Porphyromonas_endodontalis","Eubacterium_nodatum",1
"1111","Dialister_invisus","Eubacterium_nodatum",1
"1113","Prevotella_enoeca","Eubacterium_nodatum",1
"1290","Prevotella_baroniae","Anaeroglobus_geminatus",1
"1299","Prevotella_denticola","Anaeroglobus_geminatus",1
"1305","Dialister_invisus","Anaeroglobus_geminatus",1
"1334","Eubacterium_saphenum","Olsenella_uli",1
"1345","Eubacterium_brachy","Olsenella_uli",1
"1346","Porphyromonas_endodontalis","Olsenella_uli",1
"1356","Dialister_invisus","Olsenella_uli",1
"1374","Eubacterium_nodatum","Olsenella_uli",1
"1378","Anaeroglobus_geminatus","Olsenella_uli",1
"1437","Veillonella_dispar","Prevotella_veroralis",1
"1448","Prevotella_pallens","Prevotella_veroralis",1
"1467","Lachnoanaerobaculum_orale","Prevotella_veroralis",1
"1476","Prevotella_salivae","Prevotella_veroralis",1
"1515","Dialister_invisus","Dialister_propionicifaciens",1
"1542","Rothia_aeria","Rothia_dentocariosa",1
"1546","Veillonella_dispar","Rothia_dentocariosa",1
"1568","Actinomyces_oris","Rothia_dentocariosa",1
"1611","Prevotella_baroniae","Mycoplasma_faucium",1
"1616","Porphyromonas_endodontalis","Mycoplasma_faucium",1
"1626","Dialister_invisus","Mycoplasma_faucium",1
"1838","Eubacterium_saphenum","Prevotella_dentalis",1
"1848","Treponema_denticola","Prevotella_dentalis",1
"1850","Porphyromonas_endodontalis","Prevotella_dentalis",1
"1854","Prevotella_denticola","Prevotella_dentalis",1
"1862","Prevotella_enoeca","Prevotella_dentalis",1
"1878","Eubacterium_nodatum","Prevotella_dentalis",1
"1883","Olsenella_uli","Prevotella_dentalis",1
"2046","Dialister_invisus","Peptococcus_niger",1
"2154","Leptotrichia_buccalis","Treponema_refringens",1
"2165","Porphyromonas_endodontalis","Treponema_refringens",1
"2166","Eubacterium_yurii","Treponema_refringens",1
"2167","Prevotella_shahii","Treponema_refringens",1
"2220","Leptotrichia_buccalis","Treponema_pedis",1
"2229","Treponema_denticola","Treponema_pedis",1
"2231","Porphyromonas_endodontalis","Treponema_pedis",1
"2241","Dialister_invisus","Treponema_pedis",1
"2243","Prevotella_enoeca","Treponema_pedis",1
"2259","Eubacterium_nodatum","Treponema_pedis",1
"2287","Leptotrichia_buccalis","Campylobacter_curvus",1
"2293","Prevotella_baroniae","Campylobacter_curvus",1
"2294","Capnocytophaga_leadbetteri","Campylobacter_curvus",1
"2302","Prevotella_denticola","Campylobacter_curvus",1
"2487","Rothia_aeria","Streptococcus_pneumoniae",1
"2565","Leptotrichia_buccalis","Schwartzia_succinivorans",1
"2580","Prevotella_denticola","Schwartzia_succinivorans",1
"2586","Dialister_invisus","Schwartzia_succinivorans",1
"2588","Prevotella_enoeca","Schwartzia_succinivorans",1
"2604","Eubacterium_nodatum","Schwartzia_succinivorans",1
"2608","Anaeroglobus_geminatus","Schwartzia_succinivorans",1
"2609","Olsenella_uli","Schwartzia_succinivorans",1
"2625","Campylobacter_curvus","Schwartzia_succinivorans",1
"2716","Prevotella_baroniae","Prevotella_marshii",1
"2719","Treponema_denticola","Prevotella_marshii",1
"2720","Eubacterium_brachy","Prevotella_marshii",1
"2721","Porphyromonas_endodontalis","Prevotella_marshii",1
"2731","Dialister_invisus","Prevotella_marshii",1
"2753","Anaeroglobus_geminatus","Prevotella_marshii",1
"2783","Eubacterium_saphenum","Treponema_parvum",1
"2784","Leptotrichia_buccalis","Treponema_parvum",1
"2790","Prevotella_baroniae","Treponema_parvum",1
"2793","Treponema_denticola","Treponema_parvum",1
"2794","Eubacterium_brachy","Treponema_parvum",1
"2795","Porphyromonas_endodontalis","Treponema_parvum",1
"2805","Dialister_invisus","Treponema_parvum",1
"2807","Prevotella_enoeca","Treponema_parvum",1
"2823","Eubacterium_nodatum","Treponema_parvum",1
"2828","Olsenella_uli","Treponema_parvum",1
"2833","Mycoplasma_faucium","Treponema_parvum",1
"2850","Prevotella_marshii","Treponema_parvum",1
"2852","Rothia_aeria","Lautropia_mirabilis",1
"2864","Neisseria_sicca","Lautropia_mirabilis",1
"2866","Capnocytophaga_leadbetteri","Lautropia_mirabilis",1
"2899","Planobacterium_taklimakanense","Lautropia_mirabilis",1
"3090","Leptotrichia_buccalis","Actinomyces_gerencseriae",1
"3105","Prevotella_denticola","Actinomyces_gerencseriae",1
"3111","Dialister_invisus","Actinomyces_gerencseriae",1
"3158","Lautropia_mirabilis","Actinomyces_gerencseriae",1
"3242","Rothia_aeria","Neisseria_shayeganii",1
"3249","Leptotrichia_buccalis","Neisseria_shayeganii",1
"3317","Lautropia_mirabilis","Neisseria_shayeganii",1
"3327","Veillonella_dispar","Selenomonas_noxia",1
"3345","Prevotella_denticola","Selenomonas_noxia",1
"3349","Actinomyces_oris","Selenomonas_noxia",1
"3367","Actinobaculum_massiliense","Selenomonas_noxia",1
"3394","Schwartzia_succinivorans","Selenomonas_noxia",1
"3398","Lautropia_mirabilis","Selenomonas_noxia",1
"3401","Actinomyces_gerencseriae","Selenomonas_noxia",1
"3409","Veillonella_dispar","Bifidobacterium_dentium",1
"3427","Prevotella_denticola","Bifidobacterium_dentium",1
"3456","Olsenella_uli","Bifidobacterium_dentium",1
"3457","Lactobacillus_johnsonii","Bifidobacterium_dentium",1
"3571","Veillonella_rogosae","Haemophilus_parainfluenzae",1
"3586","Capnocytophaga_leadbetteri","Haemophilus_parainfluenzae",1
"3619","Planobacterium_taklimakanense","Haemophilus_parainfluenzae",1
"3647","Lautropia_mirabilis","Haemophilus_parainfluenzae",1
"3649","Actinobacillus_rossii","Haemophilus_parainfluenzae",1
"3670","Prevotella_baroniae","Porphyromonas_gingivalis",1
"3673","Treponema_denticola","Porphyromonas_gingivalis",1
"3675","Porphyromonas_endodontalis","Porphyromonas_gingivalis",1
"3687","Prevotella_enoeca","Porphyromonas_gingivalis",1
"3708","Olsenella_uli","Porphyromonas_gingivalis",1
"3717","Prevotella_dentalis","Porphyromonas_gingivalis",1
"3723","Treponema_pedis","Porphyromonas_gingivalis",1
"3728","Schwartzia_succinivorans","Porphyromonas_gingivalis",1
"3730","Prevotella_marshii","Porphyromonas_gingivalis",1
"3731","Treponema_parvum","Porphyromonas_gingivalis",1
"3747","Veillonella_dispar","Streptococcus_sobrinus",1
"3765","Prevotella_denticola","Streptococcus_sobrinus",1
"3798","Rothia_dentocariosa","Streptococcus_sobrinus",1
"4393","Prevotella_shahii","Bacteroides_intestinalis",1
"4485","Porphyromonas_endodontalis","Filifactor_alocis",1
"4486","Eubacterium_yurii","Filifactor_alocis",1
"4495","Dialister_invisus","Filifactor_alocis",1
"4515","Ornatilinea_apprima","Filifactor_alocis",1
"4518","Olsenella_uli","Filifactor_alocis",1
"4523","Mycoplasma_faucium","Filifactor_alocis",1
"4527","Prevotella_dentalis","Filifactor_alocis",1
"4530","Peptococcus_niger","Filifactor_alocis",1
"4533","Treponema_pedis","Filifactor_alocis",1
"4536","Mycoplasma_feliminutum","Filifactor_alocis",1
"4540","Prevotella_marshii","Filifactor_alocis",1
"4552","Porphyromonas_gingivalis","Filifactor_alocis",1
"4664","Eubacterium_saphenum","Odoribacter_denticanis",1
"4674","Treponema_denticola","Odoribacter_denticanis",1
"4676","Porphyromonas_endodontalis","Odoribacter_denticanis",1
"4704","Eubacterium_nodatum","Odoribacter_denticanis",1
"4743","Porphyromonas_gingivalis","Odoribacter_denticanis",1
"4752","Filifactor_alocis","Odoribacter_denticanis",1
"4761","Eubacterium_saphenum","Bacteroides_heparinolyticus",1
"4768","Prevotella_baroniae","Bacteroides_heparinolyticus",1
"4773","Porphyromonas_endodontalis","Bacteroides_heparinolyticus",1
"4829","Treponema_parvum","Bacteroides_heparinolyticus",1
"4840","Porphyromonas_gingivalis","Bacteroides_heparinolyticus",1
"4849","Filifactor_alocis","Bacteroides_heparinolyticus",1
"4956","Veillonella_dispar","Lachnoanaerobaculum_saburreum",1
"4974","Prevotella_denticola","Lachnoanaerobaculum_saburreum",1
"4992","Actinomyces_meyeri","Lachnoanaerobaculum_saburreum",1
"4995","Prevotella_salivae","Lachnoanaerobaculum_saburreum",1
"4996","Actinobaculum_massiliense","Lachnoanaerobaculum_saburreum",1
"5007","Rothia_dentocariosa","Lachnoanaerobaculum_saburreum",1
"5030","Actinomyces_gerencseriae","Lachnoanaerobaculum_saburreum",1
"5033","Selenomonas_noxia","Lachnoanaerobaculum_saburreum",1
"5153","Rothia_aeria","Brachymonas_denitrificans",1
"5160","Leptotrichia_buccalis","Brachymonas_denitrificans",1
"5169","Treponema_denticola","Brachymonas_denitrificans",1
"5181","Dialister_invisus","Brachymonas_denitrificans",1
"5223","Streptococcus_pneumoniae","Brachymonas_denitrificans",1
"5228","Lautropia_mirabilis","Brachymonas_denitrificans",1
"5238","Porphyromonas_gingivalis","Brachymonas_denitrificans",1
"5261","Eubacterium_saphenum","Prevotella_paludivivens",1
"5271","Treponema_denticola","Prevotella_paludivivens",1
"5273","Porphyromonas_endodontalis","Prevotella_paludivivens",1
"5285","Prevotella_enoeca","Prevotella_paludivivens",1
"5301","Eubacterium_nodatum","Prevotella_paludivivens",1
"5340","Porphyromonas_gingivalis","Prevotella_paludivivens",1
"5362","Veillonella_dispar","Streptococcus_gordonii",1
"5413","Rothia_dentocariosa","Streptococcus_gordonii",1
"5462","Rothia_aeria","Leptotrichia_hofstadii",1
"5506","Actinobaculum_massiliense","Leptotrichia_hofstadii",1
"5537","Lautropia_mirabilis","Leptotrichia_hofstadii",1
"5540","Actinomyces_gerencseriae","Leptotrichia_hofstadii",1
"5543","Selenomonas_noxia","Leptotrichia_hofstadii",1
"5561","Lachnoanaerobaculum_saburreum","Leptotrichia_hofstadii",1
"5897","Actinomyces_odontolyticus","Campylobacter_mucosalis",1
"5903","Prevotella_pallens","Campylobacter_mucosalis",1
"5931","Prevotella_salivae","Campylobacter_mucosalis",1
"6133","Actinomyces_oris","Streptococcus_sanguinis",1
"6154","Planobacterium_taklimakanense","Streptococcus_sanguinis",1
"6162","Rothia_dentocariosa","Streptococcus_sanguinis",1
"6182","Lautropia_mirabilis","Streptococcus_sanguinis",1
"6185","Actinomyces_gerencseriae","Streptococcus_sanguinis",1
"6329","Veillonella_rogosae","Fusobacterium_periodonticum",1
"6344","Capnocytophaga_leadbetteri","Fusobacterium_periodonticum",1
"6349","Eubacterium_yurii","Fusobacterium_periodonticum",1
"6350","Prevotella_shahii","Fusobacterium_periodonticum",1
"6363","Moraxella_lacunata","Fusobacterium_periodonticum",1
"6377","Planobacterium_taklimakanense","Fusobacterium_periodonticum",1
"6393","Peptococcus_niger","Fusobacterium_periodonticum",1
"6395","Treponema_refringens","Fusobacterium_periodonticum",1
"6414","Haemophilus_parainfluenzae","Fusobacterium_periodonticum",1
"6449","Eubacterium_saphenum","Eubacterium_minutum",1
"6461","Porphyromonas_endodontalis","Eubacterium_minutum",1
"6678","Eubacterium_saphenum","Desulfomicrobium_orale",1
"6688","Treponema_denticola","Desulfomicrobium_orale",1
"6690","Porphyromonas_endodontalis","Desulfomicrobium_orale",1
"6757","Porphyromonas_gingivalis","Desulfomicrobium_orale",1
"6802","Capnocytophaga_leadbetteri","Campylobacter_showae",1
"6807","Eubacterium_yurii","Campylobacter_showae",1
"6900","Fusobacterium_periodonticum","Campylobacter_showae",1
"6911","Eubacterium_saphenum","Tannerella_forsythia",1
"6923","Porphyromonas_endodontalis","Tannerella_forsythia",1
"6933","Dialister_invisus","Tannerella_forsythia",1
"6935","Prevotella_enoeca","Tannerella_forsythia",1
"6951","Eubacterium_nodatum","Tannerella_forsythia",1
"6961","Mycoplasma_faucium","Tannerella_forsythia",1
"6968","Peptococcus_niger","Tannerella_forsythia",1
"6970","Treponema_refringens","Tannerella_forsythia",1
"6971","Treponema_pedis","Tannerella_forsythia",1
"6972","Campylobacter_curvus","Tannerella_forsythia",1
"6976","Schwartzia_succinivorans","Tannerella_forsythia",1
"6978","Prevotella_marshii","Tannerella_forsythia",1
"6979","Treponema_parvum","Tannerella_forsythia",1
"6980","Lautropia_mirabilis","Tannerella_forsythia",1
"6990","Porphyromonas_gingivalis","Tannerella_forsythia",1
"6999","Filifactor_alocis","Tannerella_forsythia",1
"7001","Odoribacter_denticanis","Tannerella_forsythia",1
"7011","Natranaerovirga_hydrolytica","Tannerella_forsythia",1
"7023","Rothia_aeria","Kingella_potus",1
"7030","Leptotrichia_buccalis","Kingella_potus",1
"7098","Lautropia_mirabilis","Kingella_potus",1
"7142","Rothia_aeria","Capnocytophaga_granulosa",1
"7156","Capnocytophaga_leadbetteri","Capnocytophaga_granulosa",1
"7161","Eubacterium_yurii","Capnocytophaga_granulosa",1
"7183","Bergeyella_zoohelcum","Capnocytophaga_granulosa",1
"7243","Brachymonas_denitrificans","Capnocytophaga_granulosa",1
"7259","Tannerella_forsythia","Capnocytophaga_granulosa",1
"7262","Rothia_aeria","Neisseria_oralis",1
"7269","Leptotrichia_buccalis","Neisseria_oralis",1
"7337","Lautropia_mirabilis","Neisseria_oralis",1
"7343","Selenomonas_noxia","Neisseria_oralis",1
"7363","Brachymonas_denitrificans","Neisseria_oralis",1
"7372","Streptococcus_sanguinis","Neisseria_oralis",1
"7747","Capnocytophaga_granulosa","Soonwooa_buanensis",1
"7752","Rothia_aeria","Leptotrichia_hongkongensis",1
"7759","Leptotrichia_buccalis","Leptotrichia_hongkongensis",1
"7778","Actinomyces_oris","Leptotrichia_hongkongensis",1
"7802","Anaeroglobus_geminatus","Leptotrichia_hongkongensis",1
"7827","Lautropia_mirabilis","Leptotrichia_hongkongensis",1
"7833","Selenomonas_noxia","Leptotrichia_hongkongensis",1
"7838","Streptococcus_sobrinus","Leptotrichia_hongkongensis",1
"7851","Lachnoanaerobaculum_saburreum","Leptotrichia_hongkongensis",1
"7855","Streptococcus_gordonii","Leptotrichia_hongkongensis",1
"7856","Leptotrichia_hofstadii","Leptotrichia_hongkongensis",1
"7869","Tannerella_forsythia","Leptotrichia_hongkongensis",1
"7871","Capnocytophaga_granulosa","Leptotrichia_hongkongensis",1
"7877","Rothia_aeria","Gemella_haemolysans",1
"7947","Streptococcus_pneumoniae","Gemella_haemolysans",1
"8000","Soonwooa_buanensis","Gemella_haemolysans",1
"8073","Streptococcus_pneumoniae","Gemella_palaticanis",1
"8275","Eubacterium_brachy","Slackia_exigua",1
"8280","Prevotella_denticola","Slackia_exigua",1
"8329","Schwartzia_succinivorans","Slackia_exigua",1
"8375","Tannerella_forsythia","Slackia_exigua",1
"8572","Rothia_dentocariosa","Streptococcus_oralis",1
"8587","Streptococcus_pneumoniae","Streptococcus_oralis",1
"8620","Streptococcus_gordonii","Streptococcus_oralis",1
"8627","Streptococcus_sanguinis","Streptococcus_oralis",1
"8642","Gemella_haemolysans","Streptococcus_oralis",1
"8654","Eubacterium_saphenum","Desulfovibrio_fairfieldensis",1
"8661","Prevotella_baroniae","Desulfovibrio_fairfieldensis",1
"8664","Treponema_denticola","Desulfovibrio_fairfieldensis",1
"8666","Porphyromonas_endodontalis","Desulfovibrio_fairfieldensis",1
"8676","Dialister_invisus","Desulfovibrio_fairfieldensis",1
"8694","Eubacterium_nodatum","Desulfovibrio_fairfieldensis",1
"8722","Treponema_parvum","Desulfovibrio_fairfieldensis",1
"8733","Porphyromonas_gingivalis","Desulfovibrio_fairfieldensis",1
"8742","Filifactor_alocis","Desulfovibrio_fairfieldensis",1
"8765","Tannerella_forsythia","Desulfovibrio_fairfieldensis",1
"8784","Veillonella_dispar","Prevotella_multisaccharivorax",1
"8797","Eubacterium_brachy","Prevotella_multisaccharivorax",1
"8802","Prevotella_denticola","Prevotella_multisaccharivorax",1
"8823","Prevotella_salivae","Prevotella_multisaccharivorax",1
"8831","Olsenella_uli","Prevotella_multisaccharivorax",1
"8862","Bifidobacterium_dentium","Prevotella_multisaccharivorax",1
"9023","Streptococcus_sanguinis","Streptococcus_sinensis",1
"9188","Eubacterium_saphenum","Desulfobulbus_propionicus",1
"9199","Eubacterium_brachy","Desulfobulbus_propionicus",1
"9200","Porphyromonas_endodontalis","Desulfobulbus_propionicus",1
"9204","Prevotella_denticola","Desulfobulbus_propionicus",1
"9210","Dialister_invisus","Desulfobulbus_propionicus",1
"9228","Eubacterium_nodatum","Desulfobulbus_propionicus",1
"9232","Anaeroglobus_geminatus","Desulfobulbus_propionicus",1
"9276","Filifactor_alocis","Desulfobulbus_propionicus",1
"9299","Tannerella_forsythia","Desulfobulbus_propionicus",1
"9318","Rothia_aeria","Cardiobacterium_valvarum",1
"9346","Dialister_invisus","Cardiobacterium_valvarum",1
"9368","Anaeroglobus_geminatus","Cardiobacterium_valvarum",1
"9393","Lautropia_mirabilis","Cardiobacterium_valvarum",1
"9428","Streptococcus_sanguinis","Cardiobacterium_valvarum",1
"9437","Capnocytophaga_granulosa","Cardiobacterium_valvarum",1
"9438","Neisseria_oralis","Cardiobacterium_valvarum",1
"9442","Leptotrichia_hongkongensis","Cardiobacterium_valvarum",1
"9606","Prevotella_baroniae","Prevotella_pleuritidis",1
"9609","Treponema_denticola","Prevotella_pleuritidis",1
"9610","Eubacterium_brachy","Prevotella_pleuritidis",1
"9611","Porphyromonas_endodontalis","Prevotella_pleuritidis",1
"9615","Prevotella_denticola","Prevotella_pleuritidis",1
"9639","Eubacterium_nodatum","Prevotella_pleuritidis",1
"9643","Anaeroglobus_geminatus","Prevotella_pleuritidis",1
"9653","Prevotella_dentalis","Prevotella_pleuritidis",1
"9659","Treponema_pedis","Prevotella_pleuritidis",1
"9666","Prevotella_marshii","Prevotella_pleuritidis",1
"9667","Treponema_parvum","Prevotella_pleuritidis",1
"9703","Streptococcus_sanguinis","Prevotella_pleuritidis",1
"9706","Eubacterium_minutum","Prevotella_pleuritidis",1
"9876","Veillonella_dispar","Howardella_ureilytica",1
"9889","Eubacterium_brachy","Howardella_ureilytica",1
"9900","Dialister_invisus","Howardella_ureilytica",1
"9923","Olsenella_uli","Howardella_ureilytica",1
"9927","Rothia_dentocariosa","Howardella_ureilytica",1
"9975","Streptococcus_gordonii","Howardella_ureilytica",1
"10341","Prevotella_salivae","Propionibacterium_acidifaciens",1
"10591","Veillonella_dispar","Parascardovia_denticolens",1
"10711","Leptotrichia_hongkongensis","Parascardovia_denticolens",1
"10886","Eubacterium_saphenum","Streptobacillus_moniliformis",1
"10887","Leptotrichia_buccalis","Streptobacillus_moniliformis",1
"10893","Prevotella_baroniae","Streptobacillus_moniliformis",1
"10896","Treponema_denticola","Streptobacillus_moniliformis",1
"10898","Porphyromonas_endodontalis","Streptobacillus_moniliformis",1
"10908","Dialister_invisus","Streptobacillus_moniliformis",1
"10910","Prevotella_enoeca","Streptobacillus_moniliformis",1
"10926","Eubacterium_nodatum","Streptobacillus_moniliformis",1
"10954","Treponema_parvum","Streptobacillus_moniliformis",1
"10965","Porphyromonas_gingivalis","Streptobacillus_moniliformis",1
"10974","Filifactor_alocis","Streptobacillus_moniliformis",1
"10976","Odoribacter_denticanis","Streptobacillus_moniliformis",1
"10982","Prevotella_paludivivens","Streptobacillus_moniliformis",1
"10997","Tannerella_forsythia","Streptobacillus_moniliformis",1
"11205","Dialister_invisus","Selenomonas_ruminantium",1
"11220","Prevotella_salivae","Selenomonas_ruminantium",1
"11230","Prevotella_veroralis","Selenomonas_ruminantium",1
"11326","Veillonella_rogosae","Eubacterium_sulci",1
"11336","Actinomyces_odontolyticus","Eubacterium_sulci",1
"11342","Prevotella_pallens","Eubacterium_sulci",1
"11347","Prevotella_shahii","Eubacterium_sulci",1
"11370","Prevotella_salivae","Eubacterium_sulci",1
"11439","Fusobacterium_periodonticum","Eubacterium_sulci",1
"11455","Slackia_exigua","Eubacterium_sulci",1
"11646","Treponema_denticola","Desulfobulbus_rhabdoformis",1
"11647","Eubacterium_brachy","Desulfobulbus_rhabdoformis",1
"11648","Porphyromonas_endodontalis","Desulfobulbus_rhabdoformis",1
"11658","Dialister_invisus","Desulfobulbus_rhabdoformis",1
"11676","Eubacterium_nodatum","Desulfobulbus_rhabdoformis",1
"11711","Selenomonas_noxia","Desulfobulbus_rhabdoformis",1
"11724","Filifactor_alocis","Desulfobulbus_rhabdoformis",1
"11747","Tannerella_forsythia","Desulfobulbus_rhabdoformis",1
"11941","Veillonella_dispar","Streptococcus_parasanguinis",1
"11946","Actinomyces_odontolyticus","Streptococcus_parasanguinis",1
"11971","Lachnoanaerobaculum_orale","Streptococcus_parasanguinis",1
"11980","Prevotella_salivae","Streptococcus_parasanguinis",1
"12035","Rothia_mucilaginosa","Streptococcus_parasanguinis",1
"12036","Lachnoanaerobaculum_saburreum","Streptococcus_parasanguinis",1
"12040","Streptococcus_gordonii","Streptococcus_parasanguinis",1
"12423","Porphyromonas_endodontalis","Prevotella_oralis",1
"12427","Prevotella_denticola","Prevotella_oralis",1
"12433","Dialister_invisus","Prevotella_oralis",1
"12455","Anaeroglobus_geminatus","Prevotella_oralis",1
"12465","Prevotella_dentalis","Prevotella_oralis",1
"12486","Selenomonas_noxia","Prevotella_oralis",1
"12537","Prevotella_multisaccharivorax","Prevotella_oralis",1
"12567","Veillonella_dispar","Actinomyces_graevenitzii",1
"12572","Actinomyces_odontolyticus","Actinomyces_graevenitzii",1
"12578","Prevotella_pallens","Actinomyces_graevenitzii",1
"12597","Lachnoanaerobaculum_orale","Actinomyces_graevenitzii",1
"12599","Orientia_tsutsugamushi","Actinomyces_graevenitzii",1
"12606","Prevotella_salivae","Actinomyces_graevenitzii",1
"12616","Prevotella_veroralis","Actinomyces_graevenitzii",1
"12691","Slackia_exigua","Actinomyces_graevenitzii",1
"12717","Streptococcus_parasanguinis","Actinomyces_graevenitzii",1
"12724","Butyrivibrio_hungatei","Alloprevotella_rava",1
"12737","Prevotella_pallens","Alloprevotella_rava",1
"12752","Prevotella_enoeca","Alloprevotella_rava",1
"12758","Orientia_tsutsugamushi","Alloprevotella_rava",1
"12765","Prevotella_salivae","Alloprevotella_rava",1
"12869","Streptobacillus_moniliformis","Alloprevotella_rava",1
"12872","Eubacterium_sulci","Alloprevotella_rava",1
"13043","Rothia_aeria","Actinobacillus_porcinus",1
"13113","Streptococcus_pneumoniae","Actinobacillus_porcinus",1
"13127","Haemophilus_parainfluenzae","Actinobacillus_porcinus",1
"13372","Veillonella_dispar","Atopobium_parvulum",1
"13377","Actinomyces_odontolyticus","Atopobium_parvulum",1
"13383","Prevotella_pallens","Atopobium_parvulum",1
"13404","Orientia_tsutsugamushi","Atopobium_parvulum",1
"13411","Prevotella_salivae","Atopobium_parvulum",1
"13420","Lactobacillus_johnsonii","Atopobium_parvulum",1
"13421","Prevotella_veroralis","Atopobium_parvulum",1
"13508","Howardella_ureilytica","Atopobium_parvulum",1
"13511","Propionibacterium_acidifaciens","Atopobium_parvulum",1
"13513","Parascardovia_denticolens","Atopobium_parvulum",1
"13518","Eubacterium_sulci","Atopobium_parvulum",1
"13522","Streptococcus_parasanguinis","Atopobium_parvulum",1
"13526","Actinomyces_graevenitzii","Atopobium_parvulum",1
"13715","Porphyromonas_endodontalis","Anaerovorax_odorimutans",1
"13717","Prevotella_shahii","Anaerovorax_odorimutans",1
"13762","Treponema_refringens","Anaerovorax_odorimutans",1
"14204","Eubacterium_saphenum","Treponema_amylovorum",1
"14214","Treponema_denticola","Treponema_amylovorum",1
"14215","Eubacterium_brachy","Treponema_amylovorum",1
"14216","Porphyromonas_endodontalis","Treponema_amylovorum",1
"14226","Dialister_invisus","Treponema_amylovorum",1
"14228","Prevotella_enoeca","Treponema_amylovorum",1
"14258","Prevotella_dentalis","Treponema_amylovorum",1
"14264","Treponema_pedis","Treponema_amylovorum",1
"14269","Schwartzia_succinivorans","Treponema_amylovorum",1
"14272","Treponema_parvum","Treponema_amylovorum",1
"14283","Porphyromonas_gingivalis","Treponema_amylovorum",1
"14292","Filifactor_alocis","Treponema_amylovorum",1
"14300","Prevotella_paludivivens","Treponema_amylovorum",1
"14315","Tannerella_forsythia","Treponema_amylovorum",1
"14317","Capnocytophaga_granulosa","Treponema_amylovorum",1
"14333","Desulfobulbus_propionicus","Treponema_amylovorum",1
"14336","Prevotella_pleuritidis","Treponema_amylovorum",1
"14345","Streptobacillus_moniliformis","Treponema_amylovorum",1
"14366","Veillonella_rogosae","Prevotella_nanceiensis",1
"14381","Capnocytophaga_leadbetteri","Prevotella_nanceiensis",1
"14387","Prevotella_shahii","Prevotella_nanceiensis",1
"14432","Treponema_refringens","Prevotella_nanceiensis",1
"14479","Fusobacterium_periodonticum","Prevotella_nanceiensis",1
"14526","Alloprevotella_rava","Prevotella_nanceiensis",1
"14543","Eubacterium_saphenum","Wolinella_succinogenes",1
"14544","Leptotrichia_buccalis","Wolinella_succinogenes",1
"14554","Eubacterium_brachy","Wolinella_succinogenes",1
"14555","Porphyromonas_endodontalis","Wolinella_succinogenes",1
"14565","Dialister_invisus","Wolinella_succinogenes",1
"14583","Eubacterium_nodatum","Wolinella_succinogenes",1
"14611","Treponema_parvum","Wolinella_succinogenes",1
"14622","Porphyromonas_gingivalis","Wolinella_succinogenes",1
"14631","Filifactor_alocis","Wolinella_succinogenes",1
"14654","Tannerella_forsythia","Wolinella_succinogenes",1
"14898","Porphyromonas_endodontalis","Shuttleworthia_satelles",1
"14902","Prevotella_denticola","Shuttleworthia_satelles",1
"14908","Dialister_invisus","Shuttleworthia_satelles",1
"14930","Anaeroglobus_geminatus","Shuttleworthia_satelles",1
"14931","Olsenella_uli","Shuttleworthia_satelles",1
"14990","Streptococcus_sanguinis","Shuttleworthia_satelles",1
"14997","Tannerella_forsythia","Shuttleworthia_satelles",1
"15008","Slackia_exigua","Shuttleworthia_satelles",1
"15059","Eubacterium_saphenum","Treponema_lecithinolyticum",1
"15070","Eubacterium_brachy","Treponema_lecithinolyticum",1
"15071","Porphyromonas_endodontalis","Treponema_lecithinolyticum",1
"15099","Eubacterium_nodatum","Treponema_lecithinolyticum",1
"15126","Prevotella_marshii","Treponema_lecithinolyticum",1
"15127","Treponema_parvum","Treponema_lecithinolyticum",1
"15138","Porphyromonas_gingivalis","Treponema_lecithinolyticum",1
"15147","Filifactor_alocis","Treponema_lecithinolyticum",1
"15210","Prevotella_oralis","Treponema_lecithinolyticum",1
"15582","Veillonella_dispar","Streptococcus_intermedius",1
"15600","Prevotella_denticola","Streptococcus_intermedius",1
"15606","Dialister_invisus","Streptococcus_intermedius",1
"15633","Rothia_dentocariosa","Streptococcus_intermedius",1
"15688","Streptococcus_sanguinis","Streptococcus_intermedius",1
"15702","Leptotrichia_hongkongensis","Streptococcus_intermedius",1
"15761","Eubacterium_saphenum","Treponema_socranskii",1
"15768","Prevotella_baroniae","Treponema_socranskii",1
"15771","Treponema_denticola","Treponema_socranskii",1
"15772","Eubacterium_brachy","Treponema_socranskii",1
"15773","Porphyromonas_endodontalis","Treponema_socranskii",1
"15777","Prevotella_denticola","Treponema_socranskii",1
"15803","Ornatilinea_apprima","Treponema_socranskii",1
"15818","Peptococcus_niger","Treponema_socranskii",1
"15826","Schwartzia_succinivorans","Treponema_socranskii",1
"15829","Treponema_parvum","Treponema_socranskii",1
"15836","Selenomonas_noxia","Treponema_socranskii",1
"15840","Porphyromonas_gingivalis","Treponema_socranskii",1
"15849","Filifactor_alocis","Treponema_socranskii",1
"15854","Lachnoanaerobaculum_saburreum","Treponema_socranskii",1
"15872","Tannerella_forsythia","Treponema_socranskii",1
"15886","Desulfovibrio_fairfieldensis","Treponema_socranskii",1
"15890","Desulfobulbus_propionicus","Treponema_socranskii",1
"15895","Howardella_ureilytica","Treponema_socranskii",1
"15925","Wolinella_succinogenes","Treponema_socranskii",1
"16018","Porphyromonas_gingivalis","Pyramidobacter_piscolens",1
"16118","Eubacterium_saphenum","Dialister_pneumosintes",1
"16125","Prevotella_baroniae","Dialister_pneumosintes",1
"16128","Treponema_denticola","Dialister_pneumosintes",1
"16129","Eubacterium_brachy","Dialister_pneumosintes",1
"16130","Porphyromonas_endodontalis","Dialister_pneumosintes",1
"16131","Eubacterium_yurii","Dialister_pneumosintes",1
"16134","Prevotella_denticola","Dialister_pneumosintes",1
"16140","Dialister_invisus","Dialister_pneumosintes",1
"16162","Anaeroglobus_geminatus","Dialister_pneumosintes",1
"16163","Olsenella_uli","Dialister_pneumosintes",1
"16175","Peptococcus_niger","Dialister_pneumosintes",1
"16185","Prevotella_marshii","Dialister_pneumosintes",1
"16186","Treponema_parvum","Dialister_pneumosintes",1
"16197","Porphyromonas_gingivalis","Dialister_pneumosintes",1
"16206","Filifactor_alocis","Dialister_pneumosintes",1
"16217","Bacteroides_zoogleoformans","Dialister_pneumosintes",1
"16229","Tannerella_forsythia","Dialister_pneumosintes",1
"16243","Desulfovibrio_fairfieldensis","Dialister_pneumosintes",1
"16250","Prevotella_pleuritidis","Dialister_pneumosintes",1
"16264","Desulfobulbus_rhabdoformis","Dialister_pneumosintes",1
"16269","Prevotella_oralis","Dialister_pneumosintes",1
"16280","Treponema_amylovorum","Dialister_pneumosintes",1
"16289","Treponema_socranskii","Dialister_pneumosintes",1
"16296","Veillonella_dispar","Selenomonas_flueggei",1
"16335","Prevotella_salivae","Selenomonas_flueggei",1
"16363","Schwartzia_succinivorans","Selenomonas_flueggei",1
"16391","Lachnoanaerobaculum_saburreum","Selenomonas_flueggei",1
"16493","Prevotella_shahii","Peptostreptococcus_stomatis",1
"16536","Peptococcus_niger","Peptostreptococcus_stomatis",1
"16538","Treponema_refringens","Peptostreptococcus_stomatis",1
"16585","Fusobacterium_periodonticum","Peptostreptococcus_stomatis",1
"16623","Eubacterium_sulci","Peptostreptococcus_stomatis",1
"16638","Anaerovorax_odorimutans","Peptostreptococcus_stomatis",1
"16642","Prevotella_nanceiensis","Peptostreptococcus_stomatis",1
"16800","Parascardovia_denticolens","Lactobacillus_reuteri",1
"16840","Butyrivibrio_hungatei","Butyrivibrio_fibrisolvens",1
"16891","Prevotella_veroralis","Butyrivibrio_fibrisolvens",1
"17001","Atopobium_parvulum","Butyrivibrio_fibrisolvens",1
"17039","Eubacterium_brachy","Mycoplasma_salivarium",1
"17040","Porphyromonas_endodontalis","Mycoplasma_salivarium",1
"17050","Dialister_invisus","Mycoplasma_salivarium",1
"17072","Anaeroglobus_geminatus","Mycoplasma_salivarium",1
"17139","Tannerella_forsythia","Mycoplasma_salivarium",1
"17216","Actinomyces_odontolyticus","Mobiluncus_curtisii",1
"17235","Dialister_invisus","Mobiluncus_curtisii",1
"17357","Eubacterium_sulci","Mobiluncus_curtisii",1
"17370","Atopobium_parvulum","Mobiluncus_curtisii",1
"17388","Peptostreptococcus_stomatis","Mobiluncus_curtisii",1
"17971","Capnocytophaga_leadbetteri","Prevotella_aurantiaca",1
"17977","Prevotella_shahii","Prevotella_aurantiaca",1
"18022","Treponema_refringens","Prevotella_aurantiaca",1
"18041","Haemophilus_parainfluenzae","Prevotella_aurantiaca",1
"18069","Fusobacterium_periodonticum","Prevotella_aurantiaca",1
"18107","Eubacterium_sulci","Prevotella_aurantiaca",1
"18126","Prevotella_nanceiensis","Prevotella_aurantiaca",1
"18138","Peptostreptococcus_stomatis","Prevotella_aurantiaca",1
"18345","Leptotrichia_buccalis","Leptotrichia_shahii",1
"18352","Capnocytophaga_leadbetteri","Leptotrichia_shahii",1
"18360","Prevotella_denticola","Leptotrichia_shahii",1
"18388","Anaeroglobus_geminatus","Leptotrichia_shahii",1
"18439","Brachymonas_denitrificans","Leptotrichia_shahii",1
"18442","Leptotrichia_hofstadii","Leptotrichia_shahii",1
"18455","Tannerella_forsythia","Leptotrichia_shahii",1
"18457","Capnocytophaga_granulosa","Leptotrichia_shahii",1
"18462","Leptotrichia_hongkongensis","Leptotrichia_shahii",1
"18515","Treponema_socranskii","Leptotrichia_shahii",1
"18544","Capnocytophaga_leadbetteri","Capnocytophaga_ochracea",1
"18547","Eubacterium_brachy","Capnocytophaga_ochracea",1
"18552","Prevotella_denticola","Capnocytophaga_ochracea",1
"18560","Prevotella_enoeca","Capnocytophaga_ochracea",1
"18571","Bergeyella_zoohelcum","Capnocytophaga_ochracea",1
"18574","Actinobaculum_massiliense","Capnocytophaga_ochracea",1
"18585","Rothia_dentocariosa","Capnocytophaga_ochracea",1
"18588","Azospira_oryzae","Capnocytophaga_ochracea",1
"18596","Treponema_pedis","Capnocytophaga_ochracea",1
"18601","Schwartzia_succinivorans","Capnocytophaga_ochracea",1
"18605","Lautropia_mirabilis","Capnocytophaga_ochracea",1
"18611","Selenomonas_noxia","Capnocytophaga_ochracea",1
"18629","Lachnoanaerobaculum_saburreum","Capnocytophaga_ochracea",1
"18646","Campylobacter_showae","Capnocytophaga_ochracea",1
"18647","Tannerella_forsythia","Capnocytophaga_ochracea",1
"18649","Capnocytophaga_granulosa","Capnocytophaga_ochracea",1
"18650","Neisseria_oralis","Capnocytophaga_ochracea",1
"18653","Soonwooa_buanensis","Capnocytophaga_ochracea",1
"18654","Leptotrichia_hongkongensis","Capnocytophaga_ochracea",1
"18666","Cardiobacterium_valvarum","Capnocytophaga_ochracea",1
"18698","Treponema_amylovorum","Capnocytophaga_ochracea",1
"18916","Veillonella_rogosae","Gemella_sanguinis",1
"18917","Rothia_aeria","Gemella_sanguinis",1
"18987","Streptococcus_pneumoniae","Gemella_sanguinis",1
"19001","Haemophilus_parainfluenzae","Gemella_sanguinis",1
"19029","Fusobacterium_periodonticum","Gemella_sanguinis",1
"19033","Campylobacter_showae","Gemella_sanguinis",1
"19042","Gemella_haemolysans","Gemella_sanguinis",1
"19047","Streptococcus_oralis","Gemella_sanguinis",1
"19067","Eubacterium_sulci","Gemella_sanguinis",1
"19086","Prevotella_nanceiensis","Gemella_sanguinis",1
"19098","Peptostreptococcus_stomatis","Gemella_sanguinis",1
"19314","Eubacterium_saphenum","Prevotella_intermedia",1
"19321","Prevotella_baroniae","Prevotella_intermedia",1
"19324","Treponema_denticola","Prevotella_intermedia",1
"19325","Eubacterium_brachy","Prevotella_intermedia",1
"19326","Porphyromonas_endodontalis","Prevotella_intermedia",1
"19336","Dialister_invisus","Prevotella_intermedia",1
"19338","Prevotella_enoeca","Prevotella_intermedia",1
"19354","Eubacterium_nodatum","Prevotella_intermedia",1
"19358","Anaeroglobus_geminatus","Prevotella_intermedia",1
"19359","Olsenella_uli","Prevotella_intermedia",1
"19368","Prevotella_dentalis","Prevotella_intermedia",1
"19371","Peptococcus_niger","Prevotella_intermedia",1
"19374","Treponema_pedis","Prevotella_intermedia",1
"19381","Prevotella_marshii","Prevotella_intermedia",1
"19382","Treponema_parvum","Prevotella_intermedia",1
"19405","Bacteroides_heparinolyticus","Prevotella_intermedia",1
"19410","Prevotella_paludivivens","Prevotella_intermedia",1
"19413","Bacteroides_zoogleoformans","Prevotella_intermedia",1
"19421","Eubacterium_minutum","Prevotella_intermedia",1
"19439","Desulfovibrio_fairfieldensis","Prevotella_intermedia",1
"19446","Prevotella_pleuritidis","Prevotella_intermedia",1
"19455","Streptobacillus_moniliformis","Prevotella_intermedia",1
"19476","Treponema_amylovorum","Prevotella_intermedia",1
"19481","Treponema_lecithinolyticum","Prevotella_intermedia",1
"19485","Treponema_socranskii","Prevotella_intermedia",1
"19486","Pyramidobacter_piscolens","Prevotella_intermedia",1
"19487","Dialister_pneumosintes","Prevotella_intermedia",1
"19492","Mycoplasma_salivarium","Prevotella_intermedia",1
"19500","Capnocytophaga_ochracea","Prevotella_intermedia",1
"19533","Dialister_invisus","Porphyromonas_uenonis",1
"19721","Porphyromonas_endodontalis","Prevotella_fusca",1
"19749","Eubacterium_nodatum","Prevotella_fusca",1
"19882","Dialister_pneumosintes","Prevotella_fusca",1
"19899","Prevotella_intermedia","Prevotella_fusca",1
"19918","Treponema_denticola","Selenomonas_sputigena",1
"19919","Eubacterium_brachy","Selenomonas_sputigena",1
"19924","Prevotella_denticola","Selenomonas_sputigena",1
"19930","Dialister_invisus","Selenomonas_sputigena",1
"19946","Actinobaculum_massiliense","Selenomonas_sputigena",1
"19952","Anaeroglobus_geminatus","Selenomonas_sputigena",1
"19973","Schwartzia_succinivorans","Selenomonas_sputigena",1
"19974","Actinomyces_hyovaginalis","Selenomonas_sputigena",1
"19975","Prevotella_marshii","Selenomonas_sputigena",1
"20007","Bacteroides_zoogleoformans","Selenomonas_sputigena",1
"20019","Tannerella_forsythia","Selenomonas_sputigena",1
"20037","Desulfobulbus_propionicus","Selenomonas_sputigena",1
"20038","Cardiobacterium_valvarum","Selenomonas_sputigena",1
"20049","Streptobacillus_moniliformis","Selenomonas_sputigena",1
"20051","Selenomonas_ruminantium","Selenomonas_sputigena",1
"20054","Desulfobulbus_rhabdoformis","Selenomonas_sputigena",1
"20059","Prevotella_oralis","Selenomonas_sputigena",1
"20080","Pyramidobacter_piscolens","Selenomonas_sputigena",1
"20093","Leptotrichia_shahii","Selenomonas_sputigena",1
"20094","Capnocytophaga_ochracea","Selenomonas_sputigena",1
"20521","Treponema_denticola","Bulleidia_extructa",1
"20522","Eubacterium_brachy","Bulleidia_extructa",1
"20523","Porphyromonas_endodontalis","Bulleidia_extructa",1
"20533","Dialister_invisus","Bulleidia_extructa",1
"20561","Mycoplasma_faucium","Bulleidia_extructa",1
"20578","Prevotella_marshii","Bulleidia_extructa",1
"20599","Filifactor_alocis","Bulleidia_extructa",1
"20633","Slackia_exigua","Bulleidia_extructa",1
"20643","Prevotella_pleuritidis","Bulleidia_extructa",1
"20673","Treponema_amylovorum","Bulleidia_extructa",1
"20684","Dialister_pneumosintes","Bulleidia_extructa",1
"20701","Prevotella_intermedia","Bulleidia_extructa",1
"20708","Rothia_aeria","Haemophilus_parahaemolyticus",1
"20731","Actinobacillus_minor","Haemophilus_parahaemolyticus",1
"20783","Lautropia_mirabilis","Haemophilus_parahaemolyticus",1
"20792","Haemophilus_parainfluenzae","Haemophilus_parahaemolyticus",1
"20818","Streptococcus_sanguinis","Haemophilus_parahaemolyticus",1
"20925","Prevotella_baroniae","Alloprevotella_tannerae",1
"20928","Treponema_denticola","Alloprevotella_tannerae",1
"20929","Eubacterium_brachy","Alloprevotella_tannerae",1
"20930","Porphyromonas_endodontalis","Alloprevotella_tannerae",1
"20940","Dialister_invisus","Alloprevotella_tannerae",1
"20942","Prevotella_enoeca","Alloprevotella_tannerae",1
"20963","Olsenella_uli","Alloprevotella_tannerae",1
"20965","Prevotella_veroralis","Alloprevotella_tannerae",1
"20975","Peptococcus_niger","Alloprevotella_tannerae",1
"20977","Treponema_refringens","Alloprevotella_tannerae",1
"20986","Treponema_parvum","Alloprevotella_tannerae",1
"21006","Filifactor_alocis","Alloprevotella_tannerae",1
"21028","Campylobacter_showae","Alloprevotella_tannerae",1
"21029","Tannerella_forsythia","Alloprevotella_tannerae",1
"21084","Shuttleworthia_satelles","Alloprevotella_tannerae",1
"21089","Treponema_socranskii","Alloprevotella_tannerae",1
"21101","Prevotella_aurantiaca","Alloprevotella_tannerae",1
"21109","Porphyromonas_uenonis","Alloprevotella_tannerae",1
"21323","Rothia_aeria","Actinomyces_georgiae",1
"21340","Eubacterium_brachy","Actinomyces_georgiae",1
"21393","Streptococcus_pneumoniae","Actinomyces_georgiae",1
"21404","Selenomonas_noxia","Actinomyces_georgiae",1
"21422","Lachnoanaerobaculum_saburreum","Actinomyces_georgiae",1
"21427","Leptotrichia_hofstadii","Actinomyces_georgiae",1
"21433","Streptococcus_sanguinis","Actinomyces_georgiae",1
"21447","Leptotrichia_hongkongensis","Actinomyces_georgiae",1
"21459","Cardiobacterium_valvarum","Actinomyces_georgiae",1
"21500","Treponema_socranskii","Actinomyces_georgiae",1
"21515","Capnocytophaga_ochracea","Actinomyces_georgiae",1
"21522","Selenomonas_sputigena","Actinomyces_georgiae",1
"21738","Rothia_aeria","Streptococcus_oligofermentans",1
"21841","Streptococcus_gordonii","Streptococcus_oligofermentans",1
"21848","Streptococcus_sanguinis","Streptococcus_oligofermentans",1
"21863","Gemella_haemolysans","Streptococcus_oligofermentans",1
"21951","Veillonella_dispar","Actinomyces_lingnae",1
"21956","Actinomyces_odontolyticus","Actinomyces_lingnae",1
"21981","Lachnoanaerobaculum_orale","Actinomyces_lingnae",1
"21983","Orientia_tsutsugamushi","Actinomyces_lingnae",1
"21990","Prevotella_salivae","Actinomyces_lingnae",1
"22045","Rothia_mucilaginosa","Actinomyces_lingnae",1
"22075","Slackia_exigua","Actinomyces_lingnae",1
"22086","Corynebacterium_argentoratense","Actinomyces_lingnae",1
"22101","Streptococcus_parasanguinis","Actinomyces_lingnae",1
"22105","Actinomyces_graevenitzii","Actinomyces_lingnae",1
"22110","Atopobium_parvulum","Actinomyces_lingnae",1
"22132","Mobiluncus_curtisii","Actinomyces_lingnae",1
"22372","Veillonella_dispar","Lactobacillus_salivarius",1
"22450","Bifidobacterium_dentium","Lactobacillus_salivarius",1
"22531","Atopobium_parvulum","Lactobacillus_salivarius",1
"22809","Treponema_denticola","Prevotella_maculosa",1
"22811","Porphyromonas_endodontalis","Prevotella_maculosa",1
"22815","Prevotella_denticola","Prevotella_maculosa",1
"22821","Dialister_invisus","Prevotella_maculosa",1
"22837","Actinobaculum_massiliense","Prevotella_maculosa",1
"22847","Dialister_propionicifaciens","Prevotella_maculosa",1
"22859","Treponema_pedis","Prevotella_maculosa",1
"22864","Schwartzia_succinivorans","Prevotella_maculosa",1
"22867","Treponema_parvum","Prevotella_maculosa",1
"22868","Lautropia_mirabilis","Prevotella_maculosa",1
"22907","Sporanaerobacter_acetigenes","Prevotella_maculosa",1
"22910","Tannerella_forsythia","Prevotella_maculosa",1
"22924","Desulfovibrio_fairfieldensis","Prevotella_maculosa",1
"22929","Cardiobacterium_valvarum","Prevotella_maculosa",1
"22963","Wolinella_succinogenes","Prevotella_maculosa",1
"22971","Pyramidobacter_piscolens","Prevotella_maculosa",1
"22972","Dialister_pneumosintes","Prevotella_maculosa",1
"22984","Leptotrichia_shahii","Prevotella_maculosa",1
"22992","Selenomonas_sputigena","Prevotella_maculosa",1
"23021","Capnocytophaga_leadbetteri","Haemophilus_influenzae",1
"23082","Lautropia_mirabilis","Haemophilus_influenzae",1
"23091","Haemophilus_parainfluenzae","Haemophilus_influenzae",1
"23127","Neisseria_oralis","Haemophilus_influenzae",1
"23132","Gemella_haemolysans","Haemophilus_influenzae",1
"23210","Haemophilus_parahaemolyticus","Haemophilus_influenzae",1
"23655","Rothia_aeria","Capnocytophaga_haemolytica",1
"23730","Lautropia_mirabilis","Capnocytophaga_haemolytica",1
"23759","Leptotrichia_hofstadii","Capnocytophaga_haemolytica",1
"23765","Streptococcus_sanguinis","Capnocytophaga_haemolytica",1
"23779","Leptotrichia_hongkongensis","Capnocytophaga_haemolytica",1
"23891","Porphyromonas_endodontalis","Clostridium_aminobutyricum",1
"23985","Fusobacterium_periodonticum","Clostridium_aminobutyricum",1
"24054","Peptostreptococcus_stomatis","Clostridium_aminobutyricum",1
"24098","Eubacterium_saphenum","Porphyromonas_gulae",1
"24110","Porphyromonas_endodontalis","Porphyromonas_gulae",1
"24186","Filifactor_alocis","Porphyromonas_gulae",1
"24537","Veillonella_dispar","Veillonella_parvula",1
"24561","Dialister_invisus","Veillonella_parvula",1
"24614","Selenomonas_noxia","Veillonella_parvula",1
"24657","Leptotrichia_hongkongensis","Veillonella_parvula",1
"24762","Leptotrichia_buccalis","Actinomyces_cardiffensis",1
"24768","Prevotella_baroniae","Actinomyces_cardiffensis",1
"24771","Treponema_denticola","Actinomyces_cardiffensis",1
"24772","Eubacterium_brachy","Actinomyces_cardiffensis",1
"24773","Porphyromonas_endodontalis","Actinomyces_cardiffensis",1
"24777","Prevotella_denticola","Actinomyces_cardiffensis",1
"24785","Prevotella_enoeca","Actinomyces_cardiffensis",1
"24801","Eubacterium_nodatum","Actinomyces_cardiffensis",1
"24829","Treponema_parvum","Actinomyces_cardiffensis",1
"24840","Porphyromonas_gingivalis","Actinomyces_cardiffensis",1
"24849","Filifactor_alocis","Actinomyces_cardiffensis",1
"24860","Bacteroides_zoogleoformans","Actinomyces_cardiffensis",1
"24872","Tannerella_forsythia","Actinomyces_cardiffensis",1
"24923","Treponema_amylovorum","Actinomyces_cardiffensis",1
"24936","Peptostreptococcus_stomatis","Actinomyces_cardiffensis",1
"24951","Prevotella_intermedia","Actinomyces_cardiffensis",1
"24954","Selenomonas_sputigena","Actinomyces_cardiffensis",1
"24959","Alloprevotella_tannerae","Actinomyces_cardiffensis",1
"25202","Rothia_aeria","Capnocytophaga_sputigena",1
"25216","Capnocytophaga_leadbetteri","Capnocytophaga_sputigena",1
"25243","Bergeyella_zoohelcum","Capnocytophaga_sputigena",1
"25249","Planobacterium_taklimakanense","Capnocytophaga_sputigena",1
"25267","Treponema_refringens","Capnocytophaga_sputigena",1
"25277","Lautropia_mirabilis","Capnocytophaga_sputigena",1
"25286","Haemophilus_parainfluenzae","Capnocytophaga_sputigena",1
"25312","Streptococcus_sanguinis","Capnocytophaga_sputigena",1
"25322","Neisseria_oralis","Capnocytophaga_sputigena",1
"25388","Simonsiella_muelleri","Capnocytophaga_sputigena",1
"25391","Prevotella_aurantiaca","Capnocytophaga_sputigena",1
"25662","Actinomyces_odontolyticus","Mobiluncus_mulieris",1
"25668","Prevotella_pallens","Mobiluncus_mulieris",1
"25803","Eubacterium_sulci","Mobiluncus_mulieris",1
"25816","Atopobium_parvulum","Mobiluncus_mulieris",1
"25834","Peptostreptococcus_stomatis","Mobiluncus_mulieris",1
"25862","Actinomyces_lingnae","Mobiluncus_mulieris",1
"26112","Veillonella_dispar","Lactobacillus_vaginalis",1
"26130","Prevotella_denticola","Lactobacillus_vaginalis",1
"26449","Fusobacterium_periodonticum","Mycoplasma_orale",1
"26453","Campylobacter_showae","Mycoplasma_orale",1
"26518","Peptostreptococcus_stomatis","Mycoplasma_orale",1
"26573","Eubacterium_saphenum","Treponema_medium",1
"26580","Prevotella_baroniae","Treponema_medium",1
"26583","Treponema_denticola","Treponema_medium",1
"26585","Porphyromonas_endodontalis","Treponema_medium",1
"26589","Prevotella_denticola","Treponema_medium",1
"26595","Dialister_invisus","Treponema_medium",1
"26597","Prevotella_enoeca","Treponema_medium",1
"26613","Eubacterium_nodatum","Treponema_medium",1
"26618","Olsenella_uli","Treponema_medium",1
"26623","Mycoplasma_faucium","Treponema_medium",1
"26627","Prevotella_dentalis","Treponema_medium",1
"26633","Treponema_pedis","Treponema_medium",1
"26634","Campylobacter_curvus","Treponema_medium",1
"26638","Schwartzia_succinivorans","Treponema_medium",1
"26641","Treponema_parvum","Treponema_medium",1
"26652","Porphyromonas_gingivalis","Treponema_medium",1
"26669","Prevotella_paludivivens","Treponema_medium",1
"26672","Bacteroides_zoogleoformans","Treponema_medium",1
"26684","Tannerella_forsythia","Treponema_medium",1
"26687","Neisseria_oralis","Treponema_medium",1
"26698","Desulfovibrio_fairfieldensis","Treponema_medium",1
"26702","Desulfobulbus_propionicus","Treponema_medium",1
"26737","Wolinella_succinogenes","Treponema_medium",1
"26740","Treponema_lecithinolyticum","Treponema_medium",1
"26744","Treponema_socranskii","Treponema_medium",1
"26746","Dialister_pneumosintes","Treponema_medium",1
"26763","Prevotella_intermedia","Treponema_medium",1
"26764","Porphyromonas_uenonis","Treponema_medium",1
"26766","Selenomonas_sputigena","Treponema_medium",1
"26780","Prevotella_maculosa","Treponema_medium",1
"26789","Actinomyces_cardiffensis","Treponema_medium",1
"26805","Leptotrichia_buccalis","Selenomonas_infelix",1
"26814","Treponema_denticola","Selenomonas_infelix",1
"26816","Porphyromonas_endodontalis","Selenomonas_infelix",1
"26820","Prevotella_denticola","Selenomonas_infelix",1
"26826","Dialister_invisus","Selenomonas_infelix",1
"26861","Peptococcus_niger","Selenomonas_infelix",1
"26872","Treponema_parvum","Selenomonas_infelix",1
"26879","Selenomonas_noxia","Selenomonas_infelix",1
"26892","Filifactor_alocis","Selenomonas_infelix",1
"26914","Campylobacter_showae","Selenomonas_infelix",1
"26915","Tannerella_forsythia","Selenomonas_infelix",1
"26917","Capnocytophaga_granulosa","Selenomonas_infelix",1
"26934","Cardiobacterium_valvarum","Selenomonas_infelix",1
"26971","Treponema_lecithinolyticum","Selenomonas_infelix",1
"26975","Treponema_socranskii","Selenomonas_infelix",1
"26978","Selenomonas_flueggei","Selenomonas_infelix",1
"26990","Capnocytophaga_ochracea","Selenomonas_infelix",1
"26997","Selenomonas_sputigena","Selenomonas_infelix",1
"27011","Prevotella_maculosa","Selenomonas_infelix",1
"27020","Actinomyces_cardiffensis","Selenomonas_infelix",1
"27028","Treponema_medium","Selenomonas_infelix",1
"27270","Leptotrichia_buccalis","Leptotrichia_goodfellowii",1
"27272","Actinomyces_odontolyticus","Leptotrichia_goodfellowii",1
"27412","Selenomonas_ruminantium","Leptotrichia_goodfellowii",1
"27519","Prevotella_denticola","Selenomonas_bovis",1
"27525","Dialister_invisus","Selenomonas_bovis",1
"27540","Prevotella_salivae","Selenomonas_bovis",1
"27550","Prevotella_veroralis","Selenomonas_bovis",1
"27660","Atopobium_parvulum","Selenomonas_bovis",1
"27677","Selenomonas_flueggei","Selenomonas_bovis",1
"27730","Leptotrichia_goodfellowii","Selenomonas_bovis",1
"28209","Veillonella_dispar","Lactobacillus_fermentum",1
"28257","Lactobacillus_johnsonii","Lactobacillus_fermentum",1
"28260","Rothia_dentocariosa","Lactobacillus_fermentum",1
"28287","Bifidobacterium_dentium","Lactobacillus_fermentum",1
"28350","Parascardovia_denticolens","Lactobacillus_fermentum",1
"28417","Lactobacillus_crispatus","Lactobacillus_fermentum",1
"28457","Capnocytophaga_leadbetteri","Neisseria_elongata",1
"28490","Planobacterium_taklimakanense","Neisseria_elongata",1
"28518","Lautropia_mirabilis","Neisseria_elongata",1
"28544","Brachymonas_denitrificans","Neisseria_elongata",1
"28562","Capnocytophaga_granulosa","Neisseria_elongata",1
"28566","Soonwooa_buanensis","Neisseria_elongata",1
"28579","Cardiobacterium_valvarum","Neisseria_elongata",1
"28635","Capnocytophaga_ochracea","Neisseria_elongata",1
"28674","Selenomonas_infelix","Neisseria_elongata",1
"28684","Butyrivibrio_hungatei","Oribacterium_sinus",1
"28691","Actinomyces_odontolyticus","Oribacterium_sinus",1
"28697","Prevotella_pallens","Oribacterium_sinus",1
"28716","Lachnoanaerobaculum_orale","Oribacterium_sinus",1
"28794","Fusobacterium_periodonticum","Oribacterium_sinus",1
"28832","Eubacterium_sulci","Oribacterium_sinus",1
"28836","Streptococcus_parasanguinis","Oribacterium_sinus",1
"28840","Actinomyces_graevenitzii","Oribacterium_sinus",1
"28845","Atopobium_parvulum","Oribacterium_sinus",1
"28865","Butyrivibrio_fibrisolvens","Oribacterium_sinus",1
"28867","Mobiluncus_curtisii","Oribacterium_sinus",1
"28876","Gemella_sanguinis","Oribacterium_sinus",1
"28891","Actinomyces_lingnae","Oribacterium_sinus",1
"28908","Mobiluncus_mulieris","Oribacterium_sinus",1
"28915","Leptotrichia_goodfellowii","Oribacterium_sinus",1
"28931","Actinomyces_odontolyticus","Solobacterium_moorei",1
"28937","Prevotella_pallens","Solobacterium_moorei",1
"28958","Orientia_tsutsugamushi","Solobacterium_moorei",1
"28965","Prevotella_salivae","Solobacterium_moorei",1
"29072","Eubacterium_sulci","Solobacterium_moorei",1
"29080","Actinomyces_graevenitzii","Solobacterium_moorei",1
"29131","Actinomyces_lingnae","Solobacterium_moorei",1
"29148","Mobiluncus_mulieris","Solobacterium_moorei",1
"29161","Oribacterium_sinus","Solobacterium_moorei",1
"29169","Eubacterium_saphenum","Eggerthia_catenaformis",1
"29176","Prevotella_baroniae","Eggerthia_catenaformis",1
"29179","Treponema_denticola","Eggerthia_catenaformis",1
"29181","Porphyromonas_endodontalis","Eggerthia_catenaformis",1
"29185","Prevotella_denticola","Eggerthia_catenaformis",1
"29193","Prevotella_enoeca","Eggerthia_catenaformis",1
"29209","Eubacterium_nodatum","Eggerthia_catenaformis",1
"29213","Anaeroglobus_geminatus","Eggerthia_catenaformis",1
"29214","Olsenella_uli","Eggerthia_catenaformis",1
"29236","Prevotella_marshii","Eggerthia_catenaformis",1
"29248","Porphyromonas_gingivalis","Eggerthia_catenaformis",1
"29257","Filifactor_alocis","Eggerthia_catenaformis",1
"29260","Bacteroides_heparinolyticus","Eggerthia_catenaformis",1
"29335","Shuttleworthia_satelles","Eggerthia_catenaformis",1
"29359","Prevotella_intermedia","Eggerthia_catenaformis",1
"29362","Selenomonas_sputigena","Eggerthia_catenaformis",1
"29479","Treponema_parvum","Clostridium_ultunense",1
"29582","Treponema_socranskii","Clostridium_ultunense",1
"29660","Neisseria_sicca","Granulicatella_elegans",1
"29718","Streptococcus_pneumoniae","Granulicatella_elegans",1
"29741","Bacteroides_intestinalis","Granulicatella_elegans",1
"29795","Streptobacillus_moniliformis","Granulicatella_elegans",1
"29862","Haemophilus_influenzae","Granulicatella_elegans",1
"30139","Butyrivibrio_hungatei","Campylobacter_concisus",1
"30141","Veillonella_dispar","Campylobacter_concisus",1
"30152","Prevotella_pallens","Campylobacter_concisus",1
"30171","Lachnoanaerobaculum_orale","Campylobacter_concisus",1
"30173","Orientia_tsutsugamushi","Campylobacter_concisus",1
"30180","Prevotella_salivae","Campylobacter_concisus",1
"30218","Selenomonas_noxia","Campylobacter_concisus",1
"30236","Lachnoanaerobaculum_saburreum","Campylobacter_concisus",1
"30245","Campylobacter_mucosalis","Campylobacter_concisus",1
"30291","Streptococcus_parasanguinis","Campylobacter_concisus",1
"30295","Actinomyces_graevenitzii","Campylobacter_concisus",1
"30300","Atopobium_parvulum","Campylobacter_concisus",1
"30317","Selenomonas_flueggei","Campylobacter_concisus",1
"30336","Selenomonas_sputigena","Campylobacter_concisus",1
"30376","Oribacterium_sinus","Campylobacter_concisus",1
"30377","Solobacterium_moorei","Campylobacter_concisus",1
"30387","Veillonella_dispar","Prevotella_melaninogenica",1
"30398","Prevotella_pallens","Prevotella_melaninogenica",1
"30426","Prevotella_salivae","Prevotella_melaninogenica",1
"30533","Eubacterium_sulci","Prevotella_melaninogenica",1
"30542","Alloprevotella_rava","Prevotella_melaninogenica",1
"30546","Atopobium_parvulum","Prevotella_melaninogenica",1
"30622","Oribacterium_sinus","Prevotella_melaninogenica",1
"30628","Campylobacter_concisus","Prevotella_melaninogenica",1
"30632","Butyrivibrio_hungatei","Megasphaera_micronuciformis",1
"30634","Veillonella_dispar","Megasphaera_micronuciformis",1
"30639","Actinomyces_odontolyticus","Megasphaera_micronuciformis",1
"30645","Prevotella_pallens","Megasphaera_micronuciformis",1
"30664","Lachnoanaerobaculum_orale","Megasphaera_micronuciformis",1
"30666","Orientia_tsutsugamushi","Megasphaera_micronuciformis",1
"30673","Prevotella_salivae","Megasphaera_micronuciformis",1
"30683","Prevotella_veroralis","Megasphaera_micronuciformis",1
"30729","Lachnoanaerobaculum_saburreum","Megasphaera_micronuciformis",1
"30779","Selenomonas_ruminantium","Megasphaera_micronuciformis",1
"30784","Streptococcus_parasanguinis","Megasphaera_micronuciformis",1
"30788","Actinomyces_graevenitzii","Megasphaera_micronuciformis",1
"30793","Atopobium_parvulum","Megasphaera_micronuciformis",1
"30839","Actinomyces_lingnae","Megasphaera_micronuciformis",1
"30864","Selenomonas_bovis","Megasphaera_micronuciformis",1
"30869","Oribacterium_sinus","Megasphaera_micronuciformis",1
"30870","Solobacterium_moorei","Megasphaera_micronuciformis",1
"30875","Campylobacter_concisus","Megasphaera_micronuciformis",1
"30876","Prevotella_melaninogenica","Megasphaera_micronuciformis",1
"30882","Veillonella_dispar","Cryptobacterium_curtum",1
"30900","Prevotella_denticola","Cryptobacterium_curtum",1
"30921","Prevotella_salivae","Cryptobacterium_curtum",1
"30933","Rothia_dentocariosa","Cryptobacterium_curtum",1
"31002","Leptotrichia_hongkongensis","Cryptobacterium_curtum",1
"31041","Atopobium_parvulum","Cryptobacterium_curtum",1
"31050","Shuttleworthia_satelles","Cryptobacterium_curtum",1
"31077","Selenomonas_sputigena","Cryptobacterium_curtum",1
"31125","Megasphaera_micronuciformis","Cryptobacterium_curtum",1
"31880","Rothia_aeria","Abiotrophia_defectiva",1
"31892","Neisseria_sicca","Abiotrophia_defectiva",1
"31894","Capnocytophaga_leadbetteri","Abiotrophia_defectiva",1
"31950","Streptococcus_pneumoniae","Abiotrophia_defectiva",1
"31955","Lautropia_mirabilis","Abiotrophia_defectiva",1
"31960","Neisseria_shayeganii","Abiotrophia_defectiva",1
"31990","Streptococcus_sanguinis","Abiotrophia_defectiva",1
"31999","Capnocytophaga_granulosa","Abiotrophia_defectiva",1
"32000","Neisseria_oralis","Abiotrophia_defectiva",1
"32004","Leptotrichia_hongkongensis","Abiotrophia_defectiva",1
"32027","Streptobacillus_moniliformis","Abiotrophia_defectiva",1
"32054","Neisseria_macacae","Abiotrophia_defectiva",1
"32071","Leptotrichia_shahii","Abiotrophia_defectiva",1
"32072","Capnocytophaga_ochracea","Abiotrophia_defectiva",1
"32123","Granulicatella_elegans","Abiotrophia_defectiva",1
"32133","Rothia_aeria","Gemella_morbillorum",1
"32140","Leptotrichia_buccalis","Gemella_morbillorum",1
"32161","Dialister_invisus","Gemella_morbillorum",1
"32208","Lautropia_mirabilis","Gemella_morbillorum",1
"32243","Streptococcus_sanguinis","Gemella_morbillorum",1
"32258","Gemella_haemolysans","Gemella_morbillorum",1
"32325","Capnocytophaga_ochracea","Gemella_morbillorum",1
"32376","Granulicatella_elegans","Gemella_morbillorum",1
"32385","Abiotrophia_defectiva","Gemella_morbillorum",1
"32642","Rothia_aeria","Haemophilus_sputorum",1
"32712","Streptococcus_pneumoniae","Haemophilus_sputorum",1
"32726","Haemophilus_parainfluenzae","Haemophilus_sputorum",1
"32752","Streptococcus_sanguinis","Haemophilus_sputorum",1
"32754","Fusobacterium_periodonticum","Haemophilus_sputorum",1
"32762","Neisseria_oralis","Haemophilus_sputorum",1
"32767","Gemella_haemolysans","Haemophilus_sputorum",1
"32811","Prevotella_nanceiensis","Haemophilus_sputorum",1
"32836","Gemella_sanguinis","Haemophilus_sputorum",1
"32866","Capnocytophaga_sputigena","Haemophilus_sputorum",1
"32880","Neisseria_elongata","Haemophilus_sputorum",1
"32902","Veillonella_dispar","Veillonella_atypica",1
"32907","Actinomyces_odontolyticus","Veillonella_atypica",1
"32941","Prevotella_salivae","Veillonella_atypica",1
"32951","Prevotella_veroralis","Veillonella_atypica",1
"33052","Streptococcus_parasanguinis","Veillonella_atypica",1
"33056","Actinomyces_graevenitzii","Veillonella_atypica",1
"33061","Atopobium_parvulum","Veillonella_atypica",1
"33107","Actinomyces_lingnae","Veillonella_atypica",1
"33119","Veillonella_parvula","Veillonella_atypica",1
"33131","Leptotrichia_goodfellowii","Veillonella_atypica",1
"33144","Prevotella_melaninogenica","Veillonella_atypica",1
"33145","Megasphaera_micronuciformis","Veillonella_atypica",1
"33441","Dialister_invisus","Actinomyces_timonensis",1
"33464","Olsenella_uli","Actinomyces_timonensis",1
"33594","Peptostreptococcus_stomatis","Actinomyces_timonensis",1
"33626","Prevotella_maculosa","Actinomyces_timonensis",1
"33688","Treponema_denticola","Campylobacter_gracilis",1
"33689","Eubacterium_brachy","Campylobacter_gracilis",1
"33716","Actinobaculum_massiliense","Campylobacter_gracilis",1
"33726","Dialister_propionicifaciens","Campylobacter_gracilis",1
"33739","Campylobacter_curvus","Campylobacter_gracilis",1
"33743","Schwartzia_succinivorans","Campylobacter_gracilis",1
"33782","Streptococcus_sanguinis","Campylobacter_gracilis",1
"33796","Leptotrichia_hongkongensis","Campylobacter_gracilis",1
"33812","Howardella_ureilytica","Campylobacter_gracilis",1
"33824","Desulfobulbus_rhabdoformis","Campylobacter_gracilis",1
"33864","Capnocytophaga_ochracea","Campylobacter_gracilis",1
"33871","Selenomonas_sputigena","Campylobacter_gracilis",1
"33897","Propionibacterium_acnes","Campylobacter_gracilis",1
"33900","Lactobacillus_vaginalis","Campylobacter_gracilis",1
"33906","Selenomonas_bovis","Campylobacter_gracilis",1
"34030","Rothia_mucilaginosa","Streptococcus_australis",1
"34199","Eubacterium_saphenum","Phocaeicola_abscessus",1
"34200","Leptotrichia_buccalis","Phocaeicola_abscessus",1
"34206","Prevotella_baroniae","Phocaeicola_abscessus",1
"34209","Treponema_denticola","Phocaeicola_abscessus",1
"34210","Eubacterium_brachy","Phocaeicola_abscessus",1
"34211","Porphyromonas_endodontalis","Phocaeicola_abscessus",1
"34215","Prevotella_denticola","Phocaeicola_abscessus",1
"34221","Dialister_invisus","Phocaeicola_abscessus",1
"34223","Prevotella_enoeca","Phocaeicola_abscessus",1
"34239","Eubacterium_nodatum","Phocaeicola_abscessus",1
"34243","Anaeroglobus_geminatus","Phocaeicola_abscessus",1
"34249","Mycoplasma_faucium","Phocaeicola_abscessus",1
"34259","Treponema_pedis","Phocaeicola_abscessus",1
"34266","Prevotella_marshii","Phocaeicola_abscessus",1
"34278","Porphyromonas_gingivalis","Phocaeicola_abscessus",1
"34287","Filifactor_alocis","Phocaeicola_abscessus",1
"34292","Lachnoanaerobaculum_saburreum","Phocaeicola_abscessus",1
"34310","Tannerella_forsythia","Phocaeicola_abscessus",1
"34312","Capnocytophaga_granulosa","Phocaeicola_abscessus",1
"34350","Prevotella_oralis","Phocaeicola_abscessus",1
"34361","Treponema_amylovorum","Phocaeicola_abscessus",1
"34365","Shuttleworthia_satelles","Phocaeicola_abscessus",1
"34370","Treponema_socranskii","Phocaeicola_abscessus",1
"34372","Dialister_pneumosintes","Phocaeicola_abscessus",1
"34385","Capnocytophaga_ochracea","Phocaeicola_abscessus",1
"34389","Prevotella_intermedia","Phocaeicola_abscessus",1
"34392","Selenomonas_sputigena","Phocaeicola_abscessus",1
"34397","Alloprevotella_tannerae","Phocaeicola_abscessus",1
"34423","Treponema_medium","Phocaeicola_abscessus",1
"34452","Campylobacter_gracilis","Phocaeicola_abscessus",1
"34736","Porphyromonas_endodontalis","Campylobacter_rectus",1
"34764","Eubacterium_nodatum","Campylobacter_rectus",1
"34781","Peptococcus_niger","Campylobacter_rectus",1
"34799","Selenomonas_noxia","Campylobacter_rectus",1
"34803","Porphyromonas_gingivalis","Campylobacter_rectus",1
"34828","Streptococcus_sanguinis","Campylobacter_rectus",1
"34977","Campylobacter_gracilis","Campylobacter_rectus",1
"35263","Treponema_denticola","Streptococcus_constellatus",1
"35264","Eubacterium_brachy","Streptococcus_constellatus",1
"35265","Porphyromonas_endodontalis","Streptococcus_constellatus",1
"35275","Dialister_invisus","Streptococcus_constellatus",1
"35341","Filifactor_alocis","Streptococcus_constellatus",1
"35357","Streptococcus_sanguinis","Streptococcus_constellatus",1
"35419","Shuttleworthia_satelles","Streptococcus_constellatus",1
"35424","Treponema_socranskii","Streptococcus_constellatus",1
"35446","Selenomonas_sputigena","Streptococcus_constellatus",1
"35529","Treponema_denticola","Prevotella_nigrescens",1
"35530","Eubacterium_brachy","Prevotella_nigrescens",1
"35531","Porphyromonas_endodontalis","Prevotella_nigrescens",1
"35539","Actinomyces_oris","Prevotella_nigrescens",1
"35541","Dialister_invisus","Prevotella_nigrescens",1
"35543","Prevotella_enoeca","Prevotella_nigrescens",1
"35559","Eubacterium_nodatum","Prevotella_nigrescens",1
"35563","Anaeroglobus_geminatus","Prevotella_nigrescens",1
"35564","Olsenella_uli","Prevotella_nigrescens",1
"35567","Dialister_propionicifaciens","Prevotella_nigrescens",1
"35573","Prevotella_dentalis","Prevotella_nigrescens",1
"35576","Peptococcus_niger","Prevotella_nigrescens",1
"35579","Treponema_pedis","Prevotella_nigrescens",1
"35580","Campylobacter_curvus","Prevotella_nigrescens",1
"35584","Schwartzia_succinivorans","Prevotella_nigrescens",1
"35586","Prevotella_marshii","Prevotella_nigrescens",1
"35587","Treponema_parvum","Prevotella_nigrescens",1
"35591","Actinomyces_gerencseriae","Prevotella_nigrescens",1
"35594","Selenomonas_noxia","Prevotella_nigrescens",1
"35605","Treponema_bryantii","Prevotella_nigrescens",1
"35607","Filifactor_alocis","Prevotella_nigrescens",1
"35626","Eubacterium_minutum","Prevotella_nigrescens",1
"35630","Tannerella_forsythia","Prevotella_nigrescens",1
"35641","Slackia_exigua","Prevotella_nigrescens",1
"35653","Howardella_ureilytica","Prevotella_nigrescens",1
"35670","Prevotella_oralis","Prevotella_nigrescens",1
"35685","Shuttleworthia_satelles","Prevotella_nigrescens",1
"35690","Treponema_socranskii","Prevotella_nigrescens",1
"35692","Dialister_pneumosintes","Prevotella_nigrescens",1
"35697","Mycoplasma_salivarium","Prevotella_nigrescens",1
"35705","Capnocytophaga_ochracea","Prevotella_nigrescens",1
"35710","Porphyromonas_uenonis","Prevotella_nigrescens",1
"35712","Selenomonas_sputigena","Prevotella_nigrescens",1
"35715","Bulleidia_extructa","Prevotella_nigrescens",1
"35717","Alloprevotella_tannerae","Prevotella_nigrescens",1
"35719","Actinomyces_georgiae","Prevotella_nigrescens",1
"35726","Prevotella_maculosa","Prevotella_nigrescens",1
"35735","Actinomyces_cardiffensis","Prevotella_nigrescens",1
"35744","Selenomonas_infelix","Prevotella_nigrescens",1
"35761","Cryptobacterium_curtum","Prevotella_nigrescens",1
"35772","Campylobacter_gracilis","Prevotella_nigrescens",1
"35774","Phocaeicola_abscessus","Prevotella_nigrescens",1
"35780","Rothia_aeria","Corynebacterium_matruchotii",1
"35787","Leptotrichia_buccalis","Corynebacterium_matruchotii",1
"35808","Dialister_invisus","Corynebacterium_matruchotii",1
"35811","Streptococcus_cristatus","Corynebacterium_matruchotii",1
"35821","Bergeyella_zoohelcum","Corynebacterium_matruchotii",1
"35831","Olsenella_uli","Corynebacterium_matruchotii",1
"35835","Rothia_dentocariosa","Corynebacterium_matruchotii",1
"35842","Corynebacterium_jeikeium","Corynebacterium_matruchotii",1
"35847","Campylobacter_curvus","Corynebacterium_matruchotii",1
"35850","Streptococcus_pneumoniae","Corynebacterium_matruchotii",1
"35851","Schwartzia_succinivorans","Corynebacterium_matruchotii",1
"35855","Lautropia_mirabilis","Corynebacterium_matruchotii",1
"35858","Actinomyces_gerencseriae","Corynebacterium_matruchotii",1
"35861","Selenomonas_noxia","Corynebacterium_matruchotii",1
"35879","Lachnoanaerobaculum_saburreum","Corynebacterium_matruchotii",1
"35881","Brachymonas_denitrificans","Corynebacterium_matruchotii",1
"35883","Streptococcus_gordonii","Corynebacterium_matruchotii",1
"35884","Leptotrichia_hofstadii","Corynebacterium_matruchotii",1
"35897","Tannerella_forsythia","Corynebacterium_matruchotii",1
"35899","Capnocytophaga_granulosa","Corynebacterium_matruchotii",1
"35904","Leptotrichia_hongkongensis","Corynebacterium_matruchotii",1
"35916","Cardiobacterium_valvarum","Corynebacterium_matruchotii",1
"35947","Pasteurella_pneumotropica","Corynebacterium_matruchotii",1
"35953","Treponema_lecithinolyticum","Corynebacterium_matruchotii",1
"35957","Treponema_socranskii","Corynebacterium_matruchotii",1
"35964","Mycoplasma_salivarium","Corynebacterium_matruchotii",1
"35971","Leptotrichia_shahii","Corynebacterium_matruchotii",1
"35972","Capnocytophaga_ochracea","Corynebacterium_matruchotii",1
"35986","Actinomyces_georgiae","Corynebacterium_matruchotii",1
"35993","Prevotella_maculosa","Corynebacterium_matruchotii",1
"36011","Selenomonas_infelix","Corynebacterium_matruchotii",1
"36014","Selenomonas_bovis","Corynebacterium_matruchotii",1
"36018","Neisseria_elongata","Corynebacterium_matruchotii",1
"36028","Cryptobacterium_curtum","Corynebacterium_matruchotii",1
"36039","Campylobacter_gracilis","Corynebacterium_matruchotii",1
"36046","Prevotella_nigrescens","Corynebacterium_matruchotii",1
"36048","Rothia_aeria","Eikenella_corrodens",1
"36055","Leptotrichia_buccalis","Eikenella_corrodens",1
"36062","Capnocytophaga_leadbetteri","Eikenella_corrodens",1
"36067","Eubacterium_yurii","Eikenella_corrodens",1
"36089","Bergeyella_zoohelcum","Eikenella_corrodens",1
"36095","Planobacterium_taklimakanense","Eikenella_corrodens",1
"36104","Mycoplasma_faucium","Eikenella_corrodens",1
"36115","Campylobacter_curvus","Eikenella_corrodens",1
"36118","Streptococcus_pneumoniae","Eikenella_corrodens",1
"36123","Lautropia_mirabilis","Eikenella_corrodens",1
"36128","Neisseria_shayeganii","Eikenella_corrodens",1
"36132","Haemophilus_parainfluenzae","Eikenella_corrodens",1
"36149","Brachymonas_denitrificans","Eikenella_corrodens",1
"36171","Soonwooa_buanensis","Eikenella_corrodens",1
"36216","Treponema_amylovorum","Eikenella_corrodens",1
"36218","Wolinella_succinogenes","Eikenella_corrodens",1
"36225","Treponema_socranskii","Eikenella_corrodens",1
"36239","Leptotrichia_shahii","Eikenella_corrodens",1
"36240","Capnocytophaga_ochracea","Eikenella_corrodens",1
"36272","Capnocytophaga_sputigena","Eikenella_corrodens",1
"36279","Selenomonas_infelix","Eikenella_corrodens",1
"36286","Neisseria_elongata","Eikenella_corrodens",1
"36301","Gemella_morbillorum","Eikenella_corrodens",1
"36336","Eubacterium_yurii","Parvimonas_micra",1
"36373","Mycoplasma_faucium","Parvimonas_micra",1
"36377","Prevotella_dentalis","Parvimonas_micra",1
"36380","Peptococcus_niger","Parvimonas_micra",1
"36382","Treponema_refringens","Parvimonas_micra",1
"36429","Fusobacterium_periodonticum","Parvimonas_micra",1
"36431","Sporanaerobacter_acetigenes","Parvimonas_micra",1
"36433","Campylobacter_showae","Parvimonas_micra",1
"36434","Tannerella_forsythia","Parvimonas_micra",1
"36498","Peptostreptococcus_stomatis","Parvimonas_micra",1
"36511","Gemella_sanguinis","Parvimonas_micra",1
"36519","Bulleidia_extructa","Parvimonas_micra",1
"36521","Alloprevotella_tannerae","Parvimonas_micra",1
"36535","Clostridium_aminobutyricum","Parvimonas_micra",1
"36539","Actinomyces_cardiffensis","Parvimonas_micra",1
"36546","Mycoplasma_orale","Parvimonas_micra",1
"36578","Phocaeicola_abscessus","Parvimonas_micra",1
"36585","Eikenella_corrodens","Parvimonas_micra",1
"36880","Prevotella_denticola","Scardovia_wiggsiae",1
"36910","Lactobacillus_johnsonii","Scardovia_wiggsiae",1
"36940","Bifidobacterium_dentium","Scardovia_wiggsiae",1
"36944","Streptococcus_sobrinus","Scardovia_wiggsiae",1
"36962","Leptotrichia_hofstadii","Scardovia_wiggsiae",1
"36982","Leptotrichia_hongkongensis","Scardovia_wiggsiae",1
"37040","Lactobacillus_reuteri","Scardovia_wiggsiae",1
"37069","Lactobacillus_salivarius","Scardovia_wiggsiae",1
"37095","Lactobacillus_fermentum","Scardovia_wiggsiae",1
"37106","Cryptobacterium_curtum","Scardovia_wiggsiae",1
"37131","Aggregatibacter_actinomycetemcomitans","Fusobacterium_nucleatum",1
"37136","Eubacterium_saphenum","Fusobacterium_nucleatum",1
"37137","Leptotrichia_buccalis","Fusobacterium_nucleatum",1
"37143","Prevotella_baroniae","Fusobacterium_nucleatum",1
"37146","Treponema_denticola","Fusobacterium_nucleatum",1
"37147","Eubacterium_brachy","Fusobacterium_nucleatum",1
"37148","Porphyromonas_endodontalis","Fusobacterium_nucleatum",1
"37149","Eubacterium_yurii","Fusobacterium_nucleatum",1
"37152","Prevotella_denticola","Fusobacterium_nucleatum",1
"37156","Actinomyces_oris","Fusobacterium_nucleatum",1
"37158","Dialister_invisus","Fusobacterium_nucleatum",1
"37160","Prevotella_enoeca","Fusobacterium_nucleatum",1
"37170","Actinomyces_meyeri","Fusobacterium_nucleatum",1
"37174","Actinobaculum_massiliense","Fusobacterium_nucleatum",1
"37176","Eubacterium_nodatum","Fusobacterium_nucleatum",1
"37178","Ornatilinea_apprima","Fusobacterium_nucleatum",1
"37180","Anaeroglobus_geminatus","Fusobacterium_nucleatum",1
"37181","Olsenella_uli","Fusobacterium_nucleatum",1
"37186","Mycoplasma_faucium","Fusobacterium_nucleatum",1
"37187","Mycoplasma_hyosynoviae","Fusobacterium_nucleatum",1
"37190","Prevotella_dentalis","Fusobacterium_nucleatum",1
"37193","Peptococcus_niger","Fusobacterium_nucleatum",1
"37196","Treponema_pedis","Fusobacterium_nucleatum",1
"37197","Campylobacter_curvus","Fusobacterium_nucleatum",1
"37201","Schwartzia_succinivorans","Fusobacterium_nucleatum",1
"37203","Prevotella_marshii","Fusobacterium_nucleatum",1
"37204","Treponema_parvum","Fusobacterium_nucleatum",1
"37208","Actinomyces_gerencseriae","Fusobacterium_nucleatum",1
"37211","Selenomonas_noxia","Fusobacterium_nucleatum",1
"37212","Bifidobacterium_dentium","Fusobacterium_nucleatum",1
"37215","Porphyromonas_gingivalis","Fusobacterium_nucleatum",1
"37222","Treponema_bryantii","Fusobacterium_nucleatum",1
"37224","Filifactor_alocis","Fusobacterium_nucleatum",1
"37226","Odoribacter_denticanis","Fusobacterium_nucleatum",1
"37231","Brachymonas_denitrificans","Fusobacterium_nucleatum",1
"37232","Prevotella_paludivivens","Fusobacterium_nucleatum",1
"37235","Bacteroides_zoogleoformans","Fusobacterium_nucleatum",1
"37240","Streptococcus_sanguinis","Fusobacterium_nucleatum",1
"37243","Eubacterium_minutum","Fusobacterium_nucleatum",1
"37247","Tannerella_forsythia","Fusobacterium_nucleatum",1
"37249","Capnocytophaga_granulosa","Fusobacterium_nucleatum",1
"37250","Neisseria_oralis","Fusobacterium_nucleatum",1
"37258","Slackia_exigua","Fusobacterium_nucleatum",1
"37261","Desulfovibrio_fairfieldensis","Fusobacterium_nucleatum",1
"37265","Desulfobulbus_propionicus","Fusobacterium_nucleatum",1
"37268","Prevotella_pleuritidis","Fusobacterium_nucleatum",1
"37270","Howardella_ureilytica","Fusobacterium_nucleatum",1
"37275","Parascardovia_denticolens","Fusobacterium_nucleatum",1
"37282","Desulfobulbus_rhabdoformis","Fusobacterium_nucleatum",1
"37287","Prevotella_oralis","Fusobacterium_nucleatum",1
"37298","Treponema_amylovorum","Fusobacterium_nucleatum",1
"37300","Wolinella_succinogenes","Fusobacterium_nucleatum",1
"37302","Shuttleworthia_satelles","Fusobacterium_nucleatum",1
"37303","Treponema_lecithinolyticum","Fusobacterium_nucleatum",1
"37306","Streptococcus_intermedius","Fusobacterium_nucleatum",1
"37307","Treponema_socranskii","Fusobacterium_nucleatum",1
"37308","Pyramidobacter_piscolens","Fusobacterium_nucleatum",1
"37309","Dialister_pneumosintes","Fusobacterium_nucleatum",1
"37314","Mycoplasma_salivarium","Fusobacterium_nucleatum",1
"37326","Prevotella_intermedia","Fusobacterium_nucleatum",1
"37329","Selenomonas_sputigena","Fusobacterium_nucleatum",1
"37332","Bulleidia_extructa","Fusobacterium_nucleatum",1
"37334","Alloprevotella_tannerae","Fusobacterium_nucleatum",1
"37336","Actinomyces_georgiae","Fusobacterium_nucleatum",1
"37343","Prevotella_maculosa","Fusobacterium_nucleatum",1
"37349","Porphyromonas_gulae","Fusobacterium_nucleatum",1
"37352","Actinomyces_cardiffensis","Fusobacterium_nucleatum",1
"37355","Propionibacterium_acnes","Fusobacterium_nucleatum",1
"37360","Treponema_medium","Fusobacterium_nucleatum",1
"37361","Selenomonas_infelix","Fusobacterium_nucleatum",1
"37362","Prevotella_corporis","Fusobacterium_nucleatum",1
"37371","Eggerthia_catenaformis","Fusobacterium_nucleatum",1
"37372","Clostridium_ultunense","Fusobacterium_nucleatum",1
"37388","Actinomyces_timonensis","Fusobacterium_nucleatum",1
"37389","Campylobacter_gracilis","Fusobacterium_nucleatum",1
"37391","Phocaeicola_abscessus","Fusobacterium_nucleatum",1
"37393","Campylobacter_rectus","Fusobacterium_nucleatum",1
"37395","Streptococcus_constellatus","Fusobacterium_nucleatum",1
"37396","Prevotella_nigrescens","Fusobacterium_nucleatum",1
"37398","Eikenella_corrodens","Fusobacterium_nucleatum",1
"37399","Parvimonas_micra","Fusobacterium_nucleatum",1
"37453","Anaeroglobus_geminatus","Prevotella_saccharolytica",1
"37478","Lautropia_mirabilis","Prevotella_saccharolytica",1
"37484","Selenomonas_noxia","Prevotella_saccharolytica",1
"37519","Campylobacter_showae","Prevotella_saccharolytica",1
"37522","Capnocytophaga_granulosa","Prevotella_saccharolytica",1
"37580","Treponema_socranskii","Prevotella_saccharolytica",1
"37595","Capnocytophaga_ochracea","Prevotella_saccharolytica",1
"37602","Selenomonas_sputigena","Prevotella_saccharolytica",1
"37616","Prevotella_maculosa","Prevotella_saccharolytica",1
"37624","Veillonella_parvula","Prevotella_saccharolytica",1
"37634","Selenomonas_infelix","Prevotella_saccharolytica",1
"37656","Gemella_morbillorum","Prevotella_saccharolytica",1
"37670","Corynebacterium_matruchotii","Prevotella_saccharolytica",1
"37671","Eikenella_corrodens","Prevotella_saccharolytica",1
"37675","Fusobacterium_nucleatum","Prevotella_saccharolytica",1
"37676","Veillonella_rogosae","Catonella_morbi",1
"37693","Treponema_denticola","Catonella_morbi",1
"37696","Eubacterium_yurii","Catonella_morbi",1
"37734","Mycoplasma_hyosynoviae","Catonella_morbi",1
"37740","Peptococcus_niger","Catonella_morbi",1
"37742","Treponema_refringens","Catonella_morbi",1
"37743","Treponema_pedis","Catonella_morbi",1
"37744","Campylobacter_curvus","Catonella_morbi",1
"37746","Mycoplasma_feliminutum","Catonella_morbi",1
"37755","Actinomyces_gerencseriae","Catonella_morbi",1
"37762","Porphyromonas_gingivalis","Catonella_morbi",1
"37769","Treponema_bryantii","Catonella_morbi",1
"37774","Bacteroides_heparinolyticus","Catonella_morbi",1
"37779","Prevotella_paludivivens","Catonella_morbi",1
"37782","Bacteroides_zoogleoformans","Catonella_morbi",1
"37789","Fusobacterium_periodonticum","Catonella_morbi",1
"37797","Neisseria_oralis","Catonella_morbi",1
"37824","Streptobacillus_moniliformis","Catonella_morbi",1
"37842","Anaerovorax_odorimutans","Catonella_morbi",1
"37845","Treponema_amylovorum","Catonella_morbi",1
"37847","Wolinella_succinogenes","Catonella_morbi",1
"37861","Mycoplasma_salivarium","Catonella_morbi",1
"37862","Mobiluncus_curtisii","Catonella_morbi",1
"37895","Clostridium_aminobutyricum","Catonella_morbi",1
"37903","Mobiluncus_mulieris","Catonella_morbi",1
"37906","Mycoplasma_orale","Catonella_morbi",1
"37916","Oribacterium_sinus","Catonella_morbi",1
"37922","Campylobacter_concisus","Catonella_morbi",1
"37940","Campylobacter_rectus","Catonella_morbi",1
"37949","Fusobacterium_nucleatum","Catonella_morbi",1
"38783","Rothia_aeria","Actinomyces_massiliensis",1
"38792","Actinomyces_odontolyticus","Actinomyces_massiliensis",1
"38797","Capnocytophaga_leadbetteri","Actinomyces_massiliensis",1
"38838","Rothia_dentocariosa","Actinomyces_massiliensis",1
"38858","Lautropia_mirabilis","Actinomyces_massiliensis",1
"38907","Leptotrichia_hongkongensis","Actinomyces_massiliensis",1
"39014","Selenomonas_infelix","Actinomyces_massiliensis",1
"39050","Corynebacterium_matruchotii","Actinomyces_massiliensis",1
"39066","Veillonella_dispar","Streptococcus_salivarius",1
"39071","Actinomyces_odontolyticus","Streptococcus_salivarius",1
"39096","Lachnoanaerobaculum_orale","Streptococcus_salivarius",1
"39105","Prevotella_salivae","Streptococcus_salivarius",1
"39117","Rothia_dentocariosa","Streptococcus_salivarius",1
"39160","Rothia_mucilaginosa","Streptococcus_salivarius",1
"39216","Streptococcus_parasanguinis","Streptococcus_salivarius",1
"39220","Actinomyces_graevenitzii","Streptococcus_salivarius",1
"39225","Atopobium_parvulum","Streptococcus_salivarius",1
"39271","Actinomyces_lingnae","Streptococcus_salivarius",1
"39283","Veillonella_parvula","Streptococcus_salivarius",1
"39307","Campylobacter_concisus","Streptococcus_salivarius",1
"39309","Megasphaera_micronuciformis","Streptococcus_salivarius",1
"39318","Veillonella_atypica","Streptococcus_salivarius",1
"39636","Prevotella_baroniae","Prevotella_buccae",1
"39639","Treponema_denticola","Prevotella_buccae",1
"39640","Eubacterium_brachy","Prevotella_buccae",1
"39641","Porphyromonas_endodontalis","Prevotella_buccae",1
"39645","Prevotella_denticola","Prevotella_buccae",1
"39653","Prevotella_enoeca","Prevotella_buccae",1
"39669","Eubacterium_nodatum","Prevotella_buccae",1
"39673","Anaeroglobus_geminatus","Prevotella_buccae",1
"39697","Treponema_parvum","Prevotella_buccae",1
"39751","Slackia_exigua","Prevotella_buccae",1
"39761","Prevotella_pleuritidis","Prevotella_buccae",1
"39800","Treponema_socranskii","Prevotella_buccae",1
"39802","Dialister_pneumosintes","Prevotella_buccae",1
"39819","Prevotella_intermedia","Prevotella_buccae",1
"39822","Selenomonas_sputigena","Prevotella_buccae",1
"39827","Alloprevotella_tannerae","Prevotella_buccae",1
"39845","Actinomyces_cardiffensis","Prevotella_buccae",1
"39884","Phocaeicola_abscessus","Prevotella_buccae",1
"39888","Streptococcus_constellatus","Prevotella_buccae",1
"39889","Prevotella_nigrescens","Prevotella_buccae",1
"39894","Scardovia_wiggsiae","Prevotella_buccae",1
"39895","Fusobacterium_nucleatum","Prevotella_buccae",1
"39912","Leptotrichia_buccalis","Fusobacterium_russii",1
"39975","Streptococcus_pneumoniae","Fusobacterium_russii",1
"40052","Streptobacillus_moniliformis","Fusobacterium_russii",1
"40064","Alloprevotella_rava","Fusobacterium_russii",1
"40119","Haemophilus_influenzae","Fusobacterium_russii",1
"40148","Granulicatella_elegans","Fusobacterium_russii",1
"40476","Veillonella_dispar","Alloscardovia_omnicolens",1
"40515","Prevotella_salivae","Alloscardovia_omnicolens",1
"40554","Bifidobacterium_dentium","Alloscardovia_omnicolens",1
"40630","Actinomyces_graevenitzii","Alloscardovia_omnicolens",1
"40635","Atopobium_parvulum","Alloscardovia_omnicolens",1
"40681","Actinomyces_lingnae","Alloscardovia_omnicolens",1
"40709","Lactobacillus_fermentum","Alloscardovia_omnicolens",1
"40719","Megasphaera_micronuciformis","Alloscardovia_omnicolens",1
"41624","Eubacterium_saphenum","Pseudoramibacter_alactolyticus",1
"41631","Prevotella_baroniae","Pseudoramibacter_alactolyticus",1
"41640","Prevotella_denticola","Pseudoramibacter_alactolyticus",1
"41664","Eubacterium_nodatum","Pseudoramibacter_alactolyticus",1
"41700","Bifidobacterium_dentium","Pseudoramibacter_alactolyticus",1
"41703","Porphyromonas_gingivalis","Pseudoramibacter_alactolyticus",1
"41717","Lachnoanaerobaculum_saburreum","Pseudoramibacter_alactolyticus",1
"41735","Tannerella_forsythia","Pseudoramibacter_alactolyticus",1
"41758","Howardella_ureilytica","Pseudoramibacter_alactolyticus",1
"41763","Parascardovia_denticolens","Pseudoramibacter_alactolyticus",1
"41775","Prevotella_oralis","Pseudoramibacter_alactolyticus",1
"41790","Shuttleworthia_satelles","Pseudoramibacter_alactolyticus",1
"41817","Selenomonas_sputigena","Pseudoramibacter_alactolyticus",1
"41866","Cryptobacterium_curtum","Pseudoramibacter_alactolyticus",1
"41887","Parvimonas_micra","Pseudoramibacter_alactolyticus",1
"41889","Scardovia_wiggsiae","Pseudoramibacter_alactolyticus",1
"41890","Fusobacterium_nucleatum","Pseudoramibacter_alactolyticus",1
"41899","Prevotella_buccae","Pseudoramibacter_alactolyticus",1
"41920","Prevotella_baroniae","Mogibacterium_timidum",1
"41923","Treponema_denticola","Mogibacterium_timidum",1
"41924","Eubacterium_brachy","Mogibacterium_timidum",1
"41925","Porphyromonas_endodontalis","Mogibacterium_timidum",1
"41957","Anaeroglobus_geminatus","Mogibacterium_timidum",1
"41962","Rothia_dentocariosa","Mogibacterium_timidum",1
"41967","Prevotella_dentalis","Mogibacterium_timidum",1
"41978","Schwartzia_succinivorans","Mogibacterium_timidum",1
"41981","Treponema_parvum","Mogibacterium_timidum",1
"41992","Porphyromonas_gingivalis","Mogibacterium_timidum",1
"42001","Filifactor_alocis","Mogibacterium_timidum",1
"42020","Eubacterium_minutum","Mogibacterium_timidum",1
"42024","Tannerella_forsythia","Mogibacterium_timidum",1
"42035","Slackia_exigua","Mogibacterium_timidum",1
"42045","Prevotella_pleuritidis","Mogibacterium_timidum",1
"42075","Treponema_amylovorum","Mogibacterium_timidum",1
"42079","Shuttleworthia_satelles","Mogibacterium_timidum",1
"42080","Treponema_lecithinolyticum","Mogibacterium_timidum",1
"42086","Dialister_pneumosintes","Mogibacterium_timidum",1
"42088","Peptostreptococcus_stomatis","Mogibacterium_timidum",1
"42111","Alloprevotella_tannerae","Mogibacterium_timidum",1
"42137","Treponema_medium","Mogibacterium_timidum",1
"42173","Prevotella_nigrescens","Mogibacterium_timidum",1
"42176","Parvimonas_micra","Mogibacterium_timidum",1
"42179","Fusobacterium_nucleatum","Mogibacterium_timidum",1
"42201","Veillonella_dispar","Streptococcus_mutans",1
"42219","Prevotella_denticola","Streptococcus_mutans",1
"42249","Lactobacillus_johnsonii","Streptococcus_mutans",1
"42252","Rothia_dentocariosa","Streptococcus_mutans",1
"42307","Streptococcus_sanguinis","Streptococcus_mutans",1
"42321","Leptotrichia_hongkongensis","Streptococcus_mutans",1
"42340","Propionibacterium_acidifaciens","Streptococcus_mutans",1
"42379","Lactobacillus_reuteri","Streptococcus_mutans",1
"42408","Lactobacillus_salivarius","Streptococcus_mutans",1
"42425","Lactobacillus_vaginalis","Streptococcus_mutans",1
"42434","Lactobacillus_fermentum","Streptococcus_mutans",1
"42468","Scardovia_wiggsiae","Streptococcus_mutans",1
"42492","Veillonella_dispar","Streptococcus_thermophilus",1
"42497","Actinomyces_odontolyticus","Streptococcus_thermophilus",1
"42522","Lachnoanaerobaculum_orale","Streptococcus_thermophilus",1
"42531","Prevotella_salivae","Streptococcus_thermophilus",1
"42543","Rothia_dentocariosa","Streptococcus_thermophilus",1
"42566","Actinomyces_gerencseriae","Streptococcus_thermophilus",1
"42570","Bifidobacterium_dentium","Streptococcus_thermophilus",1
"42586","Rothia_mucilaginosa","Streptococcus_thermophilus",1
"42598","Streptococcus_sanguinis","Streptococcus_thermophilus",1
"42642","Streptococcus_parasanguinis","Streptococcus_thermophilus",1
"42651","Atopobium_parvulum","Streptococcus_thermophilus",1
"42670","Lactobacillus_reuteri","Streptococcus_thermophilus",1
"42697","Actinomyces_lingnae","Streptococcus_thermophilus",1
"42733","Campylobacter_concisus","Streptococcus_thermophilus",1
"42735","Megasphaera_micronuciformis","Streptococcus_thermophilus",1
"42744","Veillonella_atypica","Streptococcus_thermophilus",1
"42767","Streptococcus_salivarius","Streptococcus_thermophilus",1
"42772","Alloscardovia_omnicolens","Streptococcus_thermophilus",1
"42780","Rothia_aeria","Propionibacterium_propionicum",1
"42799","Eubacterium_yurii","Propionibacterium_propionicum",1
"42855","Lautropia_mirabilis","Propionibacterium_propionicum",1
"42890","Streptococcus_sanguinis","Propionibacterium_propionicum",1
"42900","Neisseria_oralis","Propionibacterium_propionicum",1
"42910","Streptococcus_oralis","Propionibacterium_propionicum",1
"42916","Cardiobacterium_valvarum","Propionibacterium_propionicum",1
"42971","Leptotrichia_shahii","Propionibacterium_propionicum",1
"43011","Selenomonas_infelix","Propionibacterium_propionicum",1
"43018","Neisseria_elongata","Propionibacterium_propionicum",1
"43052","Fusobacterium_nucleatum","Propionibacterium_propionicum",1
"43374","Leptotrichia_buccalis","Treponema_pectinovorum",1
"43385","Porphyromonas_endodontalis","Treponema_pectinovorum",1
"43563","Prevotella_intermedia","Treponema_pectinovorum",1
"43580","Prevotella_maculosa","Treponema_pectinovorum",1
"43639","Fusobacterium_nucleatum","Treponema_pectinovorum",1
"43641","Catonella_morbi","Treponema_pectinovorum",1
"43661","Veillonella_rogosae","Neisseria_flavescens",1
"43676","Capnocytophaga_leadbetteri","Neisseria_flavescens",1
"43737","Lautropia_mirabilis","Neisseria_flavescens",1
"43746","Haemophilus_parainfluenzae","Neisseria_flavescens",1
"43778","Campylobacter_showae","Neisseria_flavescens",1
"43856","Gemella_sanguinis","Neisseria_flavescens",1
"43886","Capnocytophaga_sputigena","Neisseria_flavescens",1
"43900","Neisseria_elongata","Neisseria_flavescens",1
"43917","Haemophilus_sputorum","Neisseria_flavescens",1
"43962","Veillonella_dispar","Streptococcus_anginosus",1
"43975","Eubacterium_brachy","Streptococcus_anginosus",1
"43980","Prevotella_denticola","Streptococcus_anginosus",1
"43986","Dialister_invisus","Streptococcus_anginosus",1
"44009","Olsenella_uli","Streptococcus_anginosus",1
"44010","Lactobacillus_johnsonii","Streptococcus_anginosus",1
"44011","Prevotella_veroralis","Streptococcus_anginosus",1
"44028","Streptococcus_pneumoniae","Streptococcus_anginosus",1
"44040","Bifidobacterium_dentium","Streptococcus_anginosus",1
"44082","Leptotrichia_hongkongensis","Streptococcus_anginosus",1
"44098","Howardella_ureilytica","Streptococcus_anginosus",1
"44140","Lactobacillus_reuteri","Streptococcus_anginosus",1
"44150","Capnocytophaga_ochracea","Streptococcus_anginosus",1
"44157","Selenomonas_sputigena","Streptococcus_anginosus",1
"44186","Lactobacillus_vaginalis","Streptococcus_anginosus",1
"44192","Selenomonas_bovis","Streptococcus_anginosus",1
"44217","Campylobacter_gracilis","Streptococcus_anginosus",1
"44223","Streptococcus_constellatus","Streptococcus_anginosus",1
"44224","Prevotella_nigrescens","Streptococcus_anginosus",1
"44227","Parvimonas_micra","Streptococcus_anginosus",1
"44229","Scardovia_wiggsiae","Streptococcus_anginosus",1
"44230","Fusobacterium_nucleatum","Streptococcus_anginosus",1
"44262","Leptotrichia_buccalis","Leptotrichia_trevisanii",1
"44328","Prevotella_marshii","Leptotrichia_trevisanii",1
"44336","Selenomonas_noxia","Leptotrichia_trevisanii",1
"44375","Neisseria_oralis","Leptotrichia_trevisanii",1
"44379","Leptotrichia_hongkongensis","Leptotrichia_trevisanii",1
"44446","Leptotrichia_shahii","Leptotrichia_trevisanii",1
"44447","Capnocytophaga_ochracea","Leptotrichia_trevisanii",1
"44454","Selenomonas_sputigena","Leptotrichia_trevisanii",1
"44528","Prevotella_saccharolytica","Leptotrichia_trevisanii",1
"44547","Propionibacterium_propionicum","Leptotrichia_trevisanii",1
"44825","Fusobacterium_nucleatum","Treponema_putidum",1
"44856","Veillonella_dispar","Leptotrichia_wadei",1
"44867","Prevotella_pallens","Leptotrichia_wadei",1
"44886","Lachnoanaerobaculum_orale","Leptotrichia_wadei",1
"44890","Propionigenium_maris","Leptotrichia_wadei",1
"44895","Prevotella_salivae","Leptotrichia_wadei",1
"44905","Prevotella_veroralis","Leptotrichia_wadei",1
"44934","Bifidobacterium_dentium","Leptotrichia_wadei",1
"44976","Leptotrichia_hongkongensis","Leptotrichia_wadei",1
"44995","Propionibacterium_acidifaciens","Leptotrichia_wadei",1
"45001","Selenomonas_ruminantium","Leptotrichia_wadei",1
"45085","Leptotrichia_goodfellowii","Leptotrichia_wadei",1
"45086","Selenomonas_bovis","Leptotrichia_wadei",1
"45097","Campylobacter_concisus","Leptotrichia_wadei",1
"45099","Megasphaera_micronuciformis","Leptotrichia_wadei",1
"45108","Veillonella_atypica","Leptotrichia_wadei",1
"45136","Alloscardovia_omnicolens","Leptotrichia_wadei",1
"45149","Leptotrichia_trevisanii","Leptotrichia_wadei",1
"45152","Rothia_aeria","Streptococcus_mitis",1
"45199","Planobacterium_taklimakanense","Streptococcus_mitis",1
"45222","Streptococcus_pneumoniae","Streptococcus_mitis",1
"45255","Streptococcus_gordonii","Streptococcus_mitis",1
"45262","Streptococcus_sanguinis","Streptococcus_mitis",1
"45276","Leptotrichia_hongkongensis","Streptococcus_mitis",1
"45277","Gemella_haemolysans","Streptococcus_mitis",1
"45278","Gemella_palaticanis","Streptococcus_mitis",1
"45282","Streptococcus_oralis","Streptococcus_mitis",1
"45360","Streptococcus_oligofermentans","Streptococcus_mitis",1
"45395","Granulicatella_elegans","Streptococcus_mitis",1
"45404","Abiotrophia_defectiva","Streptococcus_mitis",1
"45407","Haemophilus_sputorum","Streptococcus_mitis",1
"45449","Leptotrichia_trevisanii","Streptococcus_mitis",1
"45457","Veillonella_dispar","Dialister_micraerophilus",1
"45496","Prevotella_salivae","Dialister_micraerophilus",1
"45611","Actinomyces_graevenitzii","Dialister_micraerophilus",1
"45616","Atopobium_parvulum","Dialister_micraerophilus",1
"45662","Actinomyces_lingnae","Dialister_micraerophilus",1
"45700","Megasphaera_micronuciformis","Dialister_micraerophilus",1
"45768","Prevotella_baroniae","Prevotella_oris",1
"45772","Eubacterium_brachy","Prevotella_oris",1
"45773","Porphyromonas_endodontalis","Prevotella_oris",1
"45777","Prevotella_denticola","Prevotella_oris",1
"45783","Dialister_invisus","Prevotella_oris",1
"45799","Actinobaculum_massiliense","Prevotella_oris",1
"45801","Eubacterium_nodatum","Prevotella_oris",1
"45805","Anaeroglobus_geminatus","Prevotella_oris",1
"45806","Olsenella_uli","Prevotella_oris",1
"45810","Rothia_dentocariosa","Prevotella_oris",1
"45815","Prevotella_dentalis","Prevotella_oris",1
"45822","Campylobacter_curvus","Prevotella_oris",1
"45826","Schwartzia_succinivorans","Prevotella_oris",1
"45828","Prevotella_marshii","Prevotella_oris",1
"45829","Treponema_parvum","Prevotella_oris",1
"45833","Actinomyces_gerencseriae","Prevotella_oris",1
"45836","Selenomonas_noxia","Prevotella_oris",1
"45837","Bifidobacterium_dentium","Prevotella_oris",1
"45847","Treponema_bryantii","Prevotella_oris",1
"45849","Filifactor_alocis","Prevotella_oris",1
"45854","Lachnoanaerobaculum_saburreum","Prevotella_oris",1
"45864","Peptoniphilus_lacrimalis","Prevotella_oris",1
"45879","Leptotrichia_hongkongensis","Prevotella_oris",1
"45883","Slackia_exigua","Prevotella_oris",1
"45887","Prevotella_multisaccharivorax","Prevotella_oris",1
"45890","Desulfobulbus_propionicus","Prevotella_oris",1
"45895","Howardella_ureilytica","Prevotella_oris",1
"45900","Parascardovia_denticolens","Prevotella_oris",1
"45904","Selenomonas_ruminantium","Prevotella_oris",1
"45912","Prevotella_oralis","Prevotella_oris",1
"45923","Treponema_amylovorum","Prevotella_oris",1
"45927","Shuttleworthia_satelles","Prevotella_oris",1
"45928","Treponema_lecithinolyticum","Prevotella_oris",1
"45931","Streptococcus_intermedius","Prevotella_oris",1
"45932","Treponema_socranskii","Prevotella_oris",1
"45934","Dialister_pneumosintes","Prevotella_oris",1
"45935","Selenomonas_flueggei","Prevotella_oris",1
"45937","Lactobacillus_reuteri","Prevotella_oris",1
"45939","Mycoplasma_salivarium","Prevotella_oris",1
"45947","Capnocytophaga_ochracea","Prevotella_oris",1
"45952","Porphyromonas_uenonis","Prevotella_oris",1
"45954","Selenomonas_sputigena","Prevotella_oris",1
"45957","Bulleidia_extructa","Prevotella_oris",1
"45959","Alloprevotella_tannerae","Prevotella_oris",1
"45966","Lactobacillus_salivarius","Prevotella_oris",1
"45968","Prevotella_maculosa","Prevotella_oris",1
"45983","Lactobacillus_vaginalis","Prevotella_oris",1
"45985","Treponema_medium","Prevotella_oris",1
"45986","Selenomonas_infelix","Prevotella_oris",1
"45989","Selenomonas_bovis","Prevotella_oris",1
"45996","Eggerthia_catenaformis","Prevotella_oris",1
"46003","Cryptobacterium_curtum","Prevotella_oris",1
"46004","Prevotella_timonensis","Prevotella_oris",1
"46014","Campylobacter_gracilis","Prevotella_oris",1
"46016","Phocaeicola_abscessus","Prevotella_oris",1
"46020","Streptococcus_constellatus","Prevotella_oris",1
"46021","Prevotella_nigrescens","Prevotella_oris",1
"46022","Corynebacterium_matruchotii","Prevotella_oris",1
"46026","Scardovia_wiggsiae","Prevotella_oris",1
"46027","Fusobacterium_nucleatum","Prevotella_oris",1
"46036","Prevotella_buccae","Prevotella_oris",1
"46043","Pseudoramibacter_alactolyticus","Prevotella_oris",1
"46045","Streptococcus_mutans","Prevotella_oris",1
"46049","Treponema_pectinovorum","Prevotella_oris",1
"46051","Streptococcus_anginosus","Prevotella_oris",1
"46361","Veillonella_rogosae","Porphyromonas_catoniae",1
"46382","Prevotella_shahii","Porphyromonas_catoniae",1
"46395","Moraxella_lacunata","Porphyromonas_catoniae",1
"46409","Planobacterium_taklimakanense","Porphyromonas_catoniae",1
"46427","Treponema_refringens","Porphyromonas_catoniae",1
"46446","Haemophilus_parainfluenzae","Porphyromonas_catoniae",1
"46455","Bacteroides_intestinalis","Porphyromonas_catoniae",1
"46474","Fusobacterium_periodonticum","Porphyromonas_catoniae",1
"46487","Gemella_haemolysans","Porphyromonas_catoniae",1
"46488","Gemella_palaticanis","Porphyromonas_catoniae",1
"46531","Prevotella_nanceiensis","Porphyromonas_catoniae",1
"46543","Peptostreptococcus_stomatis","Porphyromonas_catoniae",1
"46551","Prevotella_aurantiaca","Porphyromonas_catoniae",1
"46556","Gemella_sanguinis","Porphyromonas_catoniae",1
"46586","Capnocytophaga_sputigena","Porphyromonas_catoniae",1
"46591","Mycoplasma_orale","Porphyromonas_catoniae",1
"46602","Solobacterium_moorei","Porphyromonas_catoniae",1
"46605","Granulicatella_elegans","Porphyromonas_catoniae",1
"46617","Haemophilus_sputorum","Porphyromonas_catoniae",1
"46657","Neisseria_flavescens","Porphyromonas_catoniae",1
"46939","Fusobacterium_nucleatum","Fusobacterium_canifelinum",1
"46973","Rothia_aeria","Aggregatibacter_aphrophilus",1
"46980","Leptotrichia_buccalis","Aggregatibacter_aphrophilus",1
"46985","Neisseria_sicca","Aggregatibacter_aphrophilus",1
"47018","Mannheimia_granulomatis","Aggregatibacter_aphrophilus",1
"47031","Azospira_oryzae","Aggregatibacter_aphrophilus",1
"47043","Streptococcus_pneumoniae","Aggregatibacter_aphrophilus",1
"47048","Lautropia_mirabilis","Aggregatibacter_aphrophilus",1
"47093","Neisseria_oralis","Aggregatibacter_aphrophilus",1
"47109","Cardiobacterium_valvarum","Aggregatibacter_aphrophilus",1
"47165","Capnocytophaga_ochracea","Aggregatibacter_aphrophilus",1
"47211","Neisseria_elongata","Aggregatibacter_aphrophilus",1
"47228","Haemophilus_sputorum","Aggregatibacter_aphrophilus",1
"47241","Eikenella_corrodens","Aggregatibacter_aphrophilus",1
"47245","Fusobacterium_nucleatum","Aggregatibacter_aphrophilus",1
"47270","Leptotrichia_trevisanii","Aggregatibacter_aphrophilus",1
"47282","Butyrivibrio_hungatei","Lachnoanaerobaculum_umeaense",1
"47300","Prevotella_shahii","Lachnoanaerobaculum_umeaense",1
"47343","Peptococcus_niger","Lachnoanaerobaculum_umeaense",1
"47345","Treponema_refringens","Lachnoanaerobaculum_umeaense",1
"47392","Fusobacterium_periodonticum","Lachnoanaerobaculum_umeaense",1
"47461","Peptostreptococcus_stomatis","Lachnoanaerobaculum_umeaense",1
"47469","Prevotella_aurantiaca","Lachnoanaerobaculum_umeaense",1
"47474","Gemella_sanguinis","Lachnoanaerobaculum_umeaense",1
"47506","Mobiluncus_mulieris","Lachnoanaerobaculum_umeaense",1
"47519","Oribacterium_sinus","Lachnoanaerobaculum_umeaense",1
"47584","Porphyromonas_catoniae","Lachnoanaerobaculum_umeaense",1
"47605","Eubacterium_brachy","Eubacterium_infirmum",1
"47606","Porphyromonas_endodontalis","Eubacterium_infirmum",1
"47616","Dialister_invisus","Eubacterium_infirmum",1
"47618","Prevotella_enoeca","Eubacterium_infirmum",1
"47693","Bacteroides_zoogleoformans","Eubacterium_infirmum",1
"47705","Tannerella_forsythia","Eubacterium_infirmum",1
"47765","Treponema_socranskii","Eubacterium_infirmum",1
"47767","Dialister_pneumosintes","Eubacterium_infirmum",1
"47787","Selenomonas_sputigena","Eubacterium_infirmum",1
"47790","Bulleidia_extructa","Eubacterium_infirmum",1
"47857","Parvimonas_micra","Eubacterium_infirmum",1
"47877","Mogibacterium_timidum","Eubacterium_infirmum",1
"47890","Prevotella_oris","Eubacterium_infirmum",1
"47972","Lautropia_mirabilis","Neisseria_mucosa",1
"48207","Rothia_aeria","Neisseria_dentiae",1
"48282","Lautropia_mirabilis","Neisseria_dentiae",1
"48327","Neisseria_oralis","Neisseria_dentiae",1
"48602","Haemophilus_parainfluenzae","Haemophilus_pittmaniae",1
"48630","Fusobacterium_periodonticum","Haemophilus_pittmaniae",1
"48813","Neisseria_flavescens","Haemophilus_pittmaniae",1
"48837","Leptotrichia_buccalis","Prevotella_micans",1
"48846","Treponema_denticola","Prevotella_micans",1
"48848","Porphyromonas_endodontalis","Prevotella_micans",1
"48860","Prevotella_enoeca","Prevotella_micans",1
"48905","Lautropia_mirabilis","Prevotella_micans",1
"48924","Filifactor_alocis","Prevotella_micans",1
"48987","Prevotella_oralis","Prevotella_micans",1
"48998","Treponema_amylovorum","Prevotella_micans",1
"49007","Treponema_socranskii","Prevotella_micans",1
"49026","Prevotella_intermedia","Prevotella_micans",1
"49029","Selenomonas_sputigena","Prevotella_micans",1
"49043","Prevotella_maculosa","Prevotella_micans",1
"49060","Treponema_medium","Prevotella_micans",1
"49063","Leptotrichia_goodfellowii","Prevotella_micans",1
"49097","Corynebacterium_matruchotii","Prevotella_micans",1
"49099","Parvimonas_micra","Prevotella_micans",1
"49102","Fusobacterium_nucleatum","Prevotella_micans",1
"49103","Prevotella_saccharolytica","Prevotella_micans",1
"49126","Streptococcus_anginosus","Prevotella_micans",1
"49132","Prevotella_oris","Prevotella_micans",1
"49149","Eubacterium_saphenum","Treponema_succinifaciens",1
"49156","Prevotella_baroniae","Treponema_succinifaciens",1
"49159","Treponema_denticola","Treponema_succinifaciens",1
"49161","Porphyromonas_endodontalis","Treponema_succinifaciens",1
"49171","Dialister_invisus","Treponema_succinifaciens",1
"49189","Eubacterium_nodatum","Treponema_succinifaciens",1
"49228","Porphyromonas_gingivalis","Treponema_succinifaciens",1
"49237","Filifactor_alocis","Treponema_succinifaciens",1
"49311","Treponema_amylovorum","Treponema_succinifaciens",1
"49339","Prevotella_intermedia","Treponema_succinifaciens",1
"49373","Treponema_medium","Treponema_succinifaciens",1
"49411","Eikenella_corrodens","Treponema_succinifaciens",1
"49415","Fusobacterium_nucleatum","Treponema_succinifaciens",1
"49648","Leptotrichia_shahii","Kingella_denitrificans",1
"49871","Lachnoanaerobaculum_saburreum","Veillonella_denticariosi",1
"49993","Veillonella_parvula","Veillonella_denticariosi",1
"50088","Rothia_aeria","Corynebacterium_durum",1
"50143","Rothia_dentocariosa","Corynebacterium_durum",1
"50163","Lautropia_mirabilis","Corynebacterium_durum",1
"50191","Streptococcus_gordonii","Corynebacterium_durum",1
"50280","Capnocytophaga_ochracea","Corynebacterium_durum",1
"50340","Abiotrophia_defectiva","Corynebacterium_durum",1
"50355","Corynebacterium_matruchotii","Corynebacterium_durum",1
"50366","Actinomyces_massiliensis","Corynebacterium_durum",1
"50409","Veillonella_dispar","Neisseria_bacilliformis",1
"50460","Rothia_dentocariosa","Neisseria_bacilliformis",1
"50515","Streptococcus_sanguinis","Neisseria_bacilliformis",1
"50727","Veillonella_dispar","Kingella_oralis",1
"50798","Lautropia_mirabilis","Kingella_oralis",1
"50847","Leptotrichia_hongkongensis","Kingella_oralis",1
"50899","Streptococcus_intermedius","Kingella_oralis",1
"50934","Lactobacillus_salivarius","Kingella_oralis",1
"50944","Veillonella_parvula","Kingella_oralis",1
"50991","Eikenella_corrodens","Kingella_oralis",1
"51013","Streptococcus_mutans","Kingella_oralis",1
"51019","Streptococcus_anginosus","Kingella_oralis",1
"51025","Prevotella_oris","Kingella_oralis",1
"51039","Corynebacterium_durum","Kingella_oralis",1
"51042","Rothia_aeria","Cardiobacterium_hominis",1
"51054","Neisseria_sicca","Cardiobacterium_hominis",1
"51056","Capnocytophaga_leadbetteri","Cardiobacterium_hominis",1
"51083","Bergeyella_zoohelcum","Cardiobacterium_hominis",1
"51084","Actinomyces_bowdenii","Cardiobacterium_hominis",1
"51086","Actinobaculum_massiliense","Cardiobacterium_hominis",1
"51089","Planobacterium_taklimakanense","Cardiobacterium_hominis",1
"51113","Schwartzia_succinivorans","Cardiobacterium_hominis",1
"51117","Lautropia_mirabilis","Cardiobacterium_hominis",1
"51143","Brachymonas_denitrificans","Cardiobacterium_hominis",1
"51152","Streptococcus_sanguinis","Cardiobacterium_hominis",1
"51159","Tannerella_forsythia","Cardiobacterium_hominis",1
"51161","Capnocytophaga_granulosa","Cardiobacterium_hominis",1
"51162","Neisseria_oralis","Cardiobacterium_hominis",1
"51166","Leptotrichia_hongkongensis","Cardiobacterium_hominis",1
"51275","Leptotrichia_goodfellowii","Cardiobacterium_hominis",1
"51280","Neisseria_elongata","Cardiobacterium_hominis",1
"51295","Gemella_morbillorum","Cardiobacterium_hominis",1
"51297","Haemophilus_sputorum","Cardiobacterium_hominis",1
"51310","Eikenella_corrodens","Cardiobacterium_hominis",1
"51314","Fusobacterium_nucleatum","Cardiobacterium_hominis",1
"51315","Prevotella_saccharolytica","Cardiobacterium_hominis",1
"51327","Staphylococcus_epidermidis","Cardiobacterium_hominis",1
"51334","Propionibacterium_propionicum","Cardiobacterium_hominis",1
"51348","Aggregatibacter_aphrophilus","Cardiobacterium_hominis",1
"51352","Neisseria_dentiae","Cardiobacterium_hominis",1
"51358","Corynebacterium_durum","Cardiobacterium_hominis",1
"51369","Leptotrichia_buccalis","Fretibacterium_fastidiosum",1
"51379","Eubacterium_brachy","Fretibacterium_fastidiosum",1
"51380","Porphyromonas_endodontalis","Fretibacterium_fastidiosum",1
"51384","Prevotella_denticola","Fretibacterium_fastidiosum",1
"51390","Dialister_invisus","Fretibacterium_fastidiosum",1
"51392","Prevotella_enoeca","Fretibacterium_fastidiosum",1
"51402","Actinomyces_meyeri","Fretibacterium_fastidiosum",1
"51410","Ornatilinea_apprima","Fretibacterium_fastidiosum",1
"51418","Mycoplasma_faucium","Fretibacterium_fastidiosum",1
"51428","Treponema_pedis","Fretibacterium_fastidiosum",1
"51433","Schwartzia_succinivorans","Fretibacterium_fastidiosum",1
"51435","Prevotella_marshii","Fretibacterium_fastidiosum",1
"51436","Treponema_parvum","Fretibacterium_fastidiosum",1
"51447","Porphyromonas_gingivalis","Fretibacterium_fastidiosum",1
"51454","Treponema_bryantii","Fretibacterium_fastidiosum",1
"51456","Filifactor_alocis","Fretibacterium_fastidiosum",1
"51464","Prevotella_paludivivens","Fretibacterium_fastidiosum",1
"51472","Streptococcus_sanguinis","Fretibacterium_fastidiosum",1
"51475","Eubacterium_minutum","Fretibacterium_fastidiosum",1
"51479","Tannerella_forsythia","Fretibacterium_fastidiosum",1
"51490","Slackia_exigua","Fretibacterium_fastidiosum",1
"51493","Desulfovibrio_fairfieldensis","Fretibacterium_fastidiosum",1
"51497","Desulfobulbus_propionicus","Fretibacterium_fastidiosum",1
"51498","Cardiobacterium_valvarum","Fretibacterium_fastidiosum",1
"51500","Prevotella_pleuritidis","Fretibacterium_fastidiosum",1
"51514","Desulfobulbus_rhabdoformis","Fretibacterium_fastidiosum",1
"51530","Treponema_amylovorum","Fretibacterium_fastidiosum",1
"51532","Wolinella_succinogenes","Fretibacterium_fastidiosum",1
"51534","Shuttleworthia_satelles","Fretibacterium_fastidiosum",1
"51540","Pyramidobacter_piscolens","Fretibacterium_fastidiosum",1
"51546","Mycoplasma_salivarium","Fretibacterium_fastidiosum",1
"51554","Capnocytophaga_ochracea","Fretibacterium_fastidiosum",1
"51558","Prevotella_intermedia","Fretibacterium_fastidiosum",1
"51560","Prevotella_fusca","Fretibacterium_fastidiosum",1
"51561","Selenomonas_sputigena","Fretibacterium_fastidiosum",1
"51566","Alloprevotella_tannerae","Fretibacterium_fastidiosum",1
"51580","Clostridium_aminobutyricum","Fretibacterium_fastidiosum",1
"51581","Porphyromonas_gulae","Fretibacterium_fastidiosum",1
"51593","Selenomonas_infelix","Fretibacterium_fastidiosum",1
"51604","Clostridium_ultunense","Fretibacterium_fastidiosum",1
"51612","Atopobium_vaginae","Fretibacterium_fastidiosum",1
"51621","Campylobacter_gracilis","Fretibacterium_fastidiosum",1
"51623","Phocaeicola_abscessus","Fretibacterium_fastidiosum",1
"51627","Streptococcus_constellatus","Fretibacterium_fastidiosum",1
"51629","Corynebacterium_matruchotii","Fretibacterium_fastidiosum",1
"51631","Parvimonas_micra","Fretibacterium_fastidiosum",1
"51634","Fusobacterium_nucleatum","Fretibacterium_fastidiosum",1
"51636","Catonella_morbi","Fretibacterium_fastidiosum",1
"51656","Treponema_pectinovorum","Fretibacterium_fastidiosum",1
"51658","Streptococcus_anginosus","Fretibacterium_fastidiosum",1
"51660","Treponema_putidum","Fretibacterium_fastidiosum",1
"51664","Prevotella_oris","Fretibacterium_fastidiosum",1
"51675","Treponema_succinifaciens","Fretibacterium_fastidiosum",1
"51692","Actinomyces_odontolyticus","Streptococcus_peroris",1
"51781","Rothia_mucilaginosa","Streptococcus_peroris",1
"51786","Streptococcus_gordonii","Streptococcus_peroris",1
"51813","Streptococcus_oralis","Streptococcus_peroris",1
"51983","Streptococcus_mitis","Streptococcus_peroris",1
"52027","Prevotella_denticola","Olsenella_profusa",1
"52033","Dialister_invisus","Olsenella_profusa",1
"52055","Anaeroglobus_geminatus","Olsenella_profusa",1
"52076","Schwartzia_succinivorans","Olsenella_profusa",1
"52086","Selenomonas_noxia","Olsenella_profusa",1
"52104","Lachnoanaerobaculum_saburreum","Olsenella_profusa",1
"52115","Streptococcus_sanguinis","Olsenella_profusa",1
"52137","Prevotella_multisaccharivorax","Olsenella_profusa",1
"52150","Parascardovia_denticolens","Olsenella_profusa",1
"52162","Prevotella_oralis","Olsenella_profusa",1
"52204","Selenomonas_sputigena","Olsenella_profusa",1
"52209","Alloprevotella_tannerae","Olsenella_profusa",1
"52253","Cryptobacterium_curtum","Olsenella_profusa",1
"52264","Campylobacter_gracilis","Olsenella_profusa",1
"52271","Prevotella_nigrescens","Olsenella_profusa",1
"52272","Corynebacterium_matruchotii","Olsenella_profusa",1
"52273","Eikenella_corrodens","Olsenella_profusa",1
"52277","Fusobacterium_nucleatum","Olsenella_profusa",1
"52304","Leptotrichia_wadei","Olsenella_profusa",1
"52307","Prevotella_oris","Olsenella_profusa",1
"52317","Prevotella_micans","Olsenella_profusa",1
"52656","Veillonella_dispar","Lactobacillus_gasseri",1
"52674","Prevotella_denticola","Lactobacillus_gasseri",1
"52707","Rothia_dentocariosa","Lactobacillus_gasseri",1
"52734","Bifidobacterium_dentium","Lactobacillus_gasseri",1
"52797","Parascardovia_denticolens","Lactobacillus_gasseri",1
"52806","Streptococcus_parasanguinis","Lactobacillus_gasseri",1
"52815","Atopobium_parvulum","Lactobacillus_gasseri",1
"52873","Veillonella_parvula","Lactobacillus_gasseri",1
"52942","Streptococcus_mutans","Lactobacillus_gasseri",1
"52954","Prevotella_oris","Lactobacillus_gasseri",1
"53307","Veillonella_dispar","Selenomonas_artemidis",1
"53370","Campylobacter_curvus","Selenomonas_artemidis",1
"53378","Lautropia_mirabilis","Selenomonas_artemidis",1
"53384","Selenomonas_noxia","Selenomonas_artemidis",1
"53402","Lachnoanaerobaculum_saburreum","Selenomonas_artemidis",1
"53413","Streptococcus_sanguinis","Selenomonas_artemidis",1
"53502","Selenomonas_sputigena","Selenomonas_artemidis",1
"53534","Selenomonas_infelix","Selenomonas_artemidis",1
"53556","Gemella_morbillorum","Selenomonas_artemidis",1
"53569","Prevotella_nigrescens","Selenomonas_artemidis",1
"53570","Corynebacterium_matruchotii","Selenomonas_artemidis",1
"53575","Fusobacterium_nucleatum","Selenomonas_artemidis",1
"53605","Prevotella_oris","Selenomonas_artemidis",1
"53619","Corynebacterium_durum","Selenomonas_artemidis",1
"53621","Kingella_oralis","Selenomonas_artemidis",1
"53630","Rothia_aeria","Streptococcus_infantis",1
"53685","Rothia_dentocariosa","Streptococcus_infantis",1
"53700","Streptococcus_pneumoniae","Streptococcus_infantis",1
"53728","Rothia_mucilaginosa","Streptococcus_infantis",1
"53740","Streptococcus_sanguinis","Streptococcus_infantis",1
"53755","Gemella_haemolysans","Streptococcus_infantis",1
"53760","Streptococcus_oralis","Streptococcus_infantis",1
"53934","Porphyromonas_catoniae","Streptococcus_infantis",1
"53962","Veillonella_dispar","Prevotella_histicola",1
"53967","Actinomyces_odontolyticus","Prevotella_histicola",1
"53973","Prevotella_pallens","Prevotella_histicola",1
"53992","Lachnoanaerobaculum_orale","Prevotella_histicola",1
"54001","Prevotella_salivae","Prevotella_histicola",1
"54011","Prevotella_veroralis","Prevotella_histicola",1
"54044","Streptococcus_sobrinus","Prevotella_histicola",1
"54057","Lachnoanaerobaculum_saburreum","Prevotella_histicola",1
"54103","Parascardovia_denticolens","Prevotella_histicola",1
"54107","Selenomonas_ruminantium","Prevotella_histicola",1
"54112","Streptococcus_parasanguinis","Prevotella_histicola",1
"54116","Actinomyces_graevenitzii","Prevotella_histicola",1
"54117","Alloprevotella_rava","Prevotella_histicola",1
"54121","Atopobium_parvulum","Prevotella_histicola",1
"54138","Selenomonas_flueggei","Prevotella_histicola",1
"54167","Actinomyces_lingnae","Prevotella_histicola",1
"54169","Lactobacillus_salivarius","Prevotella_histicola",1
"54192","Selenomonas_bovis","Prevotella_histicola",1
"54195","Lactobacillus_fermentum","Prevotella_histicola",1
"54203","Campylobacter_concisus","Prevotella_histicola",1
"54204","Prevotella_melaninogenica","Prevotella_histicola",1
"54205","Megasphaera_micronuciformis","Prevotella_histicola",1
"54206","Cryptobacterium_curtum","Prevotella_histicola",1
"54214","Veillonella_atypica","Prevotella_histicola",1
"54237","Streptococcus_salivarius","Prevotella_histicola",1
"54242","Alloscardovia_omnicolens","Prevotella_histicola",1
"54248","Streptococcus_mutans","Prevotella_histicola",1
"54249","Streptococcus_thermophilus","Prevotella_histicola",1
"54257","Leptotrichia_wadei","Prevotella_histicola",1
"54259","Dialister_micraerophilus","Prevotella_histicola",1
"54282","Lactobacillus_gasseri","Prevotella_histicola",1
"54287","Rothia_aeria","Aggregatibacter_segnis",1
"54299","Neisseria_sicca","Aggregatibacter_segnis",1
"54306","Eubacterium_yurii","Aggregatibacter_segnis",1
"54311","Haemophilus_haemoglobinophilus","Aggregatibacter_segnis",1
"54328","Bergeyella_zoohelcum","Aggregatibacter_segnis",1
"54332","Mannheimia_granulomatis","Aggregatibacter_segnis",1
"54362","Lautropia_mirabilis","Aggregatibacter_segnis",1
"54391","Leptotrichia_hofstadii","Aggregatibacter_segnis",1
"54406","Capnocytophaga_granulosa","Aggregatibacter_segnis",1
"54407","Neisseria_oralis","Aggregatibacter_segnis",1
"54410","Soonwooa_buanensis","Aggregatibacter_segnis",1
"54420","Streptococcus_sinensis","Aggregatibacter_segnis",1
"54423","Cardiobacterium_valvarum","Aggregatibacter_segnis",1
"54455","Treponema_amylovorum","Aggregatibacter_segnis",1
"54457","Wolinella_succinogenes","Aggregatibacter_segnis",1
"54464","Treponema_socranskii","Aggregatibacter_segnis",1
"54479","Capnocytophaga_ochracea","Aggregatibacter_segnis",1
"54501","Haemophilus_influenzae","Aggregatibacter_segnis",1
"54518","Selenomonas_infelix","Aggregatibacter_segnis",1
"54525","Neisseria_elongata","Aggregatibacter_segnis",1
"54539","Abiotrophia_defectiva","Aggregatibacter_segnis",1
"54540","Gemella_morbillorum","Aggregatibacter_segnis",1
"54542","Haemophilus_sputorum","Aggregatibacter_segnis",1
"54554","Corynebacterium_matruchotii","Aggregatibacter_segnis",1
"54559","Fusobacterium_nucleatum","Aggregatibacter_segnis",1
"54560","Prevotella_saccharolytica","Aggregatibacter_segnis",1
"54581","Treponema_pectinovorum","Aggregatibacter_segnis",1
"54589","Prevotella_oris","Aggregatibacter_segnis",1
"54601","Kingella_denitrificans","Aggregatibacter_segnis",1
"54603","Corynebacterium_durum","Aggregatibacter_segnis",1
"54952","Veillonella_dispar","Streptococcus_suis",1
"55051","Streptococcus_gordonii","Streptococcus_suis",1
"55111","Atopobium_parvulum","Streptococcus_suis",1
"55157","Actinomyces_lingnae","Streptococcus_suis",1
"55227","Streptococcus_salivarius","Streptococcus_suis",1
"55239","Streptococcus_thermophilus","Streptococcus_suis",1
"55630","Eubacterium_brachy","Ruminofilibacter_xylanolyticum",1
"55632","Eubacterium_yurii","Ruminofilibacter_xylanolyticum",1
"55641","Dialister_invisus","Ruminofilibacter_xylanolyticum",1
"55730","Tannerella_forsythia","Ruminofilibacter_xylanolyticum",1
"55790","Treponema_socranskii","Ruminofilibacter_xylanolyticum",1
"55805","Capnocytophaga_ochracea","Ruminofilibacter_xylanolyticum",1
"55812","Selenomonas_sputigena","Ruminofilibacter_xylanolyticum",1
"55872","Campylobacter_gracilis","Ruminofilibacter_xylanolyticum",1
"55885","Fusobacterium_nucleatum","Ruminofilibacter_xylanolyticum",1
"56288","Eubacterium_saphenum","Prevotella_multiformis",1
"56295","Prevotella_baroniae","Prevotella_multiformis",1
"56299","Eubacterium_brachy","Prevotella_multiformis",1
"56304","Prevotella_denticola","Prevotella_multiformis",1
"56310","Dialister_invisus","Prevotella_multiformis",1
"56312","Prevotella_enoeca","Prevotella_multiformis",1
"56332","Anaeroglobus_geminatus","Prevotella_multiformis",1
"56333","Olsenella_uli","Prevotella_multiformis",1
"56367","Porphyromonas_gingivalis","Prevotella_multiformis",1
"56376","Filifactor_alocis","Prevotella_multiformis",1
"56481","Selenomonas_sputigena","Prevotella_multiformis",1
"56486","Alloprevotella_tannerae","Prevotella_multiformis",1
"56513","Selenomonas_infelix","Prevotella_multiformis",1
"56543","Phocaeicola_abscessus","Prevotella_multiformis",1
"56547","Streptococcus_constellatus","Prevotella_multiformis",1
"56548","Prevotella_nigrescens","Prevotella_multiformis",1
"56563","Prevotella_buccae","Prevotella_multiformis",1
"56571","Mogibacterium_timidum","Prevotella_multiformis",1
"56578","Streptococcus_anginosus","Prevotella_multiformis",1
"56584","Prevotella_oris","Prevotella_multiformis",1
"56602","Fretibacterium_fastidiosum","Prevotella_multiformis",1
"56618","Rothia_aeria","Neisseria_canis",1
"56625","Leptotrichia_buccalis","Neisseria_canis",1
"56632","Capnocytophaga_leadbetteri","Neisseria_canis",1
"56693","Lautropia_mirabilis","Neisseria_canis",1
"56728","Streptococcus_sanguinis","Neisseria_canis",1
"56737","Capnocytophaga_granulosa","Neisseria_canis",1
"56754","Cardiobacterium_valvarum","Neisseria_canis",1
"56810","Capnocytophaga_ochracea","Neisseria_canis",1
"56849","Selenomonas_infelix","Neisseria_canis",1
"56885","Corynebacterium_matruchotii","Neisseria_canis",1
"56890","Fusobacterium_nucleatum","Neisseria_canis",1
"56920","Prevotella_oris","Neisseria_canis",1
"56934","Corynebacterium_durum","Neisseria_canis",1
"56937","Cardiobacterium_hominis","Neisseria_canis",1
"56947","Aggregatibacter_segnis","Neisseria_canis",1
"56977","Prevotella_denticola","Centipeda_periodontii",1
"56983","Dialister_invisus","Centipeda_periodontii",1
"56998","Prevotella_salivae","Centipeda_periodontii",1
"57154","Selenomonas_sputigena","Centipeda_periodontii",1
"57159","Alloprevotella_tannerae","Centipeda_periodontii",1
"57194","Oribacterium_sinus","Centipeda_periodontii",1
"57200","Campylobacter_concisus","Centipeda_periodontii",1
"57202","Megasphaera_micronuciformis","Centipeda_periodontii",1
"57221","Prevotella_nigrescens","Centipeda_periodontii",1
"57227","Fusobacterium_nucleatum","Centipeda_periodontii",1
"57251","Streptococcus_anginosus","Centipeda_periodontii",1
"57254","Leptotrichia_wadei","Centipeda_periodontii",1
"57310","Eubacterium_brachy","Actinomyces_israelii",1
"57315","Prevotella_denticola","Actinomyces_israelii",1
"57321","Dialister_invisus","Actinomyces_israelii",1
"57374","Selenomonas_noxia","Actinomyces_israelii",1
"57396","Streptococcus_gordonii","Actinomyces_israelii",1
"57403","Streptococcus_sanguinis","Actinomyces_israelii",1
"57410","Tannerella_forsythia","Actinomyces_israelii",1
"57470","Treponema_socranskii","Actinomyces_israelii",1
"57485","Capnocytophaga_ochracea","Actinomyces_israelii",1
"57492","Selenomonas_sputigena","Actinomyces_israelii",1
"57552","Campylobacter_gracilis","Actinomyces_israelii",1
"57559","Prevotella_nigrescens","Actinomyces_israelii",1
"57560","Corynebacterium_matruchotii","Actinomyces_israelii",1
"57562","Parvimonas_micra","Actinomyces_israelii",1
"57565","Fusobacterium_nucleatum","Actinomyces_israelii",1
"57595","Prevotella_oris","Actinomyces_israelii",1
"57632","Rothia_aeria","Actinomyces_naeslundii",1
"57636","Veillonella_dispar","Actinomyces_naeslundii",1
"57639","Leptotrichia_buccalis","Actinomyces_naeslundii",1
"57660","Dialister_invisus","Actinomyces_naeslundii",1
"57687","Rothia_dentocariosa","Actinomyces_naeslundii",1
"57707","Lautropia_mirabilis","Actinomyces_naeslundii",1
"57731","Lachnoanaerobaculum_saburreum","Actinomyces_naeslundii",1
"57735","Streptococcus_gordonii","Actinomyces_naeslundii",1
"57742","Streptococcus_sanguinis","Actinomyces_naeslundii",1
"57756","Leptotrichia_hongkongensis","Actinomyces_naeslundii",1
"57768","Cardiobacterium_valvarum","Actinomyces_naeslundii",1
"57824","Capnocytophaga_ochracea","Actinomyces_naeslundii",1
"57853","Veillonella_parvula","Actinomyces_naeslundii",1
"57891","Campylobacter_gracilis","Actinomyces_naeslundii",1
"57898","Prevotella_nigrescens","Actinomyces_naeslundii",1
"57910","Actinomyces_massiliensis","Actinomyces_naeslundii",1
"57922","Streptococcus_mutans","Actinomyces_naeslundii",1
"57923","Streptococcus_thermophilus","Actinomyces_naeslundii",1
"57932","Streptococcus_mitis","Actinomyces_naeslundii",1
"57934","Prevotella_oris","Actinomyces_naeslundii",1
"57948","Corynebacterium_durum","Actinomyces_naeslundii",1
"57951","Cardiobacterium_hominis","Actinomyces_naeslundii",1
"58655","Rothia_aeria","Streptococcus_lactarius",1
"58739","Haemophilus_parainfluenzae","Streptococcus_lactarius",1
"58753","Rothia_mucilaginosa","Streptococcus_lactarius",1
"58765","Streptococcus_sanguinis","Streptococcus_lactarius",1
"58894","Oribacterium_sinus","Streptococcus_lactarius",1
"59012","Capnocytophaga_leadbetteri","Capnocytophaga_gingivalis",1
"59039","Bergeyella_zoohelcum","Capnocytophaga_gingivalis",1
"59110","Fusobacterium_periodonticum","Capnocytophaga_gingivalis",1
"59115","Tannerella_forsythia","Capnocytophaga_gingivalis",1
"59117","Capnocytophaga_granulosa","Capnocytophaga_gingivalis",1
"59266","Eikenella_corrodens","Capnocytophaga_gingivalis",1
"59270","Fusobacterium_nucleatum","Capnocytophaga_gingivalis",1
"59290","Propionibacterium_propionicum","Capnocytophaga_gingivalis",1
"59317","Cardiobacterium_hominis","Capnocytophaga_gingivalis",1
"59342","Rothia_aeria","Prevotella_loescheii",1
"59349","Leptotrichia_buccalis","Prevotella_loescheii",1
"59356","Capnocytophaga_leadbetteri","Prevotella_loescheii",1
"59360","Porphyromonas_endodontalis","Prevotella_loescheii",1
"59361","Eubacterium_yurii","Prevotella_loescheii",1
"59364","Prevotella_denticola","Prevotella_loescheii",1
"59370","Dialister_invisus","Prevotella_loescheii",1
"59383","Bergeyella_zoohelcum","Prevotella_loescheii",1
"59392","Anaeroglobus_geminatus","Prevotella_loescheii",1
"59413","Schwartzia_succinivorans","Prevotella_loescheii",1
"59417","Lautropia_mirabilis","Prevotella_loescheii",1
"59422","Neisseria_shayeganii","Prevotella_loescheii",1
"59423","Selenomonas_noxia","Prevotella_loescheii",1
"59441","Lachnoanaerobaculum_saburreum","Prevotella_loescheii",1
"59459","Tannerella_forsythia","Prevotella_loescheii",1
"59461","Capnocytophaga_granulosa","Prevotella_loescheii",1
"59478","Cardiobacterium_valvarum","Prevotella_loescheii",1
"59489","Streptobacillus_moniliformis","Prevotella_loescheii",1
"59519","Treponema_socranskii","Prevotella_loescheii",1
"59572","Treponema_medium","Prevotella_loescheii",1
"59595","Gemella_morbillorum","Prevotella_loescheii",1
"59601","Campylobacter_gracilis","Prevotella_loescheii",1
"59614","Fusobacterium_nucleatum","Prevotella_loescheii",1
"59624","Fusobacterium_russii","Prevotella_loescheii",1
"59636","Treponema_pectinovorum","Prevotella_loescheii",1
"59644","Prevotella_oris","Prevotella_loescheii",1
"59647","Fusobacterium_canifelinum","Prevotella_loescheii",1
"59658","Corynebacterium_durum","Prevotella_loescheii",1
"59661","Cardiobacterium_hominis","Prevotella_loescheii",1
"59662","Fretibacterium_fastidiosum","Prevotella_loescheii",1
"59664","Olsenella_profusa","Prevotella_loescheii",1
"59671","Aggregatibacter_segnis","Prevotella_loescheii",1
"59681","Actinomyces_naeslundii","Prevotella_loescheii",1
"59762","Lautropia_mirabilis","Bergeriella_denitrificans",1
"59806","Capnocytophaga_granulosa","Bergeriella_denitrificans",1
"59879","Capnocytophaga_ochracea","Bergeriella_denitrificans",1
"59954","Corynebacterium_matruchotii","Bergeriella_denitrificans",1
"60051","Porphyromonas_endodontalis","Paludibacter_propionicigenes",1
"60061","Dialister_invisus","Paludibacter_propionicigenes",1
"60305","Fusobacterium_nucleatum","Paludibacter_propionicigenes",1
"60395","Prevotella_pallens","Veillonella_tobetsuensis",1
"60492","Fusobacterium_periodonticum","Veillonella_tobetsuensis",1
"60601","Veillonella_parvula","Veillonella_tobetsuensis",1
"60625","Campylobacter_concisus","Veillonella_tobetsuensis",1
"60626","Prevotella_melaninogenica","Veillonella_tobetsuensis",1
"60732","Veillonella_dispar","Prevotella_oulorum",1
"60743","Prevotella_pallens","Prevotella_oulorum",1
"60756","Dialister_invisus","Prevotella_oulorum",1
"60762","Lachnoanaerobaculum_orale","Prevotella_oulorum",1
"60771","Prevotella_salivae","Prevotella_oulorum",1
"60781","Prevotella_veroralis","Prevotella_oulorum",1
"60827","Lachnoanaerobaculum_saburreum","Prevotella_oulorum",1
"60852","Leptotrichia_hongkongensis","Prevotella_oulorum",1
"60877","Selenomonas_ruminantium","Prevotella_oulorum",1
"60891","Atopobium_parvulum","Prevotella_oulorum",1
"60905","Treponema_socranskii","Prevotella_oulorum",1
"60908","Selenomonas_flueggei","Prevotella_oulorum",1
"60927","Selenomonas_sputigena","Prevotella_oulorum",1
"60941","Prevotella_maculosa","Prevotella_oulorum",1
"60956","Lactobacillus_vaginalis","Prevotella_oulorum",1
"60959","Selenomonas_infelix","Prevotella_oulorum",1
"60961","Leptotrichia_goodfellowii","Prevotella_oulorum",1
"60962","Selenomonas_bovis","Prevotella_oulorum",1
"60973","Campylobacter_concisus","Prevotella_oulorum",1
"60974","Prevotella_melaninogenica","Prevotella_oulorum",1
"60975","Megasphaera_micronuciformis","Prevotella_oulorum",1
"60987","Campylobacter_gracilis","Prevotella_oulorum",1
"61024","Streptococcus_anginosus","Prevotella_oulorum",1
"61027","Leptotrichia_wadei","Prevotella_oulorum",1
"61052","Lactobacillus_gasseri","Prevotella_oulorum",1
"61056","Prevotella_histicola","Prevotella_oulorum",1
"61433","Eubacterium_saphenum","Atopobium_rimae",1
"61444","Eubacterium_brachy","Atopobium_rimae",1
"61449","Prevotella_denticola","Atopobium_rimae",1
"61455","Dialister_invisus","Atopobium_rimae",1
"61477","Anaeroglobus_geminatus","Atopobium_rimae",1
"61478","Olsenella_uli","Atopobium_rimae",1
"61479","Lactobacillus_johnsonii","Atopobium_rimae",1
"61494","Campylobacter_curvus","Atopobium_rimae",1
"61498","Schwartzia_succinivorans","Atopobium_rimae",1
"61500","Prevotella_marshii","Atopobium_rimae",1
"61501","Treponema_parvum","Atopobium_rimae",1
"61509","Bifidobacterium_dentium","Atopobium_rimae",1
"61521","Filifactor_alocis","Atopobium_rimae",1
"61536","Peptoniphilus_lacrimalis","Atopobium_rimae",1
"61537","Streptococcus_sanguinis","Atopobium_rimae",1
"61555","Slackia_exigua","Atopobium_rimae",1
"61558","Desulfovibrio_fairfieldensis","Atopobium_rimae",1
"61567","Howardella_ureilytica","Atopobium_rimae",1
"61572","Parascardovia_denticolens","Atopobium_rimae",1
"61584","Prevotella_oralis","Atopobium_rimae",1
"61600","Treponema_lecithinolyticum","Atopobium_rimae",1
"61603","Streptococcus_intermedius","Atopobium_rimae",1
"61604","Treponema_socranskii","Atopobium_rimae",1
"61606","Dialister_pneumosintes","Atopobium_rimae",1
"61609","Lactobacillus_reuteri","Atopobium_rimae",1
"61611","Mycoplasma_salivarium","Atopobium_rimae",1
"61618","Leptotrichia_shahii","Atopobium_rimae",1
"61626","Selenomonas_sputigena","Atopobium_rimae",1
"61629","Bulleidia_extructa","Atopobium_rimae",1
"61648","Veillonella_parvula","Atopobium_rimae",1
"61655","Lactobacillus_vaginalis","Atopobium_rimae",1
"61657","Treponema_medium","Atopobium_rimae",1
"61658","Selenomonas_infelix","Atopobium_rimae",1
"61675","Cryptobacterium_curtum","Atopobium_rimae",1
"61692","Streptococcus_constellatus","Atopobium_rimae",1
"61693","Prevotella_nigrescens","Atopobium_rimae",1
"61696","Parvimonas_micra","Atopobium_rimae",1
"61698","Scardovia_wiggsiae","Atopobium_rimae",1
"61699","Fusobacterium_nucleatum","Atopobium_rimae",1
"61723","Streptococcus_anginosus","Atopobium_rimae",1
"61729","Prevotella_oris","Atopobium_rimae",1
"61735","Eubacterium_infirmum","Atopobium_rimae",1
"61751","Lactobacillus_gasseri","Atopobium_rimae",1
"61762","Prevotella_multiformis","Atopobium_rimae",1
"61765","Actinomyces_israelii","Atopobium_rimae",1
"61771","Prevotella_loescheii","Atopobium_rimae",1
"62152","Prevotella_denticola","Scardovia_inopinata",1
"62432","Prevotella_oris","Scardovia_inopinata",1
"62480","Atopobium_rimae","Scardovia_inopinata",1
"62490","Leptotrichia_buccalis","Selenomonas_dianae",1
"62496","Prevotella_baroniae","Selenomonas_dianae",1
"62499","Treponema_denticola","Selenomonas_dianae",1
"62501","Porphyromonas_endodontalis","Selenomonas_dianae",1
"62505","Prevotella_denticola","Selenomonas_dianae",1
"62511","Dialister_invisus","Selenomonas_dianae",1
"62533","Anaeroglobus_geminatus","Selenomonas_dianae",1
"62554","Schwartzia_succinivorans","Selenomonas_dianae",1
"62556","Prevotella_marshii","Selenomonas_dianae",1
"62564","Selenomonas_noxia","Selenomonas_dianae",1
"62577","Filifactor_alocis","Selenomonas_dianae",1
"62585","Prevotella_paludivivens","Selenomonas_dianae",1
"62600","Tannerella_forsythia","Selenomonas_dianae",1
"62607","Leptotrichia_hongkongensis","Selenomonas_dianae",1
"62619","Cardiobacterium_valvarum","Selenomonas_dianae",1
"62640","Prevotella_oralis","Selenomonas_dianae",1
"62660","Treponema_socranskii","Selenomonas_dianae",1
"62662","Dialister_pneumosintes","Selenomonas_dianae",1
"62664","Peptostreptococcus_stomatis","Selenomonas_dianae",1
"62675","Capnocytophaga_ochracea","Selenomonas_dianae",1
"62682","Selenomonas_sputigena","Selenomonas_dianae",1
"62696","Prevotella_maculosa","Selenomonas_dianae",1
"62713","Treponema_medium","Selenomonas_dianae",1
"62714","Selenomonas_infelix","Selenomonas_dianae",1
"62716","Leptotrichia_goodfellowii","Selenomonas_dianae",1
"62724","Eggerthia_catenaformis","Selenomonas_dianae",1
"62742","Campylobacter_gracilis","Selenomonas_dianae",1
"62749","Prevotella_nigrescens","Selenomonas_dianae",1
"62750","Corynebacterium_matruchotii","Selenomonas_dianae",1
"62751","Eikenella_corrodens","Selenomonas_dianae",1
"62755","Fusobacterium_nucleatum","Selenomonas_dianae",1
"62756","Prevotella_saccharolytica","Selenomonas_dianae",1
"62757","Catonella_morbi","Selenomonas_dianae",1
"62771","Pseudoramibacter_alactolyticus","Selenomonas_dianae",1
"62779","Streptococcus_anginosus","Selenomonas_dianae",1
"62782","Leptotrichia_wadei","Selenomonas_dianae",1
"62785","Prevotella_oris","Selenomonas_dianae",1
"62802","Cardiobacterium_hominis","Selenomonas_dianae",1
"62803","Fretibacterium_fastidiosum","Selenomonas_dianae",1
"62820","Centipeda_periodontii","Selenomonas_dianae",1
"62827","Prevotella_loescheii","Selenomonas_dianae",1
"62831","Prevotella_oulorum","Selenomonas_dianae",1
"62837","Rothia_aeria","Streptococcus_pseudopneumoniae",1
"63209","Eubacterium_brachy","Treponema_maltophilum",1
"63210","Porphyromonas_endodontalis","Treponema_maltophilum",1
"63220","Dialister_invisus","Treponema_maltophilum",1
"63222","Prevotella_enoeca","Treponema_maltophilum",1
"63240","Ornatilinea_apprima","Treponema_maltophilum",1
"63242","Anaeroglobus_geminatus","Treponema_maltophilum",1
"63243","Olsenella_uli","Treponema_maltophilum",1
"63252","Prevotella_dentalis","Treponema_maltophilum",1
"63258","Treponema_pedis","Treponema_maltophilum",1
"63263","Schwartzia_succinivorans","Treponema_maltophilum",1
"63265","Prevotella_marshii","Treponema_maltophilum",1
"63286","Filifactor_alocis","Treponema_maltophilum",1
"63309","Tannerella_forsythia","Treponema_maltophilum",1
"63311","Capnocytophaga_granulosa","Treponema_maltophilum",1
"63316","Leptotrichia_hongkongensis","Treponema_maltophilum",1
"63320","Slackia_exigua","Treponema_maltophilum",1
"63323","Desulfovibrio_fairfieldensis","Treponema_maltophilum",1
"63327","Desulfobulbus_propionicus","Treponema_maltophilum",1
"63339","Streptobacillus_moniliformis","Treponema_maltophilum",1
"63349","Prevotella_oralis","Treponema_maltophilum",1
"63362","Wolinella_succinogenes","Treponema_maltophilum",1
"63364","Shuttleworthia_satelles","Treponema_maltophilum",1
"63365","Treponema_lecithinolyticum","Treponema_maltophilum",1
"63369","Treponema_socranskii","Treponema_maltophilum",1
"63371","Dialister_pneumosintes","Treponema_maltophilum",1
"63384","Capnocytophaga_ochracea","Treponema_maltophilum",1
"63388","Prevotella_intermedia","Treponema_maltophilum",1
"63391","Selenomonas_sputigena","Treponema_maltophilum",1
"63394","Bulleidia_extructa","Treponema_maltophilum",1
"63396","Alloprevotella_tannerae","Treponema_maltophilum",1
"63414","Actinomyces_cardiffensis","Treponema_maltophilum",1
"63434","Clostridium_ultunense","Treponema_maltophilum",1
"63451","Campylobacter_gracilis","Treponema_maltophilum",1
"63453","Phocaeicola_abscessus","Treponema_maltophilum",1
"63455","Campylobacter_rectus","Treponema_maltophilum",1
"63459","Corynebacterium_matruchotii","Treponema_maltophilum",1
"63464","Fusobacterium_nucleatum","Treponema_maltophilum",1
"63465","Prevotella_saccharolytica","Treponema_maltophilum",1
"63473","Prevotella_buccae","Treponema_maltophilum",1
"63486","Treponema_pectinovorum","Treponema_maltophilum",1
"63488","Streptococcus_anginosus","Treponema_maltophilum",1
"63490","Treponema_putidum","Treponema_maltophilum",1
"63494","Prevotella_oris","Treponema_maltophilum",1
"63500","Eubacterium_infirmum","Treponema_maltophilum",1
"63504","Prevotella_micans","Treponema_maltophilum",1
"63511","Cardiobacterium_hominis","Treponema_maltophilum",1
"63512","Fretibacterium_fastidiosum","Treponema_maltophilum",1
"63525","Ruminofilibacter_xylanolyticum","Treponema_maltophilum",1
"63527","Prevotella_multiformis","Treponema_maltophilum",1
"63536","Prevotella_loescheii","Treponema_maltophilum",1
"63545","Selenomonas_dianae","Treponema_maltophilum",1
"63561","Prevotella_baroniae","Treponema_vincentii",1
"63564","Treponema_denticola","Treponema_vincentii",1
"63566","Porphyromonas_endodontalis","Treponema_vincentii",1
"63611","Peptococcus_niger","Treponema_vincentii",1
"63622","Treponema_parvum","Treponema_vincentii",1
"63642","Filifactor_alocis","Treponema_vincentii",1
"63665","Tannerella_forsythia","Treponema_vincentii",1
"63725","Treponema_socranskii","Treponema_vincentii",1
"63744","Prevotella_intermedia","Treponema_vincentii",1
"63747","Selenomonas_sputigena","Treponema_vincentii",1
"63752","Alloprevotella_tannerae","Treponema_vincentii",1
"63772","Capnocytophaga_sputigena","Treponema_vincentii",1
"63778","Treponema_medium","Treponema_vincentii",1
"63814","Prevotella_nigrescens","Treponema_vincentii",1
"63820","Fusobacterium_nucleatum","Treponema_vincentii",1
"63850","Prevotella_oris","Treponema_vincentii",1
"63868","Fretibacterium_fastidiosum","Treponema_vincentii",1
"63914","Actinomyces_odontolyticus","Butyrivibrio_proteoclasticus",1
"63920","Prevotella_pallens","Butyrivibrio_proteoclasticus",1
"64068","Atopobium_parvulum","Butyrivibrio_proteoclasticus",1
"64086","Peptostreptococcus_stomatis","Butyrivibrio_proteoclasticus",1
"64150","Campylobacter_concisus","Butyrivibrio_proteoclasticus",1
"64388","Gemella_haemolysans","Haemophilus_haemolyticus",1
"64466","Haemophilus_parahaemolyticus","Haemophilus_haemolyticus",1
"64477","Haemophilus_influenzae","Haemophilus_haemolyticus",1
"64506","Granulicatella_elegans","Haemophilus_haemolyticus",1
"64563","Streptococcus_mitis","Haemophilus_haemolyticus",1
"64989","Leptotrichia_buccalis","Johnsonella_ignava",1
"64996","Capnocytophaga_leadbetteri","Johnsonella_ignava",1
"64998","Treponema_denticola","Johnsonella_ignava",1
"64999","Eubacterium_brachy","Johnsonella_ignava",1
"65000","Porphyromonas_endodontalis","Johnsonella_ignava",1
"65001","Eubacterium_yurii","Johnsonella_ignava",1
"65012","Prevotella_enoeca","Johnsonella_ignava",1
"65022","Actinomyces_meyeri","Johnsonella_ignava",1
"65028","Eubacterium_nodatum","Johnsonella_ignava",1
"65045","Peptococcus_niger","Johnsonella_ignava",1
"65057","Lautropia_mirabilis","Johnsonella_ignava",1
"65063","Selenomonas_noxia","Johnsonella_ignava",1
"65067","Porphyromonas_gingivalis","Johnsonella_ignava",1
"65076","Filifactor_alocis","Johnsonella_ignava",1
"65099","Tannerella_forsythia","Johnsonella_ignava",1
"65101","Capnocytophaga_granulosa","Johnsonella_ignava",1
"65150","Treponema_amylovorum","Johnsonella_ignava",1
"65155","Treponema_lecithinolyticum","Johnsonella_ignava",1
"65159","Treponema_socranskii","Johnsonella_ignava",1
"65161","Dialister_pneumosintes","Johnsonella_ignava",1
"65174","Capnocytophaga_ochracea","Johnsonella_ignava",1
"65181","Selenomonas_sputigena","Johnsonella_ignava",1
"65186","Alloprevotella_tannerae","Johnsonella_ignava",1
"65212","Treponema_medium","Johnsonella_ignava",1
"65241","Campylobacter_gracilis","Johnsonella_ignava",1
"65243","Phocaeicola_abscessus","Johnsonella_ignava",1
"65249","Corynebacterium_matruchotii","Johnsonella_ignava",1
"65251","Parvimonas_micra","Johnsonella_ignava",1
"65254","Fusobacterium_nucleatum","Johnsonella_ignava",1
"65271","Mogibacterium_timidum","Johnsonella_ignava",1
"65279","Leptotrichia_trevisanii","Johnsonella_ignava",1
"65294","Prevotella_micans","Johnsonella_ignava",1
"65301","Cardiobacterium_hominis","Johnsonella_ignava",1
"65302","Fretibacterium_fastidiosum","Johnsonella_ignava",1
"65326","Prevotella_loescheii","Johnsonella_ignava",1
"65332","Atopobium_rimae","Johnsonella_ignava",1
"65337","Treponema_maltophilum","Johnsonella_ignava",1
"65580","Lactobacillus_fermentum","Lactobacillus_helveticus",1
"65707","Butyrivibrio_hungatei","Moryella_indoligenes",1
"65712","Leptotrichia_buccalis","Moryella_indoligenes",1
"65714","Actinomyces_odontolyticus","Moryella_indoligenes",1
"65720","Prevotella_pallens","Moryella_indoligenes",1
"65748","Prevotella_salivae","Moryella_indoligenes",1
"65758","Prevotella_veroralis","Moryella_indoligenes",1
"65868","Atopobium_parvulum","Moryella_indoligenes",1
"65938","Leptotrichia_goodfellowii","Moryella_indoligenes",1
"65944","Oribacterium_sinus","Moryella_indoligenes",1
"65945","Solobacterium_moorei","Moryella_indoligenes",1
"65950","Campylobacter_concisus","Moryella_indoligenes",1
"65952","Megasphaera_micronuciformis","Moryella_indoligenes",1
"65979","Catonella_morbi","Moryella_indoligenes",1
"66004","Leptotrichia_wadei","Moryella_indoligenes",1
"66012","Lachnoanaerobaculum_umeaense","Moryella_indoligenes",1
"66466","Lachnoanaerobaculum_orale","Stomatobaculum_longum",1
"66471","Mogibacterium_diversum","Stomatobaculum_longum",1
"66475","Prevotella_salivae","Stomatobaculum_longum",1
"66586","Streptococcus_parasanguinis","Stomatobaculum_longum",1
"66590","Actinomyces_graevenitzii","Stomatobaculum_longum",1
"66595","Atopobium_parvulum","Stomatobaculum_longum",1
"66641","Actinomyces_lingnae","Stomatobaculum_longum",1
"66671","Oribacterium_sinus","Stomatobaculum_longum",1
"66677","Campylobacter_concisus","Stomatobaculum_longum",1
"66679","Megasphaera_micronuciformis","Stomatobaculum_longum",1
"66688","Veillonella_atypica","Stomatobaculum_longum",1
"66716","Alloscardovia_omnicolens","Stomatobaculum_longum",1
"66760","Prevotella_histicola","Stomatobaculum_longum",1
"66794","Moryella_indoligenes","Stomatobaculum_longum",1
"67167","Veillonella_dispar","Veillonella_caviae",1
"67172","Actinomyces_odontolyticus","Veillonella_caviae",1
"67321","Actinomyces_graevenitzii","Veillonella_caviae",1
"67372","Actinomyces_lingnae","Veillonella_caviae",1
"74159","Lactobacillus_fermentum","Lactobacillus_casei",1
"74702","Actinomyces_odontolyticus","Actinomyces_funkei",1
"75649","Peptostreptococcus_stomatis","Peptostreptococcus_anaerobius",1
"75737","Parvimonas_micra","Peptostreptococcus_anaerobius",1
"76484","Lactobacillus_fermentum","Lactobacillus_rhamnosus",1
"84766","Rothia_mucilaginosa","Vagococcus_lutrae",1
"90681","Streptococcus_parasanguinis","Bifidobacterium_longum",1
"90811","Alloscardovia_omnicolens","Bifidobacterium_longum",1
"91380","Rothia_aeria","Necropsobacter_rosorum",1
"91455","Lautropia_mirabilis","Necropsobacter_rosorum",1
"91464","Haemophilus_parainfluenzae","Necropsobacter_rosorum",1
"91490","Streptococcus_sanguinis","Necropsobacter_rosorum",1
"91594","Haemophilus_influenzae","Necropsobacter_rosorum",1
"91604","Capnocytophaga_sputigena","Necropsobacter_rosorum",1
"91648","Eikenella_corrodens","Necropsobacter_rosorum",1
"91699","Cardiobacterium_hominis","Necropsobacter_rosorum",1
"91709","Aggregatibacter_segnis","Necropsobacter_rosorum",1
"109504","Capnocytophaga_sputigena","Haemophilus_parasuis",1
