"","Node1","Node2","Weight"
"30","Rothia_aeria","Leptotrichia_buccalis",1
"49","Butyrivibrio_hungatei","Actinomyces_odontolyticus",1
"111","Veillonella_dispar","Capnocytophaga_leadbetteri",-1
"121","Veillonella_rogosae","Prevotella_pallens",1
"124","Butyrivibrio_hungatei","Prevotella_pallens",1
"151","Prevotella_baroniae","Treponema_denticola",1
"161","Eubacterium_saphenum","Eubacterium_brachy",1
"168","Prevotella_baroniae","Eubacterium_brachy",1
"179","Eubacterium_saphenum","Porphyromonas_endodontalis",1
"180","Leptotrichia_buccalis","Porphyromonas_endodontalis",1
"186","Prevotella_baroniae","Porphyromonas_endodontalis",1
"187","Capnocytophaga_leadbetteri","Porphyromonas_endodontalis",1
"189","Treponema_denticola","Porphyromonas_endodontalis",1
"190","Eubacterium_brachy","Porphyromonas_endodontalis",1
"199","Leptotrichia_buccalis","Eubacterium_yurii",1
"203","Neisseria_cinerea","Eubacterium_yurii",1
"205","Prevotella_baroniae","Eubacterium_yurii",1
"206","Capnocytophaga_leadbetteri","Eubacterium_yurii",1
"208","Treponema_denticola","Eubacterium_yurii",1
"210","Porphyromonas_endodontalis","Eubacterium_yurii",1
"226","Capnocytophaga_leadbetteri","Prevotella_shahii",1
"262","Leptotrichia_buccalis","Prevotella_denticola",1
"268","Prevotella_baroniae","Prevotella_denticola",1
"271","Treponema_denticola","Prevotella_denticola",1
"273","Porphyromonas_endodontalis","Prevotella_denticola",1
"414","Eubacterium_saphenum","Dialister_invisus",1
"415","Leptotrichia_buccalis","Dialister_invisus",1
"421","Prevotella_baroniae","Dialister_invisus",1
"424","Treponema_denticola","Dialister_invisus",1
"426","Porphyromonas_endodontalis","Dialister_invisus",1
"427","Eubacterium_yurii","Dialister_invisus",1
"430","Prevotella_denticola","Dialister_invisus",1
"473","Eubacterium_saphenum","Prevotella_enoeca",1
"480","Prevotella_baroniae","Prevotella_enoeca",1
"483","Treponema_denticola","Prevotella_enoeca",1
"485","Porphyromonas_endodontalis","Prevotella_enoeca",1
"489","Prevotella_denticola","Prevotella_enoeca",1
"601","Veillonella_dispar","Lachnoanaerobaculum_orale",1
"606","Actinomyces_odontolyticus","Lachnoanaerobaculum_orale",1
"612","Prevotella_pallens","Lachnoanaerobaculum_orale",1
"677","Actinomyces_odontolyticus","Orientia_tsutsugamushi",1
"683","Prevotella_pallens","Orientia_tsutsugamushi",1
"877","Capnocytophaga_leadbetteri","Bergeyella_zoohelcum",1
"950","Butyrivibrio_hungatei","Prevotella_salivae",1
"952","Veillonella_dispar","Prevotella_salivae",1
"963","Prevotella_pallens","Prevotella_salivae",1
"982","Lachnoanaerobaculum_orale","Prevotella_salivae",1
"984","Orientia_tsutsugamushi","Prevotella_salivae",1
"1096","Prevotella_baroniae","Eubacterium_nodatum",1
"1099","Treponema_denticola","Eubacterium_nodatum",1
"1100","Eubacterium_brachy","Eubacterium_nodatum",1
"1101","Porphyromonas_endodontalis","Eubacterium_nodatum",1
"1105","Prevotella_denticola","Eubacterium_nodatum",1
"1111","Dialister_invisus","Eubacterium_nodatum",1
"1290","Prevotella_baroniae","Anaeroglobus_geminatus",1
"1293","Treponema_denticola","Anaeroglobus_geminatus",1
"1295","Porphyromonas_endodontalis","Anaeroglobus_geminatus",1
"1299","Prevotella_denticola","Anaeroglobus_geminatus",1
"1305","Dialister_invisus","Anaeroglobus_geminatus",1
"1307","Prevotella_enoeca","Anaeroglobus_geminatus",1
"1341","Prevotella_baroniae","Olsenella_uli",1
"1344","Treponema_denticola","Olsenella_uli",1
"1345","Eubacterium_brachy","Olsenella_uli",1
"1346","Porphyromonas_endodontalis","Olsenella_uli",1
"1350","Prevotella_denticola","Olsenella_uli",1
"1356","Dialister_invisus","Olsenella_uli",1
"1374","Eubacterium_nodatum","Olsenella_uli",1
"1378","Anaeroglobus_geminatus","Olsenella_uli",1
"1402","Prevotella_denticola","Lactobacillus_johnsonii",1
"1435","Butyrivibrio_hungatei","Prevotella_veroralis",1
"1448","Prevotella_pallens","Prevotella_veroralis",1
"1455","Prevotella_denticola","Prevotella_veroralis",1
"1463","Prevotella_enoeca","Prevotella_veroralis",1
"1476","Prevotella_salivae","Prevotella_veroralis",1
"1515","Dialister_invisus","Dialister_propionicifaciens",1
"1542","Rothia_aeria","Rothia_dentocariosa",1
"1559","Eubacterium_brachy","Rothia_dentocariosa",1
"1564","Prevotella_denticola","Rothia_dentocariosa",1
"1568","Actinomyces_oris","Rothia_dentocariosa",1
"1577","Bacillus_pumilus","Rothia_dentocariosa",1
"1614","Treponema_denticola","Mycoplasma_faucium",1
"1616","Porphyromonas_endodontalis","Mycoplasma_faucium",1
"1626","Dialister_invisus","Mycoplasma_faucium",1
"1648","Anaeroglobus_geminatus","Mycoplasma_faucium",1
"1845","Prevotella_baroniae","Prevotella_dentalis",1
"1848","Treponema_denticola","Prevotella_dentalis",1
"1850","Porphyromonas_endodontalis","Prevotella_dentalis",1
"1854","Prevotella_denticola","Prevotella_dentalis",1
"1878","Eubacterium_nodatum","Prevotella_dentalis",1
"2036","Porphyromonas_endodontalis","Peptococcus_niger",1
"2037","Eubacterium_yurii","Peptococcus_niger",1
"2046","Dialister_invisus","Peptococcus_niger",1
"2167","Prevotella_shahii","Treponema_refringens",1
"2213","Rothia_aeria","Treponema_pedis",1
"2219","Eubacterium_saphenum","Treponema_pedis",1
"2220","Leptotrichia_buccalis","Treponema_pedis",1
"2226","Prevotella_baroniae","Treponema_pedis",1
"2229","Treponema_denticola","Treponema_pedis",1
"2230","Eubacterium_brachy","Treponema_pedis",1
"2231","Porphyromonas_endodontalis","Treponema_pedis",1
"2235","Prevotella_denticola","Treponema_pedis",1
"2241","Dialister_invisus","Treponema_pedis",1
"2243","Prevotella_enoeca","Treponema_pedis",1
"2259","Eubacterium_nodatum","Treponema_pedis",1
"2263","Anaeroglobus_geminatus","Treponema_pedis",1
"2264","Olsenella_uli","Treponema_pedis",1
"2269","Mycoplasma_faucium","Treponema_pedis",1
"2302","Prevotella_denticola","Campylobacter_curvus",1
"2335","Rothia_dentocariosa","Campylobacter_curvus",1
"2564","Eubacterium_saphenum","Schwartzia_succinivorans",1
"2565","Leptotrichia_buccalis","Schwartzia_succinivorans",1
"2571","Prevotella_baroniae","Schwartzia_succinivorans",1
"2574","Treponema_denticola","Schwartzia_succinivorans",1
"2576","Porphyromonas_endodontalis","Schwartzia_succinivorans",1
"2577","Eubacterium_yurii","Schwartzia_succinivorans",1
"2580","Prevotella_denticola","Schwartzia_succinivorans",1
"2586","Dialister_invisus","Schwartzia_succinivorans",1
"2608","Anaeroglobus_geminatus","Schwartzia_succinivorans",1
"2609","Olsenella_uli","Schwartzia_succinivorans",1
"2615","Mycoplasma_hyosynoviae","Schwartzia_succinivorans",1
"2618","Prevotella_dentalis","Schwartzia_succinivorans",1
"2625","Campylobacter_curvus","Schwartzia_succinivorans",1
"2709","Eubacterium_saphenum","Prevotella_marshii",1
"2710","Leptotrichia_buccalis","Prevotella_marshii",1
"2716","Prevotella_baroniae","Prevotella_marshii",1
"2719","Treponema_denticola","Prevotella_marshii",1
"2721","Porphyromonas_endodontalis","Prevotella_marshii",1
"2725","Prevotella_denticola","Prevotella_marshii",1
"2731","Dialister_invisus","Prevotella_marshii",1
"2749","Eubacterium_nodatum","Prevotella_marshii",1
"2753","Anaeroglobus_geminatus","Prevotella_marshii",1
"2763","Prevotella_dentalis","Prevotella_marshii",1
"2783","Eubacterium_saphenum","Treponema_parvum",1
"2790","Prevotella_baroniae","Treponema_parvum",1
"2794","Eubacterium_brachy","Treponema_parvum",1
"2795","Porphyromonas_endodontalis","Treponema_parvum",1
"2796","Eubacterium_yurii","Treponema_parvum",1
"2799","Prevotella_denticola","Treponema_parvum",1
"2805","Dialister_invisus","Treponema_parvum",1
"2823","Eubacterium_nodatum","Treponema_parvum",1
"2827","Anaeroglobus_geminatus","Treponema_parvum",1
"2828","Olsenella_uli","Treponema_parvum",1
"2844","Campylobacter_curvus","Treponema_parvum",1
"2848","Schwartzia_succinivorans","Treponema_parvum",1
"2852","Rothia_aeria","Lautropia_mirabilis",1
"2859","Leptotrichia_buccalis","Lautropia_mirabilis",1
"2896","Actinobaculum_massiliense","Lautropia_mirabilis",1
"3100","Eubacterium_brachy","Actinomyces_gerencseriae",1
"3138","Rothia_dentocariosa","Actinomyces_gerencseriae",1
"3256","Capnocytophaga_leadbetteri","Neisseria_shayeganii",1
"3317","Lautropia_mirabilis","Neisseria_shayeganii",1
"3325","Butyrivibrio_hungatei","Selenomonas_noxia",1
"3330","Leptotrichia_buccalis","Selenomonas_noxia",1
"3339","Treponema_denticola","Selenomonas_noxia",1
"3340","Eubacterium_brachy","Selenomonas_noxia",1
"3341","Porphyromonas_endodontalis","Selenomonas_noxia",1
"3345","Prevotella_denticola","Selenomonas_noxia",1
"3351","Dialister_invisus","Selenomonas_noxia",1
"3367","Actinobaculum_massiliense","Selenomonas_noxia",1
"3369","Eubacterium_nodatum","Selenomonas_noxia",1
"3373","Anaeroglobus_geminatus","Selenomonas_noxia",1
"3374","Olsenella_uli","Selenomonas_noxia",1
"3390","Campylobacter_curvus","Selenomonas_noxia",1
"3394","Schwartzia_succinivorans","Selenomonas_noxia",1
"3401","Actinomyces_gerencseriae","Selenomonas_noxia",1
"3409","Veillonella_dispar","Bifidobacterium_dentium",1
"3427","Prevotella_denticola","Bifidobacterium_dentium",1
"3431","Actinomyces_oris","Bifidobacterium_dentium",1
"3460","Rothia_dentocariosa","Bifidobacterium_dentium",1
"3476","Schwartzia_succinivorans","Bifidobacterium_dentium",1
"3571","Veillonella_rogosae","Haemophilus_parainfluenzae",1
"3572","Rothia_aeria","Haemophilus_parainfluenzae",1
"3596","Haemophilus_haemoglobinophilus","Haemophilus_parainfluenzae",1
"3647","Lautropia_mirabilis","Haemophilus_parainfluenzae",1
"3663","Eubacterium_saphenum","Porphyromonas_gingivalis",1
"3670","Prevotella_baroniae","Porphyromonas_gingivalis",1
"3673","Treponema_denticola","Porphyromonas_gingivalis",1
"3674","Eubacterium_brachy","Porphyromonas_gingivalis",1
"3675","Porphyromonas_endodontalis","Porphyromonas_gingivalis",1
"3679","Prevotella_denticola","Porphyromonas_gingivalis",1
"3685","Dialister_invisus","Porphyromonas_gingivalis",1
"3687","Prevotella_enoeca","Porphyromonas_gingivalis",1
"3703","Eubacterium_nodatum","Porphyromonas_gingivalis",1
"3707","Anaeroglobus_geminatus","Porphyromonas_gingivalis",1
"3708","Olsenella_uli","Porphyromonas_gingivalis",1
"3713","Mycoplasma_faucium","Porphyromonas_gingivalis",1
"3714","Mycoplasma_hyosynoviae","Porphyromonas_gingivalis",1
"3717","Prevotella_dentalis","Porphyromonas_gingivalis",1
"3720","Peptococcus_niger","Porphyromonas_gingivalis",1
"3723","Treponema_pedis","Porphyromonas_gingivalis",1
"3728","Schwartzia_succinivorans","Porphyromonas_gingivalis",1
"3731","Treponema_parvum","Porphyromonas_gingivalis",1
"3747","Veillonella_dispar","Streptococcus_sobrinus",1
"3825","Bifidobacterium_dentium","Streptococcus_sobrinus",1
"4393","Prevotella_shahii","Bacteroides_intestinalis",1
"4480","Prevotella_baroniae","Filifactor_alocis",1
"4483","Treponema_denticola","Filifactor_alocis",1
"4484","Eubacterium_brachy","Filifactor_alocis",1
"4485","Porphyromonas_endodontalis","Filifactor_alocis",1
"4489","Prevotella_denticola","Filifactor_alocis",1
"4495","Dialister_invisus","Filifactor_alocis",1
"4497","Prevotella_enoeca","Filifactor_alocis",1
"4517","Anaeroglobus_geminatus","Filifactor_alocis",1
"4518","Olsenella_uli","Filifactor_alocis",1
"4524","Mycoplasma_hyosynoviae","Filifactor_alocis",1
"4527","Prevotella_dentalis","Filifactor_alocis",1
"4533","Treponema_pedis","Filifactor_alocis",1
"4537","Streptococcus_pneumoniae","Filifactor_alocis",1
"4538","Schwartzia_succinivorans","Filifactor_alocis",1
"4540","Prevotella_marshii","Filifactor_alocis",1
"4541","Treponema_parvum","Filifactor_alocis",1
"4552","Porphyromonas_gingivalis","Filifactor_alocis",1
"4559","Treponema_bryantii","Filifactor_alocis",1
"4743","Porphyromonas_gingivalis","Odoribacter_denticanis",1
"4768","Prevotella_baroniae","Bacteroides_heparinolyticus",1
"4771","Treponema_denticola","Bacteroides_heparinolyticus",1
"4772","Eubacterium_brachy","Bacteroides_heparinolyticus",1
"4773","Porphyromonas_endodontalis","Bacteroides_heparinolyticus",1
"4777","Prevotella_denticola","Bacteroides_heparinolyticus",1
"4801","Eubacterium_nodatum","Bacteroides_heparinolyticus",1
"4805","Anaeroglobus_geminatus","Bacteroides_heparinolyticus",1
"4806","Olsenella_uli","Bacteroides_heparinolyticus",1
"4821","Treponema_pedis","Bacteroides_heparinolyticus",1
"4829","Treponema_parvum","Bacteroides_heparinolyticus",1
"4840","Porphyromonas_gingivalis","Bacteroides_heparinolyticus",1
"4908","Rothia_dentocariosa","Rothia_mucilaginosa",1
"4956","Veillonella_dispar","Lachnoanaerobaculum_saburreum",1
"4995","Prevotella_salivae","Lachnoanaerobaculum_saburreum",1
"5002","Anaeroglobus_geminatus","Lachnoanaerobaculum_saburreum",1
"5153","Rothia_aeria","Brachymonas_denitrificans",1
"5167","Capnocytophaga_leadbetteri","Brachymonas_denitrificans",1
"5172","Eubacterium_yurii","Brachymonas_denitrificans",1
"5200","Planobacterium_taklimakanense","Brachymonas_denitrificans",1
"5203","Anaeroglobus_geminatus","Brachymonas_denitrificans",1
"5228","Lautropia_mirabilis","Brachymonas_denitrificans",1
"5273","Porphyromonas_endodontalis","Prevotella_paludivivens",1
"5340","Porphyromonas_gingivalis","Prevotella_paludivivens",1
"5370","Neisseria_sicca","Streptococcus_gordonii",1
"5378","Prevotella_shahii","Streptococcus_gordonii",-1
"5380","Prevotella_denticola","Streptococcus_gordonii",1
"5410","Lactobacillus_johnsonii","Streptococcus_gordonii",1
"5413","Rothia_dentocariosa","Streptococcus_gordonii",1
"5440","Bifidobacterium_dentium","Streptococcus_gordonii",1
"5444","Streptococcus_sobrinus","Streptococcus_gordonii",1
"5462","Rothia_aeria","Leptotrichia_hofstadii",1
"5469","Leptotrichia_buccalis","Leptotrichia_hofstadii",1
"5474","Neisseria_sicca","Leptotrichia_hofstadii",1
"5476","Capnocytophaga_leadbetteri","Leptotrichia_hofstadii",1
"5478","Treponema_denticola","Leptotrichia_hofstadii",1
"5492","Prevotella_enoeca","Leptotrichia_hofstadii",1
"5524","Corynebacterium_jeikeium","Leptotrichia_hofstadii",1
"5535","Prevotella_marshii","Leptotrichia_hofstadii",1
"5537","Lautropia_mirabilis","Leptotrichia_hofstadii",1
"5543","Selenomonas_noxia","Leptotrichia_hofstadii",1
"5561","Lachnoanaerobaculum_saburreum","Leptotrichia_hofstadii",1
"5565","Streptococcus_gordonii","Leptotrichia_hofstadii",1
"6107","Rothia_aeria","Streptococcus_sanguinis",1
"6151","Actinobaculum_massiliense","Streptococcus_sanguinis",1
"6162","Rothia_dentocariosa","Streptococcus_sanguinis",1
"6182","Lautropia_mirabilis","Streptococcus_sanguinis",1
"6187","Neisseria_shayeganii","Streptococcus_sanguinis",1
"6210","Streptococcus_gordonii","Streptococcus_sanguinis",1
"6339","Actinomyces_odontolyticus","Fusobacterium_periodonticum",1
"6344","Capnocytophaga_leadbetteri","Fusobacterium_periodonticum",1
"6345","Prevotella_pallens","Fusobacterium_periodonticum",1
"6350","Prevotella_shahii","Fusobacterium_periodonticum",1
"6356","Actinomyces_oris","Fusobacterium_periodonticum",-1
"6395","Treponema_refringens","Fusobacterium_periodonticum",1
"6414","Haemophilus_parainfluenzae","Fusobacterium_periodonticum",1
"6420","Prevotella_amnii","Fusobacterium_periodonticum",1
"6459","Treponema_denticola","Eubacterium_minutum",1
"6461","Porphyromonas_endodontalis","Eubacterium_minutum",1
"6489","Eubacterium_nodatum","Eubacterium_minutum",1
"6493","Anaeroglobus_geminatus","Eubacterium_minutum",1
"6494","Olsenella_uli","Eubacterium_minutum",1
"6517","Treponema_parvum","Eubacterium_minutum",1
"6528","Porphyromonas_gingivalis","Eubacterium_minutum",1
"6537","Filifactor_alocis","Eubacterium_minutum",1
"6547","Leptotrichia_hofstadii","Eubacterium_minutum",1
"6792","Veillonella_dispar","Campylobacter_showae",-1
"6802","Capnocytophaga_leadbetteri","Campylobacter_showae",1
"6807","Eubacterium_yurii","Campylobacter_showae",1
"6851","Peptococcus_niger","Campylobacter_showae",1
"6881","Bacteroides_intestinalis","Campylobacter_showae",1
"6889","Brachymonas_denitrificans","Campylobacter_showae",1
"6900","Fusobacterium_periodonticum","Campylobacter_showae",1
"6911","Eubacterium_saphenum","Tannerella_forsythia",1
"6912","Leptotrichia_buccalis","Tannerella_forsythia",1
"6921","Treponema_denticola","Tannerella_forsythia",1
"6923","Porphyromonas_endodontalis","Tannerella_forsythia",1
"6925","Prevotella_shahii","Tannerella_forsythia",1
"6927","Prevotella_denticola","Tannerella_forsythia",1
"6933","Dialister_invisus","Tannerella_forsythia",1
"6935","Prevotella_enoeca","Tannerella_forsythia",1
"6951","Eubacterium_nodatum","Tannerella_forsythia",1
"6955","Anaeroglobus_geminatus","Tannerella_forsythia",1
"6961","Mycoplasma_faucium","Tannerella_forsythia",1
"6965","Prevotella_dentalis","Tannerella_forsythia",1
"6971","Treponema_pedis","Tannerella_forsythia",1
"6976","Schwartzia_succinivorans","Tannerella_forsythia",1
"6979","Treponema_parvum","Tannerella_forsythia",1
"6983","Actinomyces_gerencseriae","Tannerella_forsythia",1
"6986","Selenomonas_noxia","Tannerella_forsythia",1
"6990","Porphyromonas_gingivalis","Tannerella_forsythia",1
"7001","Odoribacter_denticanis","Tannerella_forsythia",1
"7004","Lachnoanaerobaculum_saburreum","Tannerella_forsythia",1
"7009","Leptotrichia_hofstadii","Tannerella_forsythia",1
"7010","Bacteroides_zoogleoformans","Tannerella_forsythia",1
"7018","Eubacterium_minutum","Tannerella_forsythia",1
"7023","Rothia_aeria","Kingella_potus",1
"7098","Lautropia_mirabilis","Kingella_potus",1
"7142","Rothia_aeria","Capnocytophaga_granulosa",1
"7149","Leptotrichia_buccalis","Capnocytophaga_granulosa",1
"7156","Capnocytophaga_leadbetteri","Capnocytophaga_granulosa",1
"7223","Selenomonas_noxia","Capnocytophaga_granulosa",1
"7243","Brachymonas_denitrificans","Capnocytophaga_granulosa",1
"7258","Campylobacter_showae","Capnocytophaga_granulosa",1
"7262","Rothia_aeria","Neisseria_oralis",1
"7269","Leptotrichia_buccalis","Neisseria_oralis",1
"7281","Eubacterium_yurii","Neisseria_oralis",1
"7337","Lautropia_mirabilis","Neisseria_oralis",1
"7366","Leptotrichia_hofstadii","Neisseria_oralis",1
"7378","Campylobacter_showae","Neisseria_oralis",1
"7381","Capnocytophaga_granulosa","Neisseria_oralis",1
"7752","Rothia_aeria","Leptotrichia_hongkongensis",1
"7756","Veillonella_dispar","Leptotrichia_hongkongensis",1
"7766","Capnocytophaga_leadbetteri","Leptotrichia_hongkongensis",1
"7774","Prevotella_denticola","Leptotrichia_hongkongensis",1
"7807","Rothia_dentocariosa","Leptotrichia_hongkongensis",1
"7827","Lautropia_mirabilis","Leptotrichia_hongkongensis",1
"7834","Bifidobacterium_dentium","Leptotrichia_hongkongensis",1
"7851","Lachnoanaerobaculum_saburreum","Leptotrichia_hongkongensis",1
"7855","Streptococcus_gordonii","Leptotrichia_hongkongensis",1
"7862","Streptococcus_sanguinis","Leptotrichia_hongkongensis",1
"7932","Rothia_dentocariosa","Gemella_haemolysans",1
"7940","Peptococcus_niger","Gemella_haemolysans",1
"7947","Streptococcus_pneumoniae","Gemella_haemolysans",1
"7975","Rothia_mucilaginosa","Gemella_haemolysans",1
"7980","Streptococcus_gordonii","Gemella_haemolysans",1
"7987","Streptococcus_sanguinis","Gemella_haemolysans",1
"8000","Soonwooa_buanensis","Gemella_haemolysans",1
"8274","Treponema_denticola","Slackia_exigua",1
"8276","Porphyromonas_endodontalis","Slackia_exigua",1
"8308","Anaeroglobus_geminatus","Slackia_exigua",1
"8309","Olsenella_uli","Slackia_exigua",1
"8321","Peptococcus_niger","Slackia_exigua",1
"8357","Lachnoanaerobaculum_saburreum","Slackia_exigua",1
"8442","Rothia_dentocariosa","Actinomyces_viscosus",1
"8490","Streptococcus_gordonii","Actinomyces_viscosus",1
"8572","Rothia_dentocariosa","Streptococcus_oralis",1
"8587","Streptococcus_pneumoniae","Streptococcus_oralis",1
"8620","Streptococcus_gordonii","Streptococcus_oralis",1
"8642","Gemella_haemolysans","Streptococcus_oralis",1
"8676","Dialister_invisus","Desulfovibrio_fairfieldensis",1
"8761","Eubacterium_minutum","Desulfovibrio_fairfieldensis",1
"8793","Prevotella_baroniae","Prevotella_multisaccharivorax",1
"8802","Prevotella_denticola","Prevotella_multisaccharivorax",1
"8831","Olsenella_uli","Prevotella_multisaccharivorax",1
"8862","Bifidobacterium_dentium","Prevotella_multisaccharivorax",1
"9198","Treponema_denticola","Desulfobulbus_propionicus",1
"9200","Porphyromonas_endodontalis","Desulfobulbus_propionicus",1
"9210","Dialister_invisus","Desulfobulbus_propionicus",1
"9212","Prevotella_enoeca","Desulfobulbus_propionicus",1
"9228","Eubacterium_nodatum","Desulfobulbus_propionicus",1
"9232","Anaeroglobus_geminatus","Desulfobulbus_propionicus",1
"9233","Olsenella_uli","Desulfobulbus_propionicus",1
"9256","Treponema_parvum","Desulfobulbus_propionicus",1
"9267","Porphyromonas_gingivalis","Desulfobulbus_propionicus",1
"9295","Eubacterium_minutum","Desulfobulbus_propionicus",1
"9299","Tannerella_forsythia","Desulfobulbus_propionicus",1
"9310","Slackia_exigua","Desulfobulbus_propionicus",1
"9318","Rothia_aeria","Cardiobacterium_valvarum",1
"9325","Leptotrichia_buccalis","Cardiobacterium_valvarum",1
"9332","Capnocytophaga_leadbetteri","Cardiobacterium_valvarum",1
"9359","Bergeyella_zoohelcum","Cardiobacterium_valvarum",1
"9368","Anaeroglobus_geminatus","Cardiobacterium_valvarum",1
"9373","Rothia_dentocariosa","Cardiobacterium_valvarum",1
"9393","Lautropia_mirabilis","Cardiobacterium_valvarum",1
"9396","Actinomyces_gerencseriae","Cardiobacterium_valvarum",1
"9419","Brachymonas_denitrificans","Cardiobacterium_valvarum",1
"9422","Leptotrichia_hofstadii","Cardiobacterium_valvarum",1
"9428","Streptococcus_sanguinis","Cardiobacterium_valvarum",1
"9434","Campylobacter_showae","Cardiobacterium_valvarum",1
"9435","Tannerella_forsythia","Cardiobacterium_valvarum",1
"9436","Kingella_potus","Cardiobacterium_valvarum",1
"9437","Capnocytophaga_granulosa","Cardiobacterium_valvarum",1
"9438","Neisseria_oralis","Cardiobacterium_valvarum",1
"9606","Prevotella_baroniae","Prevotella_pleuritidis",1
"9609","Treponema_denticola","Prevotella_pleuritidis",1
"9611","Porphyromonas_endodontalis","Prevotella_pleuritidis",1
"9615","Prevotella_denticola","Prevotella_pleuritidis",1
"9621","Dialister_invisus","Prevotella_pleuritidis",1
"9623","Prevotella_enoeca","Prevotella_pleuritidis",1
"9633","Actinomyces_meyeri","Prevotella_pleuritidis",1
"9653","Prevotella_dentalis","Prevotella_pleuritidis",1
"9666","Prevotella_marshii","Prevotella_pleuritidis",1
"9667","Treponema_parvum","Prevotella_pleuritidis",1
"9687","Filifactor_alocis","Prevotella_pleuritidis",1
"9695","Prevotella_paludivivens","Prevotella_pleuritidis",1
"9708","Desulfomicrobium_orale","Prevotella_pleuritidis",1
"9710","Tannerella_forsythia","Prevotella_pleuritidis",1
"9717","Leptotrichia_hongkongensis","Prevotella_pleuritidis",1
"9728","Desulfobulbus_propionicus","Prevotella_pleuritidis",1
"9894","Prevotella_denticola","Howardella_ureilytica",1
"10320","Prevotella_denticola","Propionibacterium_acidifaciens",1
"10353","Rothia_dentocariosa","Propionibacterium_acidifaciens",1
"10380","Bifidobacterium_dentium","Propionibacterium_acidifaciens",1
"10401","Streptococcus_gordonii","Propionibacterium_acidifaciens",1
"10591","Veillonella_dispar","Parascardovia_denticolens",1
"10609","Prevotella_denticola","Parascardovia_denticolens",1
"10638","Olsenella_uli","Parascardovia_denticolens",1
"10642","Rothia_dentocariosa","Parascardovia_denticolens",1
"10669","Bifidobacterium_dentium","Parascardovia_denticolens",1
"10671","Haemophilus_parainfluenzae","Parascardovia_denticolens",-1
"10690","Streptococcus_gordonii","Parascardovia_denticolens",1
"10699","Fusobacterium_periodonticum","Parascardovia_denticolens",-1
"10719","Prevotella_multisaccharivorax","Parascardovia_denticolens",1
"10730","Propionibacterium_acidifaciens","Parascardovia_denticolens",1
"11326","Veillonella_rogosae","Eubacterium_sulci",1
"11329","Butyrivibrio_hungatei","Eubacterium_sulci",1
"11336","Actinomyces_odontolyticus","Eubacterium_sulci",1
"11342","Prevotella_pallens","Eubacterium_sulci",1
"11352","Prevotella_scopos","Eubacterium_sulci",1
"11361","Lachnoanaerobaculum_orale","Eubacterium_sulci",1
"11363","Orientia_tsutsugamushi","Eubacterium_sulci",1
"11370","Prevotella_salivae","Eubacterium_sulci",1
"11434","Mogibacterium_neglectum","Eubacterium_sulci",1
"11439","Fusobacterium_periodonticum","Eubacterium_sulci",1
"11636","Eubacterium_saphenum","Desulfobulbus_rhabdoformis",1
"11646","Treponema_denticola","Desulfobulbus_rhabdoformis",1
"11647","Eubacterium_brachy","Desulfobulbus_rhabdoformis",1
"11648","Porphyromonas_endodontalis","Desulfobulbus_rhabdoformis",1
"11658","Dialister_invisus","Desulfobulbus_rhabdoformis",1
"11676","Eubacterium_nodatum","Desulfobulbus_rhabdoformis",1
"11724","Filifactor_alocis","Desulfobulbus_rhabdoformis",1
"11747","Tannerella_forsythia","Desulfobulbus_rhabdoformis",1
"11946","Actinomyces_odontolyticus","Streptococcus_parasanguinis",1
"12019","Bifidobacterium_dentium","Streptococcus_parasanguinis",1
"12040","Streptococcus_gordonii","Streptococcus_parasanguinis",1
"12418","Prevotella_baroniae","Prevotella_oralis",1
"12427","Prevotella_denticola","Prevotella_oralis",1
"12433","Dialister_invisus","Prevotella_oralis",1
"12455","Anaeroglobus_geminatus","Prevotella_oralis",1
"12476","Schwartzia_succinivorans","Prevotella_oralis",1
"12487","Bifidobacterium_dentium","Prevotella_oralis",1
"12490","Porphyromonas_gingivalis","Prevotella_oralis",1
"12491","Streptococcus_sobrinus","Prevotella_oralis",1
"12522","Tannerella_forsythia","Prevotella_oralis",1
"12533","Slackia_exigua","Prevotella_oralis",1
"12557","Desulfobulbus_rhabdoformis","Prevotella_oralis",1
"12572","Actinomyces_odontolyticus","Actinomyces_graevenitzii",1
"12606","Prevotella_salivae","Actinomyces_graevenitzii",1
"12717","Streptococcus_parasanguinis","Actinomyces_graevenitzii",1
"12737","Prevotella_pallens","Alloprevotella_rava",1
"12765","Prevotella_salivae","Alloprevotella_rava",1
"12820","Rothia_mucilaginosa","Alloprevotella_rava",-1
"13118","Lautropia_mirabilis","Actinobacillus_porcinus",1
"13370","Butyrivibrio_hungatei","Atopobium_parvulum",1
"13372","Veillonella_dispar","Atopobium_parvulum",1
"13377","Actinomyces_odontolyticus","Atopobium_parvulum",1
"13383","Prevotella_pallens","Atopobium_parvulum",1
"13393","Prevotella_scopos","Atopobium_parvulum",1
"13394","Actinomyces_oris","Atopobium_parvulum",1
"13402","Lachnoanaerobaculum_orale","Atopobium_parvulum",1
"13404","Orientia_tsutsugamushi","Atopobium_parvulum",1
"13408","Actinomyces_meyeri","Atopobium_parvulum",1
"13411","Prevotella_salivae","Atopobium_parvulum",1
"13421","Prevotella_veroralis","Atopobium_parvulum",1
"13450","Bifidobacterium_dentium","Atopobium_parvulum",1
"13454","Streptococcus_sobrinus","Atopobium_parvulum",1
"13522","Streptococcus_parasanguinis","Atopobium_parvulum",1
"13526","Actinomyces_graevenitzii","Atopobium_parvulum",1
"13809","Fusobacterium_periodonticum","Anaerovorax_odorimutans",1
"14204","Eubacterium_saphenum","Treponema_amylovorum",1
"14205","Leptotrichia_buccalis","Treponema_amylovorum",1
"14211","Prevotella_baroniae","Treponema_amylovorum",1
"14214","Treponema_denticola","Treponema_amylovorum",1
"14215","Eubacterium_brachy","Treponema_amylovorum",1
"14216","Porphyromonas_endodontalis","Treponema_amylovorum",1
"14217","Eubacterium_yurii","Treponema_amylovorum",1
"14220","Prevotella_denticola","Treponema_amylovorum",1
"14226","Dialister_invisus","Treponema_amylovorum",1
"14244","Eubacterium_nodatum","Treponema_amylovorum",1
"14248","Anaeroglobus_geminatus","Treponema_amylovorum",1
"14249","Olsenella_uli","Treponema_amylovorum",1
"14251","Prevotella_veroralis","Treponema_amylovorum",1
"14254","Mycoplasma_faucium","Treponema_amylovorum",1
"14255","Mycoplasma_hyosynoviae","Treponema_amylovorum",1
"14261","Peptococcus_niger","Treponema_amylovorum",1
"14264","Treponema_pedis","Treponema_amylovorum",1
"14265","Campylobacter_curvus","Treponema_amylovorum",1
"14269","Schwartzia_succinivorans","Treponema_amylovorum",1
"14271","Prevotella_marshii","Treponema_amylovorum",1
"14272","Treponema_parvum","Treponema_amylovorum",1
"14283","Porphyromonas_gingivalis","Treponema_amylovorum",1
"14292","Filifactor_alocis","Treponema_amylovorum",1
"14315","Tannerella_forsythia","Treponema_amylovorum",1
"14318","Neisseria_oralis","Treponema_amylovorum",1
"14326","Slackia_exigua","Treponema_amylovorum",1
"14329","Desulfovibrio_fairfieldensis","Treponema_amylovorum",1
"14336","Prevotella_pleuritidis","Treponema_amylovorum",1
"14350","Desulfobulbus_rhabdoformis","Treponema_amylovorum",1
"14355","Prevotella_oralis","Treponema_amylovorum",1
"14366","Veillonella_rogosae","Prevotella_nanceiensis",1
"14387","Prevotella_shahii","Prevotella_nanceiensis",1
"14451","Haemophilus_parainfluenzae","Prevotella_nanceiensis",1
"14460","Bacteroides_intestinalis","Prevotella_nanceiensis",1
"14479","Fusobacterium_periodonticum","Prevotella_nanceiensis",1
"14526","Alloprevotella_rava","Prevotella_nanceiensis",1
"14544","Leptotrichia_buccalis","Wolinella_succinogenes",1
"14555","Porphyromonas_endodontalis","Wolinella_succinogenes",1
"14565","Dialister_invisus","Wolinella_succinogenes",1
"14622","Porphyromonas_gingivalis","Wolinella_succinogenes",1
"14654","Tannerella_forsythia","Wolinella_succinogenes",1
"14705","Treponema_amylovorum","Wolinella_succinogenes",1
"14897","Eubacterium_brachy","Shuttleworthia_satelles",1
"14898","Porphyromonas_endodontalis","Shuttleworthia_satelles",1
"14902","Prevotella_denticola","Shuttleworthia_satelles",1
"14908","Dialister_invisus","Shuttleworthia_satelles",1
"14930","Anaeroglobus_geminatus","Shuttleworthia_satelles",1
"14933","Prevotella_veroralis","Shuttleworthia_satelles",1
"14983","Streptococcus_gordonii","Shuttleworthia_satelles",1
"15008","Slackia_exigua","Shuttleworthia_satelles",1
"15023","Propionibacterium_acidifaciens","Shuttleworthia_satelles",1
"15053","Rothia_aeria","Treponema_lecithinolyticum",1
"15059","Eubacterium_saphenum","Treponema_lecithinolyticum",1
"15060","Leptotrichia_buccalis","Treponema_lecithinolyticum",1
"15066","Prevotella_baroniae","Treponema_lecithinolyticum",1
"15067","Capnocytophaga_leadbetteri","Treponema_lecithinolyticum",1
"15069","Treponema_denticola","Treponema_lecithinolyticum",1
"15070","Eubacterium_brachy","Treponema_lecithinolyticum",1
"15075","Prevotella_denticola","Treponema_lecithinolyticum",1
"15081","Dialister_invisus","Treponema_lecithinolyticum",1
"15083","Prevotella_enoeca","Treponema_lecithinolyticum",1
"15099","Eubacterium_nodatum","Treponema_lecithinolyticum",1
"15103","Anaeroglobus_geminatus","Treponema_lecithinolyticum",1
"15104","Olsenella_uli","Treponema_lecithinolyticum",1
"15113","Prevotella_dentalis","Treponema_lecithinolyticum",1
"15120","Campylobacter_curvus","Treponema_lecithinolyticum",1
"15124","Schwartzia_succinivorans","Treponema_lecithinolyticum",1
"15126","Prevotella_marshii","Treponema_lecithinolyticum",1
"15127","Treponema_parvum","Treponema_lecithinolyticum",1
"15131","Actinomyces_gerencseriae","Treponema_lecithinolyticum",1
"15138","Porphyromonas_gingivalis","Treponema_lecithinolyticum",1
"15147","Filifactor_alocis","Treponema_lecithinolyticum",1
"15170","Tannerella_forsythia","Treponema_lecithinolyticum",1
"15189","Cardiobacterium_valvarum","Treponema_lecithinolyticum",1
"15210","Prevotella_oralis","Treponema_lecithinolyticum",1
"15221","Treponema_amylovorum","Treponema_lecithinolyticum",1
"15633","Rothia_dentocariosa","Streptococcus_intermedius",1
"15681","Streptococcus_gordonii","Streptococcus_intermedius",1
"15762","Leptotrichia_buccalis","Treponema_socranskii",1
"15768","Prevotella_baroniae","Treponema_socranskii",1
"15769","Capnocytophaga_leadbetteri","Treponema_socranskii",1
"15773","Porphyromonas_endodontalis","Treponema_socranskii",1
"15774","Eubacterium_yurii","Treponema_socranskii",1
"15777","Prevotella_denticola","Treponema_socranskii",1
"15783","Dialister_invisus","Treponema_socranskii",1
"15785","Prevotella_enoeca","Treponema_socranskii",1
"15801","Eubacterium_nodatum","Treponema_socranskii",1
"15805","Anaeroglobus_geminatus","Treponema_socranskii",1
"15806","Olsenella_uli","Treponema_socranskii",1
"15811","Mycoplasma_faucium","Treponema_socranskii",1
"15815","Prevotella_dentalis","Treponema_socranskii",1
"15821","Treponema_pedis","Treponema_socranskii",1
"15822","Campylobacter_curvus","Treponema_socranskii",1
"15826","Schwartzia_succinivorans","Treponema_socranskii",1
"15828","Prevotella_marshii","Treponema_socranskii",1
"15829","Treponema_parvum","Treponema_socranskii",1
"15836","Selenomonas_noxia","Treponema_socranskii",1
"15840","Porphyromonas_gingivalis","Treponema_socranskii",1
"15847","Treponema_bryantii","Treponema_socranskii",1
"15849","Filifactor_alocis","Treponema_socranskii",1
"15854","Lachnoanaerobaculum_saburreum","Treponema_socranskii",1
"15856","Brachymonas_denitrificans","Treponema_socranskii",1
"15868","Eubacterium_minutum","Treponema_socranskii",1
"15872","Tannerella_forsythia","Treponema_socranskii",1
"15874","Capnocytophaga_granulosa","Treponema_socranskii",1
"15883","Slackia_exigua","Treponema_socranskii",1
"15891","Cardiobacterium_valvarum","Treponema_socranskii",1
"15893","Prevotella_pleuritidis","Treponema_socranskii",1
"15907","Desulfobulbus_rhabdoformis","Treponema_socranskii",1
"15912","Prevotella_oralis","Treponema_socranskii",1
"15923","Treponema_amylovorum","Treponema_socranskii",1
"15925","Wolinella_succinogenes","Treponema_socranskii",1
"15928","Treponema_lecithinolyticum","Treponema_socranskii",1
"15983","Anaeroglobus_geminatus","Pyramidobacter_piscolens",1
"15988","Rothia_dentocariosa","Pyramidobacter_piscolens",1
"16018","Porphyromonas_gingivalis","Pyramidobacter_piscolens",1
"16046","Eubacterium_minutum","Pyramidobacter_piscolens",1
"16118","Eubacterium_saphenum","Dialister_pneumosintes",1
"16125","Prevotella_baroniae","Dialister_pneumosintes",1
"16128","Treponema_denticola","Dialister_pneumosintes",1
"16129","Eubacterium_brachy","Dialister_pneumosintes",1
"16130","Porphyromonas_endodontalis","Dialister_pneumosintes",1
"16134","Prevotella_denticola","Dialister_pneumosintes",1
"16140","Dialister_invisus","Dialister_pneumosintes",1
"16158","Eubacterium_nodatum","Dialister_pneumosintes",1
"16162","Anaeroglobus_geminatus","Dialister_pneumosintes",1
"16172","Prevotella_dentalis","Dialister_pneumosintes",1
"16178","Treponema_pedis","Dialister_pneumosintes",1
"16183","Schwartzia_succinivorans","Dialister_pneumosintes",1
"16185","Prevotella_marshii","Dialister_pneumosintes",1
"16197","Porphyromonas_gingivalis","Dialister_pneumosintes",1
"16203","Streptococcus_agalactiae","Dialister_pneumosintes",1
"16206","Filifactor_alocis","Dialister_pneumosintes",1
"16208","Odoribacter_denticanis","Dialister_pneumosintes",1
"16210","Rothia_mucilaginosa","Dialister_pneumosintes",-1
"16221","Peptoniphilus_lacrimalis","Dialister_pneumosintes",1
"16229","Tannerella_forsythia","Dialister_pneumosintes",1
"16240","Slackia_exigua","Dialister_pneumosintes",1
"16250","Prevotella_pleuritidis","Dialister_pneumosintes",1
"16252","Howardella_ureilytica","Dialister_pneumosintes",1
"16264","Desulfobulbus_rhabdoformis","Dialister_pneumosintes",1
"16269","Prevotella_oralis","Dialister_pneumosintes",1
"16284","Shuttleworthia_satelles","Dialister_pneumosintes",1
"16285","Treponema_lecithinolyticum","Dialister_pneumosintes",1
"16314","Prevotella_denticola","Selenomonas_flueggei",1
"16488","Prevotella_pallens","Peptostreptococcus_stomatis",1
"16491","Porphyromonas_endodontalis","Peptostreptococcus_stomatis",1
"16498","Prevotella_scopos","Peptostreptococcus_stomatis",1
"16538","Treponema_refringens","Peptostreptococcus_stomatis",1
"16585","Fusobacterium_periodonticum","Peptostreptococcus_stomatis",1
"16612","Corynebacterium_argentoratense","Peptostreptococcus_stomatis",1
"16623","Eubacterium_sulci","Peptostreptococcus_stomatis",1
"16638","Anaerovorax_odorimutans","Peptostreptococcus_stomatis",1
"16642","Prevotella_nanceiensis","Peptostreptococcus_stomatis",1
"16643","Wolinella_succinogenes","Peptostreptococcus_stomatis",1
"16645","Shuttleworthia_satelles","Peptostreptococcus_stomatis",1
"17044","Prevotella_denticola","Mycoplasma_salivarium",1
"17201","Dialister_pneumosintes","Mycoplasma_salivarium",1
"17216","Actinomyces_odontolyticus","Mobiluncus_curtisii",1
"17250","Prevotella_salivae","Mobiluncus_curtisii",1
"17260","Prevotella_veroralis","Mobiluncus_curtisii",1
"17370","Atopobium_parvulum","Mobiluncus_curtisii",1
"17411","Porphyromonas_endodontalis","Simonsiella_muelleri",1
"17518","Gemella_haemolysans","Simonsiella_muelleri",1
"17976","Eubacterium_yurii","Prevotella_aurantiaca",1
"18022","Treponema_refringens","Prevotella_aurantiaca",1
"18069","Fusobacterium_periodonticum","Prevotella_aurantiaca",1
"18126","Prevotella_nanceiensis","Prevotella_aurantiaca",1
"18133","Streptococcus_intermedius","Prevotella_aurantiaca",-1
"18342","Veillonella_dispar","Leptotrichia_shahii",1
"18345","Leptotrichia_buccalis","Leptotrichia_shahii",1
"18352","Capnocytophaga_leadbetteri","Leptotrichia_shahii",1
"18354","Treponema_denticola","Leptotrichia_shahii",1
"18360","Prevotella_denticola","Leptotrichia_shahii",1
"18380","Actinomyces_bowdenii","Leptotrichia_shahii",1
"18388","Anaeroglobus_geminatus","Leptotrichia_shahii",1
"18411","Prevotella_marshii","Leptotrichia_shahii",1
"18439","Brachymonas_denitrificans","Leptotrichia_shahii",1
"18442","Leptotrichia_hofstadii","Leptotrichia_shahii",1
"18448","Streptococcus_sanguinis","Leptotrichia_shahii",1
"18457","Capnocytophaga_granulosa","Leptotrichia_shahii",1
"18458","Neisseria_oralis","Leptotrichia_shahii",1
"18462","Leptotrichia_hongkongensis","Leptotrichia_shahii",1
"18474","Cardiobacterium_valvarum","Leptotrichia_shahii",1
"18518","Selenomonas_flueggei","Leptotrichia_shahii",1
"18537","Leptotrichia_buccalis","Capnocytophaga_ochracea",1
"18544","Capnocytophaga_leadbetteri","Capnocytophaga_ochracea",1
"18548","Porphyromonas_endodontalis","Capnocytophaga_ochracea",1
"18552","Prevotella_denticola","Capnocytophaga_ochracea",1
"18571","Bergeyella_zoohelcum","Capnocytophaga_ochracea",1
"18572","Actinomyces_bowdenii","Capnocytophaga_ochracea",1
"18585","Rothia_dentocariosa","Capnocytophaga_ochracea",1
"18601","Schwartzia_succinivorans","Capnocytophaga_ochracea",1
"18605","Lautropia_mirabilis","Capnocytophaga_ochracea",1
"18608","Actinomyces_gerencseriae","Capnocytophaga_ochracea",1
"18610","Neisseria_shayeganii","Capnocytophaga_ochracea",1
"18624","Filifactor_alocis","Capnocytophaga_ochracea",1
"18631","Brachymonas_denitrificans","Capnocytophaga_ochracea",1
"18634","Leptotrichia_hofstadii","Capnocytophaga_ochracea",1
"18647","Tannerella_forsythia","Capnocytophaga_ochracea",1
"18648","Kingella_potus","Capnocytophaga_ochracea",1
"18649","Capnocytophaga_granulosa","Capnocytophaga_ochracea",1
"18650","Neisseria_oralis","Capnocytophaga_ochracea",1
"18654","Leptotrichia_hongkongensis","Capnocytophaga_ochracea",1
"18666","Cardiobacterium_valvarum","Capnocytophaga_ochracea",1
"18693","Atopobium_parvulum","Capnocytophaga_ochracea",-1
"18700","Wolinella_succinogenes","Capnocytophaga_ochracea",1
"18702","Shuttleworthia_satelles","Capnocytophaga_ochracea",1
"18707","Treponema_socranskii","Capnocytophaga_ochracea",1
"18721","Leptotrichia_shahii","Capnocytophaga_ochracea",1
"18916","Veillonella_rogosae","Gemella_sanguinis",1
"18926","Actinomyces_odontolyticus","Gemella_sanguinis",1
"18987","Streptococcus_pneumoniae","Gemella_sanguinis",1
"19001","Haemophilus_parainfluenzae","Gemella_sanguinis",1
"19042","Gemella_haemolysans","Gemella_sanguinis",1
"19047","Streptococcus_oralis","Gemella_sanguinis",1
"19067","Eubacterium_sulci","Gemella_sanguinis",1
"19086","Prevotella_nanceiensis","Gemella_sanguinis",1
"19098","Peptostreptococcus_stomatis","Gemella_sanguinis",1
"19315","Leptotrichia_buccalis","Prevotella_intermedia",1
"19321","Prevotella_baroniae","Prevotella_intermedia",1
"19324","Treponema_denticola","Prevotella_intermedia",1
"19325","Eubacterium_brachy","Prevotella_intermedia",1
"19326","Porphyromonas_endodontalis","Prevotella_intermedia",1
"19327","Eubacterium_yurii","Prevotella_intermedia",1
"19330","Prevotella_denticola","Prevotella_intermedia",1
"19336","Dialister_invisus","Prevotella_intermedia",1
"19338","Prevotella_enoeca","Prevotella_intermedia",1
"19354","Eubacterium_nodatum","Prevotella_intermedia",1
"19358","Anaeroglobus_geminatus","Prevotella_intermedia",1
"19359","Olsenella_uli","Prevotella_intermedia",1
"19364","Mycoplasma_faucium","Prevotella_intermedia",1
"19365","Mycoplasma_hyosynoviae","Prevotella_intermedia",1
"19368","Prevotella_dentalis","Prevotella_intermedia",1
"19371","Peptococcus_niger","Prevotella_intermedia",1
"19374","Treponema_pedis","Prevotella_intermedia",1
"19379","Schwartzia_succinivorans","Prevotella_intermedia",1
"19381","Prevotella_marshii","Prevotella_intermedia",1
"19382","Treponema_parvum","Prevotella_intermedia",1
"19393","Porphyromonas_gingivalis","Prevotella_intermedia",1
"19400","Treponema_bryantii","Prevotella_intermedia",1
"19402","Filifactor_alocis","Prevotella_intermedia",1
"19404","Odoribacter_denticanis","Prevotella_intermedia",1
"19405","Bacteroides_heparinolyticus","Prevotella_intermedia",1
"19409","Brachymonas_denitrificans","Prevotella_intermedia",1
"19410","Prevotella_paludivivens","Prevotella_intermedia",1
"19413","Bacteroides_zoogleoformans","Prevotella_intermedia",1
"19421","Eubacterium_minutum","Prevotella_intermedia",1
"19422","Sporanaerobacter_acetigenes","Prevotella_intermedia",1
"19423","Desulfomicrobium_orale","Prevotella_intermedia",1
"19424","Campylobacter_showae","Prevotella_intermedia",1
"19425","Tannerella_forsythia","Prevotella_intermedia",1
"19428","Neisseria_oralis","Prevotella_intermedia",1
"19441","Streptococcus_sinensis","Prevotella_intermedia",1
"19444","Cardiobacterium_valvarum","Prevotella_intermedia",1
"19446","Prevotella_pleuritidis","Prevotella_intermedia",1
"19460","Desulfobulbus_rhabdoformis","Prevotella_intermedia",1
"19462","Streptococcus_parasanguinis","Prevotella_intermedia",-1
"19465","Prevotella_oralis","Prevotella_intermedia",1
"19476","Treponema_amylovorum","Prevotella_intermedia",1
"19478","Wolinella_succinogenes","Prevotella_intermedia",1
"19480","Shuttleworthia_satelles","Prevotella_intermedia",1
"19481","Treponema_lecithinolyticum","Prevotella_intermedia",1
"19485","Treponema_socranskii","Prevotella_intermedia",1
"19487","Dialister_pneumosintes","Prevotella_intermedia",1
"19489","Peptostreptococcus_stomatis","Prevotella_intermedia",1
"19492","Mycoplasma_salivarium","Prevotella_intermedia",1
"19500","Capnocytophaga_ochracea","Prevotella_intermedia",1
"19719","Treponema_denticola","Prevotella_fusca",1
"19753","Anaeroglobus_geminatus","Prevotella_fusca",1
"19754","Olsenella_uli","Prevotella_fusca",1
"19915","Prevotella_baroniae","Selenomonas_sputigena",1
"19918","Treponema_denticola","Selenomonas_sputigena",1
"19924","Prevotella_denticola","Selenomonas_sputigena",1
"19930","Dialister_invisus","Selenomonas_sputigena",1
"19932","Prevotella_enoeca","Selenomonas_sputigena",1
"19945","Prevotella_salivae","Selenomonas_sputigena",1
"19952","Anaeroglobus_geminatus","Selenomonas_sputigena",1
"19953","Olsenella_uli","Selenomonas_sputigena",1
"19955","Prevotella_veroralis","Selenomonas_sputigena",1
"19969","Campylobacter_curvus","Selenomonas_sputigena",1
"19973","Schwartzia_succinivorans","Selenomonas_sputigena",1
"19974","Actinomyces_hyovaginalis","Selenomonas_sputigena",1
"19975","Prevotella_marshii","Selenomonas_sputigena",1
"19976","Treponema_parvum","Selenomonas_sputigena",1
"19983","Selenomonas_noxia","Selenomonas_sputigena",1
"19984","Bifidobacterium_dentium","Selenomonas_sputigena",1
"19999","Bacteroides_heparinolyticus","Selenomonas_sputigena",1
"20001","Lachnoanaerobaculum_saburreum","Selenomonas_sputigena",1
"20015","Eubacterium_minutum","Selenomonas_sputigena",1
"20030","Slackia_exigua","Selenomonas_sputigena",1
"20033","Desulfovibrio_fairfieldensis","Selenomonas_sputigena",1
"20034","Prevotella_multisaccharivorax","Selenomonas_sputigena",1
"20042","Howardella_ureilytica","Selenomonas_sputigena",1
"20051","Selenomonas_ruminantium","Selenomonas_sputigena",1
"20059","Prevotella_oralis","Selenomonas_sputigena",1
"20074","Shuttleworthia_satelles","Selenomonas_sputigena",1
"20079","Treponema_socranskii","Selenomonas_sputigena",1
"20081","Dialister_pneumosintes","Selenomonas_sputigena",1
"20082","Selenomonas_flueggei","Selenomonas_sputigena",1
"20083","Peptostreptococcus_stomatis","Selenomonas_sputigena",1
"20093","Leptotrichia_shahii","Selenomonas_sputigena",1
"20518","Prevotella_baroniae","Bulleidia_extructa",1
"20521","Treponema_denticola","Bulleidia_extructa",1
"20522","Eubacterium_brachy","Bulleidia_extructa",1
"20523","Porphyromonas_endodontalis","Bulleidia_extructa",1
"20527","Prevotella_denticola","Bulleidia_extructa",1
"20555","Anaeroglobus_geminatus","Bulleidia_extructa",1
"20565","Prevotella_dentalis","Bulleidia_extructa",1
"20599","Filifactor_alocis","Bulleidia_extructa",1
"20633","Slackia_exigua","Bulleidia_extructa",1
"20643","Prevotella_pleuritidis","Bulleidia_extructa",1
"20682","Treponema_socranskii","Bulleidia_extructa",1
"20684","Dialister_pneumosintes","Bulleidia_extructa",1
"20869","Actinobacillus_porcinus","Haemophilus_parahaemolyticus",1
"20904","Prevotella_intermedia","Haemophilus_parahaemolyticus",1
"20925","Prevotella_baroniae","Alloprevotella_tannerae",1
"20926","Capnocytophaga_leadbetteri","Alloprevotella_tannerae",1
"20929","Eubacterium_brachy","Alloprevotella_tannerae",1
"20930","Porphyromonas_endodontalis","Alloprevotella_tannerae",1
"20934","Prevotella_denticola","Alloprevotella_tannerae",1
"20940","Dialister_invisus","Alloprevotella_tannerae",1
"20963","Olsenella_uli","Alloprevotella_tannerae",1
"20965","Prevotella_veroralis","Alloprevotella_tannerae",1
"20968","Mycoplasma_faucium","Alloprevotella_tannerae",1
"20972","Prevotella_dentalis","Alloprevotella_tannerae",1
"20977","Treponema_refringens","Alloprevotella_tannerae",1
"20985","Prevotella_marshii","Alloprevotella_tannerae",1
"20986","Treponema_parvum","Alloprevotella_tannerae",1
"20997","Porphyromonas_gingivalis","Alloprevotella_tannerae",1
"21017","Bacteroides_zoogleoformans","Alloprevotella_tannerae",1
"21021","Peptoniphilus_lacrimalis","Alloprevotella_tannerae",1
"21027","Desulfomicrobium_orale","Alloprevotella_tannerae",1
"21044","Prevotella_multisaccharivorax","Alloprevotella_tannerae",1
"21059","Streptobacillus_moniliformis","Alloprevotella_tannerae",1
"21089","Treponema_socranskii","Alloprevotella_tannerae",1
"21091","Dialister_pneumosintes","Alloprevotella_tannerae",1
"21093","Peptostreptococcus_stomatis","Alloprevotella_tannerae",1
"21096","Mycoplasma_salivarium","Alloprevotella_tannerae",1
"21099","Actinomyces_oricola","Alloprevotella_tannerae",1
"21111","Selenomonas_sputigena","Alloprevotella_tannerae",1
"21340","Eubacterium_brachy","Actinomyces_georgiae",1
"21341","Porphyromonas_endodontalis","Actinomyces_georgiae",1
"21349","Actinomyces_oris","Actinomyces_georgiae",1
"21351","Dialister_invisus","Actinomyces_georgiae",1
"21369","Eubacterium_nodatum","Actinomyces_georgiae",1
"21373","Anaeroglobus_geminatus","Actinomyces_georgiae",1
"21374","Olsenella_uli","Actinomyces_georgiae",1
"21378","Rothia_dentocariosa","Actinomyces_georgiae",1
"21379","Mycoplasma_faucium","Actinomyces_georgiae",1
"21394","Schwartzia_succinivorans","Actinomyces_georgiae",1
"21404","Selenomonas_noxia","Actinomyces_georgiae",1
"21422","Lachnoanaerobaculum_saburreum","Actinomyces_georgiae",1
"21426","Streptococcus_gordonii","Actinomyces_georgiae",1
"21427","Leptotrichia_hofstadii","Actinomyces_georgiae",1
"21433","Streptococcus_sanguinis","Actinomyces_georgiae",1
"21436","Eubacterium_minutum","Actinomyces_georgiae",1
"21440","Tannerella_forsythia","Actinomyces_georgiae",1
"21451","Slackia_exigua","Actinomyces_georgiae",1
"21452","Actinomyces_viscosus","Actinomyces_georgiae",1
"21459","Cardiobacterium_valvarum","Actinomyces_georgiae",1
"21475","Desulfobulbus_rhabdoformis","Actinomyces_georgiae",1
"21490","Pasteurella_pneumotropica","Actinomyces_georgiae",1
"21495","Shuttleworthia_satelles","Actinomyces_georgiae",1
"21500","Treponema_socranskii","Actinomyces_georgiae",1
"21503","Selenomonas_flueggei","Actinomyces_georgiae",1
"21514","Leptotrichia_shahii","Actinomyces_georgiae",1
"21515","Capnocytophaga_ochracea","Actinomyces_georgiae",1
"21522","Selenomonas_sputigena","Actinomyces_georgiae",1
"21525","Bulleidia_extructa","Actinomyces_georgiae",1
"21951","Veillonella_dispar","Actinomyces_lingnae",1
"21956","Actinomyces_odontolyticus","Actinomyces_lingnae",1
"21981","Lachnoanaerobaculum_orale","Actinomyces_lingnae",1
"22045","Rothia_mucilaginosa","Actinomyces_lingnae",1
"22086","Corynebacterium_argentoratense","Actinomyces_lingnae",1
"22101","Streptococcus_parasanguinis","Actinomyces_lingnae",1
"22105","Actinomyces_graevenitzii","Actinomyces_lingnae",1
"22110","Atopobium_parvulum","Actinomyces_lingnae",1
"22372","Veillonella_dispar","Lactobacillus_salivarius",1
"22388","Prevotella_shahii","Lactobacillus_salivarius",-1
"22420","Lactobacillus_johnsonii","Lactobacillus_salivarius",1
"22450","Bifidobacterium_dentium","Lactobacillus_salivarius",1
"22480","Fusobacterium_periodonticum","Lactobacillus_salivarius",-1
"22484","Campylobacter_showae","Lactobacillus_salivarius",-1
"22489","Lactobacillus_ruminis","Lactobacillus_salivarius",1
"22513","Parascardovia_denticolens","Lactobacillus_salivarius",1
"22550","Lactobacillus_reuteri","Lactobacillus_salivarius",1
"22632","Lactobacillus_johnsonii","Lactobacillus_crispatus",1
"22662","Bifidobacterium_dentium","Lactobacillus_crispatus",1
"22725","Parascardovia_denticolens","Lactobacillus_crispatus",1
"22762","Lactobacillus_reuteri","Lactobacillus_crispatus",1
"22791","Lactobacillus_salivarius","Lactobacillus_crispatus",1
"22800","Leptotrichia_buccalis","Prevotella_maculosa",1
"22807","Capnocytophaga_leadbetteri","Prevotella_maculosa",1
"22809","Treponema_denticola","Prevotella_maculosa",1
"22811","Porphyromonas_endodontalis","Prevotella_maculosa",1
"22815","Prevotella_denticola","Prevotella_maculosa",1
"22821","Dialister_invisus","Prevotella_maculosa",1
"22823","Prevotella_enoeca","Prevotella_maculosa",1
"22839","Eubacterium_nodatum","Prevotella_maculosa",1
"22843","Anaeroglobus_geminatus","Prevotella_maculosa",1
"22844","Olsenella_uli","Prevotella_maculosa",1
"22846","Prevotella_veroralis","Prevotella_maculosa",1
"22864","Schwartzia_succinivorans","Prevotella_maculosa",1
"22866","Prevotella_marshii","Prevotella_maculosa",1
"22874","Selenomonas_noxia","Prevotella_maculosa",1
"22878","Porphyromonas_gingivalis","Prevotella_maculosa",1
"22887","Filifactor_alocis","Prevotella_maculosa",1
"22892","Lachnoanaerobaculum_saburreum","Prevotella_maculosa",1
"22897","Leptotrichia_hofstadii","Prevotella_maculosa",1
"22909","Campylobacter_showae","Prevotella_maculosa",1
"22910","Tannerella_forsythia","Prevotella_maculosa",1
"22912","Capnocytophaga_granulosa","Prevotella_maculosa",1
"22913","Neisseria_oralis","Prevotella_maculosa",1
"22917","Leptotrichia_hongkongensis","Prevotella_maculosa",1
"22921","Slackia_exigua","Prevotella_maculosa",1
"22928","Desulfobulbus_propionicus","Prevotella_maculosa",1
"22929","Cardiobacterium_valvarum","Prevotella_maculosa",1
"22931","Prevotella_pleuritidis","Prevotella_maculosa",1
"22933","Howardella_ureilytica","Prevotella_maculosa",1
"22936","Propionibacterium_acidifaciens","Prevotella_maculosa",1
"22950","Prevotella_oralis","Prevotella_maculosa",1
"22961","Treponema_amylovorum","Prevotella_maculosa",1
"22965","Shuttleworthia_satelles","Prevotella_maculosa",1
"22970","Treponema_socranskii","Prevotella_maculosa",1
"22972","Dialister_pneumosintes","Prevotella_maculosa",1
"22973","Selenomonas_flueggei","Prevotella_maculosa",1
"22977","Mycoplasma_salivarium","Prevotella_maculosa",1
"22980","Actinomyces_oricola","Prevotella_maculosa",1
"22984","Leptotrichia_shahii","Prevotella_maculosa",1
"22985","Capnocytophaga_ochracea","Prevotella_maculosa",1
"22986","Prevotella_ruminicola","Prevotella_maculosa",1
"22989","Prevotella_intermedia","Prevotella_maculosa",1
"22992","Selenomonas_sputigena","Prevotella_maculosa",1
"22997","Alloprevotella_tannerae","Prevotella_maculosa",1
"22998","Alkaliphilus_crotonatoxidans","Prevotella_maculosa",1
"22999","Actinomyces_georgiae","Prevotella_maculosa",1
"23052","Mannheimia_granulomatis","Haemophilus_influenzae",1
"23082","Lautropia_mirabilis","Haemophilus_influenzae",1
"23132","Gemella_haemolysans","Haemophilus_influenzae",1
"23137","Streptococcus_oralis","Haemophilus_influenzae",1
"23168","Actinobacillus_porcinus","Haemophilus_influenzae",1
"23210","Haemophilus_parahaemolyticus","Haemophilus_influenzae",1
"23215","Streptococcus_oligofermentans","Haemophilus_influenzae",1
"24177","Porphyromonas_gingivalis","Porphyromonas_gulae",1
"24537","Veillonella_dispar","Veillonella_parvula",1
"24676","Propionibacterium_acidifaciens","Veillonella_parvula",1
"24761","Eubacterium_saphenum","Actinomyces_cardiffensis",1
"24768","Prevotella_baroniae","Actinomyces_cardiffensis",1
"24771","Treponema_denticola","Actinomyces_cardiffensis",1
"24773","Porphyromonas_endodontalis","Actinomyces_cardiffensis",1
"24783","Dialister_invisus","Actinomyces_cardiffensis",1
"24801","Eubacterium_nodatum","Actinomyces_cardiffensis",1
"24805","Anaeroglobus_geminatus","Actinomyces_cardiffensis",1
"24806","Olsenella_uli","Actinomyces_cardiffensis",1
"24840","Porphyromonas_gingivalis","Actinomyces_cardiffensis",1
"24849","Filifactor_alocis","Actinomyces_cardiffensis",1
"24872","Tannerella_forsythia","Actinomyces_cardiffensis",1
"24883","Slackia_exigua","Actinomyces_cardiffensis",1
"24907","Desulfobulbus_rhabdoformis","Actinomyces_cardiffensis",1
"24928","Treponema_lecithinolyticum","Actinomyces_cardiffensis",1
"24932","Treponema_socranskii","Actinomyces_cardiffensis",1
"24936","Peptostreptococcus_stomatis","Actinomyces_cardiffensis",1
"24951","Prevotella_intermedia","Actinomyces_cardiffensis",1
"24954","Selenomonas_sputigena","Actinomyces_cardiffensis",1
"24957","Bulleidia_extructa","Actinomyces_cardiffensis",1
"24961","Actinomyces_georgiae","Actinomyces_cardiffensis",1
"25202","Rothia_aeria","Capnocytophaga_sputigena",1
"25216","Capnocytophaga_leadbetteri","Capnocytophaga_sputigena",1
"25243","Bergeyella_zoohelcum","Capnocytophaga_sputigena",1
"25312","Streptococcus_sanguinis","Capnocytophaga_sputigena",1
"25321","Capnocytophaga_granulosa","Capnocytophaga_sputigena",1
"25322","Neisseria_oralis","Capnocytophaga_sputigena",1
"25662","Actinomyces_odontolyticus","Mobiluncus_mulieris",1
"25816","Atopobium_parvulum","Mobiluncus_mulieris",1
"25862","Actinomyces_lingnae","Mobiluncus_mulieris",1
"26112","Veillonella_dispar","Lactobacillus_vaginalis",1
"26130","Prevotella_denticola","Lactobacillus_vaginalis",1
"26163","Rothia_dentocariosa","Lactobacillus_vaginalis",1
"26211","Streptococcus_gordonii","Lactobacillus_vaginalis",1
"26240","Prevotella_multisaccharivorax","Lactobacillus_vaginalis",1
"26253","Parascardovia_denticolens","Lactobacillus_vaginalis",1
"26402","Treponema_refringens","Mycoplasma_orale",1
"26449","Fusobacterium_periodonticum","Mycoplasma_orale",1
"26518","Peptostreptococcus_stomatis","Mycoplasma_orale",1
"26567","Rothia_aeria","Treponema_medium",1
"26573","Eubacterium_saphenum","Treponema_medium",1
"26574","Leptotrichia_buccalis","Treponema_medium",1
"26580","Prevotella_baroniae","Treponema_medium",1
"26581","Capnocytophaga_leadbetteri","Treponema_medium",1
"26583","Treponema_denticola","Treponema_medium",1
"26584","Eubacterium_brachy","Treponema_medium",1
"26585","Porphyromonas_endodontalis","Treponema_medium",1
"26589","Prevotella_denticola","Treponema_medium",1
"26595","Dialister_invisus","Treponema_medium",1
"26597","Prevotella_enoeca","Treponema_medium",1
"26613","Eubacterium_nodatum","Treponema_medium",1
"26617","Anaeroglobus_geminatus","Treponema_medium",1
"26618","Olsenella_uli","Treponema_medium",1
"26623","Mycoplasma_faucium","Treponema_medium",1
"26624","Mycoplasma_hyosynoviae","Treponema_medium",1
"26626","Alysiella_crassa","Treponema_medium",1
"26633","Treponema_pedis","Treponema_medium",1
"26634","Campylobacter_curvus","Treponema_medium",1
"26638","Schwartzia_succinivorans","Treponema_medium",1
"26641","Treponema_parvum","Treponema_medium",1
"26648","Selenomonas_noxia","Treponema_medium",1
"26652","Porphyromonas_gingivalis","Treponema_medium",1
"26659","Treponema_bryantii","Treponema_medium",1
"26661","Filifactor_alocis","Treponema_medium",1
"26663","Odoribacter_denticanis","Treponema_medium",1
"26664","Bacteroides_heparinolyticus","Treponema_medium",1
"26666","Lachnoanaerobaculum_saburreum","Treponema_medium",1
"26669","Prevotella_paludivivens","Treponema_medium",1
"26673","Natranaerovirga_hydrolytica","Treponema_medium",1
"26680","Eubacterium_minutum","Treponema_medium",1
"26681","Sporanaerobacter_acetigenes","Treponema_medium",1
"26682","Desulfomicrobium_orale","Treponema_medium",1
"26683","Campylobacter_showae","Treponema_medium",1
"26684","Tannerella_forsythia","Treponema_medium",1
"26686","Capnocytophaga_granulosa","Treponema_medium",1
"26687","Neisseria_oralis","Treponema_medium",1
"26695","Slackia_exigua","Treponema_medium",1
"26698","Desulfovibrio_fairfieldensis","Treponema_medium",1
"26702","Desulfobulbus_propionicus","Treponema_medium",1
"26705","Prevotella_pleuritidis","Treponema_medium",1
"26712","Parascardovia_denticolens","Treponema_medium",1
"26719","Desulfobulbus_rhabdoformis","Treponema_medium",1
"26724","Prevotella_oralis","Treponema_medium",1
"26735","Treponema_amylovorum","Treponema_medium",1
"26737","Wolinella_succinogenes","Treponema_medium",1
"26740","Treponema_lecithinolyticum","Treponema_medium",1
"26744","Treponema_socranskii","Treponema_medium",1
"26746","Dialister_pneumosintes","Treponema_medium",1
"26747","Selenomonas_flueggei","Treponema_medium",1
"26748","Peptostreptococcus_stomatis","Treponema_medium",1
"26753","Simonsiella_muelleri","Treponema_medium",1
"26759","Capnocytophaga_ochracea","Treponema_medium",1
"26763","Prevotella_intermedia","Treponema_medium",1
"26765","Prevotella_fusca","Treponema_medium",1
"26766","Selenomonas_sputigena","Treponema_medium",1
"26771","Alloprevotella_tannerae","Treponema_medium",1
"26773","Actinomyces_georgiae","Treponema_medium",1
"26780","Prevotella_maculosa","Treponema_medium",1
"26785","Clostridium_aminobutyricum","Treponema_medium",1
"26786","Porphyromonas_gulae","Treponema_medium",1
"26789","Actinomyces_cardiffensis","Treponema_medium",1
"26804","Eubacterium_saphenum","Selenomonas_infelix",1
"26805","Leptotrichia_buccalis","Selenomonas_infelix",1
"26812","Capnocytophaga_leadbetteri","Selenomonas_infelix",1
"26815","Eubacterium_brachy","Selenomonas_infelix",1
"26816","Porphyromonas_endodontalis","Selenomonas_infelix",1
"26826","Dialister_invisus","Selenomonas_infelix",1
"26844","Eubacterium_nodatum","Selenomonas_infelix",1
"26848","Anaeroglobus_geminatus","Selenomonas_infelix",1
"26849","Olsenella_uli","Selenomonas_infelix",1
"26870","Actinomyces_hyovaginalis","Selenomonas_infelix",1
"26871","Prevotella_marshii","Selenomonas_infelix",1
"26879","Selenomonas_noxia","Selenomonas_infelix",1
"26899","Brachymonas_denitrificans","Selenomonas_infelix",1
"26908","Streptococcus_sanguinis","Selenomonas_infelix",1
"26914","Campylobacter_showae","Selenomonas_infelix",1
"26915","Tannerella_forsythia","Selenomonas_infelix",1
"26917","Capnocytophaga_granulosa","Selenomonas_infelix",1
"26918","Neisseria_oralis","Selenomonas_infelix",1
"26929","Desulfovibrio_fairfieldensis","Selenomonas_infelix",1
"26934","Cardiobacterium_valvarum","Selenomonas_infelix",1
"26947","Selenomonas_ruminantium","Selenomonas_infelix",1
"26950","Desulfobulbus_rhabdoformis","Selenomonas_infelix",1
"26955","Prevotella_oralis","Selenomonas_infelix",1
"26965","Pasteurella_pneumotropica","Selenomonas_infelix",1
"26966","Treponema_amylovorum","Selenomonas_infelix",1
"26968","Wolinella_succinogenes","Selenomonas_infelix",1
"26971","Treponema_lecithinolyticum","Selenomonas_infelix",1
"26972","Neisseria_macacae","Selenomonas_infelix",1
"26975","Treponema_socranskii","Selenomonas_infelix",1
"26984","Simonsiella_muelleri","Selenomonas_infelix",1
"26989","Leptotrichia_shahii","Selenomonas_infelix",1
"26990","Capnocytophaga_ochracea","Selenomonas_infelix",1
"26994","Prevotella_intermedia","Selenomonas_infelix",1
"26997","Selenomonas_sputigena","Selenomonas_infelix",1
"27002","Alloprevotella_tannerae","Selenomonas_infelix",1
"27011","Prevotella_maculosa","Selenomonas_infelix",1
"27028","Treponema_medium","Selenomonas_infelix",1
"28209","Veillonella_dispar","Lactobacillus_fermentum",1
"28260","Rothia_dentocariosa","Lactobacillus_fermentum",1
"28287","Bifidobacterium_dentium","Lactobacillus_fermentum",1
"28317","Fusobacterium_periodonticum","Lactobacillus_fermentum",-1
"28326","Lactobacillus_ruminis","Lactobacillus_fermentum",1
"28350","Parascardovia_denticolens","Lactobacillus_fermentum",1
"28355","Eubacterium_sulci","Lactobacillus_fermentum",-1
"28417","Lactobacillus_crispatus","Lactobacillus_fermentum",1
"28457","Capnocytophaga_leadbetteri","Neisseria_elongata",1
"28518","Lautropia_mirabilis","Neisseria_elongata",1
"28547","Leptotrichia_hofstadii","Neisseria_elongata",1
"28563","Neisseria_oralis","Neisseria_elongata",1
"28566","Soonwooa_buanensis","Neisseria_elongata",1
"28606","Atopobium_parvulum","Neisseria_elongata",-1
"28617","Neisseria_macacae","Neisseria_elongata",1
"28629","Simonsiella_muelleri","Neisseria_elongata",1
"28667","Capnocytophaga_sputigena","Neisseria_elongata",1
"28681","Veillonella_rogosae","Oribacterium_sinus",1
"28684","Butyrivibrio_hungatei","Oribacterium_sinus",1
"28691","Actinomyces_odontolyticus","Oribacterium_sinus",1
"28697","Prevotella_pallens","Oribacterium_sinus",1
"28707","Prevotella_scopos","Oribacterium_sinus",1
"28718","Orientia_tsutsugamushi","Oribacterium_sinus",1
"28790","Campylobacter_mucosalis","Oribacterium_sinus",1
"28794","Fusobacterium_periodonticum","Oribacterium_sinus",1
"28832","Eubacterium_sulci","Oribacterium_sinus",1
"28836","Streptococcus_parasanguinis","Oribacterium_sinus",1
"28863","Peptostreptococcus_stomatis","Oribacterium_sinus",1
"28867","Mobiluncus_curtisii","Oribacterium_sinus",1
"28876","Gemella_sanguinis","Oribacterium_sinus",1
"28891","Actinomyces_lingnae","Oribacterium_sinus",1
"28908","Mobiluncus_mulieris","Oribacterium_sinus",1
"28924","Butyrivibrio_hungatei","Solobacterium_moorei",1
"28931","Actinomyces_odontolyticus","Solobacterium_moorei",1
"28937","Prevotella_pallens","Solobacterium_moorei",1
"28965","Prevotella_salivae","Solobacterium_moorei",1
"29072","Eubacterium_sulci","Solobacterium_moorei",1
"29080","Actinomyces_graevenitzii","Solobacterium_moorei",1
"29081","Alloprevotella_rava","Solobacterium_moorei",1
"29085","Atopobium_parvulum","Solobacterium_moorei",1
"29103","Peptostreptococcus_stomatis","Solobacterium_moorei",1
"29107","Mobiluncus_curtisii","Solobacterium_moorei",1
"29131","Actinomyces_lingnae","Solobacterium_moorei",1
"29151","Mycoplasma_orale","Solobacterium_moorei",1
"29161","Oribacterium_sinus","Solobacterium_moorei",1
"29176","Prevotella_baroniae","Eggerthia_catenaformis",1
"29181","Porphyromonas_endodontalis","Eggerthia_catenaformis",1
"29185","Prevotella_denticola","Eggerthia_catenaformis",1
"29209","Eubacterium_nodatum","Eggerthia_catenaformis",1
"29213","Anaeroglobus_geminatus","Eggerthia_catenaformis",1
"29226","Peptococcus_niger","Eggerthia_catenaformis",1
"29276","Eubacterium_minutum","Eggerthia_catenaformis",1
"29280","Tannerella_forsythia","Eggerthia_catenaformis",1
"29335","Shuttleworthia_satelles","Eggerthia_catenaformis",1
"29340","Treponema_socranskii","Eggerthia_catenaformis",1
"29344","Peptostreptococcus_stomatis","Eggerthia_catenaformis",1
"29355","Capnocytophaga_ochracea","Eggerthia_catenaformis",1
"29393","Treponema_medium","Eggerthia_catenaformis",1
"29490","Porphyromonas_gingivalis","Clostridium_ultunense",1
"29499","Filifactor_alocis","Clostridium_ultunense",1
"29680","Veillonella_montpellierensis","Granulicatella_elegans",1
"29711","Peptococcus_niger","Granulicatella_elegans",1
"29718","Streptococcus_pneumoniae","Granulicatella_elegans",1
"29741","Bacteroides_intestinalis","Granulicatella_elegans",1
"29742","Filifactor_alocis","Granulicatella_elegans",1
"29773","Gemella_haemolysans","Granulicatella_elegans",1
"29778","Streptococcus_oralis","Granulicatella_elegans",1
"29795","Streptobacillus_moniliformis","Granulicatella_elegans",1
"29856","Streptococcus_oligofermentans","Granulicatella_elegans",1
"29862","Haemophilus_influenzae","Granulicatella_elegans",1
"29867","Porphyromonas_gulae","Granulicatella_elegans",1
"30152","Prevotella_pallens","Campylobacter_concisus",1
"30171","Lachnoanaerobaculum_orale","Campylobacter_concisus",1
"30180","Prevotella_salivae","Campylobacter_concisus",1
"30190","Prevotella_veroralis","Campylobacter_concisus",1
"30204","Campylobacter_curvus","Campylobacter_concisus",1
"30245","Campylobacter_mucosalis","Campylobacter_concisus",1
"30291","Streptococcus_parasanguinis","Campylobacter_concisus",1
"30295","Actinomyces_graevenitzii","Campylobacter_concisus",1
"30300","Atopobium_parvulum","Campylobacter_concisus",1
"30336","Selenomonas_sputigena","Campylobacter_concisus",1
"30376","Oribacterium_sinus","Campylobacter_concisus",1
"30377","Solobacterium_moorei","Campylobacter_concisus",1
"30398","Prevotella_pallens","Prevotella_melaninogenica",1
"30426","Prevotella_salivae","Prevotella_melaninogenica",1
"30546","Atopobium_parvulum","Prevotella_melaninogenica",1
"30577","Gemella_sanguinis","Prevotella_melaninogenica",1
"30623","Solobacterium_moorei","Prevotella_melaninogenica",1
"30634","Veillonella_dispar","Megasphaera_micronuciformis",1
"30639","Actinomyces_odontolyticus","Megasphaera_micronuciformis",1
"30645","Prevotella_pallens","Megasphaera_micronuciformis",1
"30673","Prevotella_salivae","Megasphaera_micronuciformis",1
"30683","Prevotella_veroralis","Megasphaera_micronuciformis",1
"30784","Streptococcus_parasanguinis","Megasphaera_micronuciformis",1
"30793","Atopobium_parvulum","Megasphaera_micronuciformis",1
"30839","Actinomyces_lingnae","Megasphaera_micronuciformis",1
"30869","Oribacterium_sinus","Megasphaera_micronuciformis",1
"30870","Solobacterium_moorei","Megasphaera_micronuciformis",1
"30875","Campylobacter_concisus","Megasphaera_micronuciformis",1
"30876","Prevotella_melaninogenica","Megasphaera_micronuciformis",1
"30882","Veillonella_dispar","Cryptobacterium_curtum",1
"30900","Prevotella_denticola","Cryptobacterium_curtum",1
"30906","Dialister_invisus","Cryptobacterium_curtum",1
"30921","Prevotella_salivae","Cryptobacterium_curtum",1
"30931","Prevotella_veroralis","Cryptobacterium_curtum",1
"30933","Rothia_dentocariosa","Cryptobacterium_curtum",1
"30960","Bifidobacterium_dentium","Cryptobacterium_curtum",1
"30981","Streptococcus_gordonii","Cryptobacterium_curtum",1
"31006","Slackia_exigua","Cryptobacterium_curtum",1
"31035","Prevotella_oralis","Cryptobacterium_curtum",1
"31041","Atopobium_parvulum","Cryptobacterium_curtum",1
"31058","Selenomonas_flueggei","Cryptobacterium_curtum",1
"31060","Lactobacillus_reuteri","Cryptobacterium_curtum",1
"31087","Actinomyces_lingnae","Cryptobacterium_curtum",1
"31089","Lactobacillus_salivarius","Cryptobacterium_curtum",1
"31115","Lactobacillus_fermentum","Cryptobacterium_curtum",1
"31125","Megasphaera_micronuciformis","Cryptobacterium_curtum",1
"31880","Rothia_aeria","Abiotrophia_defectiva",1
"31894","Capnocytophaga_leadbetteri","Abiotrophia_defectiva",1
"31950","Streptococcus_pneumoniae","Abiotrophia_defectiva",1
"31955","Lautropia_mirabilis","Abiotrophia_defectiva",1
"31981","Brachymonas_denitrificans","Abiotrophia_defectiva",1
"31990","Streptococcus_sanguinis","Abiotrophia_defectiva",1
"32072","Capnocytophaga_ochracea","Abiotrophia_defectiva",1
"32104","Capnocytophaga_sputigena","Abiotrophia_defectiva",1
"32140","Leptotrichia_buccalis","Gemella_morbillorum",1
"32726","Haemophilus_parainfluenzae","Haemophilus_sputorum",1
"32811","Prevotella_nanceiensis","Haemophilus_sputorum",1
"32845","Haemophilus_parahaemolyticus","Haemophilus_sputorum",1
"32885","Granulicatella_elegans","Haemophilus_sputorum",1
"32902","Veillonella_dispar","Veillonella_atypica",1
"32913","Prevotella_pallens","Veillonella_atypica",1
"32932","Lachnoanaerobaculum_orale","Veillonella_atypica",1
"32941","Prevotella_salivae","Veillonella_atypica",1
"32951","Prevotella_veroralis","Veillonella_atypica",1
"33014","Campylobacter_showae","Veillonella_atypica",-1
"33028","Streptococcus_oralis","Veillonella_atypica",-1
"33052","Streptococcus_parasanguinis","Veillonella_atypica",1
"33061","Atopobium_parvulum","Veillonella_atypica",1
"33107","Actinomyces_lingnae","Veillonella_atypica",1
"33135","Lactobacillus_fermentum","Veillonella_atypica",1
"33136","Neisseria_elongata","Veillonella_atypica",-1
"33137","Oribacterium_sinus","Veillonella_atypica",1
"33143","Campylobacter_concisus","Veillonella_atypica",1
"33144","Prevotella_melaninogenica","Veillonella_atypica",1
"33145","Megasphaera_micronuciformis","Veillonella_atypica",1
"33685","Prevotella_baroniae","Campylobacter_gracilis",1
"33688","Treponema_denticola","Campylobacter_gracilis",1
"33690","Porphyromonas_endodontalis","Campylobacter_gracilis",1
"33691","Eubacterium_yurii","Campylobacter_gracilis",1
"33694","Prevotella_denticola","Campylobacter_gracilis",1
"33714","Actinomyces_bowdenii","Campylobacter_gracilis",1
"33722","Anaeroglobus_geminatus","Campylobacter_gracilis",1
"33727","Rothia_dentocariosa","Campylobacter_gracilis",1
"33728","Mycoplasma_faucium","Campylobacter_gracilis",1
"33739","Campylobacter_curvus","Campylobacter_gracilis",1
"33743","Schwartzia_succinivorans","Campylobacter_gracilis",1
"33746","Treponema_parvum","Campylobacter_gracilis",1
"33750","Actinomyces_gerencseriae","Campylobacter_gracilis",1
"33753","Selenomonas_noxia","Campylobacter_gracilis",1
"33771","Lachnoanaerobaculum_saburreum","Campylobacter_gracilis",1
"33776","Leptotrichia_hofstadii","Campylobacter_gracilis",1
"33788","Campylobacter_showae","Campylobacter_gracilis",1
"33789","Tannerella_forsythia","Campylobacter_gracilis",1
"33796","Leptotrichia_hongkongensis","Campylobacter_gracilis",1
"33800","Slackia_exigua","Campylobacter_gracilis",1
"33804","Prevotella_multisaccharivorax","Campylobacter_gracilis",1
"33808","Cardiobacterium_valvarum","Campylobacter_gracilis",1
"33815","Propionibacterium_acidifaciens","Campylobacter_gracilis",1
"33824","Desulfobulbus_rhabdoformis","Campylobacter_gracilis",1
"33829","Prevotella_oralis","Campylobacter_gracilis",1
"33842","Wolinella_succinogenes","Campylobacter_gracilis",1
"33844","Shuttleworthia_satelles","Campylobacter_gracilis",1
"33849","Treponema_socranskii","Campylobacter_gracilis",1
"33850","Pyramidobacter_piscolens","Campylobacter_gracilis",1
"33851","Dialister_pneumosintes","Campylobacter_gracilis",1
"33856","Mycoplasma_salivarium","Campylobacter_gracilis",1
"33864","Capnocytophaga_ochracea","Campylobacter_gracilis",1
"33868","Prevotella_intermedia","Campylobacter_gracilis",1
"33871","Selenomonas_sputigena","Campylobacter_gracilis",1
"33876","Alloprevotella_tannerae","Campylobacter_gracilis",1
"33878","Actinomyces_georgiae","Campylobacter_gracilis",1
"33879","Bilophila_wadsworthia","Campylobacter_gracilis",1
"33885","Prevotella_maculosa","Campylobacter_gracilis",1
"33900","Lactobacillus_vaginalis","Campylobacter_gracilis",1
"33902","Treponema_medium","Campylobacter_gracilis",1
"33903","Selenomonas_infelix","Campylobacter_gracilis",1
"33906","Selenomonas_bovis","Campylobacter_gracilis",1
"33909","Lactobacillus_fermentum","Campylobacter_gracilis",1
"33917","Campylobacter_concisus","Campylobacter_gracilis",1
"33922","Atopobium_vaginae","Campylobacter_gracilis",1
"33923","Sediminibacterium_salmoneum","Campylobacter_gracilis",1
"33926","Lactococcus_lactis","Campylobacter_gracilis",1
"34199","Eubacterium_saphenum","Phocaeicola_abscessus",1
"34206","Prevotella_baroniae","Phocaeicola_abscessus",1
"34209","Treponema_denticola","Phocaeicola_abscessus",1
"34211","Porphyromonas_endodontalis","Phocaeicola_abscessus",1
"34215","Prevotella_denticola","Phocaeicola_abscessus",1
"34221","Dialister_invisus","Phocaeicola_abscessus",1
"34223","Prevotella_enoeca","Phocaeicola_abscessus",1
"34239","Eubacterium_nodatum","Phocaeicola_abscessus",1
"34243","Anaeroglobus_geminatus","Phocaeicola_abscessus",1
"34244","Olsenella_uli","Phocaeicola_abscessus",1
"34250","Mycoplasma_hyosynoviae","Phocaeicola_abscessus",1
"34253","Prevotella_dentalis","Phocaeicola_abscessus",1
"34260","Campylobacter_curvus","Phocaeicola_abscessus",1
"34264","Schwartzia_succinivorans","Phocaeicola_abscessus",1
"34266","Prevotella_marshii","Phocaeicola_abscessus",1
"34267","Treponema_parvum","Phocaeicola_abscessus",1
"34275","Bifidobacterium_dentium","Phocaeicola_abscessus",1
"34278","Porphyromonas_gingivalis","Phocaeicola_abscessus",1
"34287","Filifactor_alocis","Phocaeicola_abscessus",1
"34292","Lachnoanaerobaculum_saburreum","Phocaeicola_abscessus",1
"34298","Bacteroides_zoogleoformans","Phocaeicola_abscessus",1
"34306","Eubacterium_minutum","Phocaeicola_abscessus",1
"34310","Tannerella_forsythia","Phocaeicola_abscessus",1
"34324","Desulfovibrio_fairfieldensis","Phocaeicola_abscessus",1
"34325","Prevotella_multisaccharivorax","Phocaeicola_abscessus",1
"34328","Desulfobulbus_propionicus","Phocaeicola_abscessus",1
"34331","Prevotella_pleuritidis","Phocaeicola_abscessus",1
"34338","Parascardovia_denticolens","Phocaeicola_abscessus",1
"34345","Desulfobulbus_rhabdoformis","Phocaeicola_abscessus",1
"34350","Prevotella_oralis","Phocaeicola_abscessus",1
"34370","Treponema_socranskii","Phocaeicola_abscessus",1
"34371","Pyramidobacter_piscolens","Phocaeicola_abscessus",1
"34372","Dialister_pneumosintes","Phocaeicola_abscessus",1
"34375","Lactobacillus_reuteri","Phocaeicola_abscessus",1
"34385","Capnocytophaga_ochracea","Phocaeicola_abscessus",1
"34389","Prevotella_intermedia","Phocaeicola_abscessus",1
"34391","Prevotella_fusca","Phocaeicola_abscessus",1
"34392","Selenomonas_sputigena","Phocaeicola_abscessus",1
"34397","Alloprevotella_tannerae","Phocaeicola_abscessus",1
"34406","Prevotella_maculosa","Phocaeicola_abscessus",1
"34412","Porphyromonas_gulae","Phocaeicola_abscessus",1
"34434","Eggerthia_catenaformis","Phocaeicola_abscessus",1
"34435","Clostridium_ultunense","Phocaeicola_abscessus",1
"34452","Campylobacter_gracilis","Phocaeicola_abscessus",1
"34725","Leptotrichia_buccalis","Campylobacter_rectus",1
"34734","Treponema_denticola","Campylobacter_rectus",1
"34735","Eubacterium_brachy","Campylobacter_rectus",1
"34736","Porphyromonas_endodontalis","Campylobacter_rectus",1
"34737","Eubacterium_yurii","Campylobacter_rectus",1
"34740","Prevotella_denticola","Campylobacter_rectus",1
"34822","Leptotrichia_hofstadii","Campylobacter_rectus",1
"34835","Tannerella_forsythia","Campylobacter_rectus",1
"34885","Pasteurella_pneumotropica","Campylobacter_rectus",1
"34886","Treponema_amylovorum","Campylobacter_rectus",1
"34891","Treponema_lecithinolyticum","Campylobacter_rectus",1
"34959","Eggerthia_catenaformis","Campylobacter_rectus",1
"35269","Prevotella_denticola","Streptococcus_constellatus",1
"35297","Anaeroglobus_geminatus","Streptococcus_constellatus",1
"35375","Slackia_exigua","Streptococcus_constellatus",1
"35506","Campylobacter_gracilis","Streptococcus_constellatus",1
"35530","Eubacterium_brachy","Prevotella_nigrescens",1
"35531","Porphyromonas_endodontalis","Prevotella_nigrescens",1
"35535","Prevotella_denticola","Prevotella_nigrescens",1
"35541","Dialister_invisus","Prevotella_nigrescens",1
"35543","Prevotella_enoeca","Prevotella_nigrescens",1
"35553","Actinomyces_meyeri","Prevotella_nigrescens",1
"35563","Anaeroglobus_geminatus","Prevotella_nigrescens",1
"35564","Olsenella_uli","Prevotella_nigrescens",1
"35566","Prevotella_veroralis","Prevotella_nigrescens",1
"35573","Prevotella_dentalis","Prevotella_nigrescens",1
"35580","Campylobacter_curvus","Prevotella_nigrescens",1
"35584","Schwartzia_succinivorans","Prevotella_nigrescens",1
"35586","Prevotella_marshii","Prevotella_nigrescens",1
"35594","Selenomonas_noxia","Prevotella_nigrescens",1
"35595","Bifidobacterium_dentium","Prevotella_nigrescens",1
"35607","Filifactor_alocis","Prevotella_nigrescens",1
"35618","Bacteroides_zoogleoformans","Prevotella_nigrescens",1
"35630","Tannerella_forsythia","Prevotella_nigrescens",1
"35641","Slackia_exigua","Prevotella_nigrescens",1
"35653","Howardella_ureilytica","Prevotella_nigrescens",1
"35658","Parascardovia_denticolens","Prevotella_nigrescens",1
"35662","Selenomonas_ruminantium","Prevotella_nigrescens",1
"35670","Prevotella_oralis","Prevotella_nigrescens",1
"35672","Alloprevotella_rava","Prevotella_nigrescens",1
"35681","Treponema_amylovorum","Prevotella_nigrescens",1
"35685","Shuttleworthia_satelles","Prevotella_nigrescens",1
"35686","Treponema_lecithinolyticum","Prevotella_nigrescens",1
"35690","Treponema_socranskii","Prevotella_nigrescens",1
"35692","Dialister_pneumosintes","Prevotella_nigrescens",1
"35693","Selenomonas_flueggei","Prevotella_nigrescens",1
"35697","Mycoplasma_salivarium","Prevotella_nigrescens",1
"35704","Leptotrichia_shahii","Prevotella_nigrescens",1
"35705","Capnocytophaga_ochracea","Prevotella_nigrescens",1
"35711","Prevotella_fusca","Prevotella_nigrescens",1
"35712","Selenomonas_sputigena","Prevotella_nigrescens",1
"35717","Alloprevotella_tannerae","Prevotella_nigrescens",1
"35726","Prevotella_maculosa","Prevotella_nigrescens",1
"35735","Actinomyces_cardiffensis","Prevotella_nigrescens",1
"35747","Selenomonas_bovis","Prevotella_nigrescens",1
"35754","Eggerthia_catenaformis","Prevotella_nigrescens",1
"35772","Campylobacter_gracilis","Prevotella_nigrescens",1
"35774","Phocaeicola_abscessus","Prevotella_nigrescens",1
"35780","Rothia_aeria","Corynebacterium_matruchotii",1
"35787","Leptotrichia_buccalis","Corynebacterium_matruchotii",1
"35794","Capnocytophaga_leadbetteri","Corynebacterium_matruchotii",1
"35796","Treponema_denticola","Corynebacterium_matruchotii",1
"35797","Eubacterium_brachy","Corynebacterium_matruchotii",1
"35802","Prevotella_denticola","Corynebacterium_matruchotii",1
"35808","Dialister_invisus","Corynebacterium_matruchotii",1
"35830","Anaeroglobus_geminatus","Corynebacterium_matruchotii",1
"35831","Olsenella_uli","Corynebacterium_matruchotii",1
"35835","Rothia_dentocariosa","Corynebacterium_matruchotii",1
"35842","Corynebacterium_jeikeium","Corynebacterium_matruchotii",1
"35851","Schwartzia_succinivorans","Corynebacterium_matruchotii",1
"35855","Lautropia_mirabilis","Corynebacterium_matruchotii",1
"35858","Actinomyces_gerencseriae","Corynebacterium_matruchotii",1
"35861","Selenomonas_noxia","Corynebacterium_matruchotii",1
"35879","Lachnoanaerobaculum_saburreum","Corynebacterium_matruchotii",1
"35881","Brachymonas_denitrificans","Corynebacterium_matruchotii",1
"35883","Streptococcus_gordonii","Corynebacterium_matruchotii",1
"35884","Leptotrichia_hofstadii","Corynebacterium_matruchotii",1
"35890","Streptococcus_sanguinis","Corynebacterium_matruchotii",1
"35897","Tannerella_forsythia","Corynebacterium_matruchotii",1
"35899","Capnocytophaga_granulosa","Corynebacterium_matruchotii",1
"35904","Leptotrichia_hongkongensis","Corynebacterium_matruchotii",1
"35909","Actinomyces_viscosus","Corynebacterium_matruchotii",1
"35916","Cardiobacterium_valvarum","Corynebacterium_matruchotii",1
"35930","Eubacterium_sulci","Corynebacterium_matruchotii",-1
"35947","Pasteurella_pneumotropica","Corynebacterium_matruchotii",1
"35957","Treponema_socranskii","Corynebacterium_matruchotii",1
"35960","Selenomonas_flueggei","Corynebacterium_matruchotii",1
"35971","Leptotrichia_shahii","Corynebacterium_matruchotii",1
"35972","Capnocytophaga_ochracea","Corynebacterium_matruchotii",1
"35979","Selenomonas_sputigena","Corynebacterium_matruchotii",1
"35986","Actinomyces_georgiae","Corynebacterium_matruchotii",1
"35993","Prevotella_maculosa","Corynebacterium_matruchotii",1
"36001","Veillonella_parvula","Corynebacterium_matruchotii",1
"36007","Escherichia_coli","Corynebacterium_matruchotii",1
"36011","Selenomonas_infelix","Corynebacterium_matruchotii",1
"36018","Neisseria_elongata","Corynebacterium_matruchotii",1
"36032","Abiotrophia_defectiva","Corynebacterium_matruchotii",1
"36039","Campylobacter_gracilis","Corynebacterium_matruchotii",1
"36062","Capnocytophaga_leadbetteri","Eikenella_corrodens",1
"36068","Prevotella_shahii","Eikenella_corrodens",1
"36089","Bergeyella_zoohelcum","Eikenella_corrodens",1
"36165","Tannerella_forsythia","Eikenella_corrodens",1
"36166","Kingella_potus","Eikenella_corrodens",1
"36184","Cardiobacterium_valvarum","Eikenella_corrodens",1
"36240","Capnocytophaga_ochracea","Eikenella_corrodens",1
"36272","Capnocytophaga_sputigena","Eikenella_corrodens",1
"36286","Neisseria_elongata","Eikenella_corrodens",1
"36323","Eubacterium_saphenum","Parvimonas_micra",1
"36330","Prevotella_baroniae","Parvimonas_micra",1
"36333","Treponema_denticola","Parvimonas_micra",1
"36334","Eubacterium_brachy","Parvimonas_micra",1
"36335","Porphyromonas_endodontalis","Parvimonas_micra",1
"36336","Eubacterium_yurii","Parvimonas_micra",1
"36337","Prevotella_shahii","Parvimonas_micra",1
"36339","Prevotella_denticola","Parvimonas_micra",1
"36345","Dialister_invisus","Parvimonas_micra",1
"36347","Prevotella_enoeca","Parvimonas_micra",1
"36363","Eubacterium_nodatum","Parvimonas_micra",1
"36367","Anaeroglobus_geminatus","Parvimonas_micra",1
"36368","Olsenella_uli","Parvimonas_micra",1
"36373","Mycoplasma_faucium","Parvimonas_micra",1
"36377","Prevotella_dentalis","Parvimonas_micra",1
"36380","Peptococcus_niger","Parvimonas_micra",1
"36383","Treponema_pedis","Parvimonas_micra",1
"36387","Streptococcus_pneumoniae","Parvimonas_micra",1
"36388","Schwartzia_succinivorans","Parvimonas_micra",1
"36390","Prevotella_marshii","Parvimonas_micra",1
"36402","Porphyromonas_gingivalis","Parvimonas_micra",1
"36411","Filifactor_alocis","Parvimonas_micra",1
"36422","Bacteroides_zoogleoformans","Parvimonas_micra",1
"36423","Natranaerovirga_hydrolytica","Parvimonas_micra",1
"36429","Fusobacterium_periodonticum","Parvimonas_micra",1
"36430","Eubacterium_minutum","Parvimonas_micra",1
"36431","Sporanaerobacter_acetigenes","Parvimonas_micra",1
"36433","Campylobacter_showae","Parvimonas_micra",1
"36434","Tannerella_forsythia","Parvimonas_micra",1
"36445","Slackia_exigua","Parvimonas_micra",1
"36451","Gemella_cuniculi","Parvimonas_micra",1
"36455","Prevotella_pleuritidis","Parvimonas_micra",1
"36469","Desulfobulbus_rhabdoformis","Parvimonas_micra",1
"36485","Treponema_amylovorum","Parvimonas_micra",1
"36487","Wolinella_succinogenes","Parvimonas_micra",1
"36489","Shuttleworthia_satelles","Parvimonas_micra",1
"36490","Treponema_lecithinolyticum","Parvimonas_micra",1
"36494","Treponema_socranskii","Parvimonas_micra",1
"36495","Pyramidobacter_piscolens","Parvimonas_micra",1
"36496","Dialister_pneumosintes","Parvimonas_micra",1
"36498","Peptostreptococcus_stomatis","Parvimonas_micra",1
"36506","Prevotella_aurantiaca","Parvimonas_micra",1
"36509","Capnocytophaga_ochracea","Parvimonas_micra",1
"36511","Gemella_sanguinis","Parvimonas_micra",1
"36513","Prevotella_intermedia","Parvimonas_micra",1
"36514","Porphyromonas_uenonis","Parvimonas_micra",1
"36516","Selenomonas_sputigena","Parvimonas_micra",1
"36519","Bulleidia_extructa","Parvimonas_micra",1
"36521","Alloprevotella_tannerae","Parvimonas_micra",1
"36523","Actinomyces_georgiae","Parvimonas_micra",1
"36530","Prevotella_maculosa","Parvimonas_micra",1
"36535","Clostridium_aminobutyricum","Parvimonas_micra",1
"36536","Porphyromonas_gulae","Parvimonas_micra",1
"36539","Actinomyces_cardiffensis","Parvimonas_micra",1
"36546","Mycoplasma_orale","Parvimonas_micra",1
"36547","Treponema_medium","Parvimonas_micra",1
"36548","Selenomonas_infelix","Parvimonas_micra",1
"36557","Solobacterium_moorei","Parvimonas_micra",1
"36558","Eggerthia_catenaformis","Parvimonas_micra",1
"36566","Prevotella_timonensis","Parvimonas_micra",1
"36570","Gemella_morbillorum","Parvimonas_micra",1
"36575","Actinomyces_timonensis","Parvimonas_micra",1
"36576","Campylobacter_gracilis","Parvimonas_micra",1
"36578","Phocaeicola_abscessus","Parvimonas_micra",1
"36582","Streptococcus_constellatus","Parvimonas_micra",1
"36583","Prevotella_nigrescens","Parvimonas_micra",1
"36585","Eikenella_corrodens","Parvimonas_micra",1
"36862","Veillonella_dispar","Scardovia_wiggsiae",1
"36880","Prevotella_denticola","Scardovia_wiggsiae",1
"36884","Actinomyces_oris","Scardovia_wiggsiae",1
"36909","Olsenella_uli","Scardovia_wiggsiae",1
"36910","Lactobacillus_johnsonii","Scardovia_wiggsiae",1
"36913","Rothia_dentocariosa","Scardovia_wiggsiae",1
"36940","Bifidobacterium_dentium","Scardovia_wiggsiae",1
"36961","Streptococcus_gordonii","Scardovia_wiggsiae",1
"37003","Parascardovia_denticolens","Scardovia_wiggsiae",1
"37034","Streptococcus_intermedius","Scardovia_wiggsiae",1
"37040","Lactobacillus_reuteri","Scardovia_wiggsiae",1
"37069","Lactobacillus_salivarius","Scardovia_wiggsiae",1
"37086","Lactobacillus_vaginalis","Scardovia_wiggsiae",1
"37095","Lactobacillus_fermentum","Scardovia_wiggsiae",1
"37117","Campylobacter_gracilis","Scardovia_wiggsiae",1
"37125","Corynebacterium_matruchotii","Scardovia_wiggsiae",1
"37137","Leptotrichia_buccalis","Fusobacterium_nucleatum",1
"37143","Prevotella_baroniae","Fusobacterium_nucleatum",1
"37144","Capnocytophaga_leadbetteri","Fusobacterium_nucleatum",1
"37147","Eubacterium_brachy","Fusobacterium_nucleatum",1
"37148","Porphyromonas_endodontalis","Fusobacterium_nucleatum",1
"37149","Eubacterium_yurii","Fusobacterium_nucleatum",1
"37152","Prevotella_denticola","Fusobacterium_nucleatum",1
"37158","Dialister_invisus","Fusobacterium_nucleatum",1
"37160","Prevotella_enoeca","Fusobacterium_nucleatum",1
"37171","Bergeyella_zoohelcum","Fusobacterium_nucleatum",1
"37174","Actinobaculum_massiliense","Fusobacterium_nucleatum",1
"37180","Anaeroglobus_geminatus","Fusobacterium_nucleatum",1
"37181","Olsenella_uli","Fusobacterium_nucleatum",1
"37185","Rothia_dentocariosa","Fusobacterium_nucleatum",1
"37186","Mycoplasma_faucium","Fusobacterium_nucleatum",1
"37187","Mycoplasma_hyosynoviae","Fusobacterium_nucleatum",1
"37190","Prevotella_dentalis","Fusobacterium_nucleatum",1
"37193","Peptococcus_niger","Fusobacterium_nucleatum",1
"37196","Treponema_pedis","Fusobacterium_nucleatum",1
"37197","Campylobacter_curvus","Fusobacterium_nucleatum",1
"37198","Prevotella_bivia","Fusobacterium_nucleatum",1
"37201","Schwartzia_succinivorans","Fusobacterium_nucleatum",1
"37203","Prevotella_marshii","Fusobacterium_nucleatum",1
"37204","Treponema_parvum","Fusobacterium_nucleatum",1
"37208","Actinomyces_gerencseriae","Fusobacterium_nucleatum",1
"37211","Selenomonas_noxia","Fusobacterium_nucleatum",1
"37212","Bifidobacterium_dentium","Fusobacterium_nucleatum",1
"37215","Porphyromonas_gingivalis","Fusobacterium_nucleatum",1
"37216","Streptococcus_sobrinus","Fusobacterium_nucleatum",1
"37222","Treponema_bryantii","Fusobacterium_nucleatum",1
"37224","Filifactor_alocis","Fusobacterium_nucleatum",1
"37227","Bacteroides_heparinolyticus","Fusobacterium_nucleatum",1
"37229","Lachnoanaerobaculum_saburreum","Fusobacterium_nucleatum",1
"37231","Brachymonas_denitrificans","Fusobacterium_nucleatum",1
"37232","Prevotella_paludivivens","Fusobacterium_nucleatum",1
"37233","Streptococcus_gordonii","Fusobacterium_nucleatum",1
"37234","Leptotrichia_hofstadii","Fusobacterium_nucleatum",1
"37235","Bacteroides_zoogleoformans","Fusobacterium_nucleatum",1
"37236","Natranaerovirga_hydrolytica","Fusobacterium_nucleatum",1
"37239","Peptoniphilus_lacrimalis","Fusobacterium_nucleatum",1
"37240","Streptococcus_sanguinis","Fusobacterium_nucleatum",1
"37243","Eubacterium_minutum","Fusobacterium_nucleatum",1
"37245","Desulfomicrobium_orale","Fusobacterium_nucleatum",1
"37246","Campylobacter_showae","Fusobacterium_nucleatum",1
"37247","Tannerella_forsythia","Fusobacterium_nucleatum",1
"37248","Kingella_potus","Fusobacterium_nucleatum",1
"37249","Capnocytophaga_granulosa","Fusobacterium_nucleatum",1
"37254","Leptotrichia_hongkongensis","Fusobacterium_nucleatum",1
"37258","Slackia_exigua","Fusobacterium_nucleatum",1
"37262","Prevotella_multisaccharivorax","Fusobacterium_nucleatum",1
"37265","Desulfobulbus_propionicus","Fusobacterium_nucleatum",1
"37266","Cardiobacterium_valvarum","Fusobacterium_nucleatum",1
"37268","Prevotella_pleuritidis","Fusobacterium_nucleatum",1
"37270","Howardella_ureilytica","Fusobacterium_nucleatum",1
"37275","Parascardovia_denticolens","Fusobacterium_nucleatum",1
"37282","Desulfobulbus_rhabdoformis","Fusobacterium_nucleatum",1
"37287","Prevotella_oralis","Fusobacterium_nucleatum",1
"37297","Pasteurella_pneumotropica","Fusobacterium_nucleatum",1
"37298","Treponema_amylovorum","Fusobacterium_nucleatum",1
"37300","Wolinella_succinogenes","Fusobacterium_nucleatum",1
"37302","Shuttleworthia_satelles","Fusobacterium_nucleatum",1
"37303","Treponema_lecithinolyticum","Fusobacterium_nucleatum",1
"37304","Neisseria_macacae","Fusobacterium_nucleatum",1
"37306","Streptococcus_intermedius","Fusobacterium_nucleatum",1
"37307","Treponema_socranskii","Fusobacterium_nucleatum",1
"37308","Pyramidobacter_piscolens","Fusobacterium_nucleatum",1
"37309","Dialister_pneumosintes","Fusobacterium_nucleatum",1
"37310","Selenomonas_flueggei","Fusobacterium_nucleatum",1
"37311","Peptostreptococcus_stomatis","Fusobacterium_nucleatum",1
"37314","Mycoplasma_salivarium","Fusobacterium_nucleatum",1
"37320","Leptotrichia_amnionii","Fusobacterium_nucleatum",1
"37321","Leptotrichia_shahii","Fusobacterium_nucleatum",1
"37322","Capnocytophaga_ochracea","Fusobacterium_nucleatum",1
"37326","Prevotella_intermedia","Fusobacterium_nucleatum",1
"37328","Prevotella_fusca","Fusobacterium_nucleatum",1
"37329","Selenomonas_sputigena","Fusobacterium_nucleatum",1
"37332","Bulleidia_extructa","Fusobacterium_nucleatum",1
"37334","Alloprevotella_tannerae","Fusobacterium_nucleatum",1
"37338","Streptococcus_oligofermentans","Fusobacterium_nucleatum",1
"37343","Prevotella_maculosa","Fusobacterium_nucleatum",1
"37349","Porphyromonas_gulae","Fusobacterium_nucleatum",1
"37352","Actinomyces_cardiffensis","Fusobacterium_nucleatum",1
"37354","Capnocytophaga_sputigena","Fusobacterium_nucleatum",1
"37360","Treponema_medium","Fusobacterium_nucleatum",1
"37361","Selenomonas_infelix","Fusobacterium_nucleatum",1
"37364","Selenomonas_bovis","Fusobacterium_nucleatum",1
"37371","Eggerthia_catenaformis","Fusobacterium_nucleatum",1
"37372","Clostridium_ultunense","Fusobacterium_nucleatum",1
"37378","Cryptobacterium_curtum","Fusobacterium_nucleatum",1
"37379","Prevotella_timonensis","Fusobacterium_nucleatum",1
"37380","Atopobium_vaginae","Fusobacterium_nucleatum",1
"37383","Gemella_morbillorum","Fusobacterium_nucleatum",1
"37388","Actinomyces_timonensis","Fusobacterium_nucleatum",1
"37389","Campylobacter_gracilis","Fusobacterium_nucleatum",1
"37391","Phocaeicola_abscessus","Fusobacterium_nucleatum",1
"37395","Streptococcus_constellatus","Fusobacterium_nucleatum",1
"37396","Prevotella_nigrescens","Fusobacterium_nucleatum",1
"37397","Corynebacterium_matruchotii","Fusobacterium_nucleatum",1
"37398","Eikenella_corrodens","Fusobacterium_nucleatum",1
"37399","Parvimonas_micra","Fusobacterium_nucleatum",1
"37401","Scardovia_wiggsiae","Fusobacterium_nucleatum",1
"37403","Rothia_aeria","Prevotella_saccharolytica",1
"37410","Leptotrichia_buccalis","Prevotella_saccharolytica",1
"37417","Capnocytophaga_leadbetteri","Prevotella_saccharolytica",1
"37419","Treponema_denticola","Prevotella_saccharolytica",1
"37422","Eubacterium_yurii","Prevotella_saccharolytica",1
"37423","Prevotella_shahii","Prevotella_saccharolytica",1
"37425","Prevotella_denticola","Prevotella_saccharolytica",1
"37431","Dialister_invisus","Prevotella_saccharolytica",1
"37444","Bergeyella_zoohelcum","Prevotella_saccharolytica",1
"37453","Anaeroglobus_geminatus","Prevotella_saccharolytica",1
"37476","Prevotella_marshii","Prevotella_saccharolytica",1
"37484","Selenomonas_noxia","Prevotella_saccharolytica",1
"37488","Porphyromonas_gingivalis","Prevotella_saccharolytica",1
"37497","Filifactor_alocis","Prevotella_saccharolytica",1
"37502","Lachnoanaerobaculum_saburreum","Prevotella_saccharolytica",1
"37504","Brachymonas_denitrificans","Prevotella_saccharolytica",1
"37507","Leptotrichia_hofstadii","Prevotella_saccharolytica",1
"37519","Campylobacter_showae","Prevotella_saccharolytica",1
"37520","Tannerella_forsythia","Prevotella_saccharolytica",1
"37522","Capnocytophaga_granulosa","Prevotella_saccharolytica",1
"37523","Neisseria_oralis","Prevotella_saccharolytica",1
"37527","Leptotrichia_hongkongensis","Prevotella_saccharolytica",1
"37539","Cardiobacterium_valvarum","Prevotella_saccharolytica",1
"37560","Prevotella_oralis","Prevotella_saccharolytica",1
"37580","Treponema_socranskii","Prevotella_saccharolytica",1
"37582","Dialister_pneumosintes","Prevotella_saccharolytica",1
"37583","Selenomonas_flueggei","Prevotella_saccharolytica",1
"37594","Leptotrichia_shahii","Prevotella_saccharolytica",1
"37595","Capnocytophaga_ochracea","Prevotella_saccharolytica",1
"37599","Prevotella_intermedia","Prevotella_saccharolytica",1
"37602","Selenomonas_sputigena","Prevotella_saccharolytica",1
"37607","Alloprevotella_tannerae","Prevotella_saccharolytica",1
"37609","Actinomyces_georgiae","Prevotella_saccharolytica",1
"37616","Prevotella_maculosa","Prevotella_saccharolytica",1
"37627","Capnocytophaga_sputigena","Prevotella_saccharolytica",1
"37633","Treponema_medium","Prevotella_saccharolytica",1
"37634","Selenomonas_infelix","Prevotella_saccharolytica",1
"37636","Leptotrichia_goodfellowii","Prevotella_saccharolytica",1
"37641","Neisseria_elongata","Prevotella_saccharolytica",1
"37662","Campylobacter_gracilis","Prevotella_saccharolytica",1
"37664","Phocaeicola_abscessus","Prevotella_saccharolytica",1
"37666","Campylobacter_rectus","Prevotella_saccharolytica",1
"37669","Prevotella_nigrescens","Prevotella_saccharolytica",1
"37670","Corynebacterium_matruchotii","Prevotella_saccharolytica",1
"37672","Parvimonas_micra","Prevotella_saccharolytica",1
"37675","Fusobacterium_nucleatum","Prevotella_saccharolytica",1
"37699","Prevotella_denticola","Catonella_morbi",1
"37733","Mycoplasma_faucium","Catonella_morbi",1
"37797","Neisseria_oralis","Catonella_morbi",1
"37847","Wolinella_succinogenes","Catonella_morbi",1
"37854","Treponema_socranskii","Catonella_morbi",1
"37858","Peptostreptococcus_stomatis","Catonella_morbi",1
"37906","Mycoplasma_orale","Catonella_morbi",1
"37908","Selenomonas_infelix","Catonella_morbi",1
"37938","Phocaeicola_abscessus","Catonella_morbi",1
"37946","Parvimonas_micra","Catonella_morbi",1
"37949","Fusobacterium_nucleatum","Catonella_morbi",1
"38783","Rothia_aeria","Actinomyces_massiliensis",1
"38838","Rothia_dentocariosa","Actinomyces_massiliensis",1
"38858","Lautropia_mirabilis","Actinomyces_massiliensis",1
"38863","Neisseria_shayeganii","Actinomyces_massiliensis",1
"38893","Streptococcus_sanguinis","Actinomyces_massiliensis",1
"38901","Kingella_potus","Actinomyces_massiliensis",1
"38907","Leptotrichia_hongkongensis","Actinomyces_massiliensis",1
"39042","Campylobacter_gracilis","Actinomyces_massiliensis",1
"39055","Fusobacterium_nucleatum","Actinomyces_massiliensis",1
"39066","Veillonella_dispar","Streptococcus_salivarius",1
"39082","Prevotella_shahii","Streptococcus_salivarius",-1
"39105","Prevotella_salivae","Streptococcus_salivarius",1
"39117","Rothia_dentocariosa","Streptococcus_salivarius",1
"39216","Streptococcus_parasanguinis","Streptococcus_salivarius",1
"39225","Atopobium_parvulum","Streptococcus_salivarius",1
"39271","Actinomyces_lingnae","Streptococcus_salivarius",1
"39309","Megasphaera_micronuciformis","Streptococcus_salivarius",1
"39330","Eikenella_corrodens","Streptococcus_salivarius",-1
"39636","Prevotella_baroniae","Prevotella_buccae",1
"39641","Porphyromonas_endodontalis","Prevotella_buccae",1
"39645","Prevotella_denticola","Prevotella_buccae",1
"39651","Dialister_invisus","Prevotella_buccae",1
"39673","Anaeroglobus_geminatus","Prevotella_buccae",1
"39674","Olsenella_uli","Prevotella_buccae",1
"39676","Prevotella_veroralis","Prevotella_buccae",1
"39683","Prevotella_dentalis","Prevotella_buccae",1
"39694","Schwartzia_succinivorans","Prevotella_buccae",1
"39708","Porphyromonas_gingivalis","Prevotella_buccae",1
"39717","Filifactor_alocis","Prevotella_buccae",1
"39736","Eubacterium_minutum","Prevotella_buccae",1
"39740","Tannerella_forsythia","Prevotella_buccae",1
"39751","Slackia_exigua","Prevotella_buccae",1
"39755","Prevotella_multisaccharivorax","Prevotella_buccae",1
"39795","Shuttleworthia_satelles","Prevotella_buccae",1
"39800","Treponema_socranskii","Prevotella_buccae",1
"39802","Dialister_pneumosintes","Prevotella_buccae",1
"39815","Capnocytophaga_ochracea","Prevotella_buccae",1
"39819","Prevotella_intermedia","Prevotella_buccae",1
"39821","Prevotella_fusca","Prevotella_buccae",1
"39822","Selenomonas_sputigena","Prevotella_buccae",1
"39827","Alloprevotella_tannerae","Prevotella_buccae",1
"39836","Prevotella_maculosa","Prevotella_buccae",1
"39884","Phocaeicola_abscessus","Prevotella_buccae",1
"39889","Prevotella_nigrescens","Prevotella_buccae",1
"39892","Parvimonas_micra","Prevotella_buccae",1
"39895","Fusobacterium_nucleatum","Prevotella_buccae",1
"39998","Bacteroides_intestinalis","Fusobacterium_russii",1
"40052","Streptobacillus_moniliformis","Fusobacterium_russii",1
"40064","Alloprevotella_rava","Fusobacterium_russii",1
"40148","Granulicatella_elegans","Fusobacterium_russii",1
"40177","Fusobacterium_nucleatum","Fusobacterium_russii",1
"40476","Veillonella_dispar","Alloscardovia_omnicolens",1
"40515","Prevotella_salivae","Alloscardovia_omnicolens",1
"40554","Bifidobacterium_dentium","Alloscardovia_omnicolens",1
"40584","Fusobacterium_periodonticum","Alloscardovia_omnicolens",-1
"40626","Streptococcus_parasanguinis","Alloscardovia_omnicolens",1
"40630","Actinomyces_graevenitzii","Alloscardovia_omnicolens",1
"40635","Atopobium_parvulum","Alloscardovia_omnicolens",1
"40681","Actinomyces_lingnae","Alloscardovia_omnicolens",1
"40719","Megasphaera_micronuciformis","Alloscardovia_omnicolens",1
"41624","Eubacterium_saphenum","Pseudoramibacter_alactolyticus",1
"41631","Prevotella_baroniae","Pseudoramibacter_alactolyticus",1
"41634","Treponema_denticola","Pseudoramibacter_alactolyticus",1
"41635","Eubacterium_brachy","Pseudoramibacter_alactolyticus",1
"41636","Porphyromonas_endodontalis","Pseudoramibacter_alactolyticus",1
"41640","Prevotella_denticola","Pseudoramibacter_alactolyticus",1
"41646","Dialister_invisus","Pseudoramibacter_alactolyticus",1
"41648","Prevotella_enoeca","Pseudoramibacter_alactolyticus",1
"41664","Eubacterium_nodatum","Pseudoramibacter_alactolyticus",1
"41668","Anaeroglobus_geminatus","Pseudoramibacter_alactolyticus",1
"41670","Lactobacillus_johnsonii","Pseudoramibacter_alactolyticus",1
"41678","Prevotella_dentalis","Pseudoramibacter_alactolyticus",1
"41700","Bifidobacterium_dentium","Pseudoramibacter_alactolyticus",1
"41703","Porphyromonas_gingivalis","Pseudoramibacter_alactolyticus",1
"41712","Filifactor_alocis","Pseudoramibacter_alactolyticus",1
"41723","Bacteroides_zoogleoformans","Pseudoramibacter_alactolyticus",1
"41735","Tannerella_forsythia","Pseudoramibacter_alactolyticus",1
"41746","Slackia_exigua","Pseudoramibacter_alactolyticus",1
"41750","Prevotella_multisaccharivorax","Pseudoramibacter_alactolyticus",1
"41753","Desulfobulbus_propionicus","Pseudoramibacter_alactolyticus",1
"41775","Prevotella_oralis","Pseudoramibacter_alactolyticus",1
"41786","Treponema_amylovorum","Pseudoramibacter_alactolyticus",1
"41790","Shuttleworthia_satelles","Pseudoramibacter_alactolyticus",1
"41791","Treponema_lecithinolyticum","Pseudoramibacter_alactolyticus",1
"41795","Treponema_socranskii","Pseudoramibacter_alactolyticus",1
"41797","Dialister_pneumosintes","Pseudoramibacter_alactolyticus",1
"41798","Selenomonas_flueggei","Pseudoramibacter_alactolyticus",1
"41800","Lactobacillus_reuteri","Pseudoramibacter_alactolyticus",1
"41802","Mycoplasma_salivarium","Pseudoramibacter_alactolyticus",1
"41814","Prevotella_intermedia","Pseudoramibacter_alactolyticus",1
"41817","Selenomonas_sputigena","Pseudoramibacter_alactolyticus",1
"41822","Alloprevotella_tannerae","Pseudoramibacter_alactolyticus",1
"41831","Prevotella_maculosa","Pseudoramibacter_alactolyticus",1
"41848","Treponema_medium","Pseudoramibacter_alactolyticus",1
"41855","Lactobacillus_fermentum","Pseudoramibacter_alactolyticus",1
"41859","Eggerthia_catenaformis","Pseudoramibacter_alactolyticus",1
"41864","Prevotella_melaninogenica","Pseudoramibacter_alactolyticus",-1
"41866","Cryptobacterium_curtum","Pseudoramibacter_alactolyticus",1
"41868","Atopobium_vaginae","Pseudoramibacter_alactolyticus",1
"41877","Campylobacter_gracilis","Pseudoramibacter_alactolyticus",1
"41879","Phocaeicola_abscessus","Pseudoramibacter_alactolyticus",1
"41881","Campylobacter_rectus","Pseudoramibacter_alactolyticus",1
"41883","Streptococcus_constellatus","Pseudoramibacter_alactolyticus",1
"41884","Prevotella_nigrescens","Pseudoramibacter_alactolyticus",1
"41887","Parvimonas_micra","Pseudoramibacter_alactolyticus",1
"41889","Scardovia_wiggsiae","Pseudoramibacter_alactolyticus",1
"41890","Fusobacterium_nucleatum","Pseudoramibacter_alactolyticus",1
"41899","Prevotella_buccae","Pseudoramibacter_alactolyticus",1
"41913","Eubacterium_saphenum","Mogibacterium_timidum",1
"41925","Porphyromonas_endodontalis","Mogibacterium_timidum",1
"41929","Prevotella_denticola","Mogibacterium_timidum",1
"41935","Dialister_invisus","Mogibacterium_timidum",1
"41937","Prevotella_enoeca","Mogibacterium_timidum",1
"41951","Actinobaculum_massiliense","Mogibacterium_timidum",1
"41957","Anaeroglobus_geminatus","Mogibacterium_timidum",1
"41961","Dialister_propionicifaciens","Mogibacterium_timidum",1
"41963","Mycoplasma_faucium","Mogibacterium_timidum",1
"41978","Schwartzia_succinivorans","Mogibacterium_timidum",1
"41981","Treponema_parvum","Mogibacterium_timidum",1
"42004","Bacteroides_heparinolyticus","Mogibacterium_timidum",1
"42009","Prevotella_paludivivens","Mogibacterium_timidum",1
"42010","Streptococcus_gordonii","Mogibacterium_timidum",1
"42024","Tannerella_forsythia","Mogibacterium_timidum",1
"42035","Slackia_exigua","Mogibacterium_timidum",1
"42045","Prevotella_pleuritidis","Mogibacterium_timidum",1
"42047","Howardella_ureilytica","Mogibacterium_timidum",1
"42059","Desulfobulbus_rhabdoformis","Mogibacterium_timidum",1
"42079","Shuttleworthia_satelles","Mogibacterium_timidum",1
"42084","Treponema_socranskii","Mogibacterium_timidum",1
"42085","Pyramidobacter_piscolens","Mogibacterium_timidum",1
"42086","Dialister_pneumosintes","Mogibacterium_timidum",1
"42105","Prevotella_fusca","Mogibacterium_timidum",1
"42111","Alloprevotella_tannerae","Mogibacterium_timidum",1
"42137","Treponema_medium","Mogibacterium_timidum",1
"42155","Cryptobacterium_curtum","Mogibacterium_timidum",1
"42173","Prevotella_nigrescens","Mogibacterium_timidum",1
"42176","Parvimonas_micra","Mogibacterium_timidum",1
"42178","Scardovia_wiggsiae","Mogibacterium_timidum",1
"42179","Fusobacterium_nucleatum","Mogibacterium_timidum",1
"42188","Prevotella_buccae","Mogibacterium_timidum",1
"42201","Veillonella_dispar","Streptococcus_mutans",1
"42212","Prevotella_pallens","Streptococcus_mutans",-1
"42219","Prevotella_denticola","Streptococcus_mutans",1
"42249","Lactobacillus_johnsonii","Streptococcus_mutans",1
"42252","Rothia_dentocariosa","Streptococcus_mutans",1
"42262","Treponema_refringens","Streptococcus_mutans",-1
"42279","Bifidobacterium_dentium","Streptococcus_mutans",1
"42281","Haemophilus_parainfluenzae","Streptococcus_mutans",-1
"42300","Streptococcus_gordonii","Streptococcus_mutans",1
"42307","Streptococcus_sanguinis","Streptococcus_mutans",1
"42340","Propionibacterium_acidifaciens","Streptococcus_mutans",1
"42351","Streptococcus_parasanguinis","Streptococcus_mutans",1
"42373","Streptococcus_intermedius","Streptococcus_mutans",1
"42379","Lactobacillus_reuteri","Streptococcus_mutans",1
"42386","Prevotella_aurantiaca","Streptococcus_mutans",-1
"42408","Lactobacillus_salivarius","Streptococcus_mutans",1
"42409","Lactobacillus_crispatus","Streptococcus_mutans",1
"42468","Scardovia_wiggsiae","Streptococcus_mutans",1
"42476","Streptococcus_salivarius","Streptococcus_mutans",1
"42492","Veillonella_dispar","Streptococcus_thermophilus",1
"42514","Actinomyces_oris","Streptococcus_thermophilus",1
"42531","Prevotella_salivae","Streptococcus_thermophilus",1
"42543","Rothia_dentocariosa","Streptococcus_thermophilus",1
"42570","Bifidobacterium_dentium","Streptococcus_thermophilus",1
"42574","Streptococcus_sobrinus","Streptococcus_thermophilus",1
"42586","Rothia_mucilaginosa","Streptococcus_thermophilus",1
"42591","Streptococcus_gordonii","Streptococcus_thermophilus",1
"42600","Fusobacterium_periodonticum","Streptococcus_thermophilus",-1
"42633","Parascardovia_denticolens","Streptococcus_thermophilus",1
"42642","Streptococcus_parasanguinis","Streptococcus_thermophilus",1
"42651","Atopobium_parvulum","Streptococcus_thermophilus",1
"42670","Lactobacillus_reuteri","Streptococcus_thermophilus",1
"42697","Actinomyces_lingnae","Streptococcus_thermophilus",1
"42699","Lactobacillus_salivarius","Streptococcus_thermophilus",1
"42716","Lactobacillus_vaginalis","Streptococcus_thermophilus",1
"42724","Lactobacillus_delbrueckii","Streptococcus_thermophilus",1
"42725","Lactobacillus_fermentum","Streptococcus_thermophilus",1
"42742","Lactococcus_lactis","Streptococcus_thermophilus",1
"42744","Veillonella_atypica","Streptococcus_thermophilus",1
"42748","Streptococcus_australis","Streptococcus_thermophilus",1
"42759","Scardovia_wiggsiae","Streptococcus_thermophilus",1
"42767","Streptococcus_salivarius","Streptococcus_thermophilus",1
"42772","Alloscardovia_omnicolens","Streptococcus_thermophilus",1
"42778","Streptococcus_mutans","Streptococcus_thermophilus",1
"42780","Rothia_aeria","Propionibacterium_propionicum",1
"42799","Eubacterium_yurii","Propionibacterium_propionicum",1
"42808","Dialister_invisus","Propionibacterium_propionicum",1
"42823","Prevotella_salivae","Propionibacterium_propionicum",-1
"42855","Lautropia_mirabilis","Propionibacterium_propionicum",1
"42879","Lachnoanaerobaculum_saburreum","Propionibacterium_propionicum",1
"42890","Streptococcus_sanguinis","Propionibacterium_propionicum",1
"42900","Neisseria_oralis","Propionibacterium_propionicum",1
"42916","Cardiobacterium_valvarum","Propionibacterium_propionicum",1
"42943","Atopobium_parvulum","Propionibacterium_propionicum",-1
"43011","Selenomonas_infelix","Propionibacterium_propionicum",1
"43032","Abiotrophia_defectiva","Propionibacterium_propionicum",1
"43047","Corynebacterium_matruchotii","Propionibacterium_propionicum",1
"43052","Fusobacterium_nucleatum","Propionibacterium_propionicum",1
"43053","Prevotella_saccharolytica","Propionibacterium_propionicum",1
"43639","Fusobacterium_nucleatum","Treponema_pectinovorum",1
"43662","Rothia_aeria","Neisseria_flavescens",1
"43666","Veillonella_dispar","Neisseria_flavescens",-1
"43705","Prevotella_salivae","Neisseria_flavescens",-1
"43727","Treponema_refringens","Neisseria_flavescens",1
"43737","Lautropia_mirabilis","Neisseria_flavescens",1
"43746","Haemophilus_parainfluenzae","Neisseria_flavescens",1
"43755","Bacteroides_intestinalis","Neisseria_flavescens",1
"43774","Fusobacterium_periodonticum","Neisseria_flavescens",1
"43825","Atopobium_parvulum","Neisseria_flavescens",-1
"43831","Prevotella_nanceiensis","Neisseria_flavescens",1
"43848","Simonsiella_muelleri","Neisseria_flavescens",1
"43900","Neisseria_elongata","Neisseria_flavescens",1
"43905","Granulicatella_elegans","Neisseria_flavescens",1
"43906","Neisseria_subflava","Neisseria_flavescens",1
"43909","Megasphaera_micronuciformis","Neisseria_flavescens",-1
"43917","Haemophilus_sputorum","Neisseria_flavescens",1
"43952","Streptococcus_mutans","Neisseria_flavescens",-1
"43962","Veillonella_dispar","Streptococcus_anginosus",1
"43964","Eubacterium_saphenum","Streptococcus_anginosus",1
"43971","Prevotella_baroniae","Streptococcus_anginosus",1
"43974","Treponema_denticola","Streptococcus_anginosus",1
"43975","Eubacterium_brachy","Streptococcus_anginosus",1
"43976","Porphyromonas_endodontalis","Streptococcus_anginosus",1
"43985","Megasphaera_elsdenii","Streptococcus_anginosus",1
"43986","Dialister_invisus","Streptococcus_anginosus",1
"44011","Prevotella_veroralis","Streptococcus_anginosus",1
"44013","Rothia_dentocariosa","Streptococcus_anginosus",1
"44020","Corynebacterium_jeikeium","Streptococcus_anginosus",1
"44036","Actinomyces_gerencseriae","Streptococcus_anginosus",1
"44040","Bifidobacterium_dentium","Streptococcus_anginosus",1
"44052","Filifactor_alocis","Streptococcus_anginosus",1
"44055","Bacteroides_heparinolyticus","Streptococcus_anginosus",1
"44057","Lachnoanaerobaculum_saburreum","Streptococcus_anginosus",1
"44061","Streptococcus_gordonii","Streptococcus_anginosus",1
"44071","Eubacterium_minutum","Streptococcus_anginosus",1
"44075","Tannerella_forsythia","Streptococcus_anginosus",1
"44098","Howardella_ureilytica","Streptococcus_anginosus",1
"44101","Propionibacterium_acidifaciens","Streptococcus_anginosus",1
"44103","Parascardovia_denticolens","Streptococcus_anginosus",1
"44115","Prevotella_oralis","Streptococcus_anginosus",1
"44126","Treponema_amylovorum","Streptococcus_anginosus",1
"44128","Wolinella_succinogenes","Streptococcus_anginosus",1
"44130","Shuttleworthia_satelles","Streptococcus_anginosus",1
"44135","Treponema_socranskii","Streptococcus_anginosus",1
"44137","Dialister_pneumosintes","Streptococcus_anginosus",1
"44157","Selenomonas_sputigena","Streptococcus_anginosus",1
"44169","Lactobacillus_salivarius","Streptococcus_anginosus",1
"44170","Lactobacillus_crispatus","Streptococcus_anginosus",1
"44171","Prevotella_maculosa","Streptococcus_anginosus",1
"44186","Lactobacillus_vaginalis","Streptococcus_anginosus",1
"44188","Treponema_medium","Streptococcus_anginosus",1
"44195","Lactobacillus_fermentum","Streptococcus_anginosus",1
"44208","Atopobium_vaginae","Streptococcus_anginosus",1
"44211","Gemella_morbillorum","Streptococcus_anginosus",1
"44217","Campylobacter_gracilis","Streptococcus_anginosus",1
"44223","Streptococcus_constellatus","Streptococcus_anginosus",1
"44224","Prevotella_nigrescens","Streptococcus_anginosus",1
"44229","Scardovia_wiggsiae","Streptococcus_anginosus",1
"44230","Fusobacterium_nucleatum","Streptococcus_anginosus",1
"44246","Pseudoramibacter_alactolyticus","Streptococcus_anginosus",1
"44248","Streptococcus_mutans","Streptococcus_anginosus",1
"44249","Streptococcus_thermophilus","Streptococcus_anginosus",1
"44256","Aggregatibacter_actinomycetemcomitans","Leptotrichia_trevisanii",1
"44269","Capnocytophaga_leadbetteri","Leptotrichia_trevisanii",1
"44271","Treponema_denticola","Leptotrichia_trevisanii",1
"44296","Bergeyella_zoohelcum","Leptotrichia_trevisanii",1
"44305","Anaeroglobus_geminatus","Leptotrichia_trevisanii",1
"44311","Mycoplasma_faucium","Leptotrichia_trevisanii",1
"44318","Peptococcus_niger","Leptotrichia_trevisanii",1
"44320","Treponema_refringens","Leptotrichia_trevisanii",1
"44328","Prevotella_marshii","Leptotrichia_trevisanii",1
"44330","Lautropia_mirabilis","Leptotrichia_trevisanii",1
"44356","Brachymonas_denitrificans","Leptotrichia_trevisanii",1
"44359","Leptotrichia_hofstadii","Leptotrichia_trevisanii",1
"44368","Eubacterium_minutum","Leptotrichia_trevisanii",1
"44372","Tannerella_forsythia","Leptotrichia_trevisanii",1
"44375","Neisseria_oralis","Leptotrichia_trevisanii",1
"44386","Desulfovibrio_fairfieldensis","Leptotrichia_trevisanii",1
"44391","Cardiobacterium_valvarum","Leptotrichia_trevisanii",1
"44425","Wolinella_succinogenes","Leptotrichia_trevisanii",1
"44429","Neisseria_macacae","Leptotrichia_trevisanii",1
"44432","Treponema_socranskii","Leptotrichia_trevisanii",1
"44447","Capnocytophaga_ochracea","Leptotrichia_trevisanii",1
"44461","Actinomyces_georgiae","Leptotrichia_trevisanii",1
"44468","Prevotella_maculosa","Leptotrichia_trevisanii",1
"44469","Haemophilus_influenzae","Leptotrichia_trevisanii",1
"44473","Clostridium_aminobutyricum","Leptotrichia_trevisanii",1
"44479","Capnocytophaga_sputigena","Leptotrichia_trevisanii",1
"44485","Treponema_medium","Leptotrichia_trevisanii",1
"44486","Selenomonas_infelix","Leptotrichia_trevisanii",1
"44493","Neisseria_elongata","Leptotrichia_trevisanii",1
"44513","Actinomyces_timonensis","Leptotrichia_trevisanii",1
"44518","Campylobacter_rectus","Leptotrichia_trevisanii",1
"44527","Fusobacterium_nucleatum","Leptotrichia_trevisanii",1
"44533","Actinomyces_massiliensis","Leptotrichia_trevisanii",1
"44537","Fusobacterium_russii","Leptotrichia_trevisanii",1
"44549","Treponema_pectinovorum","Leptotrichia_trevisanii",1
"44566","Prevotella_baroniae","Treponema_putidum",1
"44571","Porphyromonas_endodontalis","Treponema_putidum",1
"44581","Dialister_invisus","Treponema_putidum",1
"44599","Eubacterium_nodatum","Treponema_putidum",1
"44619","Treponema_pedis","Treponema_putidum",1
"44627","Treponema_parvum","Treponema_putidum",1
"44638","Porphyromonas_gingivalis","Treponema_putidum",1
"44647","Filifactor_alocis","Treponema_putidum",1
"44670","Tannerella_forsythia","Treponema_putidum",1
"44720","Pasteurella_pneumotropica","Treponema_putidum",1
"44730","Treponema_socranskii","Treponema_putidum",1
"44732","Dialister_pneumosintes","Treponema_putidum",1
"44772","Porphyromonas_gulae","Treponema_putidum",1
"44816","Campylobacter_rectus","Treponema_putidum",1
"44825","Fusobacterium_nucleatum","Treponema_putidum",1
"44827","Catonella_morbi","Treponema_putidum",1
"44841","Pseudoramibacter_alactolyticus","Treponema_putidum",1
"44849","Streptococcus_anginosus","Treponema_putidum",1
"44854","Butyrivibrio_hungatei","Leptotrichia_wadei",1
"44859","Leptotrichia_buccalis","Leptotrichia_wadei",1
"44861","Actinomyces_odontolyticus","Leptotrichia_wadei",1
"44867","Prevotella_pallens","Leptotrichia_wadei",1
"44880","Dialister_invisus","Leptotrichia_wadei",1
"44886","Lachnoanaerobaculum_orale","Leptotrichia_wadei",1
"44895","Prevotella_salivae","Leptotrichia_wadei",1
"44905","Prevotella_veroralis","Leptotrichia_wadei",1
"44933","Selenomonas_noxia","Leptotrichia_wadei",1
"44951","Lachnoanaerobaculum_saburreum","Leptotrichia_wadei",1
"44969","Tannerella_forsythia","Leptotrichia_wadei",1
"44976","Leptotrichia_hongkongensis","Leptotrichia_wadei",1
"44984","Prevotella_multisaccharivorax","Leptotrichia_wadei",1
"45010","Actinomyces_graevenitzii","Leptotrichia_wadei",1
"45015","Atopobium_parvulum","Leptotrichia_wadei",1
"45032","Selenomonas_flueggei","Leptotrichia_wadei",1
"45043","Leptotrichia_shahii","Leptotrichia_wadei",1
"45051","Selenomonas_sputigena","Leptotrichia_wadei",1
"45085","Leptotrichia_goodfellowii","Leptotrichia_wadei",1
"45091","Oribacterium_sinus","Leptotrichia_wadei",1
"45097","Campylobacter_concisus","Leptotrichia_wadei",1
"45099","Megasphaera_micronuciformis","Leptotrichia_wadei",1
"45100","Cryptobacterium_curtum","Leptotrichia_wadei",1
"45108","Veillonella_atypica","Leptotrichia_wadei",1
"45111","Campylobacter_gracilis","Leptotrichia_wadei",1
"45119","Corynebacterium_matruchotii","Leptotrichia_wadei",1
"45181","Granulicatella_adiacens","Streptococcus_mitis",1
"45207","Rothia_dentocariosa","Streptococcus_mitis",1
"45222","Streptococcus_pneumoniae","Streptococcus_mitis",1
"45236","Haemophilus_parainfluenzae","Streptococcus_mitis",1
"45277","Gemella_haemolysans","Streptococcus_mitis",1
"45395","Granulicatella_elegans","Streptococcus_mitis",1
"45457","Veillonella_dispar","Dialister_micraerophilus",1
"45496","Prevotella_salivae","Dialister_micraerophilus",1
"45616","Atopobium_parvulum","Dialister_micraerophilus",1
"45759","Veillonella_dispar","Prevotella_oris",1
"45768","Prevotella_baroniae","Prevotella_oris",1
"45771","Treponema_denticola","Prevotella_oris",1
"45772","Eubacterium_brachy","Prevotella_oris",1
"45773","Porphyromonas_endodontalis","Prevotella_oris",1
"45777","Prevotella_denticola","Prevotella_oris",1
"45783","Dialister_invisus","Prevotella_oris",1
"45785","Prevotella_enoeca","Prevotella_oris",1
"45796","Bergeyella_zoohelcum","Prevotella_oris",1
"45799","Actinobaculum_massiliense","Prevotella_oris",1
"45801","Eubacterium_nodatum","Prevotella_oris",1
"45805","Anaeroglobus_geminatus","Prevotella_oris",1
"45806","Olsenella_uli","Prevotella_oris",1
"45807","Lactobacillus_johnsonii","Prevotella_oris",1
"45808","Prevotella_veroralis","Prevotella_oris",1
"45809","Dialister_propionicifaciens","Prevotella_oris",1
"45810","Rothia_dentocariosa","Prevotella_oris",1
"45811","Mycoplasma_faucium","Prevotella_oris",1
"45815","Prevotella_dentalis","Prevotella_oris",1
"45826","Schwartzia_succinivorans","Prevotella_oris",1
"45828","Prevotella_marshii","Prevotella_oris",1
"45829","Treponema_parvum","Prevotella_oris",1
"45833","Actinomyces_gerencseriae","Prevotella_oris",1
"45836","Selenomonas_noxia","Prevotella_oris",1
"45837","Bifidobacterium_dentium","Prevotella_oris",1
"45840","Porphyromonas_gingivalis","Prevotella_oris",1
"45841","Streptococcus_sobrinus","Prevotella_oris",1
"45846","Streptococcus_agalactiae","Prevotella_oris",1
"45849","Filifactor_alocis","Prevotella_oris",1
"45854","Lachnoanaerobaculum_saburreum","Prevotella_oris",1
"45858","Streptococcus_gordonii","Prevotella_oris",1
"45860","Bacteroides_zoogleoformans","Prevotella_oris",1
"45864","Peptoniphilus_lacrimalis","Prevotella_oris",1
"45870","Desulfomicrobium_orale","Prevotella_oris",1
"45872","Tannerella_forsythia","Prevotella_oris",1
"45879","Leptotrichia_hongkongensis","Prevotella_oris",1
"45883","Slackia_exigua","Prevotella_oris",1
"45887","Prevotella_multisaccharivorax","Prevotella_oris",1
"45895","Howardella_ureilytica","Prevotella_oris",1
"45900","Parascardovia_denticolens","Prevotella_oris",1
"45912","Prevotella_oralis","Prevotella_oris",1
"45925","Wolinella_succinogenes","Prevotella_oris",1
"45927","Shuttleworthia_satelles","Prevotella_oris",1
"45929","Neisseria_macacae","Prevotella_oris",1
"45931","Streptococcus_intermedius","Prevotella_oris",1
"45932","Treponema_socranskii","Prevotella_oris",1
"45933","Pyramidobacter_piscolens","Prevotella_oris",1
"45934","Dialister_pneumosintes","Prevotella_oris",1
"45935","Selenomonas_flueggei","Prevotella_oris",1
"45937","Lactobacillus_reuteri","Prevotella_oris",1
"45939","Mycoplasma_salivarium","Prevotella_oris",1
"45942","Actinomyces_oricola","Prevotella_oris",1
"45946","Leptotrichia_shahii","Prevotella_oris",1
"45947","Capnocytophaga_ochracea","Prevotella_oris",1
"45951","Prevotella_intermedia","Prevotella_oris",1
"45954","Selenomonas_sputigena","Prevotella_oris",1
"45957","Bulleidia_extructa","Prevotella_oris",1
"45959","Alloprevotella_tannerae","Prevotella_oris",1
"45961","Actinomyces_georgiae","Prevotella_oris",1
"45966","Lactobacillus_salivarius","Prevotella_oris",1
"45967","Lactobacillus_crispatus","Prevotella_oris",1
"45968","Prevotella_maculosa","Prevotella_oris",1
"45983","Lactobacillus_vaginalis","Prevotella_oris",1
"45985","Treponema_medium","Prevotella_oris",1
"45986","Selenomonas_infelix","Prevotella_oris",1
"45989","Selenomonas_bovis","Prevotella_oris",1
"45992","Lactobacillus_fermentum","Prevotella_oris",1
"45996","Eggerthia_catenaformis","Prevotella_oris",1
"45997","Clostridium_ultunense","Prevotella_oris",1
"46003","Cryptobacterium_curtum","Prevotella_oris",1
"46005","Atopobium_vaginae","Prevotella_oris",1
"46014","Campylobacter_gracilis","Prevotella_oris",1
"46016","Phocaeicola_abscessus","Prevotella_oris",1
"46018","Campylobacter_rectus","Prevotella_oris",1
"46020","Streptococcus_constellatus","Prevotella_oris",1
"46021","Prevotella_nigrescens","Prevotella_oris",1
"46022","Corynebacterium_matruchotii","Prevotella_oris",1
"46024","Parvimonas_micra","Prevotella_oris",1
"46026","Scardovia_wiggsiae","Prevotella_oris",1
"46027","Fusobacterium_nucleatum","Prevotella_oris",1
"46036","Prevotella_buccae","Prevotella_oris",1
"46043","Pseudoramibacter_alactolyticus","Prevotella_oris",1
"46044","Mogibacterium_timidum","Prevotella_oris",1
"46045","Streptococcus_mutans","Prevotella_oris",1
"46051","Streptococcus_anginosus","Prevotella_oris",1
"46361","Veillonella_rogosae","Porphyromonas_catoniae",1
"46362","Rothia_aeria","Porphyromonas_catoniae",1
"46366","Veillonella_dispar","Porphyromonas_catoniae",-1
"46376","Capnocytophaga_leadbetteri","Porphyromonas_catoniae",1
"46382","Prevotella_shahii","Porphyromonas_catoniae",1
"46395","Moraxella_lacunata","Porphyromonas_catoniae",1
"46409","Planobacterium_taklimakanense","Porphyromonas_catoniae",1
"46425","Peptococcus_niger","Porphyromonas_catoniae",1
"46427","Treponema_refringens","Porphyromonas_catoniae",1
"46437","Lautropia_mirabilis","Porphyromonas_catoniae",1
"46446","Haemophilus_parainfluenzae","Porphyromonas_catoniae",1
"46448","Streptococcus_sobrinus","Porphyromonas_catoniae",-1
"46455","Bacteroides_intestinalis","Porphyromonas_catoniae",1
"46474","Fusobacterium_periodonticum","Porphyromonas_catoniae",1
"46479","Tannerella_forsythia","Porphyromonas_catoniae",1
"46487","Gemella_haemolysans","Porphyromonas_catoniae",1
"46492","Streptococcus_oralis","Porphyromonas_catoniae",1
"46531","Prevotella_nanceiensis","Porphyromonas_catoniae",1
"46543","Peptostreptococcus_stomatis","Porphyromonas_catoniae",1
"46544","Lactobacillus_reuteri","Porphyromonas_catoniae",-1
"46548","Simonsiella_muelleri","Porphyromonas_catoniae",1
"46551","Prevotella_aurantiaca","Porphyromonas_catoniae",1
"46556","Gemella_sanguinis","Porphyromonas_catoniae",1
"46565","Haemophilus_parahaemolyticus","Porphyromonas_catoniae",1
"46573","Lactobacillus_salivarius","Porphyromonas_catoniae",-1
"46580","Clostridium_aminobutyricum","Porphyromonas_catoniae",1
"46586","Capnocytophaga_sputigena","Porphyromonas_catoniae",1
"46591","Mycoplasma_orale","Porphyromonas_catoniae",1
"46605","Granulicatella_elegans","Porphyromonas_catoniae",1
"46609","Megasphaera_micronuciformis","Porphyromonas_catoniae",-1
"46614","Abiotrophia_defectiva","Porphyromonas_catoniae",1
"46615","Gemella_morbillorum","Porphyromonas_catoniae",1
"46617","Haemophilus_sputorum","Porphyromonas_catoniae",1
"46630","Eikenella_corrodens","Porphyromonas_catoniae",1
"46631","Parvimonas_micra","Porphyromonas_catoniae",1
"46641","Streptococcus_salivarius","Porphyromonas_catoniae",-1
"46657","Neisseria_flavescens","Porphyromonas_catoniae",1
"46659","Leptotrichia_trevisanii","Porphyromonas_catoniae",1
"46662","Streptococcus_mitis","Porphyromonas_catoniae",1
"46980","Leptotrichia_buccalis","Aggregatibacter_aphrophilus",1
"46987","Capnocytophaga_leadbetteri","Aggregatibacter_aphrophilus",1
"47014","Bergeyella_zoohelcum","Aggregatibacter_aphrophilus",1
"47022","Neisseria_pharyngis","Aggregatibacter_aphrophilus",1
"47043","Streptococcus_pneumoniae","Aggregatibacter_aphrophilus",1
"47076","Streptococcus_gordonii","Aggregatibacter_aphrophilus",1
"47083","Streptococcus_sanguinis","Aggregatibacter_aphrophilus",1
"47092","Capnocytophaga_granulosa","Aggregatibacter_aphrophilus",1
"47093","Neisseria_oralis","Aggregatibacter_aphrophilus",1
"47147","Neisseria_macacae","Aggregatibacter_aphrophilus",1
"47165","Capnocytophaga_ochracea","Aggregatibacter_aphrophilus",1
"47169","Prevotella_intermedia","Aggregatibacter_aphrophilus",1
"47176","Haemophilus_parahaemolyticus","Aggregatibacter_aphrophilus",1
"47190","Capnocytophaga_haemolytica","Aggregatibacter_aphrophilus",1
"47197","Capnocytophaga_sputigena","Aggregatibacter_aphrophilus",1
"47211","Neisseria_elongata","Aggregatibacter_aphrophilus",1
"47216","Granulicatella_elegans","Aggregatibacter_aphrophilus",1
"47225","Abiotrophia_defectiva","Aggregatibacter_aphrophilus",1
"47239","Prevotella_nigrescens","Aggregatibacter_aphrophilus",1
"47245","Fusobacterium_nucleatum","Aggregatibacter_aphrophilus",1
"47268","Neisseria_flavescens","Aggregatibacter_aphrophilus",1
"47271","Treponema_putidum","Aggregatibacter_aphrophilus",1
"47273","Streptococcus_mitis","Aggregatibacter_aphrophilus",1
"47275","Prevotella_oris","Aggregatibacter_aphrophilus",1
"47430","Eubacterium_sulci","Lachnoanaerobaculum_umeaense",1
"47474","Gemella_sanguinis","Lachnoanaerobaculum_umeaense",1
"47584","Porphyromonas_catoniae","Lachnoanaerobaculum_umeaense",1
"47594","Eubacterium_saphenum","Eubacterium_infirmum",1
"47601","Prevotella_baroniae","Eubacterium_infirmum",1
"47605","Eubacterium_brachy","Eubacterium_infirmum",1
"47606","Porphyromonas_endodontalis","Eubacterium_infirmum",1
"47610","Prevotella_denticola","Eubacterium_infirmum",1
"47616","Dialister_invisus","Eubacterium_infirmum",1
"47634","Eubacterium_nodatum","Eubacterium_infirmum",1
"47638","Anaeroglobus_geminatus","Eubacterium_infirmum",1
"47641","Prevotella_veroralis","Eubacterium_infirmum",1
"47648","Prevotella_dentalis","Eubacterium_infirmum",1
"47659","Schwartzia_succinivorans","Eubacterium_infirmum",1
"47669","Selenomonas_noxia","Eubacterium_infirmum",1
"47670","Bifidobacterium_dentium","Eubacterium_infirmum",1
"47680","Treponema_bryantii","Eubacterium_infirmum",1
"47682","Filifactor_alocis","Eubacterium_infirmum",1
"47690","Prevotella_paludivivens","Eubacterium_infirmum",1
"47691","Streptococcus_gordonii","Eubacterium_infirmum",1
"47705","Tannerella_forsythia","Eubacterium_infirmum",1
"47738","Eubacterium_sulci","Eubacterium_infirmum",1
"47756","Treponema_amylovorum","Eubacterium_infirmum",1
"47760","Shuttleworthia_satelles","Eubacterium_infirmum",1
"47765","Treponema_socranskii","Eubacterium_infirmum",1
"47767","Dialister_pneumosintes","Eubacterium_infirmum",1
"47769","Peptostreptococcus_stomatis","Eubacterium_infirmum",1
"47772","Mycoplasma_salivarium","Eubacterium_infirmum",1
"47787","Selenomonas_sputigena","Eubacterium_infirmum",1
"47792","Alloprevotella_tannerae","Eubacterium_infirmum",1
"47794","Actinomyces_georgiae","Eubacterium_infirmum",1
"47801","Prevotella_maculosa","Eubacterium_infirmum",1
"47810","Actinomyces_cardiffensis","Eubacterium_infirmum",1
"47828","Solobacterium_moorei","Eubacterium_infirmum",1
"47836","Cryptobacterium_curtum","Eubacterium_infirmum",1
"47847","Campylobacter_gracilis","Eubacterium_infirmum",1
"47849","Phocaeicola_abscessus","Eubacterium_infirmum",1
"47854","Prevotella_nigrescens","Eubacterium_infirmum",1
"47857","Parvimonas_micra","Eubacterium_infirmum",1
"47859","Scardovia_wiggsiae","Eubacterium_infirmum",1
"47860","Fusobacterium_nucleatum","Eubacterium_infirmum",1
"47869","Prevotella_buccae","Eubacterium_infirmum",1
"47876","Pseudoramibacter_alactolyticus","Eubacterium_infirmum",1
"47877","Mogibacterium_timidum","Eubacterium_infirmum",1
"47884","Streptococcus_anginosus","Eubacterium_infirmum",1
"47890","Prevotella_oris","Eubacterium_infirmum",1
"48830","Rothia_aeria","Prevotella_micans",1
"48837","Leptotrichia_buccalis","Prevotella_micans",1
"48843","Prevotella_baroniae","Prevotella_micans",1
"48846","Treponema_denticola","Prevotella_micans",1
"48848","Porphyromonas_endodontalis","Prevotella_micans",1
"48849","Eubacterium_yurii","Prevotella_micans",1
"48852","Prevotella_denticola","Prevotella_micans",1
"48858","Dialister_invisus","Prevotella_micans",1
"48860","Prevotella_enoeca","Prevotella_micans",1
"48880","Anaeroglobus_geminatus","Prevotella_micans",1
"48881","Olsenella_uli","Prevotella_micans",1
"48893","Peptococcus_niger","Prevotella_micans",1
"48901","Schwartzia_succinivorans","Prevotella_micans",1
"48904","Treponema_parvum","Prevotella_micans",1
"48905","Lautropia_mirabilis","Prevotella_micans",1
"48911","Selenomonas_noxia","Prevotella_micans",1
"48940","Streptococcus_sanguinis","Prevotella_micans",1
"48943","Eubacterium_minutum","Prevotella_micans",1
"48947","Tannerella_forsythia","Prevotella_micans",1
"48949","Capnocytophaga_granulosa","Prevotella_micans",1
"48950","Neisseria_oralis","Prevotella_micans",1
"48968","Prevotella_pleuritidis","Prevotella_micans",1
"48987","Prevotella_oralis","Prevotella_micans",1
"48998","Treponema_amylovorum","Prevotella_micans",1
"49000","Wolinella_succinogenes","Prevotella_micans",1
"49003","Treponema_lecithinolyticum","Prevotella_micans",1
"49007","Treponema_socranskii","Prevotella_micans",1
"49014","Mycoplasma_salivarium","Prevotella_micans",1
"49022","Capnocytophaga_ochracea","Prevotella_micans",1
"49029","Selenomonas_sputigena","Prevotella_micans",1
"49043","Prevotella_maculosa","Prevotella_micans",1
"49048","Clostridium_aminobutyricum","Prevotella_micans",1
"49060","Treponema_medium","Prevotella_micans",1
"49061","Selenomonas_infelix","Prevotella_micans",1
"49089","Campylobacter_gracilis","Prevotella_micans",1
"49093","Campylobacter_rectus","Prevotella_micans",1
"49095","Streptococcus_constellatus","Prevotella_micans",1
"49096","Prevotella_nigrescens","Prevotella_micans",1
"49097","Corynebacterium_matruchotii","Prevotella_micans",1
"49102","Fusobacterium_nucleatum","Prevotella_micans",1
"49103","Prevotella_saccharolytica","Prevotella_micans",1
"49104","Catonella_morbi","Prevotella_micans",1
"49122","Propionibacterium_propionicum","Prevotella_micans",1
"49126","Streptococcus_anginosus","Prevotella_micans",1
"49127","Leptotrichia_trevisanii","Prevotella_micans",1
"49128","Treponema_putidum","Prevotella_micans",1
"49132","Prevotella_oris","Prevotella_micans",1
"49138","Eubacterium_infirmum","Prevotella_micans",1
"49560","Streptococcus_gordonii","Kingella_denitrificans",1
"49752","Neisseria_flavescens","Kingella_denitrificans",1
"49776","Veillonella_dispar","Veillonella_denticariosi",1
"50088","Rothia_aeria","Corynebacterium_durum",1
"50158","Streptococcus_pneumoniae","Corynebacterium_durum",1
"50163","Lautropia_mirabilis","Corynebacterium_durum",1
"50186","Rothia_mucilaginosa","Corynebacterium_durum",1
"50191","Streptococcus_gordonii","Corynebacterium_durum",1
"50198","Streptococcus_sanguinis","Corynebacterium_durum",1
"50208","Neisseria_oralis","Corynebacterium_durum",1
"50218","Streptococcus_oralis","Corynebacterium_durum",1
"50360","Fusobacterium_nucleatum","Corynebacterium_durum",1
"50388","Streptococcus_mitis","Corynebacterium_durum",1
"50460","Rothia_dentocariosa","Neisseria_bacilliformis",1
"50597","Capnocytophaga_ochracea","Neisseria_bacilliformis",1
"50727","Veillonella_dispar","Kingella_oralis",1
"50747","Haemophilus_haemoglobinophilus","Kingella_oralis",1
"50749","Actinomyces_oris","Kingella_oralis",1
"50765","Actinomyces_bowdenii","Kingella_oralis",1
"50778","Rothia_dentocariosa","Kingella_oralis",1
"50826","Streptococcus_gordonii","Kingella_oralis",1
"50833","Streptococcus_sanguinis","Kingella_oralis",1
"50847","Leptotrichia_hongkongensis","Kingella_oralis",1
"50873","Eubacterium_sulci","Kingella_oralis",-1
"50915","Capnocytophaga_ochracea","Kingella_oralis",1
"50944","Veillonella_parvula","Kingella_oralis",1
"50947","Capnocytophaga_sputigena","Kingella_oralis",1
"50990","Corynebacterium_matruchotii","Kingella_oralis",1
"50991","Eikenella_corrodens","Kingella_oralis",1
"50994","Scardovia_wiggsiae","Kingella_oralis",1
"50995","Fusobacterium_nucleatum","Kingella_oralis",1
"51001","Actinomyces_massiliensis","Kingella_oralis",1
"51019","Streptococcus_anginosus","Kingella_oralis",1
"51025","Prevotella_oris","Kingella_oralis",1
"51042","Rothia_aeria","Cardiobacterium_hominis",1
"51049","Leptotrichia_buccalis","Cardiobacterium_hominis",1
"51056","Capnocytophaga_leadbetteri","Cardiobacterium_hominis",1
"51070","Dialister_invisus","Cardiobacterium_hominis",1
"51083","Bergeyella_zoohelcum","Cardiobacterium_hominis",1
"51087","Mannheimia_granulomatis","Cardiobacterium_hominis",1
"51117","Lautropia_mirabilis","Cardiobacterium_hominis",1
"51122","Neisseria_shayeganii","Cardiobacterium_hominis",1
"51146","Leptotrichia_hofstadii","Cardiobacterium_hominis",1
"51152","Streptococcus_sanguinis","Cardiobacterium_hominis",1
"51159","Tannerella_forsythia","Cardiobacterium_hominis",1
"51161","Capnocytophaga_granulosa","Cardiobacterium_hominis",1
"51178","Cardiobacterium_valvarum","Cardiobacterium_hominis",1
"51234","Capnocytophaga_ochracea","Cardiobacterium_hominis",1
"51259","Capnocytophaga_haemolytica","Cardiobacterium_hominis",1
"51280","Neisseria_elongata","Cardiobacterium_hominis",1
"51285","Granulicatella_elegans","Cardiobacterium_hominis",1
"51297","Haemophilus_sputorum","Cardiobacterium_hominis",1
"51305","Campylobacter_rectus","Cardiobacterium_hominis",1
"51309","Corynebacterium_matruchotii","Cardiobacterium_hominis",1
"51310","Eikenella_corrodens","Cardiobacterium_hominis",1
"51314","Fusobacterium_nucleatum","Cardiobacterium_hominis",1
"51320","Actinomyces_massiliensis","Cardiobacterium_hominis",1
"51334","Propionibacterium_propionicum","Cardiobacterium_hominis",1
"51339","Leptotrichia_trevisanii","Cardiobacterium_hominis",1
"51352","Neisseria_dentiae","Cardiobacterium_hominis",1
"51358","Corynebacterium_durum","Cardiobacterium_hominis",1
"51360","Kingella_oralis","Cardiobacterium_hominis",1
"51368","Eubacterium_saphenum","Fretibacterium_fastidiosum",1
"51375","Prevotella_baroniae","Fretibacterium_fastidiosum",1
"51378","Treponema_denticola","Fretibacterium_fastidiosum",1
"51379","Eubacterium_brachy","Fretibacterium_fastidiosum",1
"51380","Porphyromonas_endodontalis","Fretibacterium_fastidiosum",1
"51384","Prevotella_denticola","Fretibacterium_fastidiosum",1
"51390","Dialister_invisus","Fretibacterium_fastidiosum",1
"51392","Prevotella_enoeca","Fretibacterium_fastidiosum",1
"51408","Eubacterium_nodatum","Fretibacterium_fastidiosum",1
"51412","Anaeroglobus_geminatus","Fretibacterium_fastidiosum",1
"51413","Olsenella_uli","Fretibacterium_fastidiosum",1
"51418","Mycoplasma_faucium","Fretibacterium_fastidiosum",1
"51419","Mycoplasma_hyosynoviae","Fretibacterium_fastidiosum",1
"51422","Prevotella_dentalis","Fretibacterium_fastidiosum",1
"51428","Treponema_pedis","Fretibacterium_fastidiosum",1
"51429","Campylobacter_curvus","Fretibacterium_fastidiosum",1
"51433","Schwartzia_succinivorans","Fretibacterium_fastidiosum",1
"51436","Treponema_parvum","Fretibacterium_fastidiosum",1
"51443","Selenomonas_noxia","Fretibacterium_fastidiosum",1
"51447","Porphyromonas_gingivalis","Fretibacterium_fastidiosum",1
"51454","Treponema_bryantii","Fretibacterium_fastidiosum",1
"51456","Filifactor_alocis","Fretibacterium_fastidiosum",1
"51459","Bacteroides_heparinolyticus","Fretibacterium_fastidiosum",1
"51464","Prevotella_paludivivens","Fretibacterium_fastidiosum",1
"51467","Bacteroides_zoogleoformans","Fretibacterium_fastidiosum",1
"51475","Eubacterium_minutum","Fretibacterium_fastidiosum",1
"51479","Tannerella_forsythia","Fretibacterium_fastidiosum",1
"51490","Slackia_exigua","Fretibacterium_fastidiosum",1
"51493","Desulfovibrio_fairfieldensis","Fretibacterium_fastidiosum",1
"51494","Prevotella_multisaccharivorax","Fretibacterium_fastidiosum",1
"51495","Streptococcus_sinensis","Fretibacterium_fastidiosum",1
"51497","Desulfobulbus_propionicus","Fretibacterium_fastidiosum",1
"51500","Prevotella_pleuritidis","Fretibacterium_fastidiosum",1
"51509","Streptobacillus_moniliformis","Fretibacterium_fastidiosum",1
"51514","Desulfobulbus_rhabdoformis","Fretibacterium_fastidiosum",1
"51530","Treponema_amylovorum","Fretibacterium_fastidiosum",1
"51532","Wolinella_succinogenes","Fretibacterium_fastidiosum",1
"51535","Treponema_lecithinolyticum","Fretibacterium_fastidiosum",1
"51540","Pyramidobacter_piscolens","Fretibacterium_fastidiosum",1
"51541","Dialister_pneumosintes","Fretibacterium_fastidiosum",1
"51542","Selenomonas_flueggei","Fretibacterium_fastidiosum",1
"51546","Mycoplasma_salivarium","Fretibacterium_fastidiosum",1
"51549","Actinomyces_oricola","Fretibacterium_fastidiosum",1
"51554","Capnocytophaga_ochracea","Fretibacterium_fastidiosum",1
"51558","Prevotella_intermedia","Fretibacterium_fastidiosum",1
"51561","Selenomonas_sputigena","Fretibacterium_fastidiosum",1
"51564","Bulleidia_extructa","Fretibacterium_fastidiosum",1
"51566","Alloprevotella_tannerae","Fretibacterium_fastidiosum",1
"51568","Actinomyces_georgiae","Fretibacterium_fastidiosum",1
"51575","Prevotella_maculosa","Fretibacterium_fastidiosum",1
"51581","Porphyromonas_gulae","Fretibacterium_fastidiosum",1
"51592","Treponema_medium","Fretibacterium_fastidiosum",1
"51593","Selenomonas_infelix","Fretibacterium_fastidiosum",1
"51594","Prevotella_corporis","Fretibacterium_fastidiosum",1
"51596","Selenomonas_bovis","Fretibacterium_fastidiosum",1
"51603","Eggerthia_catenaformis","Fretibacterium_fastidiosum",1
"51604","Clostridium_ultunense","Fretibacterium_fastidiosum",1
"51608","Prevotella_melaninogenica","Fretibacterium_fastidiosum",-1
"51612","Atopobium_vaginae","Fretibacterium_fastidiosum",1
"51621","Campylobacter_gracilis","Fretibacterium_fastidiosum",1
"51623","Phocaeicola_abscessus","Fretibacterium_fastidiosum",1
"51627","Streptococcus_constellatus","Fretibacterium_fastidiosum",1
"51628","Prevotella_nigrescens","Fretibacterium_fastidiosum",1
"51629","Corynebacterium_matruchotii","Fretibacterium_fastidiosum",1
"51631","Parvimonas_micra","Fretibacterium_fastidiosum",1
"51634","Fusobacterium_nucleatum","Fretibacterium_fastidiosum",1
"51636","Catonella_morbi","Fretibacterium_fastidiosum",1
"51643","Prevotella_buccae","Fretibacterium_fastidiosum",1
"51650","Pseudoramibacter_alactolyticus","Fretibacterium_fastidiosum",1
"51651","Mogibacterium_timidum","Fretibacterium_fastidiosum",1
"51656","Treponema_pectinovorum","Fretibacterium_fastidiosum",1
"51658","Streptococcus_anginosus","Fretibacterium_fastidiosum",1
"51660","Treponema_putidum","Fretibacterium_fastidiosum",1
"51664","Prevotella_oris","Fretibacterium_fastidiosum",1
"51670","Eubacterium_infirmum","Fretibacterium_fastidiosum",1
"51675","Treponema_succinifaciens","Fretibacterium_fastidiosum",1
"51786","Streptococcus_gordonii","Streptococcus_peroris",1
"52018","Prevotella_baroniae","Olsenella_profusa",1
"52022","Eubacterium_brachy","Olsenella_profusa",1
"52027","Prevotella_denticola","Olsenella_profusa",1
"52033","Dialister_invisus","Olsenella_profusa",1
"52051","Eubacterium_nodatum","Olsenella_profusa",1
"52055","Anaeroglobus_geminatus","Olsenella_profusa",1
"52056","Olsenella_uli","Olsenella_profusa",1
"52060","Rothia_dentocariosa","Olsenella_profusa",1
"52065","Prevotella_dentalis","Olsenella_profusa",1
"52086","Selenomonas_noxia","Olsenella_profusa",1
"52087","Bifidobacterium_dentium","Olsenella_profusa",1
"52089","Haemophilus_parainfluenzae","Olsenella_profusa",-1
"52107","Prevotella_paludivivens","Olsenella_profusa",1
"52117","Fusobacterium_periodonticum","Olsenella_profusa",-1
"52129","Leptotrichia_hongkongensis","Olsenella_profusa",1
"52133","Slackia_exigua","Olsenella_profusa",1
"52162","Prevotella_oralis","Olsenella_profusa",1
"52177","Shuttleworthia_satelles","Olsenella_profusa",1
"52182","Treponema_socranskii","Olsenella_profusa",1
"52183","Pyramidobacter_piscolens","Olsenella_profusa",1
"52184","Dialister_pneumosintes","Olsenella_profusa",1
"52185","Selenomonas_flueggei","Olsenella_profusa",1
"52197","Capnocytophaga_ochracea","Olsenella_profusa",1
"52204","Selenomonas_sputigena","Olsenella_profusa",1
"52218","Prevotella_maculosa","Olsenella_profusa",1
"52235","Treponema_medium","Olsenella_profusa",1
"52253","Cryptobacterium_curtum","Olsenella_profusa",1
"52264","Campylobacter_gracilis","Olsenella_profusa",1
"52266","Phocaeicola_abscessus","Olsenella_profusa",1
"52270","Streptococcus_constellatus","Olsenella_profusa",1
"52271","Prevotella_nigrescens","Olsenella_profusa",1
"52272","Corynebacterium_matruchotii","Olsenella_profusa",1
"52274","Parvimonas_micra","Olsenella_profusa",1
"52276","Scardovia_wiggsiae","Olsenella_profusa",1
"52277","Fusobacterium_nucleatum","Olsenella_profusa",1
"52294","Mogibacterium_timidum","Olsenella_profusa",1
"52295","Streptococcus_mutans","Olsenella_profusa",1
"52307","Prevotella_oris","Olsenella_profusa",1
"52313","Eubacterium_infirmum","Olsenella_profusa",1
"52325","Fretibacterium_fastidiosum","Olsenella_profusa",1
"52672","Prevotella_shahii","Lactobacillus_gasseri",-1
"52674","Prevotella_denticola","Lactobacillus_gasseri",1
"52734","Bifidobacterium_dentium","Lactobacillus_gasseri",1
"52764","Fusobacterium_periodonticum","Lactobacillus_gasseri",-1
"52834","Lactobacillus_reuteri","Lactobacillus_gasseri",1
"52880","Lactobacillus_vaginalis","Lactobacillus_gasseri",1
"52889","Lactobacillus_fermentum","Lactobacillus_gasseri",1
"52918","Prevotella_nigrescens","Lactobacillus_gasseri",1
"52923","Scardovia_wiggsiae","Lactobacillus_gasseri",1
"53307","Veillonella_dispar","Selenomonas_artemidis",1
"53317","Capnocytophaga_leadbetteri","Selenomonas_artemidis",1
"53325","Prevotella_denticola","Selenomonas_artemidis",1
"53358","Rothia_dentocariosa","Selenomonas_artemidis",1
"53370","Campylobacter_curvus","Selenomonas_artemidis",1
"53384","Selenomonas_noxia","Selenomonas_artemidis",1
"53413","Streptococcus_sanguinis","Selenomonas_artemidis",1
"53420","Tannerella_forsythia","Selenomonas_artemidis",1
"53480","Treponema_socranskii","Selenomonas_artemidis",1
"53487","Mycoplasma_salivarium","Selenomonas_artemidis",1
"53495","Capnocytophaga_ochracea","Selenomonas_artemidis",1
"53502","Selenomonas_sputigena","Selenomonas_artemidis",1
"53516","Prevotella_maculosa","Selenomonas_artemidis",1
"53524","Veillonella_parvula","Selenomonas_artemidis",1
"53534","Selenomonas_infelix","Selenomonas_artemidis",1
"53562","Campylobacter_gracilis","Selenomonas_artemidis",1
"53574","Scardovia_wiggsiae","Selenomonas_artemidis",1
"53575","Fusobacterium_nucleatum","Selenomonas_artemidis",1
"53599","Streptococcus_anginosus","Selenomonas_artemidis",1
"53602","Leptotrichia_wadei","Selenomonas_artemidis",1
"53605","Prevotella_oris","Selenomonas_artemidis",1
"53623","Fretibacterium_fastidiosum","Selenomonas_artemidis",1
"53962","Veillonella_dispar","Prevotella_histicola",1
"53973","Prevotella_pallens","Prevotella_histicola",1
"53992","Lachnoanaerobaculum_orale","Prevotella_histicola",1
"54001","Prevotella_salivae","Prevotella_histicola",1
"54011","Prevotella_veroralis","Prevotella_histicola",1
"54044","Streptococcus_sobrinus","Prevotella_histicola",1
"54074","Campylobacter_showae","Prevotella_histicola",-1
"54112","Streptococcus_parasanguinis","Prevotella_histicola",1
"54116","Actinomyces_graevenitzii","Prevotella_histicola",1
"54121","Atopobium_parvulum","Prevotella_histicola",1
"54167","Actinomyces_lingnae","Prevotella_histicola",1
"54192","Selenomonas_bovis","Prevotella_histicola",1
"54203","Campylobacter_concisus","Prevotella_histicola",1
"54205","Megasphaera_micronuciformis","Prevotella_histicola",1
"54206","Cryptobacterium_curtum","Prevotella_histicola",1
"54214","Veillonella_atypica","Prevotella_histicola",1
"54229","Scardovia_wiggsiae","Prevotella_histicola",1
"54237","Streptococcus_salivarius","Prevotella_histicola",1
"54242","Alloscardovia_omnicolens","Prevotella_histicola",1
"54248","Streptococcus_mutans","Prevotella_histicola",1
"54249","Streptococcus_thermophilus","Prevotella_histicola",1
"54287","Rothia_aeria","Aggregatibacter_segnis",1
"54294","Leptotrichia_buccalis","Aggregatibacter_segnis",1
"54299","Neisseria_sicca","Aggregatibacter_segnis",1
"54301","Capnocytophaga_leadbetteri","Aggregatibacter_segnis",1
"54305","Porphyromonas_endodontalis","Aggregatibacter_segnis",1
"54328","Bergeyella_zoohelcum","Aggregatibacter_segnis",1
"54350","Peptococcus_niger","Aggregatibacter_segnis",1
"54354","Campylobacter_curvus","Aggregatibacter_segnis",1
"54357","Streptococcus_pneumoniae","Aggregatibacter_segnis",1
"54360","Prevotella_marshii","Aggregatibacter_segnis",1
"54362","Lautropia_mirabilis","Aggregatibacter_segnis",1
"54367","Neisseria_shayeganii","Aggregatibacter_segnis",1
"54371","Haemophilus_parainfluenzae","Aggregatibacter_segnis",1
"54388","Brachymonas_denitrificans","Aggregatibacter_segnis",1
"54403","Campylobacter_showae","Aggregatibacter_segnis",1
"54404","Tannerella_forsythia","Aggregatibacter_segnis",1
"54406","Capnocytophaga_granulosa","Aggregatibacter_segnis",1
"54407","Neisseria_oralis","Aggregatibacter_segnis",1
"54410","Soonwooa_buanensis","Aggregatibacter_segnis",1
"54434","Streptobacillus_moniliformis","Aggregatibacter_segnis",1
"54448","Actinobacillus_porcinus","Aggregatibacter_segnis",1
"54454","Pasteurella_pneumotropica","Aggregatibacter_segnis",1
"54461","Neisseria_macacae","Aggregatibacter_segnis",1
"54473","Simonsiella_muelleri","Aggregatibacter_segnis",1
"54478","Leptotrichia_shahii","Aggregatibacter_segnis",1
"54479","Capnocytophaga_ochracea","Aggregatibacter_segnis",1
"54483","Prevotella_intermedia","Aggregatibacter_segnis",1
"54490","Haemophilus_parahaemolyticus","Aggregatibacter_segnis",1
"54496","Actinomyces_lingnae","Aggregatibacter_segnis",-1
"54500","Prevotella_maculosa","Aggregatibacter_segnis",1
"54525","Neisseria_elongata","Aggregatibacter_segnis",1
"54530","Granulicatella_elegans","Aggregatibacter_segnis",1
"54539","Abiotrophia_defectiva","Aggregatibacter_segnis",1
"54540","Gemella_morbillorum","Aggregatibacter_segnis",1
"54542","Haemophilus_sputorum","Aggregatibacter_segnis",1
"54546","Campylobacter_gracilis","Aggregatibacter_segnis",1
"54548","Phocaeicola_abscessus","Aggregatibacter_segnis",1
"54550","Campylobacter_rectus","Aggregatibacter_segnis",1
"54554","Corynebacterium_matruchotii","Aggregatibacter_segnis",1
"54555","Eikenella_corrodens","Aggregatibacter_segnis",1
"54559","Fusobacterium_nucleatum","Aggregatibacter_segnis",1
"54561","Catonella_morbi","Aggregatibacter_segnis",1
"54568","Prevotella_buccae","Aggregatibacter_segnis",1
"54569","Fusobacterium_russii","Aggregatibacter_segnis",1
"54582","Neisseria_flavescens","Aggregatibacter_segnis",1
"54584","Leptotrichia_trevisanii","Aggregatibacter_segnis",1
"54585","Treponema_putidum","Aggregatibacter_segnis",1
"54587","Streptococcus_mitis","Aggregatibacter_segnis",1
"54591","Porphyromonas_catoniae","Aggregatibacter_segnis",1
"54593","Aggregatibacter_aphrophilus","Aggregatibacter_segnis",1
"54598","Haemophilus_pittmaniae","Aggregatibacter_segnis",1
"54601","Kingella_denitrificans","Aggregatibacter_segnis",1
"54603","Corynebacterium_durum","Aggregatibacter_segnis",1
"54606","Cardiobacterium_hominis","Aggregatibacter_segnis",1
"54607","Fretibacterium_fastidiosum","Aggregatibacter_segnis",1
"54952","Veillonella_dispar","Streptococcus_suis",1
"55003","Rothia_dentocariosa","Streptococcus_suis",1
"55239","Streptococcus_thermophilus","Streptococcus_suis",1
"56295","Prevotella_baroniae","Prevotella_multiformis",1
"56298","Treponema_denticola","Prevotella_multiformis",1
"56300","Porphyromonas_endodontalis","Prevotella_multiformis",1
"56304","Prevotella_denticola","Prevotella_multiformis",1
"56310","Dialister_invisus","Prevotella_multiformis",1
"56328","Eubacterium_nodatum","Prevotella_multiformis",1
"56332","Anaeroglobus_geminatus","Prevotella_multiformis",1
"56333","Olsenella_uli","Prevotella_multiformis",1
"56342","Prevotella_dentalis","Prevotella_multiformis",1
"56353","Schwartzia_succinivorans","Prevotella_multiformis",1
"56355","Prevotella_marshii","Prevotella_multiformis",1
"56363","Selenomonas_noxia","Prevotella_multiformis",1
"56367","Porphyromonas_gingivalis","Prevotella_multiformis",1
"56376","Filifactor_alocis","Prevotella_multiformis",1
"56399","Tannerella_forsythia","Prevotella_multiformis",1
"56414","Prevotella_multisaccharivorax","Prevotella_multiformis",1
"56439","Prevotella_oralis","Prevotella_multiformis",1
"56454","Shuttleworthia_satelles","Prevotella_multiformis",1
"56459","Treponema_socranskii","Prevotella_multiformis",1
"56461","Dialister_pneumosintes","Prevotella_multiformis",1
"56481","Selenomonas_sputigena","Prevotella_multiformis",1
"56486","Alloprevotella_tannerae","Prevotella_multiformis",1
"56495","Prevotella_maculosa","Prevotella_multiformis",1
"56512","Treponema_medium","Prevotella_multiformis",1
"56513","Selenomonas_infelix","Prevotella_multiformis",1
"56530","Cryptobacterium_curtum","Prevotella_multiformis",1
"56532","Atopobium_vaginae","Prevotella_multiformis",1
"56547","Streptococcus_constellatus","Prevotella_multiformis",1
"56548","Prevotella_nigrescens","Prevotella_multiformis",1
"56551","Parvimonas_micra","Prevotella_multiformis",1
"56554","Fusobacterium_nucleatum","Prevotella_multiformis",1
"56563","Prevotella_buccae","Prevotella_multiformis",1
"56571","Mogibacterium_timidum","Prevotella_multiformis",1
"56572","Streptococcus_mutans","Prevotella_multiformis",1
"56578","Streptococcus_anginosus","Prevotella_multiformis",1
"56584","Prevotella_oris","Prevotella_multiformis",1
"56590","Eubacterium_infirmum","Prevotella_multiformis",1
"56602","Fretibacterium_fastidiosum","Prevotella_multiformis",1
"56604","Olsenella_profusa","Prevotella_multiformis",1
"56970","Prevotella_pallens","Centipeda_periodontii",1
"56977","Prevotella_denticola","Centipeda_periodontii",1
"56983","Dialister_invisus","Centipeda_periodontii",1
"56998","Prevotella_salivae","Centipeda_periodontii",1
"57005","Anaeroglobus_geminatus","Centipeda_periodontii",1
"57026","Schwartzia_succinivorans","Centipeda_periodontii",1
"57028","Prevotella_marshii","Centipeda_periodontii",1
"57036","Selenomonas_noxia","Centipeda_periodontii",1
"57072","Tannerella_forsythia","Centipeda_periodontii",1
"57074","Capnocytophaga_granulosa","Centipeda_periodontii",1
"57112","Prevotella_oralis","Centipeda_periodontii",1
"57132","Treponema_socranskii","Centipeda_periodontii",1
"57135","Selenomonas_flueggei","Centipeda_periodontii",1
"57154","Selenomonas_sputigena","Centipeda_periodontii",1
"57159","Alloprevotella_tannerae","Centipeda_periodontii",1
"57168","Prevotella_maculosa","Centipeda_periodontii",1
"57194","Oribacterium_sinus","Centipeda_periodontii",1
"57200","Campylobacter_concisus","Centipeda_periodontii",1
"57202","Megasphaera_micronuciformis","Centipeda_periodontii",1
"57214","Campylobacter_gracilis","Centipeda_periodontii",1
"57221","Prevotella_nigrescens","Centipeda_periodontii",1
"57227","Fusobacterium_nucleatum","Centipeda_periodontii",1
"57236","Prevotella_buccae","Centipeda_periodontii",1
"57254","Leptotrichia_wadei","Centipeda_periodontii",1
"57257","Prevotella_oris","Centipeda_periodontii",1
"57263","Eubacterium_infirmum","Centipeda_periodontii",1
"57275","Fretibacterium_fastidiosum","Centipeda_periodontii",1
"57281","Selenomonas_artemidis","Centipeda_periodontii",1
"57300","Leptotrichia_buccalis","Actinomyces_israelii",1
"57311","Porphyromonas_endodontalis","Actinomyces_israelii",1
"57315","Prevotella_denticola","Actinomyces_israelii",1
"57321","Dialister_invisus","Actinomyces_israelii",1
"57343","Anaeroglobus_geminatus","Actinomyces_israelii",1
"57344","Olsenella_uli","Actinomyces_israelii",1
"57348","Rothia_dentocariosa","Actinomyces_israelii",1
"57360","Campylobacter_curvus","Actinomyces_israelii",1
"57364","Schwartzia_succinivorans","Actinomyces_israelii",1
"57367","Treponema_parvum","Actinomyces_israelii",1
"57374","Selenomonas_noxia","Actinomyces_israelii",1
"57392","Lachnoanaerobaculum_saburreum","Actinomyces_israelii",1
"57410","Tannerella_forsythia","Actinomyces_israelii",1
"57412","Capnocytophaga_granulosa","Actinomyces_israelii",1
"57417","Leptotrichia_hongkongensis","Actinomyces_israelii",1
"57425","Prevotella_multisaccharivorax","Actinomyces_israelii",1
"57429","Cardiobacterium_valvarum","Actinomyces_israelii",1
"57438","Parascardovia_denticolens","Actinomyces_israelii",1
"57470","Treponema_socranskii","Actinomyces_israelii",1
"57485","Capnocytophaga_ochracea","Actinomyces_israelii",1
"57497","Alloprevotella_tannerae","Actinomyces_israelii",1
"57506","Prevotella_maculosa","Actinomyces_israelii",1
"57512","Porphyromonas_gulae","Actinomyces_israelii",1
"57521","Lactobacillus_vaginalis","Actinomyces_israelii",1
"57524","Selenomonas_infelix","Actinomyces_israelii",1
"57530","Lactobacillus_fermentum","Actinomyces_israelii",1
"57534","Eggerthia_catenaformis","Actinomyces_israelii",1
"57539","Prevotella_melaninogenica","Actinomyces_israelii",-1
"57541","Cryptobacterium_curtum","Actinomyces_israelii",1
"57552","Campylobacter_gracilis","Actinomyces_israelii",1
"57554","Phocaeicola_abscessus","Actinomyces_israelii",1
"57559","Prevotella_nigrescens","Actinomyces_israelii",1
"57560","Corynebacterium_matruchotii","Actinomyces_israelii",1
"57561","Eikenella_corrodens","Actinomyces_israelii",1
"57564","Scardovia_wiggsiae","Actinomyces_israelii",1
"57565","Fusobacterium_nucleatum","Actinomyces_israelii",1
"57566","Prevotella_saccharolytica","Actinomyces_israelii",1
"57581","Pseudoramibacter_alactolyticus","Actinomyces_israelii",1
"57583","Streptococcus_mutans","Actinomyces_israelii",1
"57589","Streptococcus_anginosus","Actinomyces_israelii",1
"57595","Prevotella_oris","Actinomyces_israelii",1
"57612","Cardiobacterium_hominis","Actinomyces_israelii",1
"57613","Fretibacterium_fastidiosum","Actinomyces_israelii",1
"57615","Olsenella_profusa","Actinomyces_israelii",1
"57619","Selenomonas_artemidis","Actinomyces_israelii",1
"57628","Prevotella_multiformis","Actinomyces_israelii",1
"57632","Rothia_aeria","Actinomyces_naeslundii",1
"57649","Eubacterium_brachy","Actinomyces_naeslundii",1
"57654","Prevotella_denticola","Actinomyces_naeslundii",1
"57687","Rothia_dentocariosa","Actinomyces_naeslundii",1
"57710","Actinomyces_gerencseriae","Actinomyces_naeslundii",1
"57736","Leptotrichia_hofstadii","Actinomyces_naeslundii",1
"57742","Streptococcus_sanguinis","Actinomyces_naeslundii",1
"57756","Leptotrichia_hongkongensis","Actinomyces_naeslundii",1
"57891","Campylobacter_gracilis","Actinomyces_naeslundii",1
"57898","Prevotella_nigrescens","Actinomyces_naeslundii",1
"57899","Corynebacterium_matruchotii","Actinomyces_naeslundii",1
"57904","Fusobacterium_nucleatum","Actinomyces_naeslundii",1
"57910","Actinomyces_massiliensis","Actinomyces_naeslundii",1
"57922","Streptococcus_mutans","Actinomyces_naeslundii",1
"57928","Streptococcus_anginosus","Actinomyces_naeslundii",1
"57934","Prevotella_oris","Actinomyces_naeslundii",1
"57950","Kingella_oralis","Actinomyces_naeslundii",1
"58524","Lactobacillus_salivarius","Lactobacillus_oris",1
"58998","Rothia_aeria","Capnocytophaga_gingivalis",1
"59012","Capnocytophaga_leadbetteri","Capnocytophaga_gingivalis",1
"59073","Lautropia_mirabilis","Capnocytophaga_gingivalis",1
"59099","Brachymonas_denitrificans","Capnocytophaga_gingivalis",1
"59110","Fusobacterium_periodonticum","Capnocytophaga_gingivalis",1
"59167","Prevotella_nanceiensis","Capnocytophaga_gingivalis",1
"59190","Capnocytophaga_ochracea","Capnocytophaga_gingivalis",1
"59209","Lactobacillus_salivarius","Capnocytophaga_gingivalis",-1
"59222","Capnocytophaga_sputigena","Capnocytophaga_gingivalis",1
"59251","Gemella_morbillorum","Capnocytophaga_gingivalis",1
"59270","Fusobacterium_nucleatum","Capnocytophaga_gingivalis",1
"59271","Prevotella_saccharolytica","Capnocytophaga_gingivalis",1
"59289","Streptococcus_thermophilus","Capnocytophaga_gingivalis",-1
"59293","Neisseria_flavescens","Capnocytophaga_gingivalis",1
"59302","Porphyromonas_catoniae","Capnocytophaga_gingivalis",1
"59348","Eubacterium_saphenum","Prevotella_loescheii",1
"59349","Leptotrichia_buccalis","Prevotella_loescheii",1
"59355","Prevotella_baroniae","Prevotella_loescheii",1
"59356","Capnocytophaga_leadbetteri","Prevotella_loescheii",1
"59358","Treponema_denticola","Prevotella_loescheii",1
"59359","Eubacterium_brachy","Prevotella_loescheii",1
"59360","Porphyromonas_endodontalis","Prevotella_loescheii",1
"59364","Prevotella_denticola","Prevotella_loescheii",1
"59370","Dialister_invisus","Prevotella_loescheii",1
"59383","Bergeyella_zoohelcum","Prevotella_loescheii",1
"59384","Actinomyces_bowdenii","Prevotella_loescheii",1
"59388","Eubacterium_nodatum","Prevotella_loescheii",1
"59391","Neisseria_pharyngis","Prevotella_loescheii",1
"59392","Anaeroglobus_geminatus","Prevotella_loescheii",1
"59393","Olsenella_uli","Prevotella_loescheii",1
"59398","Mycoplasma_faucium","Prevotella_loescheii",1
"59402","Prevotella_dentalis","Prevotella_loescheii",1
"59405","Peptococcus_niger","Prevotella_loescheii",1
"59408","Treponema_pedis","Prevotella_loescheii",1
"59409","Campylobacter_curvus","Prevotella_loescheii",1
"59413","Schwartzia_succinivorans","Prevotella_loescheii",1
"59415","Prevotella_marshii","Prevotella_loescheii",1
"59416","Treponema_parvum","Prevotella_loescheii",1
"59417","Lautropia_mirabilis","Prevotella_loescheii",1
"59423","Selenomonas_noxia","Prevotella_loescheii",1
"59427","Porphyromonas_gingivalis","Prevotella_loescheii",1
"59434","Treponema_bryantii","Prevotella_loescheii",1
"59436","Filifactor_alocis","Prevotella_loescheii",1
"59441","Lachnoanaerobaculum_saburreum","Prevotella_loescheii",1
"59443","Brachymonas_denitrificans","Prevotella_loescheii",1
"59446","Leptotrichia_hofstadii","Prevotella_loescheii",1
"59447","Bacteroides_zoogleoformans","Prevotella_loescheii",1
"59458","Campylobacter_showae","Prevotella_loescheii",1
"59459","Tannerella_forsythia","Prevotella_loescheii",1
"59461","Capnocytophaga_granulosa","Prevotella_loescheii",1
"59466","Leptotrichia_hongkongensis","Prevotella_loescheii",1
"59470","Slackia_exigua","Prevotella_loescheii",1
"59477","Desulfobulbus_propionicus","Prevotella_loescheii",1
"59478","Cardiobacterium_valvarum","Prevotella_loescheii",1
"59489","Streptobacillus_moniliformis","Prevotella_loescheii",1
"59494","Desulfobulbus_rhabdoformis","Prevotella_loescheii",1
"59498","Ralstonia_solanacearum","Prevotella_loescheii",1
"59499","Prevotella_oralis","Prevotella_loescheii",1
"59509","Pasteurella_pneumotropica","Prevotella_loescheii",1
"59512","Wolinella_succinogenes","Prevotella_loescheii",1
"59515","Treponema_lecithinolyticum","Prevotella_loescheii",1
"59516","Neisseria_macacae","Prevotella_loescheii",1
"59519","Treponema_socranskii","Prevotella_loescheii",1
"59521","Dialister_pneumosintes","Prevotella_loescheii",1
"59522","Selenomonas_flueggei","Prevotella_loescheii",1
"59533","Leptotrichia_shahii","Prevotella_loescheii",1
"59534","Capnocytophaga_ochracea","Prevotella_loescheii",1
"59538","Prevotella_intermedia","Prevotella_loescheii",1
"59541","Selenomonas_sputigena","Prevotella_loescheii",1
"59544","Bulleidia_extructa","Prevotella_loescheii",1
"59546","Alloprevotella_tannerae","Prevotella_loescheii",1
"59548","Actinomyces_georgiae","Prevotella_loescheii",1
"59555","Prevotella_maculosa","Prevotella_loescheii",1
"59556","Haemophilus_influenzae","Prevotella_loescheii",1
"59561","Porphyromonas_gulae","Prevotella_loescheii",1
"59566","Capnocytophaga_sputigena","Prevotella_loescheii",1
"59569","Escherichia_coli","Prevotella_loescheii",1
"59572","Treponema_medium","Prevotella_loescheii",1
"59573","Selenomonas_infelix","Prevotella_loescheii",1
"59580","Neisseria_elongata","Prevotella_loescheii",1
"59585","Granulicatella_elegans","Prevotella_loescheii",1
"59594","Abiotrophia_defectiva","Prevotella_loescheii",1
"59595","Gemella_morbillorum","Prevotella_loescheii",1
"59600","Actinomyces_timonensis","Prevotella_loescheii",1
"59601","Campylobacter_gracilis","Prevotella_loescheii",1
"59603","Phocaeicola_abscessus","Prevotella_loescheii",1
"59605","Campylobacter_rectus","Prevotella_loescheii",1
"59608","Prevotella_nigrescens","Prevotella_loescheii",1
"59609","Corynebacterium_matruchotii","Prevotella_loescheii",1
"59610","Eikenella_corrodens","Prevotella_loescheii",1
"59611","Parvimonas_micra","Prevotella_loescheii",1
"59614","Fusobacterium_nucleatum","Prevotella_loescheii",1
"59615","Prevotella_saccharolytica","Prevotella_loescheii",1
"59620","Actinomyces_massiliensis","Prevotella_loescheii",1
"59623","Prevotella_buccae","Prevotella_loescheii",1
"59624","Fusobacterium_russii","Prevotella_loescheii",1
"59630","Pseudoramibacter_alactolyticus","Prevotella_loescheii",1
"59631","Mogibacterium_timidum","Prevotella_loescheii",1
"59637","Neisseria_flavescens","Prevotella_loescheii",1
"59638","Streptococcus_anginosus","Prevotella_loescheii",1
"59639","Leptotrichia_trevisanii","Prevotella_loescheii",1
"59644","Prevotella_oris","Prevotella_loescheii",1
"59648","Aggregatibacter_aphrophilus","Prevotella_loescheii",1
"59650","Eubacterium_infirmum","Prevotella_loescheii",1
"59652","Neisseria_dentiae","Prevotella_loescheii",1
"59654","Prevotella_micans","Prevotella_loescheii",1
"59658","Corynebacterium_durum","Prevotella_loescheii",1
"59660","Kingella_oralis","Prevotella_loescheii",1
"59661","Cardiobacterium_hominis","Prevotella_loescheii",1
"59662","Fretibacterium_fastidiosum","Prevotella_loescheii",1
"59668","Selenomonas_artemidis","Prevotella_loescheii",1
"59671","Aggregatibacter_segnis","Prevotella_loescheii",1
"59675","Ruminofilibacter_xylanolyticum","Prevotella_loescheii",1
"59680","Actinomyces_israelii","Prevotella_loescheii",1
"59681","Actinomyces_naeslundii","Prevotella_loescheii",1
"59685","Capnocytophaga_gingivalis","Prevotella_loescheii",1
"60732","Veillonella_dispar","Prevotella_oulorum",1
"60743","Prevotella_pallens","Prevotella_oulorum",1
"60750","Prevotella_denticola","Prevotella_oulorum",1
"60768","Actinomyces_meyeri","Prevotella_oulorum",1
"60771","Prevotella_salivae","Prevotella_oulorum",1
"60795","Campylobacter_curvus","Prevotella_oulorum",1
"60809","Selenomonas_noxia","Prevotella_oulorum",1
"60810","Bifidobacterium_dentium","Prevotella_oulorum",1
"60827","Lachnoanaerobaculum_saburreum","Prevotella_oulorum",1
"60852","Leptotrichia_hongkongensis","Prevotella_oulorum",1
"60868","Howardella_ureilytica","Prevotella_oulorum",1
"60877","Selenomonas_ruminantium","Prevotella_oulorum",1
"60891","Atopobium_parvulum","Prevotella_oulorum",1
"60905","Treponema_socranskii","Prevotella_oulorum",1
"60919","Leptotrichia_shahii","Prevotella_oulorum",1
"60920","Capnocytophaga_ochracea","Prevotella_oulorum",1
"60927","Selenomonas_sputigena","Prevotella_oulorum",1
"60941","Prevotella_maculosa","Prevotella_oulorum",1
"60959","Selenomonas_infelix","Prevotella_oulorum",1
"60961","Leptotrichia_goodfellowii","Prevotella_oulorum",1
"60962","Selenomonas_bovis","Prevotella_oulorum",1
"60968","Solobacterium_moorei","Prevotella_oulorum",1
"60973","Campylobacter_concisus","Prevotella_oulorum",1
"60975","Megasphaera_micronuciformis","Prevotella_oulorum",1
"60976","Cryptobacterium_curtum","Prevotella_oulorum",1
"60987","Campylobacter_gracilis","Prevotella_oulorum",1
"60994","Prevotella_nigrescens","Prevotella_oulorum",1
"61000","Fusobacterium_nucleatum","Prevotella_oulorum",1
"61009","Prevotella_buccae","Prevotella_oulorum",1
"61027","Leptotrichia_wadei","Prevotella_oulorum",1
"61030","Prevotella_oris","Prevotella_oulorum",1
"61050","Olsenella_profusa","Prevotella_oulorum",1
"61054","Selenomonas_artemidis","Prevotella_oulorum",1
"61056","Prevotella_histicola","Prevotella_oulorum",1
"61065","Centipeda_periodontii","Prevotella_oulorum",1
"61066","Actinomyces_israelii","Prevotella_oulorum",1
"61433","Eubacterium_saphenum","Atopobium_rimae",1
"61440","Prevotella_baroniae","Atopobium_rimae",1
"61443","Treponema_denticola","Atopobium_rimae",1
"61444","Eubacterium_brachy","Atopobium_rimae",1
"61445","Porphyromonas_endodontalis","Atopobium_rimae",1
"61449","Prevotella_denticola","Atopobium_rimae",1
"61453","Actinomyces_oris","Atopobium_rimae",1
"61454","Megasphaera_elsdenii","Atopobium_rimae",1
"61455","Dialister_invisus","Atopobium_rimae",1
"61468","Bergeyella_zoohelcum","Atopobium_rimae",1
"61473","Eubacterium_nodatum","Atopobium_rimae",1
"61477","Anaeroglobus_geminatus","Atopobium_rimae",1
"61478","Olsenella_uli","Atopobium_rimae",1
"61479","Lactobacillus_johnsonii","Atopobium_rimae",1
"61481","Dialister_propionicifaciens","Atopobium_rimae",1
"61482","Rothia_dentocariosa","Atopobium_rimae",1
"61484","Mycoplasma_hyosynoviae","Atopobium_rimae",1
"61487","Prevotella_dentalis","Atopobium_rimae",1
"61490","Peptococcus_niger","Atopobium_rimae",1
"61500","Prevotella_marshii","Atopobium_rimae",1
"61509","Bifidobacterium_dentium","Atopobium_rimae",1
"61512","Porphyromonas_gingivalis","Atopobium_rimae",1
"61513","Streptococcus_sobrinus","Atopobium_rimae",1
"61518","Streptococcus_agalactiae","Atopobium_rimae",1
"61526","Lachnoanaerobaculum_saburreum","Atopobium_rimae",1
"61529","Prevotella_paludivivens","Atopobium_rimae",1
"61531","Leptotrichia_hofstadii","Atopobium_rimae",1
"61536","Peptoniphilus_lacrimalis","Atopobium_rimae",1
"61551","Leptotrichia_hongkongensis","Atopobium_rimae",1
"61555","Slackia_exigua","Atopobium_rimae",1
"61559","Prevotella_multisaccharivorax","Atopobium_rimae",1
"61562","Desulfobulbus_propionicus","Atopobium_rimae",1
"61567","Howardella_ureilytica","Atopobium_rimae",1
"61570","Propionibacterium_acidifaciens","Atopobium_rimae",1
"61572","Parascardovia_denticolens","Atopobium_rimae",1
"61576","Selenomonas_ruminantium","Atopobium_rimae",1
"61579","Desulfobulbus_rhabdoformis","Atopobium_rimae",1
"61580","Lactobacillus_mucosae","Atopobium_rimae",1
"61584","Prevotella_oralis","Atopobium_rimae",1
"61595","Treponema_amylovorum","Atopobium_rimae",1
"61599","Shuttleworthia_satelles","Atopobium_rimae",1
"61601","Neisseria_macacae","Atopobium_rimae",1
"61604","Treponema_socranskii","Atopobium_rimae",1
"61609","Lactobacillus_reuteri","Atopobium_rimae",1
"61620","Prevotella_ruminicola","Atopobium_rimae",1
"61626","Selenomonas_sputigena","Atopobium_rimae",1
"61629","Bulleidia_extructa","Atopobium_rimae",1
"61631","Alloprevotella_tannerae","Atopobium_rimae",1
"61633","Actinomyces_georgiae","Atopobium_rimae",1
"61638","Lactobacillus_salivarius","Atopobium_rimae",1
"61639","Lactobacillus_crispatus","Atopobium_rimae",1
"61640","Prevotella_maculosa","Atopobium_rimae",1
"61655","Lactobacillus_vaginalis","Atopobium_rimae",1
"61657","Treponema_medium","Atopobium_rimae",1
"61661","Selenomonas_bovis","Atopobium_rimae",1
"61668","Eggerthia_catenaformis","Atopobium_rimae",1
"61675","Cryptobacterium_curtum","Atopobium_rimae",1
"61677","Atopobium_vaginae","Atopobium_rimae",1
"61681","Lactococcus_lactis","Atopobium_rimae",1
"61685","Actinomyces_timonensis","Atopobium_rimae",1
"61686","Campylobacter_gracilis","Atopobium_rimae",1
"61688","Phocaeicola_abscessus","Atopobium_rimae",1
"61691","Corynebacterium_kroppenstedtii","Atopobium_rimae",1
"61693","Prevotella_nigrescens","Atopobium_rimae",1
"61694","Corynebacterium_matruchotii","Atopobium_rimae",1
"61696","Parvimonas_micra","Atopobium_rimae",1
"61698","Scardovia_wiggsiae","Atopobium_rimae",1
"61699","Fusobacterium_nucleatum","Atopobium_rimae",1
"61708","Prevotella_buccae","Atopobium_rimae",1
"61715","Pseudoramibacter_alactolyticus","Atopobium_rimae",1
"61716","Mogibacterium_timidum","Atopobium_rimae",1
"61723","Streptococcus_anginosus","Atopobium_rimae",1
"61729","Prevotella_oris","Atopobium_rimae",1
"61732","Fusobacterium_canifelinum","Atopobium_rimae",1
"61735","Eubacterium_infirmum","Atopobium_rimae",1
"61747","Fretibacterium_fastidiosum","Atopobium_rimae",1
"61753","Selenomonas_artemidis","Atopobium_rimae",1
"61762","Prevotella_multiformis","Atopobium_rimae",1
"61766","Actinomyces_naeslundii","Atopobium_rimae",1
"61768","Lactobacillus_oris","Atopobium_rimae",1
"61775","Prevotella_oulorum","Atopobium_rimae",1
"62152","Prevotella_denticola","Scardovia_inopinata",1
"62212","Bifidobacterium_dentium","Scardovia_inopinata",1
"62262","Prevotella_multisaccharivorax","Scardovia_inopinata",1
"62275","Parascardovia_denticolens","Scardovia_inopinata",1
"62341","Lactobacillus_salivarius","Scardovia_inopinata",1
"62401","Scardovia_wiggsiae","Scardovia_inopinata",1
"62420","Streptococcus_mutans","Scardovia_inopinata",1
"62478","Prevotella_oulorum","Scardovia_inopinata",1
"62496","Prevotella_baroniae","Selenomonas_dianae",1
"62499","Treponema_denticola","Selenomonas_dianae",1
"62501","Porphyromonas_endodontalis","Selenomonas_dianae",1
"62505","Prevotella_denticola","Selenomonas_dianae",1
"62511","Dialister_invisus","Selenomonas_dianae",1
"62533","Anaeroglobus_geminatus","Selenomonas_dianae",1
"62534","Olsenella_uli","Selenomonas_dianae",1
"62549","Treponema_pedis","Selenomonas_dianae",1
"62550","Campylobacter_curvus","Selenomonas_dianae",1
"62554","Schwartzia_succinivorans","Selenomonas_dianae",1
"62564","Selenomonas_noxia","Selenomonas_dianae",1
"62568","Porphyromonas_gingivalis","Selenomonas_dianae",1
"62575","Treponema_bryantii","Selenomonas_dianae",1
"62577","Filifactor_alocis","Selenomonas_dianae",1
"62596","Eubacterium_minutum","Selenomonas_dianae",1
"62600","Tannerella_forsythia","Selenomonas_dianae",1
"62632","Selenomonas_ruminantium","Selenomonas_dianae",1
"62651","Treponema_amylovorum","Selenomonas_dianae",1
"62655","Shuttleworthia_satelles","Selenomonas_dianae",1
"62656","Treponema_lecithinolyticum","Selenomonas_dianae",1
"62657","Neisseria_macacae","Selenomonas_dianae",1
"62660","Treponema_socranskii","Selenomonas_dianae",1
"62662","Dialister_pneumosintes","Selenomonas_dianae",1
"62663","Selenomonas_flueggei","Selenomonas_dianae",1
"62675","Capnocytophaga_ochracea","Selenomonas_dianae",1
"62679","Prevotella_intermedia","Selenomonas_dianae",1
"62682","Selenomonas_sputigena","Selenomonas_dianae",1
"62685","Bulleidia_extructa","Selenomonas_dianae",1
"62687","Alloprevotella_tannerae","Selenomonas_dianae",1
"62696","Prevotella_maculosa","Selenomonas_dianae",1
"62714","Selenomonas_infelix","Selenomonas_dianae",1
"62742","Campylobacter_gracilis","Selenomonas_dianae",1
"62744","Phocaeicola_abscessus","Selenomonas_dianae",1
"62749","Prevotella_nigrescens","Selenomonas_dianae",1
"62752","Parvimonas_micra","Selenomonas_dianae",1
"62755","Fusobacterium_nucleatum","Selenomonas_dianae",1
"62764","Prevotella_buccae","Selenomonas_dianae",1
"62782","Leptotrichia_wadei","Selenomonas_dianae",1
"62785","Prevotella_oris","Selenomonas_dianae",1
"62803","Fretibacterium_fastidiosum","Selenomonas_dianae",1
"62809","Selenomonas_artemidis","Selenomonas_dianae",1
"62818","Prevotella_multiformis","Selenomonas_dianae",1
"63199","Leptotrichia_buccalis","Treponema_maltophilum",1
"63208","Treponema_denticola","Treponema_maltophilum",1
"63209","Eubacterium_brachy","Treponema_maltophilum",1
"63210","Porphyromonas_endodontalis","Treponema_maltophilum",1
"63211","Eubacterium_yurii","Treponema_maltophilum",1
"63214","Prevotella_denticola","Treponema_maltophilum",1
"63220","Dialister_invisus","Treponema_maltophilum",1
"63222","Prevotella_enoeca","Treponema_maltophilum",1
"63242","Anaeroglobus_geminatus","Treponema_maltophilum",1
"63243","Olsenella_uli","Treponema_maltophilum",1
"63249","Mycoplasma_hyosynoviae","Treponema_maltophilum",1
"63252","Prevotella_dentalis","Treponema_maltophilum",1
"63255","Peptococcus_niger","Treponema_maltophilum",1
"63258","Treponema_pedis","Treponema_maltophilum",1
"63263","Schwartzia_succinivorans","Treponema_maltophilum",1
"63265","Prevotella_marshii","Treponema_maltophilum",1
"63266","Treponema_parvum","Treponema_maltophilum",1
"63273","Selenomonas_noxia","Treponema_maltophilum",1
"63277","Porphyromonas_gingivalis","Treponema_maltophilum",1
"63284","Treponema_bryantii","Treponema_maltophilum",1
"63286","Filifactor_alocis","Treponema_maltophilum",1
"63288","Odoribacter_denticanis","Treponema_maltophilum",1
"63294","Prevotella_paludivivens","Treponema_maltophilum",1
"63296","Leptotrichia_hofstadii","Treponema_maltophilum",1
"63305","Eubacterium_minutum","Treponema_maltophilum",1
"63307","Desulfomicrobium_orale","Treponema_maltophilum",1
"63308","Campylobacter_showae","Treponema_maltophilum",1
"63309","Tannerella_forsythia","Treponema_maltophilum",1
"63324","Prevotella_multisaccharivorax","Treponema_maltophilum",1
"63327","Desulfobulbus_propionicus","Treponema_maltophilum",1
"63332","Howardella_ureilytica","Treponema_maltophilum",1
"63360","Treponema_amylovorum","Treponema_maltophilum",1
"63362","Wolinella_succinogenes","Treponema_maltophilum",1
"63364","Shuttleworthia_satelles","Treponema_maltophilum",1
"63365","Treponema_lecithinolyticum","Treponema_maltophilum",1
"63369","Treponema_socranskii","Treponema_maltophilum",1
"63371","Dialister_pneumosintes","Treponema_maltophilum",1
"63376","Mycoplasma_salivarium","Treponema_maltophilum",1
"63379","Actinomyces_oricola","Treponema_maltophilum",1
"63383","Leptotrichia_shahii","Treponema_maltophilum",1
"63385","Prevotella_ruminicola","Treponema_maltophilum",1
"63388","Prevotella_intermedia","Treponema_maltophilum",1
"63391","Selenomonas_sputigena","Treponema_maltophilum",1
"63396","Alloprevotella_tannerae","Treponema_maltophilum",1
"63398","Actinomyces_georgiae","Treponema_maltophilum",1
"63416","Capnocytophaga_sputigena","Treponema_maltophilum",1
"63423","Selenomonas_infelix","Treponema_maltophilum",1
"63434","Clostridium_ultunense","Treponema_maltophilum",1
"63438","Prevotella_melaninogenica","Treponema_maltophilum",-1
"63442","Atopobium_vaginae","Treponema_maltophilum",1
"63451","Campylobacter_gracilis","Treponema_maltophilum",1
"63455","Campylobacter_rectus","Treponema_maltophilum",1
"63458","Prevotella_nigrescens","Treponema_maltophilum",1
"63459","Corynebacterium_matruchotii","Treponema_maltophilum",1
"63460","Eikenella_corrodens","Treponema_maltophilum",1
"63461","Parvimonas_micra","Treponema_maltophilum",1
"63463","Scardovia_wiggsiae","Treponema_maltophilum",1
"63464","Fusobacterium_nucleatum","Treponema_maltophilum",1
"63473","Prevotella_buccae","Treponema_maltophilum",1
"63481","Mogibacterium_timidum","Treponema_maltophilum",1
"63484","Propionibacterium_propionicum","Treponema_maltophilum",1
"63486","Treponema_pectinovorum","Treponema_maltophilum",1
"63488","Streptococcus_anginosus","Treponema_maltophilum",1
"63489","Leptotrichia_trevisanii","Treponema_maltophilum",1
"63490","Treponema_putidum","Treponema_maltophilum",1
"63494","Prevotella_oris","Treponema_maltophilum",1
"63498","Aggregatibacter_aphrophilus","Treponema_maltophilum",1
"63500","Eubacterium_infirmum","Treponema_maltophilum",1
"63512","Fretibacterium_fastidiosum","Treponema_maltophilum",1
"63514","Olsenella_profusa","Treponema_maltophilum",1
"63521","Aggregatibacter_segnis","Treponema_maltophilum",1
"63536","Prevotella_loescheii","Treponema_maltophilum",1
"63542","Atopobium_rimae","Treponema_maltophilum",1
"63545","Selenomonas_dianae","Treponema_maltophilum",1
"63561","Prevotella_baroniae","Treponema_vincentii",1
"63562","Capnocytophaga_leadbetteri","Treponema_vincentii",1
"63564","Treponema_denticola","Treponema_vincentii",1
"63565","Eubacterium_brachy","Treponema_vincentii",1
"63566","Porphyromonas_endodontalis","Treponema_vincentii",1
"63570","Prevotella_denticola","Treponema_vincentii",1
"63604","Mycoplasma_faucium","Treponema_vincentii",1
"63611","Peptococcus_niger","Treponema_vincentii",1
"63633","Porphyromonas_gingivalis","Treponema_vincentii",1
"63642","Filifactor_alocis","Treponema_vincentii",1
"63721","Treponema_lecithinolyticum","Treponema_vincentii",1
"63725","Treponema_socranskii","Treponema_vincentii",1
"63740","Capnocytophaga_ochracea","Treponema_vincentii",1
"63744","Prevotella_intermedia","Treponema_vincentii",1
"63747","Selenomonas_sputigena","Treponema_vincentii",1
"63752","Alloprevotella_tannerae","Treponema_vincentii",1
"63778","Treponema_medium","Treponema_vincentii",1
"63807","Campylobacter_gracilis","Treponema_vincentii",1
"63809","Phocaeicola_abscessus","Treponema_vincentii",1
"63820","Fusobacterium_nucleatum","Treponema_vincentii",1
"63829","Prevotella_buccae","Treponema_vincentii",1
"63842","Treponema_pectinovorum","Treponema_vincentii",1
"63850","Prevotella_oris","Treponema_vincentii",1
"63856","Eubacterium_infirmum","Treponema_vincentii",1
"63860","Prevotella_micans","Treponema_vincentii",1
"63868","Fretibacterium_fastidiosum","Treponema_vincentii",1
"64263","Rothia_aeria","Haemophilus_haemolyticus",1
"64318","Rothia_dentocariosa","Haemophilus_haemolyticus",1
"64383","Neisseria_oralis","Haemophilus_haemolyticus",1
"64388","Gemella_haemolysans","Haemophilus_haemolyticus",1
"64477","Haemophilus_influenzae","Haemophilus_haemolyticus",1
"64506","Granulicatella_elegans","Haemophilus_haemolyticus",1
"64515","Abiotrophia_defectiva","Haemophilus_haemolyticus",1
"64519","Veillonella_atypica","Haemophilus_haemolyticus",-1
"64535","Fusobacterium_nucleatum","Haemophilus_haemolyticus",1
"64546","Neisseria_meningitidis","Haemophilus_haemolyticus",1
"64563","Streptococcus_mitis","Haemophilus_haemolyticus",1
"64565","Prevotella_oris","Haemophilus_haemolyticus",1
"64989","Leptotrichia_buccalis","Johnsonella_ignava",1
"64996","Capnocytophaga_leadbetteri","Johnsonella_ignava",1
"64998","Treponema_denticola","Johnsonella_ignava",1
"65000","Porphyromonas_endodontalis","Johnsonella_ignava",1
"65001","Eubacterium_yurii","Johnsonella_ignava",1
"65004","Prevotella_denticola","Johnsonella_ignava",1
"65012","Prevotella_enoeca","Johnsonella_ignava",1
"65028","Eubacterium_nodatum","Johnsonella_ignava",1
"65032","Anaeroglobus_geminatus","Johnsonella_ignava",1
"65033","Olsenella_uli","Johnsonella_ignava",1
"65045","Peptococcus_niger","Johnsonella_ignava",1
"65053","Schwartzia_succinivorans","Johnsonella_ignava",1
"65067","Porphyromonas_gingivalis","Johnsonella_ignava",1
"65076","Filifactor_alocis","Johnsonella_ignava",1
"65092","Streptococcus_sanguinis","Johnsonella_ignava",1
"65095","Eubacterium_minutum","Johnsonella_ignava",1
"65099","Tannerella_forsythia","Johnsonella_ignava",1
"65118","Cardiobacterium_valvarum","Johnsonella_ignava",1
"65120","Prevotella_pleuritidis","Johnsonella_ignava",1
"65159","Treponema_socranskii","Johnsonella_ignava",1
"65161","Dialister_pneumosintes","Johnsonella_ignava",1
"65163","Peptostreptococcus_stomatis","Johnsonella_ignava",1
"65166","Mycoplasma_salivarium","Johnsonella_ignava",1
"65174","Capnocytophaga_ochracea","Johnsonella_ignava",1
"65181","Selenomonas_sputigena","Johnsonella_ignava",1
"65186","Alloprevotella_tannerae","Johnsonella_ignava",1
"65188","Actinomyces_georgiae","Johnsonella_ignava",1
"65195","Prevotella_maculosa","Johnsonella_ignava",1
"65206","Capnocytophaga_sputigena","Johnsonella_ignava",1
"65212","Treponema_medium","Johnsonella_ignava",1
"65213","Selenomonas_infelix","Johnsonella_ignava",1
"65223","Eggerthia_catenaformis","Johnsonella_ignava",1
"65241","Campylobacter_gracilis","Johnsonella_ignava",1
"65243","Phocaeicola_abscessus","Johnsonella_ignava",1
"65245","Campylobacter_rectus","Johnsonella_ignava",1
"65247","Streptococcus_constellatus","Johnsonella_ignava",1
"65251","Parvimonas_micra","Johnsonella_ignava",1
"65254","Fusobacterium_nucleatum","Johnsonella_ignava",1
"65256","Catonella_morbi","Johnsonella_ignava",1
"65263","Prevotella_buccae","Johnsonella_ignava",1
"65270","Pseudoramibacter_alactolyticus","Johnsonella_ignava",1
"65279","Leptotrichia_trevisanii","Johnsonella_ignava",1
"65284","Prevotella_oris","Johnsonella_ignava",1
"65290","Eubacterium_infirmum","Johnsonella_ignava",1
"65294","Prevotella_micans","Johnsonella_ignava",1
"65302","Fretibacterium_fastidiosum","Johnsonella_ignava",1
"65335","Selenomonas_dianae","Johnsonella_ignava",1
"65337","Treponema_maltophilum","Johnsonella_ignava",1
"65554","Lactobacillus_salivarius","Lactobacillus_helveticus",1
"65580","Lactobacillus_fermentum","Lactobacillus_helveticus",1
"65707","Butyrivibrio_hungatei","Moryella_indoligenes",1
"65714","Actinomyces_odontolyticus","Moryella_indoligenes",1
"65720","Prevotella_pallens","Moryella_indoligenes",1
"65739","Lachnoanaerobaculum_orale","Moryella_indoligenes",1
"65748","Prevotella_salivae","Moryella_indoligenes",1
"65758","Prevotella_veroralis","Moryella_indoligenes",1
"65863","Actinomyces_graevenitzii","Moryella_indoligenes",1
"65864","Alloprevotella_rava","Moryella_indoligenes",1
"65868","Atopobium_parvulum","Moryella_indoligenes",1
"65938","Leptotrichia_goodfellowii","Moryella_indoligenes",1
"65944","Oribacterium_sinus","Moryella_indoligenes",1
"65945","Solobacterium_moorei","Moryella_indoligenes",1
"65950","Campylobacter_concisus","Moryella_indoligenes",1
"65996","Streptococcus_thermophilus","Moryella_indoligenes",1
"66004","Leptotrichia_wadei","Moryella_indoligenes",1
"66033","Prevotella_histicola","Moryella_indoligenes",1
"66053","Prevotella_oulorum","Moryella_indoligenes",1
"66441","Actinomyces_odontolyticus","Stomatobaculum_longum",1
"66447","Prevotella_pallens","Stomatobaculum_longum",1
"66468","Orientia_tsutsugamushi","Stomatobaculum_longum",1
"66471","Mogibacterium_diversum","Stomatobaculum_longum",1
"66475","Prevotella_salivae","Stomatobaculum_longum",1
"66586","Streptococcus_parasanguinis","Stomatobaculum_longum",1
"66590","Actinomyces_graevenitzii","Stomatobaculum_longum",1
"66641","Actinomyces_lingnae","Stomatobaculum_longum",1
"66671","Oribacterium_sinus","Stomatobaculum_longum",1
"66677","Campylobacter_concisus","Stomatobaculum_longum",1
"66679","Megasphaera_micronuciformis","Stomatobaculum_longum",1
"66731","Leptotrichia_wadei","Stomatobaculum_longum",1
"66760","Prevotella_histicola","Stomatobaculum_longum",1
"66780","Prevotella_oulorum","Stomatobaculum_longum",1
"66794","Moryella_indoligenes","Stomatobaculum_longum",1
"76484","Lactobacillus_fermentum","Lactobacillus_rhamnosus",1
"90531","Veillonella_dispar","Bifidobacterium_longum",1
"90570","Prevotella_salivae","Bifidobacterium_longum",1
"90690","Atopobium_parvulum","Bifidobacterium_longum",1
"90774","Megasphaera_micronuciformis","Bifidobacterium_longum",1
"90811","Alloscardovia_omnicolens","Bifidobacterium_longum",1
"90855","Prevotella_histicola","Bifidobacterium_longum",1
