"","Node1","Node2","Weight"
"30","Rothia_aeria","Leptotrichia_buccalis",1
"49","Butyrivibrio_hungatei","Actinomyces_odontolyticus",1
"51","Veillonella_dispar","Actinomyces_odontolyticus",1
"124","Butyrivibrio_hungatei","Prevotella_pallens",1
"126","Veillonella_dispar","Prevotella_pallens",1
"131","Actinomyces_odontolyticus","Prevotella_pallens",1
"151","Prevotella_baroniae","Treponema_denticola",1
"161","Eubacterium_saphenum","Eubacterium_brachy",1
"162","Leptotrichia_buccalis","Eubacterium_brachy",1
"168","Prevotella_baroniae","Eubacterium_brachy",1
"179","Eubacterium_saphenum","Porphyromonas_endodontalis",1
"186","Prevotella_baroniae","Porphyromonas_endodontalis",1
"189","Treponema_denticola","Porphyromonas_endodontalis",1
"190","Eubacterium_brachy","Porphyromonas_endodontalis",1
"227","Prevotella_pallens","Prevotella_shahii",1
"261","Eubacterium_saphenum","Prevotella_denticola",1
"262","Leptotrichia_buccalis","Prevotella_denticola",1
"268","Prevotella_baroniae","Prevotella_denticola",1
"271","Treponema_denticola","Prevotella_denticola",1
"272","Eubacterium_brachy","Prevotella_denticola",1
"273","Porphyromonas_endodontalis","Prevotella_denticola",1
"342","Prevotella_pallens","Prevotella_scopos",1
"375","Prevotella_denticola","Actinomyces_oris",1
"424","Treponema_denticola","Dialister_invisus",1
"425","Eubacterium_brachy","Dialister_invisus",1
"426","Porphyromonas_endodontalis","Dialister_invisus",1
"427","Eubacterium_yurii","Dialister_invisus",1
"430","Prevotella_denticola","Dialister_invisus",1
"480","Prevotella_baroniae","Prevotella_enoeca",1
"483","Treponema_denticola","Prevotella_enoeca",1
"484","Eubacterium_brachy","Prevotella_enoeca",1
"485","Porphyromonas_endodontalis","Prevotella_enoeca",1
"489","Prevotella_denticola","Prevotella_enoeca",1
"495","Dialister_invisus","Prevotella_enoeca",1
"601","Veillonella_dispar","Lachnoanaerobaculum_orale",1
"606","Actinomyces_odontolyticus","Lachnoanaerobaculum_orale",1
"612","Prevotella_pallens","Lachnoanaerobaculum_orale",1
"677","Actinomyces_odontolyticus","Orientia_tsutsugamushi",1
"683","Prevotella_pallens","Orientia_tsutsugamushi",1
"797","Prevotella_pallens","Mogibacterium_diversum",1
"828","Eubacterium_saphenum","Actinomyces_meyeri",1
"839","Eubacterium_brachy","Actinomyces_meyeri",1
"850","Dialister_invisus","Actinomyces_meyeri",1
"877","Capnocytophaga_leadbetteri","Bergeyella_zoohelcum",1
"948","Rothia_aeria","Prevotella_salivae",-1
"952","Veillonella_dispar","Prevotella_salivae",1
"957","Actinomyces_odontolyticus","Prevotella_salivae",1
"962","Capnocytophaga_leadbetteri","Prevotella_salivae",-1
"963","Prevotella_pallens","Prevotella_salivae",1
"970","Prevotella_denticola","Prevotella_salivae",1
"982","Lachnoanaerobaculum_orale","Prevotella_salivae",1
"984","Orientia_tsutsugamushi","Prevotella_salivae",1
"999","Leptotrichia_buccalis","Actinobaculum_massiliense",1
"1096","Prevotella_baroniae","Eubacterium_nodatum",1
"1099","Treponema_denticola","Eubacterium_nodatum",1
"1100","Eubacterium_brachy","Eubacterium_nodatum",1
"1101","Porphyromonas_endodontalis","Eubacterium_nodatum",1
"1111","Dialister_invisus","Eubacterium_nodatum",1
"1113","Prevotella_enoeca","Eubacterium_nodatum",1
"1290","Prevotella_baroniae","Anaeroglobus_geminatus",1
"1295","Porphyromonas_endodontalis","Anaeroglobus_geminatus",1
"1299","Prevotella_denticola","Anaeroglobus_geminatus",1
"1323","Eubacterium_nodatum","Anaeroglobus_geminatus",1
"1334","Eubacterium_saphenum","Olsenella_uli",1
"1344","Treponema_denticola","Olsenella_uli",1
"1345","Eubacterium_brachy","Olsenella_uli",1
"1346","Porphyromonas_endodontalis","Olsenella_uli",1
"1356","Dialister_invisus","Olsenella_uli",1
"1358","Prevotella_enoeca","Olsenella_uli",1
"1374","Eubacterium_nodatum","Olsenella_uli",1
"1378","Anaeroglobus_geminatus","Olsenella_uli",1
"1437","Veillonella_dispar","Prevotella_veroralis",1
"1448","Prevotella_pallens","Prevotella_veroralis",1
"1467","Lachnoanaerobaculum_orale","Prevotella_veroralis",1
"1476","Prevotella_salivae","Prevotella_veroralis",1
"1515","Dialister_invisus","Dialister_propionicifaciens",1
"1542","Rothia_aeria","Rothia_dentocariosa",1
"1546","Veillonella_dispar","Rothia_dentocariosa",1
"1568","Actinomyces_oris","Rothia_dentocariosa",1
"1611","Prevotella_baroniae","Mycoplasma_faucium",1
"1616","Porphyromonas_endodontalis","Mycoplasma_faucium",1
"1626","Dialister_invisus","Mycoplasma_faucium",1
"1838","Eubacterium_saphenum","Prevotella_dentalis",1
"1848","Treponema_denticola","Prevotella_dentalis",1
"1850","Porphyromonas_endodontalis","Prevotella_dentalis",1
"1854","Prevotella_denticola","Prevotella_dentalis",1
"1878","Eubacterium_nodatum","Prevotella_dentalis",1
"1883","Olsenella_uli","Prevotella_dentalis",1
"1888","Mycoplasma_faucium","Prevotella_dentalis",1
"2034","Treponema_denticola","Peptococcus_niger",1
"2046","Dialister_invisus","Peptococcus_niger",1
"2064","Eubacterium_nodatum","Peptococcus_niger",1
"2167","Prevotella_shahii","Treponema_refringens",1
"2210","Peptococcus_niger","Treponema_refringens",1
"2226","Prevotella_baroniae","Treponema_pedis",1
"2229","Treponema_denticola","Treponema_pedis",1
"2231","Porphyromonas_endodontalis","Treponema_pedis",1
"2235","Prevotella_denticola","Treponema_pedis",1
"2241","Dialister_invisus","Treponema_pedis",1
"2243","Prevotella_enoeca","Treponema_pedis",1
"2259","Eubacterium_nodatum","Treponema_pedis",1
"2302","Prevotella_denticola","Campylobacter_curvus",1
"2487","Rothia_aeria","Streptococcus_pneumoniae",1
"2542","Rothia_dentocariosa","Streptococcus_pneumoniae",1
"2565","Leptotrichia_buccalis","Schwartzia_succinivorans",1
"2571","Prevotella_baroniae","Schwartzia_succinivorans",1
"2576","Porphyromonas_endodontalis","Schwartzia_succinivorans",1
"2580","Prevotella_denticola","Schwartzia_succinivorans",1
"2586","Dialister_invisus","Schwartzia_succinivorans",1
"2588","Prevotella_enoeca","Schwartzia_succinivorans",1
"2608","Anaeroglobus_geminatus","Schwartzia_succinivorans",1
"2609","Olsenella_uli","Schwartzia_succinivorans",1
"2625","Campylobacter_curvus","Schwartzia_succinivorans",1
"2709","Eubacterium_saphenum","Prevotella_marshii",1
"2716","Prevotella_baroniae","Prevotella_marshii",1
"2719","Treponema_denticola","Prevotella_marshii",1
"2720","Eubacterium_brachy","Prevotella_marshii",1
"2721","Porphyromonas_endodontalis","Prevotella_marshii",1
"2731","Dialister_invisus","Prevotella_marshii",1
"2753","Anaeroglobus_geminatus","Prevotella_marshii",1
"2770","Campylobacter_curvus","Prevotella_marshii",1
"2783","Eubacterium_saphenum","Treponema_parvum",1
"2790","Prevotella_baroniae","Treponema_parvum",1
"2793","Treponema_denticola","Treponema_parvum",1
"2795","Porphyromonas_endodontalis","Treponema_parvum",1
"2805","Dialister_invisus","Treponema_parvum",1
"2807","Prevotella_enoeca","Treponema_parvum",1
"2823","Eubacterium_nodatum","Treponema_parvum",1
"2828","Olsenella_uli","Treponema_parvum",1
"2852","Rothia_aeria","Lautropia_mirabilis",1
"2864","Neisseria_sicca","Lautropia_mirabilis",1
"2866","Capnocytophaga_leadbetteri","Lautropia_mirabilis",1
"2895","Prevotella_salivae","Lautropia_mirabilis",-1
"2896","Actinobaculum_massiliense","Lautropia_mirabilis",1
"3111","Dialister_invisus","Actinomyces_gerencseriae",1
"3138","Rothia_dentocariosa","Actinomyces_gerencseriae",1
"3158","Lautropia_mirabilis","Actinomyces_gerencseriae",1
"3242","Rothia_aeria","Neisseria_shayeganii",1
"3317","Lautropia_mirabilis","Neisseria_shayeganii",1
"3327","Veillonella_dispar","Selenomonas_noxia",1
"3345","Prevotella_denticola","Selenomonas_noxia",1
"3351","Dialister_invisus","Selenomonas_noxia",1
"3367","Actinobaculum_massiliense","Selenomonas_noxia",1
"3394","Schwartzia_succinivorans","Selenomonas_noxia",1
"3401","Actinomyces_gerencseriae","Selenomonas_noxia",1
"3409","Veillonella_dispar","Bifidobacterium_dentium",1
"3427","Prevotella_denticola","Bifidobacterium_dentium",1
"3455","Anaeroglobus_geminatus","Bifidobacterium_dentium",1
"3456","Olsenella_uli","Bifidobacterium_dentium",1
"3460","Rothia_dentocariosa","Bifidobacterium_dentium",1
"3571","Veillonella_rogosae","Haemophilus_parainfluenzae",1
"3572","Rothia_aeria","Haemophilus_parainfluenzae",1
"3586","Capnocytophaga_leadbetteri","Haemophilus_parainfluenzae",1
"3592","Prevotella_shahii","Haemophilus_parainfluenzae",1
"3615","Prevotella_salivae","Haemophilus_parainfluenzae",-1
"3619","Planobacterium_taklimakanense","Haemophilus_parainfluenzae",1
"3642","Streptococcus_pneumoniae","Haemophilus_parainfluenzae",1
"3647","Lautropia_mirabilis","Haemophilus_parainfluenzae",1
"3649","Actinobacillus_rossii","Haemophilus_parainfluenzae",1
"3663","Eubacterium_saphenum","Porphyromonas_gingivalis",1
"3666","Actinomyces_odontolyticus","Porphyromonas_gingivalis",-1
"3670","Prevotella_baroniae","Porphyromonas_gingivalis",1
"3673","Treponema_denticola","Porphyromonas_gingivalis",1
"3675","Porphyromonas_endodontalis","Porphyromonas_gingivalis",1
"3679","Prevotella_denticola","Porphyromonas_gingivalis",1
"3687","Prevotella_enoeca","Porphyromonas_gingivalis",1
"3707","Anaeroglobus_geminatus","Porphyromonas_gingivalis",1
"3708","Olsenella_uli","Porphyromonas_gingivalis",1
"3713","Mycoplasma_faucium","Porphyromonas_gingivalis",1
"3717","Prevotella_dentalis","Porphyromonas_gingivalis",1
"3723","Treponema_pedis","Porphyromonas_gingivalis",1
"3724","Campylobacter_curvus","Porphyromonas_gingivalis",1
"3726","Mycoplasma_feliminutum","Porphyromonas_gingivalis",1
"3728","Schwartzia_succinivorans","Porphyromonas_gingivalis",1
"3730","Prevotella_marshii","Porphyromonas_gingivalis",1
"3731","Treponema_parvum","Porphyromonas_gingivalis",1
"3747","Veillonella_dispar","Streptococcus_sobrinus",1
"3765","Prevotella_denticola","Streptococcus_sobrinus",1
"3798","Rothia_dentocariosa","Streptococcus_sobrinus",1
"3825","Bifidobacterium_dentium","Streptococcus_sobrinus",1
"4393","Prevotella_shahii","Bacteroides_intestinalis",1
"4485","Porphyromonas_endodontalis","Filifactor_alocis",1
"4486","Eubacterium_yurii","Filifactor_alocis",1
"4495","Dialister_invisus","Filifactor_alocis",1
"4497","Prevotella_enoeca","Filifactor_alocis",1
"4515","Ornatilinea_apprima","Filifactor_alocis",1
"4517","Anaeroglobus_geminatus","Filifactor_alocis",1
"4518","Olsenella_uli","Filifactor_alocis",1
"4523","Mycoplasma_faucium","Filifactor_alocis",1
"4524","Mycoplasma_hyosynoviae","Filifactor_alocis",1
"4527","Prevotella_dentalis","Filifactor_alocis",1
"4530","Peptococcus_niger","Filifactor_alocis",1
"4533","Treponema_pedis","Filifactor_alocis",1
"4540","Prevotella_marshii","Filifactor_alocis",1
"4552","Porphyromonas_gingivalis","Filifactor_alocis",1
"4664","Eubacterium_saphenum","Odoribacter_denticanis",1
"4674","Treponema_denticola","Odoribacter_denticanis",1
"4676","Porphyromonas_endodontalis","Odoribacter_denticanis",1
"4686","Dialister_invisus","Odoribacter_denticanis",1
"4704","Eubacterium_nodatum","Odoribacter_denticanis",1
"4743","Porphyromonas_gingivalis","Odoribacter_denticanis",1
"4752","Filifactor_alocis","Odoribacter_denticanis",1
"4761","Eubacterium_saphenum","Bacteroides_heparinolyticus",1
"4768","Prevotella_baroniae","Bacteroides_heparinolyticus",1
"4771","Treponema_denticola","Bacteroides_heparinolyticus",1
"4773","Porphyromonas_endodontalis","Bacteroides_heparinolyticus",1
"4785","Prevotella_enoeca","Bacteroides_heparinolyticus",1
"4829","Treponema_parvum","Bacteroides_heparinolyticus",1
"4840","Porphyromonas_gingivalis","Bacteroides_heparinolyticus",1
"4849","Filifactor_alocis","Bacteroides_heparinolyticus",1
"4888","Bacillus_pumilus","Rothia_mucilaginosa",1
"4908","Rothia_dentocariosa","Rothia_mucilaginosa",1
"4956","Veillonella_dispar","Lachnoanaerobaculum_saburreum",1
"4974","Prevotella_denticola","Lachnoanaerobaculum_saburreum",1
"4992","Actinomyces_meyeri","Lachnoanaerobaculum_saburreum",1
"4995","Prevotella_salivae","Lachnoanaerobaculum_saburreum",1
"5002","Anaeroglobus_geminatus","Lachnoanaerobaculum_saburreum",1
"5033","Selenomonas_noxia","Lachnoanaerobaculum_saburreum",1
"5153","Rothia_aeria","Brachymonas_denitrificans",1
"5169","Treponema_denticola","Brachymonas_denitrificans",1
"5181","Dialister_invisus","Brachymonas_denitrificans",1
"5228","Lautropia_mirabilis","Brachymonas_denitrificans",1
"5238","Porphyromonas_gingivalis","Brachymonas_denitrificans",1
"5261","Eubacterium_saphenum","Prevotella_paludivivens",1
"5268","Prevotella_baroniae","Prevotella_paludivivens",1
"5271","Treponema_denticola","Prevotella_paludivivens",1
"5273","Porphyromonas_endodontalis","Prevotella_paludivivens",1
"5285","Prevotella_enoeca","Prevotella_paludivivens",1
"5301","Eubacterium_nodatum","Prevotella_paludivivens",1
"5315","Prevotella_dentalis","Prevotella_paludivivens",1
"5340","Porphyromonas_gingivalis","Prevotella_paludivivens",1
"5349","Filifactor_alocis","Prevotella_paludivivens",1
"5362","Veillonella_dispar","Streptococcus_gordonii",1
"5378","Prevotella_shahii","Streptococcus_gordonii",-1
"5413","Rothia_dentocariosa","Streptococcus_gordonii",1
"5444","Streptococcus_sobrinus","Streptococcus_gordonii",1
"5462","Rothia_aeria","Leptotrichia_hofstadii",1
"5469","Leptotrichia_buccalis","Leptotrichia_hofstadii",1
"5503","Bergeyella_zoohelcum","Leptotrichia_hofstadii",1
"5512","Anaeroglobus_geminatus","Leptotrichia_hofstadii",1
"5513","Olsenella_uli","Leptotrichia_hofstadii",1
"5537","Lautropia_mirabilis","Leptotrichia_hofstadii",1
"5543","Selenomonas_noxia","Leptotrichia_hofstadii",1
"5561","Lachnoanaerobaculum_saburreum","Leptotrichia_hofstadii",1
"5585","Porphyromonas_endodontalis","Bacteroides_zoogleoformans",1
"5652","Porphyromonas_gingivalis","Bacteroides_zoogleoformans",1
"5897","Actinomyces_odontolyticus","Campylobacter_mucosalis",1
"5931","Prevotella_salivae","Campylobacter_mucosalis",1
"6119","Neisseria_sicca","Streptococcus_sanguinis",1
"6133","Actinomyces_oris","Streptococcus_sanguinis",1
"6151","Actinobaculum_massiliense","Streptococcus_sanguinis",1
"6162","Rothia_dentocariosa","Streptococcus_sanguinis",1
"6177","Streptococcus_pneumoniae","Streptococcus_sanguinis",1
"6182","Lautropia_mirabilis","Streptococcus_sanguinis",1
"6185","Actinomyces_gerencseriae","Streptococcus_sanguinis",1
"6211","Leptotrichia_hofstadii","Streptococcus_sanguinis",1
"6329","Veillonella_rogosae","Fusobacterium_periodonticum",1
"6344","Capnocytophaga_leadbetteri","Fusobacterium_periodonticum",1
"6350","Prevotella_shahii","Fusobacterium_periodonticum",1
"6363","Moraxella_lacunata","Fusobacterium_periodonticum",1
"6369","Mogibacterium_diversum","Fusobacterium_periodonticum",1
"6395","Treponema_refringens","Fusobacterium_periodonticum",1
"6414","Haemophilus_parainfluenzae","Fusobacterium_periodonticum",1
"6416","Streptococcus_sobrinus","Fusobacterium_periodonticum",-1
"6449","Eubacterium_saphenum","Eubacterium_minutum",1
"6461","Porphyromonas_endodontalis","Eubacterium_minutum",1
"6528","Porphyromonas_gingivalis","Eubacterium_minutum",1
"6537","Filifactor_alocis","Eubacterium_minutum",1
"6678","Eubacterium_saphenum","Desulfomicrobium_orale",1
"6718","Eubacterium_nodatum","Desulfomicrobium_orale",1
"6757","Porphyromonas_gingivalis","Desulfomicrobium_orale",1
"6792","Veillonella_dispar","Campylobacter_showae",-1
"6802","Capnocytophaga_leadbetteri","Campylobacter_showae",1
"6807","Eubacterium_yurii","Campylobacter_showae",1
"6808","Prevotella_shahii","Campylobacter_showae",1
"6853","Treponema_refringens","Campylobacter_showae",1
"6900","Fusobacterium_periodonticum","Campylobacter_showae",1
"6911","Eubacterium_saphenum","Tannerella_forsythia",1
"6912","Leptotrichia_buccalis","Tannerella_forsythia",1
"6923","Porphyromonas_endodontalis","Tannerella_forsythia",1
"6927","Prevotella_denticola","Tannerella_forsythia",1
"6933","Dialister_invisus","Tannerella_forsythia",1
"6935","Prevotella_enoeca","Tannerella_forsythia",1
"6951","Eubacterium_nodatum","Tannerella_forsythia",1
"6956","Olsenella_uli","Tannerella_forsythia",1
"6961","Mycoplasma_faucium","Tannerella_forsythia",1
"6971","Treponema_pedis","Tannerella_forsythia",1
"6979","Treponema_parvum","Tannerella_forsythia",1
"6980","Lautropia_mirabilis","Tannerella_forsythia",1
"7001","Odoribacter_denticanis","Tannerella_forsythia",1
"7010","Bacteroides_zoogleoformans","Tannerella_forsythia",1
"7011","Natranaerovirga_hydrolytica","Tannerella_forsythia",1
"7015","Streptococcus_sanguinis","Tannerella_forsythia",1
"7019","Sporanaerobacter_acetigenes","Tannerella_forsythia",1
"7023","Rothia_aeria","Kingella_potus",1
"7098","Lautropia_mirabilis","Kingella_potus",1
"7156","Capnocytophaga_leadbetteri","Capnocytophaga_granulosa",1
"7243","Brachymonas_denitrificans","Capnocytophaga_granulosa",1
"7259","Tannerella_forsythia","Capnocytophaga_granulosa",1
"7262","Rothia_aeria","Neisseria_oralis",1
"7269","Leptotrichia_buccalis","Neisseria_oralis",1
"7284","Prevotella_denticola","Neisseria_oralis",1
"7290","Dialister_invisus","Neisseria_oralis",1
"7306","Actinobaculum_massiliense","Neisseria_oralis",1
"7337","Lautropia_mirabilis","Neisseria_oralis",1
"7342","Neisseria_shayeganii","Neisseria_oralis",1
"7343","Selenomonas_noxia","Neisseria_oralis",1
"7363","Brachymonas_denitrificans","Neisseria_oralis",1
"7372","Streptococcus_sanguinis","Neisseria_oralis",1
"7747","Capnocytophaga_granulosa","Soonwooa_buanensis",1
"7752","Rothia_aeria","Leptotrichia_hongkongensis",1
"7756","Veillonella_dispar","Leptotrichia_hongkongensis",1
"7759","Leptotrichia_buccalis","Leptotrichia_hongkongensis",1
"7774","Prevotella_denticola","Leptotrichia_hongkongensis",1
"7778","Actinomyces_oris","Leptotrichia_hongkongensis",1
"7802","Anaeroglobus_geminatus","Leptotrichia_hongkongensis",1
"7804","Lactobacillus_johnsonii","Leptotrichia_hongkongensis",1
"7814","Corynebacterium_jeikeium","Leptotrichia_hongkongensis",1
"7833","Selenomonas_noxia","Leptotrichia_hongkongensis",1
"7851","Lachnoanaerobaculum_saburreum","Leptotrichia_hongkongensis",1
"7855","Streptococcus_gordonii","Leptotrichia_hongkongensis",1
"7856","Leptotrichia_hofstadii","Leptotrichia_hongkongensis",1
"7862","Streptococcus_sanguinis","Leptotrichia_hongkongensis",1
"7871","Capnocytophaga_granulosa","Leptotrichia_hongkongensis",1
"7920","Prevotella_salivae","Gemella_haemolysans",-1
"7947","Streptococcus_pneumoniae","Gemella_haemolysans",1
"8000","Soonwooa_buanensis","Gemella_haemolysans",1
"8267","Actinomyces_odontolyticus","Slackia_exigua",1
"8275","Eubacterium_brachy","Slackia_exigua",1
"8309","Olsenella_uli","Slackia_exigua",1
"8329","Schwartzia_succinivorans","Slackia_exigua",1
"8361","Streptococcus_gordonii","Slackia_exigua",1
"8442","Rothia_dentocariosa","Actinomyces_viscosus",1
"8462","Lautropia_mirabilis","Actinomyces_viscosus",1
"8499","Fusobacterium_periodonticum","Actinomyces_viscosus",-1
"8511","Leptotrichia_hongkongensis","Actinomyces_viscosus",1
"8517","Rothia_aeria","Streptococcus_oralis",1
"8546","Granulicatella_adiacens","Streptococcus_oralis",1
"8572","Rothia_dentocariosa","Streptococcus_oralis",1
"8587","Streptococcus_pneumoniae","Streptococcus_oralis",1
"8615","Rothia_mucilaginosa","Streptococcus_oralis",1
"8620","Streptococcus_gordonii","Streptococcus_oralis",1
"8654","Eubacterium_saphenum","Desulfovibrio_fairfieldensis",1
"8661","Prevotella_baroniae","Desulfovibrio_fairfieldensis",1
"8664","Treponema_denticola","Desulfovibrio_fairfieldensis",1
"8666","Porphyromonas_endodontalis","Desulfovibrio_fairfieldensis",1
"8676","Dialister_invisus","Desulfovibrio_fairfieldensis",1
"8694","Eubacterium_nodatum","Desulfovibrio_fairfieldensis",1
"8699","Olsenella_uli","Desulfovibrio_fairfieldensis",1
"8719","Schwartzia_succinivorans","Desulfovibrio_fairfieldensis",1
"8722","Treponema_parvum","Desulfovibrio_fairfieldensis",1
"8742","Filifactor_alocis","Desulfovibrio_fairfieldensis",1
"8765","Tannerella_forsythia","Desulfovibrio_fairfieldensis",1
"8784","Veillonella_dispar","Prevotella_multisaccharivorax",1
"8793","Prevotella_baroniae","Prevotella_multisaccharivorax",1
"8802","Prevotella_denticola","Prevotella_multisaccharivorax",1
"8831","Olsenella_uli","Prevotella_multisaccharivorax",1
"8862","Bifidobacterium_dentium","Prevotella_multisaccharivorax",1
"9188","Eubacterium_saphenum","Desulfobulbus_propionicus",1
"9198","Treponema_denticola","Desulfobulbus_propionicus",1
"9200","Porphyromonas_endodontalis","Desulfobulbus_propionicus",1
"9210","Dialister_invisus","Desulfobulbus_propionicus",1
"9228","Eubacterium_nodatum","Desulfobulbus_propionicus",1
"9232","Anaeroglobus_geminatus","Desulfobulbus_propionicus",1
"9233","Olsenella_uli","Desulfobulbus_propionicus",1
"9256","Treponema_parvum","Desulfobulbus_propionicus",1
"9267","Porphyromonas_gingivalis","Desulfobulbus_propionicus",1
"9276","Filifactor_alocis","Desulfobulbus_propionicus",1
"9299","Tannerella_forsythia","Desulfobulbus_propionicus",1
"9318","Rothia_aeria","Cardiobacterium_valvarum",1
"9332","Capnocytophaga_leadbetteri","Cardiobacterium_valvarum",1
"9337","Eubacterium_yurii","Cardiobacterium_valvarum",1
"9346","Dialister_invisus","Cardiobacterium_valvarum",1
"9373","Rothia_dentocariosa","Cardiobacterium_valvarum",1
"9393","Lautropia_mirabilis","Cardiobacterium_valvarum",1
"9412","Filifactor_alocis","Cardiobacterium_valvarum",1
"9419","Brachymonas_denitrificans","Cardiobacterium_valvarum",1
"9428","Streptococcus_sanguinis","Cardiobacterium_valvarum",1
"9434","Campylobacter_showae","Cardiobacterium_valvarum",1
"9437","Capnocytophaga_granulosa","Cardiobacterium_valvarum",1
"9438","Neisseria_oralis","Cardiobacterium_valvarum",1
"9606","Prevotella_baroniae","Prevotella_pleuritidis",1
"9609","Treponema_denticola","Prevotella_pleuritidis",1
"9610","Eubacterium_brachy","Prevotella_pleuritidis",1
"9611","Porphyromonas_endodontalis","Prevotella_pleuritidis",1
"9615","Prevotella_denticola","Prevotella_pleuritidis",1
"9639","Eubacterium_nodatum","Prevotella_pleuritidis",1
"9643","Anaeroglobus_geminatus","Prevotella_pleuritidis",1
"9653","Prevotella_dentalis","Prevotella_pleuritidis",1
"9667","Treponema_parvum","Prevotella_pleuritidis",1
"9687","Filifactor_alocis","Prevotella_pleuritidis",1
"9703","Streptococcus_sanguinis","Prevotella_pleuritidis",1
"9706","Eubacterium_minutum","Prevotella_pleuritidis",1
"9728","Desulfobulbus_propionicus","Prevotella_pleuritidis",1
"9876","Veillonella_dispar","Howardella_ureilytica",1
"9900","Dialister_invisus","Howardella_ureilytica",1
"9927","Rothia_dentocariosa","Howardella_ureilytica",1
"10341","Prevotella_salivae","Propionibacterium_acidifaciens",1
"10349","Olsenella_uli","Propionibacterium_acidifaciens",1
"10380","Bifidobacterium_dentium","Propionibacterium_acidifaciens",1
"10591","Veillonella_dispar","Parascardovia_denticolens",1
"10638","Olsenella_uli","Parascardovia_denticolens",1
"10642","Rothia_dentocariosa","Parascardovia_denticolens",1
"10669","Bifidobacterium_dentium","Parascardovia_denticolens",1
"10671","Haemophilus_parainfluenzae","Parascardovia_denticolens",-1
"10699","Fusobacterium_periodonticum","Parascardovia_denticolens",-1
"10711","Leptotrichia_hongkongensis","Parascardovia_denticolens",1
"10719","Prevotella_multisaccharivorax","Parascardovia_denticolens",1
"10886","Eubacterium_saphenum","Streptobacillus_moniliformis",1
"10893","Prevotella_baroniae","Streptobacillus_moniliformis",1
"10896","Treponema_denticola","Streptobacillus_moniliformis",1
"10898","Porphyromonas_endodontalis","Streptobacillus_moniliformis",1
"10908","Dialister_invisus","Streptobacillus_moniliformis",1
"10910","Prevotella_enoeca","Streptobacillus_moniliformis",1
"10926","Eubacterium_nodatum","Streptobacillus_moniliformis",1
"10954","Treponema_parvum","Streptobacillus_moniliformis",1
"10965","Porphyromonas_gingivalis","Streptobacillus_moniliformis",1
"10974","Filifactor_alocis","Streptobacillus_moniliformis",1
"10982","Prevotella_paludivivens","Streptobacillus_moniliformis",1
"10997","Tannerella_forsythia","Streptobacillus_moniliformis",1
"11205","Dialister_invisus","Selenomonas_ruminantium",1
"11220","Prevotella_salivae","Selenomonas_ruminantium",1
"11230","Prevotella_veroralis","Selenomonas_ruminantium",1
"11326","Veillonella_rogosae","Eubacterium_sulci",1
"11329","Butyrivibrio_hungatei","Eubacterium_sulci",1
"11336","Actinomyces_odontolyticus","Eubacterium_sulci",1
"11342","Prevotella_pallens","Eubacterium_sulci",1
"11352","Prevotella_scopos","Eubacterium_sulci",1
"11370","Prevotella_salivae","Eubacterium_sulci",1
"11434","Mogibacterium_neglectum","Eubacterium_sulci",1
"11437","Streptococcus_sanguinis","Eubacterium_sulci",-1
"11439","Fusobacterium_periodonticum","Eubacterium_sulci",1
"11636","Eubacterium_saphenum","Desulfobulbus_rhabdoformis",1
"11646","Treponema_denticola","Desulfobulbus_rhabdoformis",1
"11647","Eubacterium_brachy","Desulfobulbus_rhabdoformis",1
"11648","Porphyromonas_endodontalis","Desulfobulbus_rhabdoformis",1
"11658","Dialister_invisus","Desulfobulbus_rhabdoformis",1
"11676","Eubacterium_nodatum","Desulfobulbus_rhabdoformis",1
"11711","Selenomonas_noxia","Desulfobulbus_rhabdoformis",1
"11724","Filifactor_alocis","Desulfobulbus_rhabdoformis",1
"11747","Tannerella_forsythia","Desulfobulbus_rhabdoformis",1
"11941","Veillonella_dispar","Streptococcus_parasanguinis",1
"11946","Actinomyces_odontolyticus","Streptococcus_parasanguinis",1
"11980","Prevotella_salivae","Streptococcus_parasanguinis",1
"12040","Streptococcus_gordonii","Streptococcus_parasanguinis",1
"12418","Prevotella_baroniae","Prevotella_oralis",1
"12423","Porphyromonas_endodontalis","Prevotella_oralis",1
"12427","Prevotella_denticola","Prevotella_oralis",1
"12433","Dialister_invisus","Prevotella_oralis",1
"12455","Anaeroglobus_geminatus","Prevotella_oralis",1
"12465","Prevotella_dentalis","Prevotella_oralis",1
"12522","Tannerella_forsythia","Prevotella_oralis",1
"12529","Leptotrichia_hongkongensis","Prevotella_oralis",1
"12567","Veillonella_dispar","Actinomyces_graevenitzii",1
"12572","Actinomyces_odontolyticus","Actinomyces_graevenitzii",1
"12578","Prevotella_pallens","Actinomyces_graevenitzii",1
"12713","Eubacterium_sulci","Actinomyces_graevenitzii",1
"12717","Streptococcus_parasanguinis","Actinomyces_graevenitzii",1
"12724","Butyrivibrio_hungatei","Alloprevotella_rava",1
"12737","Prevotella_pallens","Alloprevotella_rava",1
"12758","Orientia_tsutsugamushi","Alloprevotella_rava",1
"12765","Prevotella_salivae","Alloprevotella_rava",1
"12811","Bacteroides_acidifaciens","Alloprevotella_rava",1
"12869","Streptobacillus_moniliformis","Alloprevotella_rava",1
"12871","Selenomonas_ruminantium","Alloprevotella_rava",1
"12872","Eubacterium_sulci","Alloprevotella_rava",1
"13113","Streptococcus_pneumoniae","Actinobacillus_porcinus",1
"13370","Butyrivibrio_hungatei","Atopobium_parvulum",1
"13372","Veillonella_dispar","Atopobium_parvulum",1
"13377","Actinomyces_odontolyticus","Atopobium_parvulum",1
"13383","Prevotella_pallens","Atopobium_parvulum",1
"13402","Lachnoanaerobaculum_orale","Atopobium_parvulum",1
"13404","Orientia_tsutsugamushi","Atopobium_parvulum",1
"13408","Actinomyces_meyeri","Atopobium_parvulum",1
"13411","Prevotella_salivae","Atopobium_parvulum",1
"13420","Lactobacillus_johnsonii","Atopobium_parvulum",1
"13421","Prevotella_veroralis","Atopobium_parvulum",1
"13450","Bifidobacterium_dentium","Atopobium_parvulum",1
"13511","Propionibacterium_acidifaciens","Atopobium_parvulum",1
"13517","Selenomonas_ruminantium","Atopobium_parvulum",1
"13518","Eubacterium_sulci","Atopobium_parvulum",1
"13522","Streptococcus_parasanguinis","Atopobium_parvulum",1
"13526","Actinomyces_graevenitzii","Atopobium_parvulum",1
"13717","Prevotella_shahii","Anaerovorax_odorimutans",1
"13762","Treponema_refringens","Anaerovorax_odorimutans",1
"13809","Fusobacterium_periodonticum","Anaerovorax_odorimutans",1
"14204","Eubacterium_saphenum","Treponema_amylovorum",1
"14214","Treponema_denticola","Treponema_amylovorum",1
"14215","Eubacterium_brachy","Treponema_amylovorum",1
"14216","Porphyromonas_endodontalis","Treponema_amylovorum",1
"14226","Dialister_invisus","Treponema_amylovorum",1
"14255","Mycoplasma_hyosynoviae","Treponema_amylovorum",1
"14258","Prevotella_dentalis","Treponema_amylovorum",1
"14264","Treponema_pedis","Treponema_amylovorum",1
"14269","Schwartzia_succinivorans","Treponema_amylovorum",1
"14272","Treponema_parvum","Treponema_amylovorum",1
"14283","Porphyromonas_gingivalis","Treponema_amylovorum",1
"14292","Filifactor_alocis","Treponema_amylovorum",1
"14295","Bacteroides_heparinolyticus","Treponema_amylovorum",1
"14311","Eubacterium_minutum","Treponema_amylovorum",1
"14315","Tannerella_forsythia","Treponema_amylovorum",1
"14333","Desulfobulbus_propionicus","Treponema_amylovorum",1
"14336","Prevotella_pleuritidis","Treponema_amylovorum",1
"14345","Streptobacillus_moniliformis","Treponema_amylovorum",1
"14366","Veillonella_rogosae","Prevotella_nanceiensis",1
"14381","Capnocytophaga_leadbetteri","Prevotella_nanceiensis",1
"14382","Prevotella_pallens","Prevotella_nanceiensis",1
"14387","Prevotella_shahii","Prevotella_nanceiensis",1
"14414","Planobacterium_taklimakanense","Prevotella_nanceiensis",1
"14432","Treponema_refringens","Prevotella_nanceiensis",1
"14451","Haemophilus_parainfluenzae","Prevotella_nanceiensis",1
"14456","Bacteroides_acidifaciens","Prevotella_nanceiensis",1
"14460","Bacteroides_intestinalis","Prevotella_nanceiensis",1
"14479","Fusobacterium_periodonticum","Prevotella_nanceiensis",1
"14517","Eubacterium_sulci","Prevotella_nanceiensis",1
"14526","Alloprevotella_rava","Prevotella_nanceiensis",1
"14543","Eubacterium_saphenum","Wolinella_succinogenes",1
"14544","Leptotrichia_buccalis","Wolinella_succinogenes",1
"14555","Porphyromonas_endodontalis","Wolinella_succinogenes",1
"14559","Prevotella_denticola","Wolinella_succinogenes",1
"14565","Dialister_invisus","Wolinella_succinogenes",1
"14567","Prevotella_enoeca","Wolinella_succinogenes",1
"14583","Eubacterium_nodatum","Wolinella_succinogenes",1
"14611","Treponema_parvum","Wolinella_succinogenes",1
"14622","Porphyromonas_gingivalis","Wolinella_succinogenes",1
"14631","Filifactor_alocis","Wolinella_succinogenes",1
"14639","Prevotella_paludivivens","Wolinella_succinogenes",1
"14654","Tannerella_forsythia","Wolinella_succinogenes",1
"14675","Prevotella_pleuritidis","Wolinella_succinogenes",1
"14893","Prevotella_baroniae","Shuttleworthia_satelles",1
"14898","Porphyromonas_endodontalis","Shuttleworthia_satelles",1
"14902","Prevotella_denticola","Shuttleworthia_satelles",1
"14908","Dialister_invisus","Shuttleworthia_satelles",1
"14930","Anaeroglobus_geminatus","Shuttleworthia_satelles",1
"14931","Olsenella_uli","Shuttleworthia_satelles",1
"14933","Prevotella_veroralis","Shuttleworthia_satelles",1
"14990","Streptococcus_sanguinis","Shuttleworthia_satelles",1
"14997","Tannerella_forsythia","Shuttleworthia_satelles",1
"15008","Slackia_exigua","Shuttleworthia_satelles",1
"15012","Prevotella_multisaccharivorax","Shuttleworthia_satelles",1
"15070","Eubacterium_brachy","Treponema_lecithinolyticum",1
"15071","Porphyromonas_endodontalis","Treponema_lecithinolyticum",1
"15075","Prevotella_denticola","Treponema_lecithinolyticum",1
"15081","Dialister_invisus","Treponema_lecithinolyticum",1
"15099","Eubacterium_nodatum","Treponema_lecithinolyticum",1
"15104","Olsenella_uli","Treponema_lecithinolyticum",1
"15108","Rothia_dentocariosa","Treponema_lecithinolyticum",1
"15113","Prevotella_dentalis","Treponema_lecithinolyticum",1
"15124","Schwartzia_succinivorans","Treponema_lecithinolyticum",1
"15126","Prevotella_marshii","Treponema_lecithinolyticum",1
"15127","Treponema_parvum","Treponema_lecithinolyticum",1
"15138","Porphyromonas_gingivalis","Treponema_lecithinolyticum",1
"15147","Filifactor_alocis","Treponema_lecithinolyticum",1
"15163","Streptococcus_sanguinis","Treponema_lecithinolyticum",1
"15210","Prevotella_oralis","Treponema_lecithinolyticum",1
"15582","Veillonella_dispar","Streptococcus_intermedius",1
"15600","Prevotella_denticola","Streptococcus_intermedius",1
"15606","Dialister_invisus","Streptococcus_intermedius",1
"15633","Rothia_dentocariosa","Streptococcus_intermedius",1
"15681","Streptococcus_gordonii","Streptococcus_intermedius",1
"15688","Streptococcus_sanguinis","Streptococcus_intermedius",1
"15761","Eubacterium_saphenum","Treponema_socranskii",1
"15768","Prevotella_baroniae","Treponema_socranskii",1
"15773","Porphyromonas_endodontalis","Treponema_socranskii",1
"15777","Prevotella_denticola","Treponema_socranskii",1
"15783","Dialister_invisus","Treponema_socranskii",1
"15801","Eubacterium_nodatum","Treponema_socranskii",1
"15803","Ornatilinea_apprima","Treponema_socranskii",1
"15806","Olsenella_uli","Treponema_socranskii",1
"15818","Peptococcus_niger","Treponema_socranskii",1
"15821","Treponema_pedis","Treponema_socranskii",1
"15829","Treponema_parvum","Treponema_socranskii",1
"15836","Selenomonas_noxia","Treponema_socranskii",1
"15840","Porphyromonas_gingivalis","Treponema_socranskii",1
"15849","Filifactor_alocis","Treponema_socranskii",1
"15872","Tannerella_forsythia","Treponema_socranskii",1
"15874","Capnocytophaga_granulosa","Treponema_socranskii",1
"15890","Desulfobulbus_propionicus","Treponema_socranskii",1
"15893","Prevotella_pleuritidis","Treponema_socranskii",1
"15912","Prevotella_oralis","Treponema_socranskii",1
"15927","Shuttleworthia_satelles","Treponema_socranskii",1
"15979","Eubacterium_nodatum","Pyramidobacter_piscolens",1
"16018","Porphyromonas_gingivalis","Pyramidobacter_piscolens",1
"16050","Tannerella_forsythia","Pyramidobacter_piscolens",1
"16118","Eubacterium_saphenum","Dialister_pneumosintes",1
"16125","Prevotella_baroniae","Dialister_pneumosintes",1
"16128","Treponema_denticola","Dialister_pneumosintes",1
"16129","Eubacterium_brachy","Dialister_pneumosintes",1
"16130","Porphyromonas_endodontalis","Dialister_pneumosintes",1
"16134","Prevotella_denticola","Dialister_pneumosintes",1
"16140","Dialister_invisus","Dialister_pneumosintes",1
"16162","Anaeroglobus_geminatus","Dialister_pneumosintes",1
"16163","Olsenella_uli","Dialister_pneumosintes",1
"16175","Peptococcus_niger","Dialister_pneumosintes",1
"16185","Prevotella_marshii","Dialister_pneumosintes",1
"16186","Treponema_parvum","Dialister_pneumosintes",1
"16206","Filifactor_alocis","Dialister_pneumosintes",1
"16217","Bacteroides_zoogleoformans","Dialister_pneumosintes",1
"16225","Eubacterium_minutum","Dialister_pneumosintes",1
"16229","Tannerella_forsythia","Dialister_pneumosintes",1
"16240","Slackia_exigua","Dialister_pneumosintes",1
"16243","Desulfovibrio_fairfieldensis","Dialister_pneumosintes",1
"16250","Prevotella_pleuritidis","Dialister_pneumosintes",1
"16252","Howardella_ureilytica","Dialister_pneumosintes",1
"16280","Treponema_amylovorum","Dialister_pneumosintes",1
"16282","Wolinella_succinogenes","Dialister_pneumosintes",1
"16284","Shuttleworthia_satelles","Dialister_pneumosintes",1
"16296","Veillonella_dispar","Selenomonas_flueggei",1
"16335","Prevotella_salivae","Selenomonas_flueggei",1
"16343","Olsenella_uli","Selenomonas_flueggei",1
"16363","Schwartzia_succinivorans","Selenomonas_flueggei",1
"16373","Selenomonas_noxia","Selenomonas_flueggei",1
"16391","Lachnoanaerobaculum_saburreum","Selenomonas_flueggei",1
"16404","Fusobacterium_periodonticum","Selenomonas_flueggei",-1
"16488","Prevotella_pallens","Peptostreptococcus_stomatis",1
"16493","Prevotella_shahii","Peptostreptococcus_stomatis",1
"16536","Peptococcus_niger","Peptostreptococcus_stomatis",1
"16538","Treponema_refringens","Peptostreptococcus_stomatis",1
"16585","Fusobacterium_periodonticum","Peptostreptococcus_stomatis",1
"16623","Eubacterium_sulci","Peptostreptococcus_stomatis",1
"16638","Anaerovorax_odorimutans","Peptostreptococcus_stomatis",1
"16642","Prevotella_nanceiensis","Peptostreptococcus_stomatis",1
"16643","Wolinella_succinogenes","Peptostreptococcus_stomatis",1
"16659","Veillonella_dispar","Lactobacillus_reuteri",1
"16737","Bifidobacterium_dentium","Lactobacillus_reuteri",1
"16824","Prevotella_nanceiensis","Lactobacillus_reuteri",-1
"16881","Prevotella_salivae","Butyrivibrio_fibrisolvens",1
"16891","Prevotella_veroralis","Butyrivibrio_fibrisolvens",1
"17039","Eubacterium_brachy","Mycoplasma_salivarium",1
"17044","Prevotella_denticola","Mycoplasma_salivarium",1
"17050","Dialister_invisus","Mycoplasma_salivarium",1
"17072","Anaeroglobus_geminatus","Mycoplasma_salivarium",1
"17077","Rothia_dentocariosa","Mycoplasma_salivarium",1
"17132","Streptococcus_sanguinis","Mycoplasma_salivarium",1
"17139","Tannerella_forsythia","Mycoplasma_salivarium",1
"17199","Treponema_socranskii","Mycoplasma_salivarium",1
"17216","Actinomyces_odontolyticus","Mobiluncus_curtisii",1
"17222","Prevotella_pallens","Mobiluncus_curtisii",1
"17250","Prevotella_salivae","Mobiluncus_curtisii",1
"17370","Atopobium_parvulum","Mobiluncus_curtisii",1
"17562","Prevotella_nanceiensis","Simonsiella_muelleri",1
"17977","Prevotella_shahii","Prevotella_aurantiaca",1
"18022","Treponema_refringens","Prevotella_aurantiaca",1
"18069","Fusobacterium_periodonticum","Prevotella_aurantiaca",1
"18107","Eubacterium_sulci","Prevotella_aurantiaca",1
"18122","Anaerovorax_odorimutans","Prevotella_aurantiaca",1
"18126","Prevotella_nanceiensis","Prevotella_aurantiaca",1
"18138","Peptostreptococcus_stomatis","Prevotella_aurantiaca",1
"18345","Leptotrichia_buccalis","Leptotrichia_shahii",1
"18352","Capnocytophaga_leadbetteri","Leptotrichia_shahii",1
"18354","Treponema_denticola","Leptotrichia_shahii",1
"18360","Prevotella_denticola","Leptotrichia_shahii",1
"18388","Anaeroglobus_geminatus","Leptotrichia_shahii",1
"18419","Selenomonas_noxia","Leptotrichia_shahii",1
"18437","Lachnoanaerobaculum_saburreum","Leptotrichia_shahii",1
"18439","Brachymonas_denitrificans","Leptotrichia_shahii",1
"18442","Leptotrichia_hofstadii","Leptotrichia_shahii",1
"18454","Campylobacter_showae","Leptotrichia_shahii",1
"18455","Tannerella_forsythia","Leptotrichia_shahii",1
"18457","Capnocytophaga_granulosa","Leptotrichia_shahii",1
"18458","Neisseria_oralis","Leptotrichia_shahii",1
"18462","Leptotrichia_hongkongensis","Leptotrichia_shahii",1
"18515","Treponema_socranskii","Leptotrichia_shahii",1
"18518","Selenomonas_flueggei","Leptotrichia_shahii",1
"18544","Capnocytophaga_leadbetteri","Capnocytophaga_ochracea",1
"18552","Prevotella_denticola","Capnocytophaga_ochracea",1
"18571","Bergeyella_zoohelcum","Capnocytophaga_ochracea",1
"18585","Rothia_dentocariosa","Capnocytophaga_ochracea",1
"18596","Treponema_pedis","Capnocytophaga_ochracea",1
"18605","Lautropia_mirabilis","Capnocytophaga_ochracea",1
"18608","Actinomyces_gerencseriae","Capnocytophaga_ochracea",1
"18611","Selenomonas_noxia","Capnocytophaga_ochracea",1
"18629","Lachnoanaerobaculum_saburreum","Capnocytophaga_ochracea",1
"18646","Campylobacter_showae","Capnocytophaga_ochracea",1
"18647","Tannerella_forsythia","Capnocytophaga_ochracea",1
"18649","Capnocytophaga_granulosa","Capnocytophaga_ochracea",1
"18650","Neisseria_oralis","Capnocytophaga_ochracea",1
"18654","Leptotrichia_hongkongensis","Capnocytophaga_ochracea",1
"18666","Cardiobacterium_valvarum","Capnocytophaga_ochracea",1
"18687","Prevotella_oralis","Capnocytophaga_ochracea",1
"18698","Treponema_amylovorum","Capnocytophaga_ochracea",1
"18700","Wolinella_succinogenes","Capnocytophaga_ochracea",1
"18721","Leptotrichia_shahii","Capnocytophaga_ochracea",1
"18916","Veillonella_rogosae","Gemella_sanguinis",1
"18946","Granulicatella_adiacens","Gemella_sanguinis",1
"18987","Streptococcus_pneumoniae","Gemella_sanguinis",1
"19001","Haemophilus_parainfluenzae","Gemella_sanguinis",1
"19029","Fusobacterium_periodonticum","Gemella_sanguinis",1
"19042","Gemella_haemolysans","Gemella_sanguinis",1
"19043","Gemella_palaticanis","Gemella_sanguinis",1
"19047","Streptococcus_oralis","Gemella_sanguinis",1
"19067","Eubacterium_sulci","Gemella_sanguinis",1
"19086","Prevotella_nanceiensis","Gemella_sanguinis",1
"19098","Peptostreptococcus_stomatis","Gemella_sanguinis",1
"19321","Prevotella_baroniae","Prevotella_intermedia",1
"19325","Eubacterium_brachy","Prevotella_intermedia",1
"19326","Porphyromonas_endodontalis","Prevotella_intermedia",1
"19330","Prevotella_denticola","Prevotella_intermedia",1
"19336","Dialister_invisus","Prevotella_intermedia",1
"19338","Prevotella_enoeca","Prevotella_intermedia",1
"19354","Eubacterium_nodatum","Prevotella_intermedia",1
"19358","Anaeroglobus_geminatus","Prevotella_intermedia",1
"19359","Olsenella_uli","Prevotella_intermedia",1
"19365","Mycoplasma_hyosynoviae","Prevotella_intermedia",1
"19371","Peptococcus_niger","Prevotella_intermedia",1
"19374","Treponema_pedis","Prevotella_intermedia",1
"19379","Schwartzia_succinivorans","Prevotella_intermedia",1
"19381","Prevotella_marshii","Prevotella_intermedia",1
"19382","Treponema_parvum","Prevotella_intermedia",1
"19404","Odoribacter_denticanis","Prevotella_intermedia",1
"19405","Bacteroides_heparinolyticus","Prevotella_intermedia",1
"19410","Prevotella_paludivivens","Prevotella_intermedia",1
"19413","Bacteroides_zoogleoformans","Prevotella_intermedia",1
"19421","Eubacterium_minutum","Prevotella_intermedia",1
"19423","Desulfomicrobium_orale","Prevotella_intermedia",1
"19425","Tannerella_forsythia","Prevotella_intermedia",1
"19439","Desulfovibrio_fairfieldensis","Prevotella_intermedia",1
"19443","Desulfobulbus_propionicus","Prevotella_intermedia",1
"19446","Prevotella_pleuritidis","Prevotella_intermedia",1
"19455","Streptobacillus_moniliformis","Prevotella_intermedia",1
"19476","Treponema_amylovorum","Prevotella_intermedia",1
"19481","Treponema_lecithinolyticum","Prevotella_intermedia",1
"19485","Treponema_socranskii","Prevotella_intermedia",1
"19486","Pyramidobacter_piscolens","Prevotella_intermedia",1
"19487","Dialister_pneumosintes","Prevotella_intermedia",1
"19492","Mycoplasma_salivarium","Prevotella_intermedia",1
"19533","Dialister_invisus","Porphyromonas_uenonis",1
"19709","Eubacterium_saphenum","Prevotella_fusca",1
"19721","Porphyromonas_endodontalis","Prevotella_fusca",1
"19749","Eubacterium_nodatum","Prevotella_fusca",1
"19754","Olsenella_uli","Prevotella_fusca",1
"19788","Porphyromonas_gingivalis","Prevotella_fusca",1
"19797","Filifactor_alocis","Prevotella_fusca",1
"19899","Prevotella_intermedia","Prevotella_fusca",1
"19915","Prevotella_baroniae","Selenomonas_sputigena",1
"19919","Eubacterium_brachy","Selenomonas_sputigena",1
"19924","Prevotella_denticola","Selenomonas_sputigena",1
"19948","Eubacterium_nodatum","Selenomonas_sputigena",1
"19952","Anaeroglobus_geminatus","Selenomonas_sputigena",1
"19955","Prevotella_veroralis","Selenomonas_sputigena",1
"19965","Peptococcus_niger","Selenomonas_sputigena",1
"19969","Campylobacter_curvus","Selenomonas_sputigena",1
"19973","Schwartzia_succinivorans","Selenomonas_sputigena",1
"19975","Prevotella_marshii","Selenomonas_sputigena",1
"19987","Porphyromonas_gingivalis","Selenomonas_sputigena",1
"20015","Eubacterium_minutum","Selenomonas_sputigena",1
"20019","Tannerella_forsythia","Selenomonas_sputigena",1
"20034","Prevotella_multisaccharivorax","Selenomonas_sputigena",1
"20038","Cardiobacterium_valvarum","Selenomonas_sputigena",1
"20051","Selenomonas_ruminantium","Selenomonas_sputigena",1
"20054","Desulfobulbus_rhabdoformis","Selenomonas_sputigena",1
"20059","Prevotella_oralis","Selenomonas_sputigena",1
"20511","Eubacterium_saphenum","Bulleidia_extructa",1
"20521","Treponema_denticola","Bulleidia_extructa",1
"20522","Eubacterium_brachy","Bulleidia_extructa",1
"20523","Porphyromonas_endodontalis","Bulleidia_extructa",1
"20527","Prevotella_denticola","Bulleidia_extructa",1
"20556","Olsenella_uli","Bulleidia_extructa",1
"20578","Prevotella_marshii","Bulleidia_extructa",1
"20579","Treponema_parvum","Bulleidia_extructa",1
"20599","Filifactor_alocis","Bulleidia_extructa",1
"20633","Slackia_exigua","Bulleidia_extructa",1
"20643","Prevotella_pleuritidis","Bulleidia_extructa",1
"20662","Prevotella_oralis","Bulleidia_extructa",1
"20673","Treponema_amylovorum","Bulleidia_extructa",1
"20677","Shuttleworthia_satelles","Bulleidia_extructa",1
"20684","Dialister_pneumosintes","Bulleidia_extructa",1
"20689","Mycoplasma_salivarium","Bulleidia_extructa",1
"20701","Prevotella_intermedia","Bulleidia_extructa",1
"20704","Selenomonas_sputigena","Bulleidia_extructa",1
"20708","Rothia_aeria","Haemophilus_parahaemolyticus",1
"20731","Actinobacillus_minor","Haemophilus_parahaemolyticus",1
"20783","Lautropia_mirabilis","Haemophilus_parahaemolyticus",1
"20792","Haemophilus_parainfluenzae","Haemophilus_parahaemolyticus",1
"20818","Streptococcus_sanguinis","Haemophilus_parahaemolyticus",1
"20833","Gemella_haemolysans","Haemophilus_parahaemolyticus",1
"20925","Prevotella_baroniae","Alloprevotella_tannerae",1
"20928","Treponema_denticola","Alloprevotella_tannerae",1
"20929","Eubacterium_brachy","Alloprevotella_tannerae",1
"20930","Porphyromonas_endodontalis","Alloprevotella_tannerae",1
"20934","Prevotella_denticola","Alloprevotella_tannerae",1
"20940","Dialister_invisus","Alloprevotella_tannerae",1
"20942","Prevotella_enoeca","Alloprevotella_tannerae",1
"20963","Olsenella_uli","Alloprevotella_tannerae",1
"20965","Prevotella_veroralis","Alloprevotella_tannerae",1
"20971","Alysiella_crassa","Alloprevotella_tannerae",1
"20977","Treponema_refringens","Alloprevotella_tannerae",1
"20985","Prevotella_marshii","Alloprevotella_tannerae",1
"20986","Treponema_parvum","Alloprevotella_tannerae",1
"21006","Filifactor_alocis","Alloprevotella_tannerae",1
"21029","Tannerella_forsythia","Alloprevotella_tannerae",1
"21084","Shuttleworthia_satelles","Alloprevotella_tannerae",1
"21089","Treponema_socranskii","Alloprevotella_tannerae",1
"21109","Porphyromonas_uenonis","Alloprevotella_tannerae",1
"21323","Rothia_aeria","Actinomyces_georgiae",1
"21332","Actinomyces_odontolyticus","Actinomyces_georgiae",1
"21340","Eubacterium_brachy","Actinomyces_georgiae",1
"21398","Lautropia_mirabilis","Actinomyces_georgiae",1
"21401","Actinomyces_gerencseriae","Actinomyces_georgiae",1
"21404","Selenomonas_noxia","Actinomyces_georgiae",1
"21422","Lachnoanaerobaculum_saburreum","Actinomyces_georgiae",1
"21427","Leptotrichia_hofstadii","Actinomyces_georgiae",1
"21433","Streptococcus_sanguinis","Actinomyces_georgiae",1
"21447","Leptotrichia_hongkongensis","Actinomyces_georgiae",1
"21451","Slackia_exigua","Actinomyces_georgiae",1
"21459","Cardiobacterium_valvarum","Actinomyces_georgiae",1
"21500","Treponema_socranskii","Actinomyces_georgiae",1
"21515","Capnocytophaga_ochracea","Actinomyces_georgiae",1
"21522","Selenomonas_sputigena","Actinomyces_georgiae",1
"21738","Rothia_aeria","Streptococcus_oligofermentans",1
"21793","Rothia_dentocariosa","Streptococcus_oligofermentans",1
"21841","Streptococcus_gordonii","Streptococcus_oligofermentans",1
"21848","Streptococcus_sanguinis","Streptococcus_oligofermentans",1
"21868","Streptococcus_oralis","Streptococcus_oligofermentans",1
"21951","Veillonella_dispar","Actinomyces_lingnae",1
"21956","Actinomyces_odontolyticus","Actinomyces_lingnae",1
"21962","Prevotella_pallens","Actinomyces_lingnae",1
"21981","Lachnoanaerobaculum_orale","Actinomyces_lingnae",1
"21983","Orientia_tsutsugamushi","Actinomyces_lingnae",1
"21990","Prevotella_salivae","Actinomyces_lingnae",1
"22045","Rothia_mucilaginosa","Actinomyces_lingnae",1
"22086","Corynebacterium_argentoratense","Actinomyces_lingnae",1
"22101","Streptococcus_parasanguinis","Actinomyces_lingnae",1
"22105","Actinomyces_graevenitzii","Actinomyces_lingnae",1
"22110","Atopobium_parvulum","Actinomyces_lingnae",1
"22132","Mobiluncus_curtisii","Actinomyces_lingnae",1
"22372","Veillonella_dispar","Lactobacillus_salivarius",1
"22450","Bifidobacterium_dentium","Lactobacillus_salivarius",1
"22480","Fusobacterium_periodonticum","Lactobacillus_salivarius",-1
"22531","Atopobium_parvulum","Lactobacillus_salivarius",1
"22725","Parascardovia_denticolens","Lactobacillus_crispatus",1
"22762","Lactobacillus_reuteri","Lactobacillus_crispatus",1
"22791","Lactobacillus_salivarius","Lactobacillus_crispatus",1
"22809","Treponema_denticola","Prevotella_maculosa",1
"22811","Porphyromonas_endodontalis","Prevotella_maculosa",1
"22815","Prevotella_denticola","Prevotella_maculosa",1
"22821","Dialister_invisus","Prevotella_maculosa",1
"22837","Actinobaculum_massiliense","Prevotella_maculosa",1
"22856","Peptococcus_niger","Prevotella_maculosa",1
"22864","Schwartzia_succinivorans","Prevotella_maculosa",1
"22867","Treponema_parvum","Prevotella_maculosa",1
"22892","Lachnoanaerobaculum_saburreum","Prevotella_maculosa",1
"22903","Streptococcus_sanguinis","Prevotella_maculosa",1
"22907","Sporanaerobacter_acetigenes","Prevotella_maculosa",1
"22910","Tannerella_forsythia","Prevotella_maculosa",1
"22917","Leptotrichia_hongkongensis","Prevotella_maculosa",1
"22933","Howardella_ureilytica","Prevotella_maculosa",1
"22942","Selenomonas_ruminantium","Prevotella_maculosa",1
"22950","Prevotella_oralis","Prevotella_maculosa",1
"22971","Pyramidobacter_piscolens","Prevotella_maculosa",1
"22980","Actinomyces_oricola","Prevotella_maculosa",1
"22984","Leptotrichia_shahii","Prevotella_maculosa",1
"22989","Prevotella_intermedia","Prevotella_maculosa",1
"22992","Selenomonas_sputigena","Prevotella_maculosa",1
"22997","Alloprevotella_tannerae","Prevotella_maculosa",1
"23052","Mannheimia_granulomatis","Haemophilus_influenzae",1
"23082","Lautropia_mirabilis","Haemophilus_influenzae",1
"23100","Bacteroides_intestinalis","Haemophilus_influenzae",1
"23132","Gemella_haemolysans","Haemophilus_influenzae",1
"23137","Streptococcus_oralis","Haemophilus_influenzae",1
"23168","Actinobacillus_porcinus","Haemophilus_influenzae",1
"23210","Haemophilus_parahaemolyticus","Haemophilus_influenzae",1
"23655","Rothia_aeria","Capnocytophaga_haemolytica",1
"23677","Prevotella_denticola","Capnocytophaga_haemolytica",1
"23730","Lautropia_mirabilis","Capnocytophaga_haemolytica",1
"23775","Neisseria_oralis","Capnocytophaga_haemolytica",1
"23779","Leptotrichia_hongkongensis","Capnocytophaga_haemolytica",1
"24098","Eubacterium_saphenum","Porphyromonas_gulae",1
"24105","Prevotella_baroniae","Porphyromonas_gulae",1
"24108","Treponema_denticola","Porphyromonas_gulae",1
"24110","Porphyromonas_endodontalis","Porphyromonas_gulae",1
"24186","Filifactor_alocis","Porphyromonas_gulae",1
"24209","Tannerella_forsythia","Porphyromonas_gulae",1
"24565","Veillonella_montpellierensis","Veillonella_parvula",1
"24614","Selenomonas_noxia","Veillonella_parvula",1
"24663","Streptococcus_oralis","Veillonella_parvula",1
"24768","Prevotella_baroniae","Actinomyces_cardiffensis",1
"24771","Treponema_denticola","Actinomyces_cardiffensis",1
"24772","Eubacterium_brachy","Actinomyces_cardiffensis",1
"24773","Porphyromonas_endodontalis","Actinomyces_cardiffensis",1
"24777","Prevotella_denticola","Actinomyces_cardiffensis",1
"24785","Prevotella_enoeca","Actinomyces_cardiffensis",1
"24801","Eubacterium_nodatum","Actinomyces_cardiffensis",1
"24811","Mycoplasma_faucium","Actinomyces_cardiffensis",1
"24826","Schwartzia_succinivorans","Actinomyces_cardiffensis",1
"24827","Actinomyces_hyovaginalis","Actinomyces_cardiffensis",1
"24840","Porphyromonas_gingivalis","Actinomyces_cardiffensis",1
"24849","Filifactor_alocis","Actinomyces_cardiffensis",1
"24860","Bacteroides_zoogleoformans","Actinomyces_cardiffensis",1
"24872","Tannerella_forsythia","Actinomyces_cardiffensis",1
"24883","Slackia_exigua","Actinomyces_cardiffensis",1
"24895","Howardella_ureilytica","Actinomyces_cardiffensis",1
"24912","Prevotella_oralis","Actinomyces_cardiffensis",1
"24951","Prevotella_intermedia","Actinomyces_cardiffensis",1
"24954","Selenomonas_sputigena","Actinomyces_cardiffensis",1
"25202","Rothia_aeria","Capnocytophaga_sputigena",1
"25214","Neisseria_sicca","Capnocytophaga_sputigena",1
"25216","Capnocytophaga_leadbetteri","Capnocytophaga_sputigena",1
"25243","Bergeyella_zoohelcum","Capnocytophaga_sputigena",1
"25260","Azospira_oryzae","Capnocytophaga_sputigena",1
"25267","Treponema_refringens","Capnocytophaga_sputigena",1
"25277","Lautropia_mirabilis","Capnocytophaga_sputigena",1
"25286","Haemophilus_parainfluenzae","Capnocytophaga_sputigena",1
"25312","Streptococcus_sanguinis","Capnocytophaga_sputigena",1
"25322","Neisseria_oralis","Capnocytophaga_sputigena",1
"25365","Atopobium_parvulum","Capnocytophaga_sputigena",-1
"25662","Actinomyces_odontolyticus","Mobiluncus_mulieris",1
"25668","Prevotella_pallens","Mobiluncus_mulieris",1
"25696","Prevotella_salivae","Mobiluncus_mulieris",1
"25803","Eubacterium_sulci","Mobiluncus_mulieris",1
"25816","Atopobium_parvulum","Mobiluncus_mulieris",1
"25852","Selenomonas_sputigena","Mobiluncus_mulieris",1
"25862","Actinomyces_lingnae","Mobiluncus_mulieris",1
"26112","Veillonella_dispar","Lactobacillus_vaginalis",1
"26130","Prevotella_denticola","Lactobacillus_vaginalis",1
"26163","Rothia_dentocariosa","Lactobacillus_vaginalis",1
"26190","Bifidobacterium_dentium","Lactobacillus_vaginalis",1
"26220","Fusobacterium_periodonticum","Lactobacillus_vaginalis",-1
"26271","Atopobium_parvulum","Lactobacillus_vaginalis",1
"26357","Prevotella_shahii","Mycoplasma_orale",1
"26449","Fusobacterium_periodonticum","Mycoplasma_orale",1
"26518","Peptostreptococcus_stomatis","Mycoplasma_orale",1
"26573","Eubacterium_saphenum","Treponema_medium",1
"26580","Prevotella_baroniae","Treponema_medium",1
"26583","Treponema_denticola","Treponema_medium",1
"26584","Eubacterium_brachy","Treponema_medium",1
"26585","Porphyromonas_endodontalis","Treponema_medium",1
"26586","Eubacterium_yurii","Treponema_medium",1
"26589","Prevotella_denticola","Treponema_medium",1
"26595","Dialister_invisus","Treponema_medium",1
"26597","Prevotella_enoeca","Treponema_medium",1
"26613","Eubacterium_nodatum","Treponema_medium",1
"26618","Olsenella_uli","Treponema_medium",1
"26623","Mycoplasma_faucium","Treponema_medium",1
"26633","Treponema_pedis","Treponema_medium",1
"26634","Campylobacter_curvus","Treponema_medium",1
"26641","Treponema_parvum","Treponema_medium",1
"26652","Porphyromonas_gingivalis","Treponema_medium",1
"26659","Treponema_bryantii","Treponema_medium",1
"26663","Odoribacter_denticanis","Treponema_medium",1
"26664","Bacteroides_heparinolyticus","Treponema_medium",1
"26669","Prevotella_paludivivens","Treponema_medium",1
"26672","Bacteroides_zoogleoformans","Treponema_medium",1
"26680","Eubacterium_minutum","Treponema_medium",1
"26684","Tannerella_forsythia","Treponema_medium",1
"26698","Desulfovibrio_fairfieldensis","Treponema_medium",1
"26702","Desulfobulbus_propionicus","Treponema_medium",1
"26737","Wolinella_succinogenes","Treponema_medium",1
"26740","Treponema_lecithinolyticum","Treponema_medium",1
"26744","Treponema_socranskii","Treponema_medium",1
"26746","Dialister_pneumosintes","Treponema_medium",1
"26751","Mycoplasma_salivarium","Treponema_medium",1
"26759","Capnocytophaga_ochracea","Treponema_medium",1
"26763","Prevotella_intermedia","Treponema_medium",1
"26764","Porphyromonas_uenonis","Treponema_medium",1
"26765","Prevotella_fusca","Treponema_medium",1
"26766","Selenomonas_sputigena","Treponema_medium",1
"26769","Bulleidia_extructa","Treponema_medium",1
"26780","Prevotella_maculosa","Treponema_medium",1
"26789","Actinomyces_cardiffensis","Treponema_medium",1
"26814","Treponema_denticola","Selenomonas_infelix",1
"26816","Porphyromonas_endodontalis","Selenomonas_infelix",1
"26820","Prevotella_denticola","Selenomonas_infelix",1
"26826","Dialister_invisus","Selenomonas_infelix",1
"26848","Anaeroglobus_geminatus","Selenomonas_infelix",1
"26865","Campylobacter_curvus","Selenomonas_infelix",1
"26872","Treponema_parvum","Selenomonas_infelix",1
"26892","Filifactor_alocis","Selenomonas_infelix",1
"26908","Streptococcus_sanguinis","Selenomonas_infelix",1
"26915","Tannerella_forsythia","Selenomonas_infelix",1
"26917","Capnocytophaga_granulosa","Selenomonas_infelix",1
"26934","Cardiobacterium_valvarum","Selenomonas_infelix",1
"26947","Selenomonas_ruminantium","Selenomonas_infelix",1
"26955","Prevotella_oralis","Selenomonas_infelix",1
"26971","Treponema_lecithinolyticum","Selenomonas_infelix",1
"26975","Treponema_socranskii","Selenomonas_infelix",1
"26978","Selenomonas_flueggei","Selenomonas_infelix",1
"26990","Capnocytophaga_ochracea","Selenomonas_infelix",1
"26994","Prevotella_intermedia","Selenomonas_infelix",1
"26997","Selenomonas_sputigena","Selenomonas_infelix",1
"27011","Prevotella_maculosa","Selenomonas_infelix",1
"27019","Veillonella_parvula","Selenomonas_infelix",1
"27020","Actinomyces_cardiffensis","Selenomonas_infelix",1
"27028","Treponema_medium","Selenomonas_infelix",1
"27260","Treponema_medium","Prevotella_corporis",1
"27270","Leptotrichia_buccalis","Leptotrichia_goodfellowii",1
"27272","Actinomyces_odontolyticus","Leptotrichia_goodfellowii",1
"27306","Prevotella_salivae","Leptotrichia_goodfellowii",1
"27387","Leptotrichia_hongkongensis","Leptotrichia_goodfellowii",1
"27412","Selenomonas_ruminantium","Leptotrichia_goodfellowii",1
"27519","Prevotella_denticola","Selenomonas_bovis",1
"27525","Dialister_invisus","Selenomonas_bovis",1
"27540","Prevotella_salivae","Selenomonas_bovis",1
"27550","Prevotella_veroralis","Selenomonas_bovis",1
"27614","Tannerella_forsythia","Selenomonas_bovis",1
"27660","Atopobium_parvulum","Selenomonas_bovis",1
"27677","Selenomonas_flueggei","Selenomonas_bovis",1
"28209","Veillonella_dispar","Lactobacillus_fermentum",1
"28260","Rothia_dentocariosa","Lactobacillus_fermentum",1
"28287","Bifidobacterium_dentium","Lactobacillus_fermentum",1
"28317","Fusobacterium_periodonticum","Lactobacillus_fermentum",-1
"28374","Prevotella_nanceiensis","Lactobacillus_fermentum",-1
"28417","Lactobacillus_crispatus","Lactobacillus_fermentum",1
"28457","Capnocytophaga_leadbetteri","Neisseria_elongata",1
"28518","Lautropia_mirabilis","Neisseria_elongata",1
"28566","Soonwooa_buanensis","Neisseria_elongata",1
"28579","Cardiobacterium_valvarum","Neisseria_elongata",1
"28606","Atopobium_parvulum","Neisseria_elongata",-1
"28674","Selenomonas_infelix","Neisseria_elongata",1
"28684","Butyrivibrio_hungatei","Oribacterium_sinus",1
"28691","Actinomyces_odontolyticus","Oribacterium_sinus",1
"28697","Prevotella_pallens","Oribacterium_sinus",1
"28701","Eubacterium_yurii","Oribacterium_sinus",1
"28718","Orientia_tsutsugamushi","Oribacterium_sinus",1
"28790","Campylobacter_mucosalis","Oribacterium_sinus",1
"28794","Fusobacterium_periodonticum","Oribacterium_sinus",1
"28832","Eubacterium_sulci","Oribacterium_sinus",1
"28836","Streptococcus_parasanguinis","Oribacterium_sinus",1
"28840","Actinomyces_graevenitzii","Oribacterium_sinus",1
"28845","Atopobium_parvulum","Oribacterium_sinus",1
"28865","Butyrivibrio_fibrisolvens","Oribacterium_sinus",1
"28867","Mobiluncus_curtisii","Oribacterium_sinus",1
"28876","Gemella_sanguinis","Oribacterium_sinus",1
"28891","Actinomyces_lingnae","Oribacterium_sinus",1
"28908","Mobiluncus_mulieris","Oribacterium_sinus",1
"28915","Leptotrichia_goodfellowii","Oribacterium_sinus",1
"28931","Actinomyces_odontolyticus","Solobacterium_moorei",1
"28937","Prevotella_pallens","Solobacterium_moorei",1
"28958","Orientia_tsutsugamushi","Solobacterium_moorei",1
"28965","Prevotella_salivae","Solobacterium_moorei",1
"29034","Fusobacterium_periodonticum","Solobacterium_moorei",1
"29072","Eubacterium_sulci","Solobacterium_moorei",1
"29080","Actinomyces_graevenitzii","Solobacterium_moorei",1
"29085","Atopobium_parvulum","Solobacterium_moorei",1
"29131","Actinomyces_lingnae","Solobacterium_moorei",1
"29148","Mobiluncus_mulieris","Solobacterium_moorei",1
"29161","Oribacterium_sinus","Solobacterium_moorei",1
"29169","Eubacterium_saphenum","Eggerthia_catenaformis",1
"29176","Prevotella_baroniae","Eggerthia_catenaformis",1
"29179","Treponema_denticola","Eggerthia_catenaformis",1
"29181","Porphyromonas_endodontalis","Eggerthia_catenaformis",1
"29185","Prevotella_denticola","Eggerthia_catenaformis",1
"29191","Dialister_invisus","Eggerthia_catenaformis",1
"29209","Eubacterium_nodatum","Eggerthia_catenaformis",1
"29213","Anaeroglobus_geminatus","Eggerthia_catenaformis",1
"29214","Olsenella_uli","Eggerthia_catenaformis",1
"29236","Prevotella_marshii","Eggerthia_catenaformis",1
"29245","Bifidobacterium_dentium","Eggerthia_catenaformis",1
"29257","Filifactor_alocis","Eggerthia_catenaformis",1
"29280","Tannerella_forsythia","Eggerthia_catenaformis",1
"29298","Desulfobulbus_propionicus","Eggerthia_catenaformis",1
"29335","Shuttleworthia_satelles","Eggerthia_catenaformis",1
"29336","Treponema_lecithinolyticum","Eggerthia_catenaformis",1
"29340","Treponema_socranskii","Eggerthia_catenaformis",1
"29341","Pyramidobacter_piscolens","Eggerthia_catenaformis",1
"29342","Dialister_pneumosintes","Eggerthia_catenaformis",1
"29347","Mycoplasma_salivarium","Eggerthia_catenaformis",1
"29355","Capnocytophaga_ochracea","Eggerthia_catenaformis",1
"29359","Prevotella_intermedia","Eggerthia_catenaformis",1
"29362","Selenomonas_sputigena","Eggerthia_catenaformis",1
"29365","Bulleidia_extructa","Eggerthia_catenaformis",1
"29385","Actinomyces_cardiffensis","Eggerthia_catenaformis",1
"29393","Treponema_medium","Eggerthia_catenaformis",1
"29433","Dialister_invisus","Clostridium_ultunense",1
"29479","Treponema_parvum","Clostridium_ultunense",1
"29490","Porphyromonas_gingivalis","Clostridium_ultunense",1
"29522","Tannerella_forsythia","Clostridium_ultunense",1
"29582","Treponema_socranskii","Clostridium_ultunense",1
"29693","Mannheimia_granulomatis","Granulicatella_elegans",1
"29718","Streptococcus_pneumoniae","Granulicatella_elegans",1
"29723","Lautropia_mirabilis","Granulicatella_elegans",1
"29741","Bacteroides_intestinalis","Granulicatella_elegans",1
"29778","Streptococcus_oralis","Granulicatella_elegans",1
"29795","Streptobacillus_moniliformis","Granulicatella_elegans",1
"29834","Simonsiella_muelleri","Granulicatella_elegans",1
"29856","Streptococcus_oligofermentans","Granulicatella_elegans",1
"29862","Haemophilus_influenzae","Granulicatella_elegans",1
"30139","Butyrivibrio_hungatei","Campylobacter_concisus",1
"30141","Veillonella_dispar","Campylobacter_concisus",1
"30146","Actinomyces_odontolyticus","Campylobacter_concisus",1
"30152","Prevotella_pallens","Campylobacter_concisus",1
"30171","Lachnoanaerobaculum_orale","Campylobacter_concisus",1
"30173","Orientia_tsutsugamushi","Campylobacter_concisus",1
"30180","Prevotella_salivae","Campylobacter_concisus",1
"30190","Prevotella_veroralis","Campylobacter_concisus",1
"30204","Campylobacter_curvus","Campylobacter_concisus",1
"30218","Selenomonas_noxia","Campylobacter_concisus",1
"30236","Lachnoanaerobaculum_saburreum","Campylobacter_concisus",1
"30245","Campylobacter_mucosalis","Campylobacter_concisus",1
"30291","Streptococcus_parasanguinis","Campylobacter_concisus",1
"30295","Actinomyces_graevenitzii","Campylobacter_concisus",1
"30300","Atopobium_parvulum","Campylobacter_concisus",1
"30320","Butyrivibrio_fibrisolvens","Campylobacter_concisus",1
"30336","Selenomonas_sputigena","Campylobacter_concisus",1
"30346","Actinomyces_lingnae","Campylobacter_concisus",1
"30370","Leptotrichia_goodfellowii","Campylobacter_concisus",1
"30376","Oribacterium_sinus","Campylobacter_concisus",1
"30377","Solobacterium_moorei","Campylobacter_concisus",1
"30392","Actinomyces_odontolyticus","Prevotella_melaninogenica",1
"30398","Prevotella_pallens","Prevotella_melaninogenica",1
"30408","Prevotella_scopos","Prevotella_melaninogenica",1
"30417","Lachnoanaerobaculum_orale","Prevotella_melaninogenica",1
"30422","Mogibacterium_diversum","Prevotella_melaninogenica",1
"30426","Prevotella_salivae","Prevotella_melaninogenica",1
"30436","Prevotella_veroralis","Prevotella_melaninogenica",1
"30533","Eubacterium_sulci","Prevotella_melaninogenica",1
"30541","Actinomyces_graevenitzii","Prevotella_melaninogenica",1
"30542","Alloprevotella_rava","Prevotella_melaninogenica",1
"30546","Atopobium_parvulum","Prevotella_melaninogenica",1
"30592","Actinomyces_lingnae","Prevotella_melaninogenica",1
"30623","Solobacterium_moorei","Prevotella_melaninogenica",1
"30628","Campylobacter_concisus","Prevotella_melaninogenica",1
"30632","Butyrivibrio_hungatei","Megasphaera_micronuciformis",1
"30634","Veillonella_dispar","Megasphaera_micronuciformis",1
"30639","Actinomyces_odontolyticus","Megasphaera_micronuciformis",1
"30645","Prevotella_pallens","Megasphaera_micronuciformis",1
"30664","Lachnoanaerobaculum_orale","Megasphaera_micronuciformis",1
"30673","Prevotella_salivae","Megasphaera_micronuciformis",1
"30683","Prevotella_veroralis","Megasphaera_micronuciformis",1
"30729","Lachnoanaerobaculum_saburreum","Megasphaera_micronuciformis",1
"30779","Selenomonas_ruminantium","Megasphaera_micronuciformis",1
"30784","Streptococcus_parasanguinis","Megasphaera_micronuciformis",1
"30788","Actinomyces_graevenitzii","Megasphaera_micronuciformis",1
"30793","Atopobium_parvulum","Megasphaera_micronuciformis",1
"30810","Selenomonas_flueggei","Megasphaera_micronuciformis",1
"30839","Actinomyces_lingnae","Megasphaera_micronuciformis",1
"30846","Atopobium_minutum","Megasphaera_micronuciformis",1
"30864","Selenomonas_bovis","Megasphaera_micronuciformis",1
"30869","Oribacterium_sinus","Megasphaera_micronuciformis",1
"30874","Neisseria_subflava","Megasphaera_micronuciformis",-1
"30875","Campylobacter_concisus","Megasphaera_micronuciformis",1
"30876","Prevotella_melaninogenica","Megasphaera_micronuciformis",1
"30882","Veillonella_dispar","Cryptobacterium_curtum",1
"30900","Prevotella_denticola","Cryptobacterium_curtum",1
"30906","Dialister_invisus","Cryptobacterium_curtum",1
"30921","Prevotella_salivae","Cryptobacterium_curtum",1
"30933","Rothia_dentocariosa","Cryptobacterium_curtum",1
"30964","Streptococcus_sobrinus","Cryptobacterium_curtum",1
"31002","Leptotrichia_hongkongensis","Cryptobacterium_curtum",1
"31006","Slackia_exigua","Cryptobacterium_curtum",1
"31010","Prevotella_multisaccharivorax","Cryptobacterium_curtum",1
"31027","Selenomonas_ruminantium","Cryptobacterium_curtum",1
"31041","Atopobium_parvulum","Cryptobacterium_curtum",1
"31050","Shuttleworthia_satelles","Cryptobacterium_curtum",1
"31077","Selenomonas_sputigena","Cryptobacterium_curtum",1
"31125","Megasphaera_micronuciformis","Cryptobacterium_curtum",1
"31880","Rothia_aeria","Abiotrophia_defectiva",1
"31894","Capnocytophaga_leadbetteri","Abiotrophia_defectiva",1
"31950","Streptococcus_pneumoniae","Abiotrophia_defectiva",1
"31955","Lautropia_mirabilis","Abiotrophia_defectiva",1
"31960","Neisseria_shayeganii","Abiotrophia_defectiva",1
"31990","Streptococcus_sanguinis","Abiotrophia_defectiva",1
"32004","Leptotrichia_hongkongensis","Abiotrophia_defectiva",1
"32072","Capnocytophaga_ochracea","Abiotrophia_defectiva",1
"32123","Granulicatella_elegans","Abiotrophia_defectiva",1
"32140","Leptotrichia_buccalis","Gemella_morbillorum",1
"32161","Dialister_invisus","Gemella_morbillorum",1
"32203","Streptococcus_pneumoniae","Gemella_morbillorum",1
"32208","Lautropia_mirabilis","Gemella_morbillorum",1
"32243","Streptococcus_sanguinis","Gemella_morbillorum",1
"32258","Gemella_haemolysans","Gemella_morbillorum",1
"32325","Capnocytophaga_ochracea","Gemella_morbillorum",1
"32385","Abiotrophia_defectiva","Gemella_morbillorum",1
"32642","Rothia_aeria","Haemophilus_sputorum",1
"32726","Haemophilus_parainfluenzae","Haemophilus_sputorum",1
"32752","Streptococcus_sanguinis","Haemophilus_sputorum",1
"32754","Fusobacterium_periodonticum","Haemophilus_sputorum",1
"32762","Neisseria_oralis","Haemophilus_sputorum",1
"32811","Prevotella_nanceiensis","Haemophilus_sputorum",1
"32836","Gemella_sanguinis","Haemophilus_sputorum",1
"32845","Haemophilus_parahaemolyticus","Haemophilus_sputorum",1
"32856","Haemophilus_influenzae","Haemophilus_sputorum",1
"32880","Neisseria_elongata","Haemophilus_sputorum",1
"32898","Rothia_aeria","Veillonella_atypica",-1
"32902","Veillonella_dispar","Veillonella_atypica",1
"32907","Actinomyces_odontolyticus","Veillonella_atypica",1
"32912","Capnocytophaga_leadbetteri","Veillonella_atypica",-1
"32917","Eubacterium_yurii","Veillonella_atypica",-1
"32918","Prevotella_shahii","Veillonella_atypica",-1
"32941","Prevotella_salivae","Veillonella_atypica",1
"32951","Prevotella_veroralis","Veillonella_atypica",1
"32973","Lautropia_mirabilis","Veillonella_atypica",-1
"32982","Haemophilus_parainfluenzae","Veillonella_atypica",-1
"33052","Streptococcus_parasanguinis","Veillonella_atypica",1
"33056","Actinomyces_graevenitzii","Veillonella_atypica",1
"33061","Atopobium_parvulum","Veillonella_atypica",1
"33107","Actinomyces_lingnae","Veillonella_atypica",1
"33119","Veillonella_parvula","Veillonella_atypica",1
"33126","Lactobacillus_vaginalis","Veillonella_atypica",1
"33131","Leptotrichia_goodfellowii","Veillonella_atypica",1
"33136","Neisseria_elongata","Veillonella_atypica",-1
"33144","Prevotella_melaninogenica","Veillonella_atypica",1
"33145","Megasphaera_micronuciformis","Veillonella_atypica",1
"33419","Eubacterium_saphenum","Actinomyces_timonensis",1
"33441","Dialister_invisus","Actinomyces_timonensis",1
"33464","Olsenella_uli","Actinomyces_timonensis",1
"33488","Lautropia_mirabilis","Actinomyces_timonensis",1
"33523","Streptococcus_sanguinis","Actinomyces_timonensis",1
"33605","Capnocytophaga_ochracea","Actinomyces_timonensis",1
"33612","Selenomonas_sputigena","Actinomyces_timonensis",1
"33637","Capnocytophaga_sputigena","Actinomyces_timonensis",1
"33676","Veillonella_dispar","Campylobacter_gracilis",1
"33688","Treponema_denticola","Campylobacter_gracilis",1
"33690","Porphyromonas_endodontalis","Campylobacter_gracilis",1
"33716","Actinobaculum_massiliense","Campylobacter_gracilis",1
"33723","Olsenella_uli","Campylobacter_gracilis",1
"33739","Campylobacter_curvus","Campylobacter_gracilis",1
"33743","Schwartzia_succinivorans","Campylobacter_gracilis",1
"33745","Prevotella_marshii","Campylobacter_gracilis",1
"33782","Streptococcus_sanguinis","Campylobacter_gracilis",1
"33796","Leptotrichia_hongkongensis","Campylobacter_gracilis",1
"33812","Howardella_ureilytica","Campylobacter_gracilis",1
"33824","Desulfobulbus_rhabdoformis","Campylobacter_gracilis",1
"33850","Pyramidobacter_piscolens","Campylobacter_gracilis",1
"33864","Capnocytophaga_ochracea","Campylobacter_gracilis",1
"33871","Selenomonas_sputigena","Campylobacter_gracilis",1
"33876","Alloprevotella_tannerae","Campylobacter_gracilis",1
"33883","Lactobacillus_salivarius","Campylobacter_gracilis",1
"33900","Lactobacillus_vaginalis","Campylobacter_gracilis",1
"33902","Treponema_medium","Campylobacter_gracilis",1
"33906","Selenomonas_bovis","Campylobacter_gracilis",1
"33917","Campylobacter_concisus","Campylobacter_gracilis",1
"33941","Actinomyces_odontolyticus","Streptococcus_australis",1
"34030","Rothia_mucilaginosa","Streptococcus_australis",1
"34199","Eubacterium_saphenum","Phocaeicola_abscessus",1
"34206","Prevotella_baroniae","Phocaeicola_abscessus",1
"34209","Treponema_denticola","Phocaeicola_abscessus",1
"34211","Porphyromonas_endodontalis","Phocaeicola_abscessus",1
"34221","Dialister_invisus","Phocaeicola_abscessus",1
"34223","Prevotella_enoeca","Phocaeicola_abscessus",1
"34239","Eubacterium_nodatum","Phocaeicola_abscessus",1
"34243","Anaeroglobus_geminatus","Phocaeicola_abscessus",1
"34249","Mycoplasma_faucium","Phocaeicola_abscessus",1
"34266","Prevotella_marshii","Phocaeicola_abscessus",1
"34278","Porphyromonas_gingivalis","Phocaeicola_abscessus",1
"34287","Filifactor_alocis","Phocaeicola_abscessus",1
"34290","Bacteroides_heparinolyticus","Phocaeicola_abscessus",1
"34297","Leptotrichia_hofstadii","Phocaeicola_abscessus",1
"34310","Tannerella_forsythia","Phocaeicola_abscessus",1
"34321","Slackia_exigua","Phocaeicola_abscessus",1
"34350","Prevotella_oralis","Phocaeicola_abscessus",1
"34361","Treponema_amylovorum","Phocaeicola_abscessus",1
"34365","Shuttleworthia_satelles","Phocaeicola_abscessus",1
"34370","Treponema_socranskii","Phocaeicola_abscessus",1
"34372","Dialister_pneumosintes","Phocaeicola_abscessus",1
"34385","Capnocytophaga_ochracea","Phocaeicola_abscessus",1
"34389","Prevotella_intermedia","Phocaeicola_abscessus",1
"34392","Selenomonas_sputigena","Phocaeicola_abscessus",1
"34397","Alloprevotella_tannerae","Phocaeicola_abscessus",1
"34406","Prevotella_maculosa","Phocaeicola_abscessus",1
"34423","Treponema_medium","Phocaeicola_abscessus",1
"34452","Campylobacter_gracilis","Phocaeicola_abscessus",1
"34736","Porphyromonas_endodontalis","Campylobacter_rectus",1
"34764","Eubacterium_nodatum","Campylobacter_rectus",1
"34781","Peptococcus_niger","Campylobacter_rectus",1
"34793","Lautropia_mirabilis","Campylobacter_rectus",1
"34803","Porphyromonas_gingivalis","Campylobacter_rectus",1
"34828","Streptococcus_sanguinis","Campylobacter_rectus",1
"34835","Tannerella_forsythia","Campylobacter_rectus",1
"34886","Treponema_amylovorum","Campylobacter_rectus",1
"34914","Prevotella_intermedia","Campylobacter_rectus",1
"34959","Eggerthia_catenaformis","Campylobacter_rectus",1
"34964","Prevotella_melaninogenica","Campylobacter_rectus",-1
"34977","Campylobacter_gracilis","Campylobacter_rectus",1
"35264","Eubacterium_brachy","Streptococcus_constellatus",1
"35265","Porphyromonas_endodontalis","Streptococcus_constellatus",1
"35269","Prevotella_denticola","Streptococcus_constellatus",1
"35357","Streptococcus_sanguinis","Streptococcus_constellatus",1
"35419","Shuttleworthia_satelles","Streptococcus_constellatus",1
"35424","Treponema_socranskii","Streptococcus_constellatus",1
"35426","Dialister_pneumosintes","Streptococcus_constellatus",1
"35431","Mycoplasma_salivarium","Streptococcus_constellatus",1
"35446","Selenomonas_sputigena","Streptococcus_constellatus",1
"35449","Bulleidia_extructa","Streptococcus_constellatus",1
"35529","Treponema_denticola","Prevotella_nigrescens",1
"35530","Eubacterium_brachy","Prevotella_nigrescens",1
"35531","Porphyromonas_endodontalis","Prevotella_nigrescens",1
"35539","Actinomyces_oris","Prevotella_nigrescens",1
"35541","Dialister_invisus","Prevotella_nigrescens",1
"35543","Prevotella_enoeca","Prevotella_nigrescens",1
"35559","Eubacterium_nodatum","Prevotella_nigrescens",1
"35563","Anaeroglobus_geminatus","Prevotella_nigrescens",1
"35564","Olsenella_uli","Prevotella_nigrescens",1
"35566","Prevotella_veroralis","Prevotella_nigrescens",1
"35573","Prevotella_dentalis","Prevotella_nigrescens",1
"35584","Schwartzia_succinivorans","Prevotella_nigrescens",1
"35586","Prevotella_marshii","Prevotella_nigrescens",1
"35587","Treponema_parvum","Prevotella_nigrescens",1
"35594","Selenomonas_noxia","Prevotella_nigrescens",1
"35595","Bifidobacterium_dentium","Prevotella_nigrescens",1
"35605","Treponema_bryantii","Prevotella_nigrescens",1
"35607","Filifactor_alocis","Prevotella_nigrescens",1
"35612","Lachnoanaerobaculum_saburreum","Prevotella_nigrescens",1
"35618","Bacteroides_zoogleoformans","Prevotella_nigrescens",1
"35622","Peptoniphilus_lacrimalis","Prevotella_nigrescens",1
"35626","Eubacterium_minutum","Prevotella_nigrescens",1
"35630","Tannerella_forsythia","Prevotella_nigrescens",1
"35653","Howardella_ureilytica","Prevotella_nigrescens",1
"35658","Parascardovia_denticolens","Prevotella_nigrescens",1
"35670","Prevotella_oralis","Prevotella_nigrescens",1
"35681","Treponema_amylovorum","Prevotella_nigrescens",1
"35685","Shuttleworthia_satelles","Prevotella_nigrescens",1
"35686","Treponema_lecithinolyticum","Prevotella_nigrescens",1
"35690","Treponema_socranskii","Prevotella_nigrescens",1
"35692","Dialister_pneumosintes","Prevotella_nigrescens",1
"35697","Mycoplasma_salivarium","Prevotella_nigrescens",1
"35705","Capnocytophaga_ochracea","Prevotella_nigrescens",1
"35711","Prevotella_fusca","Prevotella_nigrescens",1
"35712","Selenomonas_sputigena","Prevotella_nigrescens",1
"35715","Bulleidia_extructa","Prevotella_nigrescens",1
"35717","Alloprevotella_tannerae","Prevotella_nigrescens",1
"35726","Prevotella_maculosa","Prevotella_nigrescens",1
"35735","Actinomyces_cardiffensis","Prevotella_nigrescens",1
"35744","Selenomonas_infelix","Prevotella_nigrescens",1
"35761","Cryptobacterium_curtum","Prevotella_nigrescens",1
"35772","Campylobacter_gracilis","Prevotella_nigrescens",1
"35774","Phocaeicola_abscessus","Prevotella_nigrescens",1
"35780","Rothia_aeria","Corynebacterium_matruchotii",1
"35787","Leptotrichia_buccalis","Corynebacterium_matruchotii",1
"35808","Dialister_invisus","Corynebacterium_matruchotii",1
"35821","Bergeyella_zoohelcum","Corynebacterium_matruchotii",1
"35824","Actinobaculum_massiliense","Corynebacterium_matruchotii",1
"35835","Rothia_dentocariosa","Corynebacterium_matruchotii",1
"35847","Campylobacter_curvus","Corynebacterium_matruchotii",1
"35850","Streptococcus_pneumoniae","Corynebacterium_matruchotii",1
"35851","Schwartzia_succinivorans","Corynebacterium_matruchotii",1
"35855","Lautropia_mirabilis","Corynebacterium_matruchotii",1
"35858","Actinomyces_gerencseriae","Corynebacterium_matruchotii",1
"35861","Selenomonas_noxia","Corynebacterium_matruchotii",1
"35879","Lachnoanaerobaculum_saburreum","Corynebacterium_matruchotii",1
"35881","Brachymonas_denitrificans","Corynebacterium_matruchotii",1
"35883","Streptococcus_gordonii","Corynebacterium_matruchotii",1
"35884","Leptotrichia_hofstadii","Corynebacterium_matruchotii",1
"35890","Streptococcus_sanguinis","Corynebacterium_matruchotii",1
"35897","Tannerella_forsythia","Corynebacterium_matruchotii",1
"35899","Capnocytophaga_granulosa","Corynebacterium_matruchotii",1
"35904","Leptotrichia_hongkongensis","Corynebacterium_matruchotii",1
"35909","Actinomyces_viscosus","Corynebacterium_matruchotii",1
"35912","Prevotella_multisaccharivorax","Corynebacterium_matruchotii",1
"35916","Cardiobacterium_valvarum","Corynebacterium_matruchotii",1
"35925","Parascardovia_denticolens","Corynebacterium_matruchotii",1
"35932","Desulfobulbus_rhabdoformis","Corynebacterium_matruchotii",1
"35952","Shuttleworthia_satelles","Corynebacterium_matruchotii",1
"35953","Treponema_lecithinolyticum","Corynebacterium_matruchotii",1
"35957","Treponema_socranskii","Corynebacterium_matruchotii",1
"35958","Pyramidobacter_piscolens","Corynebacterium_matruchotii",1
"35964","Mycoplasma_salivarium","Corynebacterium_matruchotii",1
"35971","Leptotrichia_shahii","Corynebacterium_matruchotii",1
"35972","Capnocytophaga_ochracea","Corynebacterium_matruchotii",1
"35986","Actinomyces_georgiae","Corynebacterium_matruchotii",1
"35993","Prevotella_maculosa","Corynebacterium_matruchotii",1
"36011","Selenomonas_infelix","Corynebacterium_matruchotii",1
"36028","Cryptobacterium_curtum","Corynebacterium_matruchotii",1
"36039","Campylobacter_gracilis","Corynebacterium_matruchotii",1
"36046","Prevotella_nigrescens","Corynebacterium_matruchotii",1
"36062","Capnocytophaga_leadbetteri","Eikenella_corrodens",1
"36089","Bergeyella_zoohelcum","Eikenella_corrodens",1
"36123","Lautropia_mirabilis","Eikenella_corrodens",1
"36165","Tannerella_forsythia","Eikenella_corrodens",1
"36171","Soonwooa_buanensis","Eikenella_corrodens",1
"36183","Desulfobulbus_propionicus","Eikenella_corrodens",1
"36211","Atopobium_parvulum","Eikenella_corrodens",-1
"36218","Wolinella_succinogenes","Eikenella_corrodens",1
"36222","Neisseria_macacae","Eikenella_corrodens",1
"36225","Treponema_socranskii","Eikenella_corrodens",1
"36240","Capnocytophaga_ochracea","Eikenella_corrodens",1
"36272","Capnocytophaga_sputigena","Eikenella_corrodens",1
"36279","Selenomonas_infelix","Eikenella_corrodens",1
"36286","Neisseria_elongata","Eikenella_corrodens",1
"36304","Veillonella_atypica","Eikenella_corrodens",-1
"36330","Prevotella_baroniae","Parvimonas_micra",1
"36335","Porphyromonas_endodontalis","Parvimonas_micra",1
"36336","Eubacterium_yurii","Parvimonas_micra",1
"36337","Prevotella_shahii","Parvimonas_micra",1
"36339","Prevotella_denticola","Parvimonas_micra",1
"36345","Dialister_invisus","Parvimonas_micra",1
"36367","Anaeroglobus_geminatus","Parvimonas_micra",1
"36368","Olsenella_uli","Parvimonas_micra",1
"36373","Mycoplasma_faucium","Parvimonas_micra",1
"36377","Prevotella_dentalis","Parvimonas_micra",1
"36380","Peptococcus_niger","Parvimonas_micra",1
"36382","Treponema_refringens","Parvimonas_micra",1
"36388","Schwartzia_succinivorans","Parvimonas_micra",1
"36402","Porphyromonas_gingivalis","Parvimonas_micra",1
"36422","Bacteroides_zoogleoformans","Parvimonas_micra",1
"36429","Fusobacterium_periodonticum","Parvimonas_micra",1
"36430","Eubacterium_minutum","Parvimonas_micra",1
"36431","Sporanaerobacter_acetigenes","Parvimonas_micra",1
"36434","Tannerella_forsythia","Parvimonas_micra",1
"36445","Slackia_exigua","Parvimonas_micra",1
"36469","Desulfobulbus_rhabdoformis","Parvimonas_micra",1
"36485","Treponema_amylovorum","Parvimonas_micra",1
"36498","Peptostreptococcus_stomatis","Parvimonas_micra",1
"36501","Mycoplasma_salivarium","Parvimonas_micra",1
"36507","Leptotrichia_amnionii","Parvimonas_micra",1
"36511","Gemella_sanguinis","Parvimonas_micra",1
"36519","Bulleidia_extructa","Parvimonas_micra",1
"36521","Alloprevotella_tannerae","Parvimonas_micra",1
"36535","Clostridium_aminobutyricum","Parvimonas_micra",1
"36539","Actinomyces_cardiffensis","Parvimonas_micra",1
"36546","Mycoplasma_orale","Parvimonas_micra",1
"36548","Selenomonas_infelix","Parvimonas_micra",1
"36558","Eggerthia_catenaformis","Parvimonas_micra",1
"36570","Gemella_morbillorum","Parvimonas_micra",1
"36575","Actinomyces_timonensis","Parvimonas_micra",1
"36576","Campylobacter_gracilis","Parvimonas_micra",1
"36578","Phocaeicola_abscessus","Parvimonas_micra",1
"36582","Streptococcus_constellatus","Parvimonas_micra",1
"36583","Prevotella_nigrescens","Parvimonas_micra",1
"36862","Veillonella_dispar","Scardovia_wiggsiae",1
"36880","Prevotella_denticola","Scardovia_wiggsiae",1
"36886","Dialister_invisus","Scardovia_wiggsiae",1
"36909","Olsenella_uli","Scardovia_wiggsiae",1
"36910","Lactobacillus_johnsonii","Scardovia_wiggsiae",1
"36913","Rothia_dentocariosa","Scardovia_wiggsiae",1
"36940","Bifidobacterium_dentium","Scardovia_wiggsiae",1
"36944","Streptococcus_sobrinus","Scardovia_wiggsiae",1
"36982","Leptotrichia_hongkongensis","Scardovia_wiggsiae",1
"37003","Parascardovia_denticolens","Scardovia_wiggsiae",1
"37040","Lactobacillus_reuteri","Scardovia_wiggsiae",1
"37069","Lactobacillus_salivarius","Scardovia_wiggsiae",1
"37070","Lactobacillus_crispatus","Scardovia_wiggsiae",1
"37095","Lactobacillus_fermentum","Scardovia_wiggsiae",1
"37106","Cryptobacterium_curtum","Scardovia_wiggsiae",1
"37117","Campylobacter_gracilis","Scardovia_wiggsiae",1
"37124","Prevotella_nigrescens","Scardovia_wiggsiae",1
"37130","Rothia_aeria","Fusobacterium_nucleatum",1
"37131","Aggregatibacter_actinomycetemcomitans","Fusobacterium_nucleatum",1
"37136","Eubacterium_saphenum","Fusobacterium_nucleatum",1
"37137","Leptotrichia_buccalis","Fusobacterium_nucleatum",1
"37143","Prevotella_baroniae","Fusobacterium_nucleatum",1
"37146","Treponema_denticola","Fusobacterium_nucleatum",1
"37147","Eubacterium_brachy","Fusobacterium_nucleatum",1
"37148","Porphyromonas_endodontalis","Fusobacterium_nucleatum",1
"37149","Eubacterium_yurii","Fusobacterium_nucleatum",1
"37152","Prevotella_denticola","Fusobacterium_nucleatum",1
"37156","Actinomyces_oris","Fusobacterium_nucleatum",1
"37158","Dialister_invisus","Fusobacterium_nucleatum",1
"37160","Prevotella_enoeca","Fusobacterium_nucleatum",1
"37170","Actinomyces_meyeri","Fusobacterium_nucleatum",1
"37171","Bergeyella_zoohelcum","Fusobacterium_nucleatum",1
"37176","Eubacterium_nodatum","Fusobacterium_nucleatum",1
"37180","Anaeroglobus_geminatus","Fusobacterium_nucleatum",1
"37181","Olsenella_uli","Fusobacterium_nucleatum",1
"37186","Mycoplasma_faucium","Fusobacterium_nucleatum",1
"37187","Mycoplasma_hyosynoviae","Fusobacterium_nucleatum",1
"37190","Prevotella_dentalis","Fusobacterium_nucleatum",1
"37193","Peptococcus_niger","Fusobacterium_nucleatum",1
"37196","Treponema_pedis","Fusobacterium_nucleatum",1
"37197","Campylobacter_curvus","Fusobacterium_nucleatum",1
"37201","Schwartzia_succinivorans","Fusobacterium_nucleatum",1
"37203","Prevotella_marshii","Fusobacterium_nucleatum",1
"37204","Treponema_parvum","Fusobacterium_nucleatum",1
"37205","Lautropia_mirabilis","Fusobacterium_nucleatum",1
"37208","Actinomyces_gerencseriae","Fusobacterium_nucleatum",1
"37211","Selenomonas_noxia","Fusobacterium_nucleatum",1
"37212","Bifidobacterium_dentium","Fusobacterium_nucleatum",1
"37215","Porphyromonas_gingivalis","Fusobacterium_nucleatum",1
"37222","Treponema_bryantii","Fusobacterium_nucleatum",1
"37224","Filifactor_alocis","Fusobacterium_nucleatum",1
"37226","Odoribacter_denticanis","Fusobacterium_nucleatum",1
"37227","Bacteroides_heparinolyticus","Fusobacterium_nucleatum",1
"37231","Brachymonas_denitrificans","Fusobacterium_nucleatum",1
"37232","Prevotella_paludivivens","Fusobacterium_nucleatum",1
"37235","Bacteroides_zoogleoformans","Fusobacterium_nucleatum",1
"37236","Natranaerovirga_hydrolytica","Fusobacterium_nucleatum",1
"37240","Streptococcus_sanguinis","Fusobacterium_nucleatum",1
"37243","Eubacterium_minutum","Fusobacterium_nucleatum",1
"37247","Tannerella_forsythia","Fusobacterium_nucleatum",1
"37249","Capnocytophaga_granulosa","Fusobacterium_nucleatum",1
"37250","Neisseria_oralis","Fusobacterium_nucleatum",1
"37254","Leptotrichia_hongkongensis","Fusobacterium_nucleatum",1
"37258","Slackia_exigua","Fusobacterium_nucleatum",1
"37259","Actinomyces_viscosus","Fusobacterium_nucleatum",1
"37261","Desulfovibrio_fairfieldensis","Fusobacterium_nucleatum",1
"37262","Prevotella_multisaccharivorax","Fusobacterium_nucleatum",1
"37265","Desulfobulbus_propionicus","Fusobacterium_nucleatum",1
"37266","Cardiobacterium_valvarum","Fusobacterium_nucleatum",1
"37268","Prevotella_pleuritidis","Fusobacterium_nucleatum",1
"37270","Howardella_ureilytica","Fusobacterium_nucleatum",1
"37282","Desulfobulbus_rhabdoformis","Fusobacterium_nucleatum",1
"37287","Prevotella_oralis","Fusobacterium_nucleatum",1
"37298","Treponema_amylovorum","Fusobacterium_nucleatum",1
"37300","Wolinella_succinogenes","Fusobacterium_nucleatum",1
"37302","Shuttleworthia_satelles","Fusobacterium_nucleatum",1
"37303","Treponema_lecithinolyticum","Fusobacterium_nucleatum",1
"37306","Streptococcus_intermedius","Fusobacterium_nucleatum",1
"37307","Treponema_socranskii","Fusobacterium_nucleatum",1
"37308","Pyramidobacter_piscolens","Fusobacterium_nucleatum",1
"37309","Dialister_pneumosintes","Fusobacterium_nucleatum",1
"37310","Selenomonas_flueggei","Fusobacterium_nucleatum",1
"37314","Mycoplasma_salivarium","Fusobacterium_nucleatum",1
"37326","Prevotella_intermedia","Fusobacterium_nucleatum",1
"37328","Prevotella_fusca","Fusobacterium_nucleatum",1
"37329","Selenomonas_sputigena","Fusobacterium_nucleatum",1
"37332","Bulleidia_extructa","Fusobacterium_nucleatum",1
"37334","Alloprevotella_tannerae","Fusobacterium_nucleatum",1
"37336","Actinomyces_georgiae","Fusobacterium_nucleatum",1
"37343","Prevotella_maculosa","Fusobacterium_nucleatum",1
"37349","Porphyromonas_gulae","Fusobacterium_nucleatum",1
"37352","Actinomyces_cardiffensis","Fusobacterium_nucleatum",1
"37360","Treponema_medium","Fusobacterium_nucleatum",1
"37361","Selenomonas_infelix","Fusobacterium_nucleatum",1
"37362","Prevotella_corporis","Fusobacterium_nucleatum",1
"37371","Eggerthia_catenaformis","Fusobacterium_nucleatum",1
"37372","Clostridium_ultunense","Fusobacterium_nucleatum",1
"37379","Prevotella_timonensis","Fusobacterium_nucleatum",1
"37388","Actinomyces_timonensis","Fusobacterium_nucleatum",1
"37389","Campylobacter_gracilis","Fusobacterium_nucleatum",1
"37391","Phocaeicola_abscessus","Fusobacterium_nucleatum",1
"37393","Campylobacter_rectus","Fusobacterium_nucleatum",1
"37395","Streptococcus_constellatus","Fusobacterium_nucleatum",1
"37396","Prevotella_nigrescens","Fusobacterium_nucleatum",1
"37398","Eikenella_corrodens","Fusobacterium_nucleatum",1
"37399","Parvimonas_micra","Fusobacterium_nucleatum",1
"37401","Scardovia_wiggsiae","Fusobacterium_nucleatum",1
"37403","Rothia_aeria","Prevotella_saccharolytica",1
"37410","Leptotrichia_buccalis","Prevotella_saccharolytica",1
"37417","Capnocytophaga_leadbetteri","Prevotella_saccharolytica",1
"37419","Treponema_denticola","Prevotella_saccharolytica",1
"37420","Eubacterium_brachy","Prevotella_saccharolytica",1
"37421","Porphyromonas_endodontalis","Prevotella_saccharolytica",1
"37453","Anaeroglobus_geminatus","Prevotella_saccharolytica",1
"37478","Lautropia_mirabilis","Prevotella_saccharolytica",1
"37484","Selenomonas_noxia","Prevotella_saccharolytica",1
"37497","Filifactor_alocis","Prevotella_saccharolytica",1
"37502","Lachnoanaerobaculum_saburreum","Prevotella_saccharolytica",1
"37507","Leptotrichia_hofstadii","Prevotella_saccharolytica",1
"37513","Streptococcus_sanguinis","Prevotella_saccharolytica",1
"37519","Campylobacter_showae","Prevotella_saccharolytica",1
"37520","Tannerella_forsythia","Prevotella_saccharolytica",1
"37522","Capnocytophaga_granulosa","Prevotella_saccharolytica",1
"37527","Leptotrichia_hongkongensis","Prevotella_saccharolytica",1
"37580","Treponema_socranskii","Prevotella_saccharolytica",1
"37583","Selenomonas_flueggei","Prevotella_saccharolytica",1
"37594","Leptotrichia_shahii","Prevotella_saccharolytica",1
"37595","Capnocytophaga_ochracea","Prevotella_saccharolytica",1
"37599","Prevotella_intermedia","Prevotella_saccharolytica",1
"37602","Selenomonas_sputigena","Prevotella_saccharolytica",1
"37616","Prevotella_maculosa","Prevotella_saccharolytica",1
"37627","Capnocytophaga_sputigena","Prevotella_saccharolytica",1
"37634","Selenomonas_infelix","Prevotella_saccharolytica",1
"37641","Neisseria_elongata","Prevotella_saccharolytica",1
"37656","Gemella_morbillorum","Prevotella_saccharolytica",1
"37662","Campylobacter_gracilis","Prevotella_saccharolytica",1
"37670","Corynebacterium_matruchotii","Prevotella_saccharolytica",1
"37671","Eikenella_corrodens","Prevotella_saccharolytica",1
"37672","Parvimonas_micra","Prevotella_saccharolytica",1
"37675","Fusobacterium_nucleatum","Prevotella_saccharolytica",1
"37676","Veillonella_rogosae","Catonella_morbi",1
"37696","Eubacterium_yurii","Catonella_morbi",1
"37699","Prevotella_denticola","Catonella_morbi",1
"37742","Treponema_refringens","Catonella_morbi",1
"37755","Actinomyces_gerencseriae","Catonella_morbi",1
"37769","Treponema_bryantii","Catonella_morbi",1
"37782","Bacteroides_zoogleoformans","Catonella_morbi",1
"37783","Natranaerovirga_hydrolytica","Catonella_morbi",1
"37785","Campylobacter_mucosalis","Catonella_morbi",1
"37789","Fusobacterium_periodonticum","Catonella_morbi",1
"37797","Neisseria_oralis","Catonella_morbi",1
"37827","Eubacterium_sulci","Catonella_morbi",1
"37842","Anaerovorax_odorimutans","Catonella_morbi",1
"37847","Wolinella_succinogenes","Catonella_morbi",1
"37858","Peptostreptococcus_stomatis","Catonella_morbi",1
"37868","Leptotrichia_shahii","Catonella_morbi",1
"37876","Selenomonas_sputigena","Catonella_morbi",1
"37906","Mycoplasma_orale","Catonella_morbi",1
"37916","Oribacterium_sinus","Catonella_morbi",1
"37922","Campylobacter_concisus","Catonella_morbi",1
"37946","Parvimonas_micra","Catonella_morbi",1
"37949","Fusobacterium_nucleatum","Catonella_morbi",1
"38783","Rothia_aeria","Actinomyces_massiliensis",1
"38792","Actinomyces_odontolyticus","Actinomyces_massiliensis",1
"38797","Capnocytophaga_leadbetteri","Actinomyces_massiliensis",1
"38809","Actinomyces_oris","Actinomyces_massiliensis",1
"38858","Lautropia_mirabilis","Actinomyces_massiliensis",1
"38893","Streptococcus_sanguinis","Actinomyces_massiliensis",1
"38907","Leptotrichia_hongkongensis","Actinomyces_massiliensis",1
"38912","Actinomyces_viscosus","Actinomyces_massiliensis",1
"38913","Streptococcus_oralis","Actinomyces_massiliensis",1
"39014","Selenomonas_infelix","Actinomyces_massiliensis",1
"39021","Neisseria_elongata","Actinomyces_massiliensis",1
"39050","Corynebacterium_matruchotii","Actinomyces_massiliensis",1
"39055","Fusobacterium_nucleatum","Actinomyces_massiliensis",1
"39066","Veillonella_dispar","Streptococcus_salivarius",1
"39071","Actinomyces_odontolyticus","Streptococcus_salivarius",1
"39082","Prevotella_shahii","Streptococcus_salivarius",-1
"39105","Prevotella_salivae","Streptococcus_salivarius",1
"39117","Rothia_dentocariosa","Streptococcus_salivarius",1
"39160","Rothia_mucilaginosa","Streptococcus_salivarius",1
"39174","Fusobacterium_periodonticum","Streptococcus_salivarius",-1
"39216","Streptococcus_parasanguinis","Streptococcus_salivarius",1
"39220","Actinomyces_graevenitzii","Streptococcus_salivarius",1
"39225","Atopobium_parvulum","Streptococcus_salivarius",1
"39271","Actinomyces_lingnae","Streptococcus_salivarius",1
"39283","Veillonella_parvula","Streptococcus_salivarius",1
"39299","Lactobacillus_fermentum","Streptococcus_salivarius",1
"39307","Campylobacter_concisus","Streptococcus_salivarius",1
"39309","Megasphaera_micronuciformis","Streptococcus_salivarius",1
"39318","Veillonella_atypica","Streptococcus_salivarius",1
"39330","Eikenella_corrodens","Streptococcus_salivarius",-1
"39636","Prevotella_baroniae","Prevotella_buccae",1
"39639","Treponema_denticola","Prevotella_buccae",1
"39641","Porphyromonas_endodontalis","Prevotella_buccae",1
"39645","Prevotella_denticola","Prevotella_buccae",1
"39673","Anaeroglobus_geminatus","Prevotella_buccae",1
"39736","Eubacterium_minutum","Prevotella_buccae",1
"39740","Tannerella_forsythia","Prevotella_buccae",1
"39751","Slackia_exigua","Prevotella_buccae",1
"39761","Prevotella_pleuritidis","Prevotella_buccae",1
"39768","Parascardovia_denticolens","Prevotella_buccae",1
"39800","Treponema_socranskii","Prevotella_buccae",1
"39802","Dialister_pneumosintes","Prevotella_buccae",1
"39807","Mycoplasma_salivarium","Prevotella_buccae",1
"39819","Prevotella_intermedia","Prevotella_buccae",1
"39822","Selenomonas_sputigena","Prevotella_buccae",1
"39827","Alloprevotella_tannerae","Prevotella_buccae",1
"39882","Campylobacter_gracilis","Prevotella_buccae",1
"39884","Phocaeicola_abscessus","Prevotella_buccae",1
"39889","Prevotella_nigrescens","Prevotella_buccae",1
"39894","Scardovia_wiggsiae","Prevotella_buccae",1
"39895","Fusobacterium_nucleatum","Prevotella_buccae",1
"40052","Streptobacillus_moniliformis","Fusobacterium_russii",1
"40064","Alloprevotella_rava","Fusobacterium_russii",1
"40119","Haemophilus_influenzae","Fusobacterium_russii",1
"40148","Granulicatella_elegans","Fusobacterium_russii",1
"40174","Parvimonas_micra","Fusobacterium_russii",1
"40177","Fusobacterium_nucleatum","Fusobacterium_russii",1
"40476","Veillonella_dispar","Alloscardovia_omnicolens",1
"40515","Prevotella_salivae","Alloscardovia_omnicolens",1
"40554","Bifidobacterium_dentium","Alloscardovia_omnicolens",1
"40556","Haemophilus_parainfluenzae","Alloscardovia_omnicolens",-1
"40584","Fusobacterium_periodonticum","Alloscardovia_omnicolens",-1
"40630","Actinomyces_graevenitzii","Alloscardovia_omnicolens",1
"40635","Atopobium_parvulum","Alloscardovia_omnicolens",1
"40681","Actinomyces_lingnae","Alloscardovia_omnicolens",1
"40719","Megasphaera_micronuciformis","Alloscardovia_omnicolens",1
"40720","Cryptobacterium_curtum","Alloscardovia_omnicolens",1
"41624","Eubacterium_saphenum","Pseudoramibacter_alactolyticus",1
"41631","Prevotella_baroniae","Pseudoramibacter_alactolyticus",1
"41634","Treponema_denticola","Pseudoramibacter_alactolyticus",1
"41635","Eubacterium_brachy","Pseudoramibacter_alactolyticus",1
"41640","Prevotella_denticola","Pseudoramibacter_alactolyticus",1
"41664","Eubacterium_nodatum","Pseudoramibacter_alactolyticus",1
"41668","Anaeroglobus_geminatus","Pseudoramibacter_alactolyticus",1
"41700","Bifidobacterium_dentium","Pseudoramibacter_alactolyticus",1
"41703","Porphyromonas_gingivalis","Pseudoramibacter_alactolyticus",1
"41712","Filifactor_alocis","Pseudoramibacter_alactolyticus",1
"41717","Lachnoanaerobaculum_saburreum","Pseudoramibacter_alactolyticus",1
"41721","Streptococcus_gordonii","Pseudoramibacter_alactolyticus",1
"41731","Eubacterium_minutum","Pseudoramibacter_alactolyticus",1
"41735","Tannerella_forsythia","Pseudoramibacter_alactolyticus",1
"41746","Slackia_exigua","Pseudoramibacter_alactolyticus",1
"41758","Howardella_ureilytica","Pseudoramibacter_alactolyticus",1
"41775","Prevotella_oralis","Pseudoramibacter_alactolyticus",1
"41790","Shuttleworthia_satelles","Pseudoramibacter_alactolyticus",1
"41797","Dialister_pneumosintes","Pseudoramibacter_alactolyticus",1
"41817","Selenomonas_sputigena","Pseudoramibacter_alactolyticus",1
"41822","Alloprevotella_tannerae","Pseudoramibacter_alactolyticus",1
"41866","Cryptobacterium_curtum","Pseudoramibacter_alactolyticus",1
"41879","Phocaeicola_abscessus","Pseudoramibacter_alactolyticus",1
"41885","Corynebacterium_matruchotii","Pseudoramibacter_alactolyticus",1
"41887","Parvimonas_micra","Pseudoramibacter_alactolyticus",1
"41889","Scardovia_wiggsiae","Pseudoramibacter_alactolyticus",1
"41890","Fusobacterium_nucleatum","Pseudoramibacter_alactolyticus",1
"41899","Prevotella_buccae","Pseudoramibacter_alactolyticus",1
"41923","Treponema_denticola","Mogibacterium_timidum",1
"41925","Porphyromonas_endodontalis","Mogibacterium_timidum",1
"41937","Prevotella_enoeca","Mogibacterium_timidum",1
"41957","Anaeroglobus_geminatus","Mogibacterium_timidum",1
"41967","Prevotella_dentalis","Mogibacterium_timidum",1
"41978","Schwartzia_succinivorans","Mogibacterium_timidum",1
"41981","Treponema_parvum","Mogibacterium_timidum",1
"41989","Bifidobacterium_dentium","Mogibacterium_timidum",1
"41992","Porphyromonas_gingivalis","Mogibacterium_timidum",1
"42001","Filifactor_alocis","Mogibacterium_timidum",1
"42020","Eubacterium_minutum","Mogibacterium_timidum",1
"42024","Tannerella_forsythia","Mogibacterium_timidum",1
"42035","Slackia_exigua","Mogibacterium_timidum",1
"42038","Desulfovibrio_fairfieldensis","Mogibacterium_timidum",1
"42045","Prevotella_pleuritidis","Mogibacterium_timidum",1
"42075","Treponema_amylovorum","Mogibacterium_timidum",1
"42079","Shuttleworthia_satelles","Mogibacterium_timidum",1
"42084","Treponema_socranskii","Mogibacterium_timidum",1
"42086","Dialister_pneumosintes","Mogibacterium_timidum",1
"42103","Prevotella_intermedia","Mogibacterium_timidum",1
"42106","Selenomonas_sputigena","Mogibacterium_timidum",1
"42111","Alloprevotella_tannerae","Mogibacterium_timidum",1
"42138","Selenomonas_infelix","Mogibacterium_timidum",1
"42173","Prevotella_nigrescens","Mogibacterium_timidum",1
"42176","Parvimonas_micra","Mogibacterium_timidum",1
"42179","Fusobacterium_nucleatum","Mogibacterium_timidum",1
"42201","Veillonella_dispar","Streptococcus_mutans",1
"42219","Prevotella_denticola","Streptococcus_mutans",1
"42223","Actinomyces_oris","Streptococcus_mutans",1
"42249","Lactobacillus_johnsonii","Streptococcus_mutans",1
"42252","Rothia_dentocariosa","Streptococcus_mutans",1
"42296","Lachnoanaerobaculum_saburreum","Streptococcus_mutans",1
"42307","Streptococcus_sanguinis","Streptococcus_mutans",1
"42309","Fusobacterium_periodonticum","Streptococcus_mutans",-1
"42321","Leptotrichia_hongkongensis","Streptococcus_mutans",1
"42340","Propionibacterium_acidifaciens","Streptococcus_mutans",1
"42379","Lactobacillus_reuteri","Streptococcus_mutans",1
"42408","Lactobacillus_salivarius","Streptococcus_mutans",1
"42409","Lactobacillus_crispatus","Streptococcus_mutans",1
"42418","Veillonella_parvula","Streptococcus_mutans",1
"42425","Lactobacillus_vaginalis","Streptococcus_mutans",1
"42434","Lactobacillus_fermentum","Streptococcus_mutans",1
"42445","Cryptobacterium_curtum","Streptococcus_mutans",1
"42468","Scardovia_wiggsiae","Streptococcus_mutans",1
"42492","Veillonella_dispar","Streptococcus_thermophilus",1
"42497","Actinomyces_odontolyticus","Streptococcus_thermophilus",1
"42507","Eubacterium_yurii","Streptococcus_thermophilus",-1
"42522","Lachnoanaerobaculum_orale","Streptococcus_thermophilus",1
"42531","Prevotella_salivae","Streptococcus_thermophilus",1
"42540","Lactobacillus_johnsonii","Streptococcus_thermophilus",1
"42543","Rothia_dentocariosa","Streptococcus_thermophilus",1
"42551","Peptococcus_niger","Streptococcus_thermophilus",-1
"42586","Rothia_mucilaginosa","Streptococcus_thermophilus",1
"42598","Streptococcus_sanguinis","Streptococcus_thermophilus",1
"42600","Fusobacterium_periodonticum","Streptococcus_thermophilus",-1
"42633","Parascardovia_denticolens","Streptococcus_thermophilus",1
"42642","Streptococcus_parasanguinis","Streptococcus_thermophilus",1
"42646","Actinomyces_graevenitzii","Streptococcus_thermophilus",1
"42651","Atopobium_parvulum","Streptococcus_thermophilus",1
"42670","Lactobacillus_reuteri","Streptococcus_thermophilus",1
"42697","Actinomyces_lingnae","Streptococcus_thermophilus",1
"42725","Lactobacillus_fermentum","Streptococcus_thermophilus",1
"42733","Campylobacter_concisus","Streptococcus_thermophilus",1
"42735","Megasphaera_micronuciformis","Streptococcus_thermophilus",1
"42744","Veillonella_atypica","Streptococcus_thermophilus",1
"42756","Eikenella_corrodens","Streptococcus_thermophilus",-1
"42767","Streptococcus_salivarius","Streptococcus_thermophilus",1
"42772","Alloscardovia_omnicolens","Streptococcus_thermophilus",1
"42778","Streptococcus_mutans","Streptococcus_thermophilus",1
"42780","Rothia_aeria","Propionibacterium_propionicum",1
"42823","Prevotella_salivae","Propionibacterium_propionicum",-1
"42855","Lautropia_mirabilis","Propionibacterium_propionicum",1
"42890","Streptococcus_sanguinis","Propionibacterium_propionicum",1
"42900","Neisseria_oralis","Propionibacterium_propionicum",1
"43011","Selenomonas_infelix","Propionibacterium_propionicum",1
"43052","Fusobacterium_nucleatum","Propionibacterium_propionicum",1
"43270","Porphyromonas_uenonis","Porphyromonas_asaccharolytica",1
"43373","Eubacterium_saphenum","Treponema_pectinovorum",1
"43380","Prevotella_baroniae","Treponema_pectinovorum",1
"43385","Porphyromonas_endodontalis","Treponema_pectinovorum",1
"43389","Prevotella_denticola","Treponema_pectinovorum",1
"43395","Dialister_invisus","Treponema_pectinovorum",1
"43461","Filifactor_alocis","Treponema_pectinovorum",1
"43469","Prevotella_paludivivens","Treponema_pectinovorum",1
"43535","Treponema_amylovorum","Treponema_pectinovorum",1
"43563","Prevotella_intermedia","Treponema_pectinovorum",1
"43566","Selenomonas_sputigena","Treponema_pectinovorum",1
"43569","Bulleidia_extructa","Treponema_pectinovorum",1
"43597","Treponema_medium","Treponema_pectinovorum",1
"43598","Selenomonas_infelix","Treponema_pectinovorum",1
"43636","Parvimonas_micra","Treponema_pectinovorum",1
"43639","Fusobacterium_nucleatum","Treponema_pectinovorum",1
"43661","Veillonella_rogosae","Neisseria_flavescens",1
"43662","Rothia_aeria","Neisseria_flavescens",1
"43666","Veillonella_dispar","Neisseria_flavescens",-1
"43676","Capnocytophaga_leadbetteri","Neisseria_flavescens",1
"43681","Eubacterium_yurii","Neisseria_flavescens",1
"43682","Prevotella_shahii","Neisseria_flavescens",1
"43705","Prevotella_salivae","Neisseria_flavescens",-1
"43737","Lautropia_mirabilis","Neisseria_flavescens",1
"43742","Neisseria_shayeganii","Neisseria_flavescens",1
"43746","Haemophilus_parainfluenzae","Neisseria_flavescens",1
"43761","Lachnoanaerobaculum_saburreum","Neisseria_flavescens",-1
"43774","Fusobacterium_periodonticum","Neisseria_flavescens",1
"43778","Campylobacter_showae","Neisseria_flavescens",1
"43825","Atopobium_parvulum","Neisseria_flavescens",-1
"43831","Prevotella_nanceiensis","Neisseria_flavescens",1
"43848","Simonsiella_muelleri","Neisseria_flavescens",1
"43856","Gemella_sanguinis","Neisseria_flavescens",1
"43886","Capnocytophaga_sputigena","Neisseria_flavescens",1
"43900","Neisseria_elongata","Neisseria_flavescens",1
"43906","Neisseria_subflava","Neisseria_flavescens",1
"43909","Megasphaera_micronuciformis","Neisseria_flavescens",-1
"43917","Haemophilus_sputorum","Neisseria_flavescens",1
"43930","Eikenella_corrodens","Neisseria_flavescens",1
"43937","Moraxella_boevrei","Neisseria_flavescens",1
"43945","Neisseria_meningitidis","Neisseria_flavescens",1
"43962","Veillonella_dispar","Streptococcus_anginosus",1
"43975","Eubacterium_brachy","Streptococcus_anginosus",1
"43980","Prevotella_denticola","Streptococcus_anginosus",1
"43986","Dialister_invisus","Streptococcus_anginosus",1
"44004","Eubacterium_nodatum","Streptococcus_anginosus",1
"44011","Prevotella_veroralis","Streptococcus_anginosus",1
"44040","Bifidobacterium_dentium","Streptococcus_anginosus",1
"44057","Lachnoanaerobaculum_saburreum","Streptococcus_anginosus",1
"44061","Streptococcus_gordonii","Streptococcus_anginosus",1
"44075","Tannerella_forsythia","Streptococcus_anginosus",1
"44082","Leptotrichia_hongkongensis","Streptococcus_anginosus",1
"44090","Prevotella_multisaccharivorax","Streptococcus_anginosus",1
"44096","Prevotella_pleuritidis","Streptococcus_anginosus",1
"44098","Howardella_ureilytica","Streptococcus_anginosus",1
"44128","Wolinella_succinogenes","Streptococcus_anginosus",1
"44137","Dialister_pneumosintes","Streptococcus_anginosus",1
"44140","Lactobacillus_reuteri","Streptococcus_anginosus",1
"44154","Prevotella_intermedia","Streptococcus_anginosus",1
"44157","Selenomonas_sputigena","Streptococcus_anginosus",1
"44160","Bulleidia_extructa","Streptococcus_anginosus",1
"44162","Alloprevotella_tannerae","Streptococcus_anginosus",1
"44169","Lactobacillus_salivarius","Streptococcus_anginosus",1
"44170","Lactobacillus_crispatus","Streptococcus_anginosus",1
"44186","Lactobacillus_vaginalis","Streptococcus_anginosus",1
"44188","Treponema_medium","Streptococcus_anginosus",1
"44189","Selenomonas_infelix","Streptococcus_anginosus",1
"44195","Lactobacillus_fermentum","Streptococcus_anginosus",1
"44224","Prevotella_nigrescens","Streptococcus_anginosus",1
"44225","Corynebacterium_matruchotii","Streptococcus_anginosus",1
"44230","Fusobacterium_nucleatum","Streptococcus_anginosus",1
"44246","Pseudoramibacter_alactolyticus","Streptococcus_anginosus",1
"44269","Capnocytophaga_leadbetteri","Leptotrichia_trevisanii",1
"44318","Peptococcus_niger","Leptotrichia_trevisanii",1
"44328","Prevotella_marshii","Leptotrichia_trevisanii",1
"44330","Lautropia_mirabilis","Leptotrichia_trevisanii",1
"44375","Neisseria_oralis","Leptotrichia_trevisanii",1
"44402","Streptobacillus_moniliformis","Leptotrichia_trevisanii",1
"44446","Leptotrichia_shahii","Leptotrichia_trevisanii",1
"44447","Capnocytophaga_ochracea","Leptotrichia_trevisanii",1
"44454","Selenomonas_sputigena","Leptotrichia_trevisanii",1
"44479","Capnocytophaga_sputigena","Leptotrichia_trevisanii",1
"44486","Selenomonas_infelix","Leptotrichia_trevisanii",1
"44527","Fusobacterium_nucleatum","Leptotrichia_trevisanii",1
"44528","Prevotella_saccharolytica","Leptotrichia_trevisanii",1
"44547","Propionibacterium_propionicum","Leptotrichia_trevisanii",1
"44559","Eubacterium_saphenum","Treponema_putidum",1
"44566","Prevotella_baroniae","Treponema_putidum",1
"44569","Treponema_denticola","Treponema_putidum",1
"44571","Porphyromonas_endodontalis","Treponema_putidum",1
"44599","Eubacterium_nodatum","Treponema_putidum",1
"44613","Prevotella_dentalis","Treponema_putidum",1
"44619","Treponema_pedis","Treponema_putidum",1
"44638","Porphyromonas_gingivalis","Treponema_putidum",1
"44647","Filifactor_alocis","Treponema_putidum",1
"44705","Desulfobulbus_rhabdoformis","Treponema_putidum",1
"44721","Treponema_amylovorum","Treponema_putidum",1
"44726","Treponema_lecithinolyticum","Treponema_putidum",1
"44745","Capnocytophaga_ochracea","Treponema_putidum",1
"44749","Prevotella_intermedia","Treponema_putidum",1
"44772","Porphyromonas_gulae","Treponema_putidum",1
"44783","Treponema_medium","Treponema_putidum",1
"44794","Eggerthia_catenaformis","Treponema_putidum",1
"44814","Phocaeicola_abscessus","Treponema_putidum",1
"44816","Campylobacter_rectus","Treponema_putidum",1
"44825","Fusobacterium_nucleatum","Treponema_putidum",1
"44841","Pseudoramibacter_alactolyticus","Treponema_putidum",1
"44854","Butyrivibrio_hungatei","Leptotrichia_wadei",1
"44856","Veillonella_dispar","Leptotrichia_wadei",1
"44859","Leptotrichia_buccalis","Leptotrichia_wadei",1
"44867","Prevotella_pallens","Leptotrichia_wadei",1
"44886","Lachnoanaerobaculum_orale","Leptotrichia_wadei",1
"44890","Propionigenium_maris","Leptotrichia_wadei",1
"44895","Prevotella_salivae","Leptotrichia_wadei",1
"44905","Prevotella_veroralis","Leptotrichia_wadei",1
"44976","Leptotrichia_hongkongensis","Leptotrichia_wadei",1
"44995","Propionibacterium_acidifaciens","Leptotrichia_wadei",1
"45001","Selenomonas_ruminantium","Leptotrichia_wadei",1
"45015","Atopobium_parvulum","Leptotrichia_wadei",1
"45032","Selenomonas_flueggei","Leptotrichia_wadei",1
"45035","Butyrivibrio_fibrisolvens","Leptotrichia_wadei",1
"45043","Leptotrichia_shahii","Leptotrichia_wadei",1
"45083","Selenomonas_infelix","Leptotrichia_wadei",1
"45085","Leptotrichia_goodfellowii","Leptotrichia_wadei",1
"45086","Selenomonas_bovis","Leptotrichia_wadei",1
"45097","Campylobacter_concisus","Leptotrichia_wadei",1
"45099","Megasphaera_micronuciformis","Leptotrichia_wadei",1
"45100","Cryptobacterium_curtum","Leptotrichia_wadei",1
"45136","Alloscardovia_omnicolens","Leptotrichia_wadei",1
"45152","Rothia_aeria","Streptococcus_mitis",1
"45207","Rothia_dentocariosa","Streptococcus_mitis",1
"45222","Streptococcus_pneumoniae","Streptococcus_mitis",1
"45277","Gemella_haemolysans","Streptococcus_mitis",1
"45282","Streptococcus_oralis","Streptococcus_mitis",1
"45355","Haemophilus_parahaemolyticus","Streptococcus_mitis",1
"45366","Haemophilus_influenzae","Streptococcus_mitis",1
"45395","Granulicatella_elegans","Streptococcus_mitis",1
"45404","Abiotrophia_defectiva","Streptococcus_mitis",1
"45407","Haemophilus_sputorum","Streptococcus_mitis",1
"45457","Veillonella_dispar","Dialister_micraerophilus",1
"45496","Prevotella_salivae","Dialister_micraerophilus",1
"45616","Atopobium_parvulum","Dialister_micraerophilus",1
"45662","Actinomyces_lingnae","Dialister_micraerophilus",1
"45700","Megasphaera_micronuciformis","Dialister_micraerophilus",1
"45701","Cryptobacterium_curtum","Dialister_micraerophilus",1
"45737","Alloscardovia_omnicolens","Dialister_micraerophilus",1
"45759","Veillonella_dispar","Prevotella_oris",1
"45768","Prevotella_baroniae","Prevotella_oris",1
"45772","Eubacterium_brachy","Prevotella_oris",1
"45773","Porphyromonas_endodontalis","Prevotella_oris",1
"45777","Prevotella_denticola","Prevotella_oris",1
"45783","Dialister_invisus","Prevotella_oris",1
"45785","Prevotella_enoeca","Prevotella_oris",1
"45799","Actinobaculum_massiliense","Prevotella_oris",1
"45801","Eubacterium_nodatum","Prevotella_oris",1
"45805","Anaeroglobus_geminatus","Prevotella_oris",1
"45806","Olsenella_uli","Prevotella_oris",1
"45807","Lactobacillus_johnsonii","Prevotella_oris",1
"45809","Dialister_propionicifaciens","Prevotella_oris",1
"45822","Campylobacter_curvus","Prevotella_oris",1
"45826","Schwartzia_succinivorans","Prevotella_oris",1
"45828","Prevotella_marshii","Prevotella_oris",1
"45829","Treponema_parvum","Prevotella_oris",1
"45833","Actinomyces_gerencseriae","Prevotella_oris",1
"45836","Selenomonas_noxia","Prevotella_oris",1
"45837","Bifidobacterium_dentium","Prevotella_oris",1
"45841","Streptococcus_sobrinus","Prevotella_oris",1
"45847","Treponema_bryantii","Prevotella_oris",1
"45849","Filifactor_alocis","Prevotella_oris",1
"45854","Lachnoanaerobaculum_saburreum","Prevotella_oris",1
"45858","Streptococcus_gordonii","Prevotella_oris",1
"45864","Peptoniphilus_lacrimalis","Prevotella_oris",1
"45879","Leptotrichia_hongkongensis","Prevotella_oris",1
"45883","Slackia_exigua","Prevotella_oris",1
"45887","Prevotella_multisaccharivorax","Prevotella_oris",1
"45895","Howardella_ureilytica","Prevotella_oris",1
"45900","Parascardovia_denticolens","Prevotella_oris",1
"45912","Prevotella_oralis","Prevotella_oris",1
"45927","Shuttleworthia_satelles","Prevotella_oris",1
"45931","Streptococcus_intermedius","Prevotella_oris",1
"45932","Treponema_socranskii","Prevotella_oris",1
"45933","Pyramidobacter_piscolens","Prevotella_oris",1
"45934","Dialister_pneumosintes","Prevotella_oris",1
"45937","Lactobacillus_reuteri","Prevotella_oris",1
"45939","Mycoplasma_salivarium","Prevotella_oris",1
"45947","Capnocytophaga_ochracea","Prevotella_oris",1
"45954","Selenomonas_sputigena","Prevotella_oris",1
"45959","Alloprevotella_tannerae","Prevotella_oris",1
"45966","Lactobacillus_salivarius","Prevotella_oris",1
"45967","Lactobacillus_crispatus","Prevotella_oris",1
"45968","Prevotella_maculosa","Prevotella_oris",1
"45983","Lactobacillus_vaginalis","Prevotella_oris",1
"45985","Treponema_medium","Prevotella_oris",1
"45986","Selenomonas_infelix","Prevotella_oris",1
"45989","Selenomonas_bovis","Prevotella_oris",1
"45992","Lactobacillus_fermentum","Prevotella_oris",1
"45996","Eggerthia_catenaformis","Prevotella_oris",1
"46003","Cryptobacterium_curtum","Prevotella_oris",1
"46004","Prevotella_timonensis","Prevotella_oris",1
"46014","Campylobacter_gracilis","Prevotella_oris",1
"46016","Phocaeicola_abscessus","Prevotella_oris",1
"46020","Streptococcus_constellatus","Prevotella_oris",1
"46021","Prevotella_nigrescens","Prevotella_oris",1
"46022","Corynebacterium_matruchotii","Prevotella_oris",1
"46024","Parvimonas_micra","Prevotella_oris",1
"46026","Scardovia_wiggsiae","Prevotella_oris",1
"46027","Fusobacterium_nucleatum","Prevotella_oris",1
"46036","Prevotella_buccae","Prevotella_oris",1
"46043","Pseudoramibacter_alactolyticus","Prevotella_oris",1
"46044","Mogibacterium_timidum","Prevotella_oris",1
"46045","Streptococcus_mutans","Prevotella_oris",1
"46049","Treponema_pectinovorum","Prevotella_oris",1
"46051","Streptococcus_anginosus","Prevotella_oris",1
"46361","Veillonella_rogosae","Porphyromonas_catoniae",1
"46362","Rothia_aeria","Porphyromonas_catoniae",1
"46366","Veillonella_dispar","Porphyromonas_catoniae",-1
"46382","Prevotella_shahii","Porphyromonas_catoniae",1
"46395","Moraxella_lacunata","Porphyromonas_catoniae",1
"46403","Bergeyella_zoohelcum","Porphyromonas_catoniae",1
"46405","Prevotella_salivae","Porphyromonas_catoniae",-1
"46409","Planobacterium_taklimakanense","Porphyromonas_catoniae",1
"46425","Peptococcus_niger","Porphyromonas_catoniae",1
"46427","Treponema_refringens","Porphyromonas_catoniae",1
"46446","Haemophilus_parainfluenzae","Porphyromonas_catoniae",1
"46455","Bacteroides_intestinalis","Porphyromonas_catoniae",1
"46474","Fusobacterium_periodonticum","Porphyromonas_catoniae",1
"46487","Gemella_haemolysans","Porphyromonas_catoniae",1
"46525","Atopobium_parvulum","Porphyromonas_catoniae",-1
"46531","Prevotella_nanceiensis","Porphyromonas_catoniae",1
"46543","Peptostreptococcus_stomatis","Porphyromonas_catoniae",1
"46548","Simonsiella_muelleri","Porphyromonas_catoniae",1
"46551","Prevotella_aurantiaca","Porphyromonas_catoniae",1
"46556","Gemella_sanguinis","Porphyromonas_catoniae",1
"46573","Lactobacillus_salivarius","Porphyromonas_catoniae",-1
"46586","Capnocytophaga_sputigena","Porphyromonas_catoniae",1
"46591","Mycoplasma_orale","Porphyromonas_catoniae",1
"46602","Solobacterium_moorei","Porphyromonas_catoniae",1
"46606","Neisseria_subflava","Porphyromonas_catoniae",1
"46641","Streptococcus_salivarius","Porphyromonas_catoniae",-1
"46653","Streptococcus_thermophilus","Porphyromonas_catoniae",-1
"46657","Neisseria_flavescens","Porphyromonas_catoniae",1
"46662","Streptococcus_mitis","Porphyromonas_catoniae",1
"46859","Capnocytophaga_ochracea","Fusobacterium_canifelinum",1
"46939","Fusobacterium_nucleatum","Fusobacterium_canifelinum",1
"46989","Treponema_denticola","Aggregatibacter_aphrophilus",1
"47014","Bergeyella_zoohelcum","Aggregatibacter_aphrophilus",1
"47016","Prevotella_salivae","Aggregatibacter_aphrophilus",-1
"47022","Neisseria_pharyngis","Aggregatibacter_aphrophilus",1
"47031","Azospira_oryzae","Aggregatibacter_aphrophilus",1
"47039","Treponema_pedis","Aggregatibacter_aphrophilus",1
"47043","Streptococcus_pneumoniae","Aggregatibacter_aphrophilus",1
"47093","Neisseria_oralis","Aggregatibacter_aphrophilus",1
"47109","Cardiobacterium_valvarum","Aggregatibacter_aphrophilus",1
"47136","Atopobium_parvulum","Aggregatibacter_aphrophilus",-1
"47147","Neisseria_macacae","Aggregatibacter_aphrophilus",1
"47165","Capnocytophaga_ochracea","Aggregatibacter_aphrophilus",1
"47225","Abiotrophia_defectiva","Aggregatibacter_aphrophilus",1
"47239","Prevotella_nigrescens","Aggregatibacter_aphrophilus",1
"47241","Eikenella_corrodens","Aggregatibacter_aphrophilus",1
"47245","Fusobacterium_nucleatum","Aggregatibacter_aphrophilus",1
"47255","Fusobacterium_russii","Aggregatibacter_aphrophilus",1
"47268","Neisseria_flavescens","Aggregatibacter_aphrophilus",1
"47273","Streptococcus_mitis","Aggregatibacter_aphrophilus",1
"47299","Eubacterium_yurii","Lachnoanaerobaculum_umeaense",1
"47300","Prevotella_shahii","Lachnoanaerobaculum_umeaense",1
"47316","Orientia_tsutsugamushi","Lachnoanaerobaculum_umeaense",1
"47343","Peptococcus_niger","Lachnoanaerobaculum_umeaense",1
"47345","Treponema_refringens","Lachnoanaerobaculum_umeaense",1
"47366","Streptococcus_sobrinus","Lachnoanaerobaculum_umeaense",-1
"47392","Fusobacterium_periodonticum","Lachnoanaerobaculum_umeaense",1
"47396","Campylobacter_showae","Lachnoanaerobaculum_umeaense",1
"47430","Eubacterium_sulci","Lachnoanaerobaculum_umeaense",1
"47449","Prevotella_nanceiensis","Lachnoanaerobaculum_umeaense",1
"47461","Peptostreptococcus_stomatis","Lachnoanaerobaculum_umeaense",1
"47469","Prevotella_aurantiaca","Lachnoanaerobaculum_umeaense",1
"47474","Gemella_sanguinis","Lachnoanaerobaculum_umeaense",1
"47506","Mobiluncus_mulieris","Lachnoanaerobaculum_umeaense",1
"47517","Lactobacillus_fermentum","Lachnoanaerobaculum_umeaense",-1
"47519","Oribacterium_sinus","Lachnoanaerobaculum_umeaense",1
"47520","Solobacterium_moorei","Lachnoanaerobaculum_umeaense",1
"47584","Porphyromonas_catoniae","Lachnoanaerobaculum_umeaense",1
"47605","Eubacterium_brachy","Eubacterium_infirmum",1
"47606","Porphyromonas_endodontalis","Eubacterium_infirmum",1
"47610","Prevotella_denticola","Eubacterium_infirmum",1
"47616","Dialister_invisus","Eubacterium_infirmum",1
"47682","Filifactor_alocis","Eubacterium_infirmum",1
"47705","Tannerella_forsythia","Eubacterium_infirmum",1
"47716","Slackia_exigua","Eubacterium_infirmum",1
"47765","Treponema_socranskii","Eubacterium_infirmum",1
"47767","Dialister_pneumosintes","Eubacterium_infirmum",1
"47769","Peptostreptococcus_stomatis","Eubacterium_infirmum",1
"47787","Selenomonas_sputigena","Eubacterium_infirmum",1
"47792","Alloprevotella_tannerae","Eubacterium_infirmum",1
"47810","Actinomyces_cardiffensis","Eubacterium_infirmum",1
"47819","Selenomonas_infelix","Eubacterium_infirmum",1
"47828","Solobacterium_moorei","Eubacterium_infirmum",1
"47854","Prevotella_nigrescens","Eubacterium_infirmum",1
"47857","Parvimonas_micra","Eubacterium_infirmum",1
"47860","Fusobacterium_nucleatum","Eubacterium_infirmum",1
"47877","Mogibacterium_timidum","Eubacterium_infirmum",1
"47890","Prevotella_oris","Eubacterium_infirmum",1
"47972","Lautropia_mirabilis","Neisseria_mucosa",1
"48282","Lautropia_mirabilis","Neisseria_dentiae",1
"48602","Haemophilus_parainfluenzae","Haemophilus_pittmaniae",1
"48630","Fusobacterium_periodonticum","Haemophilus_pittmaniae",1
"48813","Neisseria_flavescens","Haemophilus_pittmaniae",1
"48837","Leptotrichia_buccalis","Prevotella_micans",1
"48843","Prevotella_baroniae","Prevotella_micans",1
"48846","Treponema_denticola","Prevotella_micans",1
"48848","Porphyromonas_endodontalis","Prevotella_micans",1
"48849","Eubacterium_yurii","Prevotella_micans",1
"48852","Prevotella_denticola","Prevotella_micans",1
"48858","Dialister_invisus","Prevotella_micans",1
"48860","Prevotella_enoeca","Prevotella_micans",1
"48901","Schwartzia_succinivorans","Prevotella_micans",1
"48904","Treponema_parvum","Prevotella_micans",1
"48905","Lautropia_mirabilis","Prevotella_micans",1
"48924","Filifactor_alocis","Prevotella_micans",1
"48940","Streptococcus_sanguinis","Prevotella_micans",1
"48947","Tannerella_forsythia","Prevotella_micans",1
"48954","Leptotrichia_hongkongensis","Prevotella_micans",1
"48968","Prevotella_pleuritidis","Prevotella_micans",1
"48987","Prevotella_oralis","Prevotella_micans",1
"48998","Treponema_amylovorum","Prevotella_micans",1
"49007","Treponema_socranskii","Prevotella_micans",1
"49009","Dialister_pneumosintes","Prevotella_micans",1
"49021","Leptotrichia_shahii","Prevotella_micans",1
"49029","Selenomonas_sputigena","Prevotella_micans",1
"49034","Alloprevotella_tannerae","Prevotella_micans",1
"49043","Prevotella_maculosa","Prevotella_micans",1
"49060","Treponema_medium","Prevotella_micans",1
"49093","Campylobacter_rectus","Prevotella_micans",1
"49095","Streptococcus_constellatus","Prevotella_micans",1
"49096","Prevotella_nigrescens","Prevotella_micans",1
"49097","Corynebacterium_matruchotii","Prevotella_micans",1
"49099","Parvimonas_micra","Prevotella_micans",1
"49102","Fusobacterium_nucleatum","Prevotella_micans",1
"49103","Prevotella_saccharolytica","Prevotella_micans",1
"49126","Streptococcus_anginosus","Prevotella_micans",1
"49127","Leptotrichia_trevisanii","Prevotella_micans",1
"49132","Prevotella_oris","Prevotella_micans",1
"49138","Eubacterium_infirmum","Prevotella_micans",1
"49149","Eubacterium_saphenum","Treponema_succinifaciens",1
"49156","Prevotella_baroniae","Treponema_succinifaciens",1
"49159","Treponema_denticola","Treponema_succinifaciens",1
"49161","Porphyromonas_endodontalis","Treponema_succinifaciens",1
"49171","Dialister_invisus","Treponema_succinifaciens",1
"49173","Prevotella_enoeca","Treponema_succinifaciens",1
"49189","Eubacterium_nodatum","Treponema_succinifaciens",1
"49228","Porphyromonas_gingivalis","Treponema_succinifaciens",1
"49237","Filifactor_alocis","Treponema_succinifaciens",1
"49260","Tannerella_forsythia","Treponema_succinifaciens",1
"49281","Prevotella_pleuritidis","Treponema_succinifaciens",1
"49290","Streptobacillus_moniliformis","Treponema_succinifaciens",1
"49311","Treponema_amylovorum","Treponema_succinifaciens",1
"49316","Treponema_lecithinolyticum","Treponema_succinifaciens",1
"49339","Prevotella_intermedia","Treponema_succinifaciens",1
"49342","Selenomonas_sputigena","Treponema_succinifaciens",1
"49345","Bulleidia_extructa","Treponema_succinifaciens",1
"49365","Actinomyces_cardiffensis","Treponema_succinifaciens",1
"49373","Treponema_medium","Treponema_succinifaciens",1
"49384","Eggerthia_catenaformis","Treponema_succinifaciens",1
"49411","Eikenella_corrodens","Treponema_succinifaciens",1
"49415","Fusobacterium_nucleatum","Treponema_succinifaciens",1
"49431","Pseudoramibacter_alactolyticus","Treponema_succinifaciens",1
"49455","Prevotella_micans","Treponema_succinifaciens",1
"49532","Lautropia_mirabilis","Kingella_denitrificans",1
"49695","Neisseria_elongata","Kingella_denitrificans",1
"49993","Veillonella_parvula","Veillonella_denticariosi",1
"50088","Rothia_aeria","Corynebacterium_durum",1
"50143","Rothia_dentocariosa","Corynebacterium_durum",1
"50158","Streptococcus_pneumoniae","Corynebacterium_durum",1
"50163","Lautropia_mirabilis","Corynebacterium_durum",1
"50191","Streptococcus_gordonii","Corynebacterium_durum",1
"50198","Streptococcus_sanguinis","Corynebacterium_durum",1
"50208","Neisseria_oralis","Corynebacterium_durum",1
"50213","Gemella_haemolysans","Corynebacterium_durum",1
"50217","Actinomyces_viscosus","Corynebacterium_durum",1
"50218","Streptococcus_oralis","Corynebacterium_durum",1
"50280","Capnocytophaga_ochracea","Corynebacterium_durum",1
"50326","Neisseria_elongata","Corynebacterium_durum",1
"50355","Corynebacterium_matruchotii","Corynebacterium_durum",1
"50366","Actinomyces_massiliensis","Corynebacterium_durum",1
"50388","Streptococcus_mitis","Corynebacterium_durum",1
"50460","Rothia_dentocariosa","Neisseria_bacilliformis",1
"50515","Streptococcus_sanguinis","Neisseria_bacilliformis",1
"50517","Fusobacterium_periodonticum","Neisseria_bacilliformis",-1
"50727","Veillonella_dispar","Kingella_oralis",1
"50765","Actinomyces_bowdenii","Kingella_oralis",1
"50798","Lautropia_mirabilis","Kingella_oralis",1
"50833","Streptococcus_sanguinis","Kingella_oralis",1
"50847","Leptotrichia_hongkongensis","Kingella_oralis",1
"50877","Streptococcus_parasanguinis","Kingella_oralis",1
"50899","Streptococcus_intermedius","Kingella_oralis",1
"50944","Veillonella_parvula","Kingella_oralis",1
"50991","Eikenella_corrodens","Kingella_oralis",1
"50995","Fusobacterium_nucleatum","Kingella_oralis",1
"51013","Streptococcus_mutans","Kingella_oralis",1
"51019","Streptococcus_anginosus","Kingella_oralis",1
"51023","Streptococcus_mitis","Kingella_oralis",1
"51025","Prevotella_oris","Kingella_oralis",1
"51042","Rothia_aeria","Cardiobacterium_hominis",1
"51056","Capnocytophaga_leadbetteri","Cardiobacterium_hominis",1
"51070","Dialister_invisus","Cardiobacterium_hominis",1
"51083","Bergeyella_zoohelcum","Cardiobacterium_hominis",1
"51087","Mannheimia_granulomatis","Cardiobacterium_hominis",1
"51089","Planobacterium_taklimakanense","Cardiobacterium_hominis",1
"51097","Rothia_dentocariosa","Cardiobacterium_hominis",1
"51113","Schwartzia_succinivorans","Cardiobacterium_hominis",1
"51117","Lautropia_mirabilis","Cardiobacterium_hominis",1
"51122","Neisseria_shayeganii","Cardiobacterium_hominis",1
"51143","Brachymonas_denitrificans","Cardiobacterium_hominis",1
"51152","Streptococcus_sanguinis","Cardiobacterium_hominis",1
"51159","Tannerella_forsythia","Cardiobacterium_hominis",1
"51161","Capnocytophaga_granulosa","Cardiobacterium_hominis",1
"51162","Neisseria_oralis","Cardiobacterium_hominis",1
"51166","Leptotrichia_hongkongensis","Cardiobacterium_hominis",1
"51219","Treponema_socranskii","Cardiobacterium_hominis",1
"51233","Leptotrichia_shahii","Cardiobacterium_hominis",1
"51248","Actinomyces_georgiae","Cardiobacterium_hominis",1
"51266","Capnocytophaga_sputigena","Cardiobacterium_hominis",1
"51280","Neisseria_elongata","Cardiobacterium_hominis",1
"51298","Veillonella_atypica","Cardiobacterium_hominis",-1
"51309","Corynebacterium_matruchotii","Cardiobacterium_hominis",1
"51310","Eikenella_corrodens","Cardiobacterium_hominis",1
"51314","Fusobacterium_nucleatum","Cardiobacterium_hominis",1
"51315","Prevotella_saccharolytica","Cardiobacterium_hominis",1
"51334","Propionibacterium_propionicum","Cardiobacterium_hominis",1
"51339","Leptotrichia_trevisanii","Cardiobacterium_hominis",1
"51352","Neisseria_dentiae","Cardiobacterium_hominis",1
"51354","Prevotella_micans","Cardiobacterium_hominis",1
"51358","Corynebacterium_durum","Cardiobacterium_hominis",1
"51368","Eubacterium_saphenum","Fretibacterium_fastidiosum",1
"51379","Eubacterium_brachy","Fretibacterium_fastidiosum",1
"51380","Porphyromonas_endodontalis","Fretibacterium_fastidiosum",1
"51384","Prevotella_denticola","Fretibacterium_fastidiosum",1
"51390","Dialister_invisus","Fretibacterium_fastidiosum",1
"51408","Eubacterium_nodatum","Fretibacterium_fastidiosum",1
"51410","Ornatilinea_apprima","Fretibacterium_fastidiosum",1
"51412","Anaeroglobus_geminatus","Fretibacterium_fastidiosum",1
"51418","Mycoplasma_faucium","Fretibacterium_fastidiosum",1
"51419","Mycoplasma_hyosynoviae","Fretibacterium_fastidiosum",1
"51428","Treponema_pedis","Fretibacterium_fastidiosum",1
"51433","Schwartzia_succinivorans","Fretibacterium_fastidiosum",1
"51435","Prevotella_marshii","Fretibacterium_fastidiosum",1
"51436","Treponema_parvum","Fretibacterium_fastidiosum",1
"51443","Selenomonas_noxia","Fretibacterium_fastidiosum",1
"51447","Porphyromonas_gingivalis","Fretibacterium_fastidiosum",1
"51454","Treponema_bryantii","Fretibacterium_fastidiosum",1
"51464","Prevotella_paludivivens","Fretibacterium_fastidiosum",1
"51467","Bacteroides_zoogleoformans","Fretibacterium_fastidiosum",1
"51468","Natranaerovirga_hydrolytica","Fretibacterium_fastidiosum",1
"51472","Streptococcus_sanguinis","Fretibacterium_fastidiosum",1
"51475","Eubacterium_minutum","Fretibacterium_fastidiosum",1
"51479","Tannerella_forsythia","Fretibacterium_fastidiosum",1
"51493","Desulfovibrio_fairfieldensis","Fretibacterium_fastidiosum",1
"51497","Desulfobulbus_propionicus","Fretibacterium_fastidiosum",1
"51500","Prevotella_pleuritidis","Fretibacterium_fastidiosum",1
"51514","Desulfobulbus_rhabdoformis","Fretibacterium_fastidiosum",1
"51529","Pasteurella_pneumotropica","Fretibacterium_fastidiosum",1
"51530","Treponema_amylovorum","Fretibacterium_fastidiosum",1
"51531","Prevotella_nanceiensis","Fretibacterium_fastidiosum",-1
"51532","Wolinella_succinogenes","Fretibacterium_fastidiosum",1
"51534","Shuttleworthia_satelles","Fretibacterium_fastidiosum",1
"51540","Pyramidobacter_piscolens","Fretibacterium_fastidiosum",1
"51541","Dialister_pneumosintes","Fretibacterium_fastidiosum",1
"51546","Mycoplasma_salivarium","Fretibacterium_fastidiosum",1
"51554","Capnocytophaga_ochracea","Fretibacterium_fastidiosum",1
"51558","Prevotella_intermedia","Fretibacterium_fastidiosum",1
"51561","Selenomonas_sputigena","Fretibacterium_fastidiosum",1
"51566","Alloprevotella_tannerae","Fretibacterium_fastidiosum",1
"51580","Clostridium_aminobutyricum","Fretibacterium_fastidiosum",1
"51581","Porphyromonas_gulae","Fretibacterium_fastidiosum",1
"51584","Actinomyces_cardiffensis","Fretibacterium_fastidiosum",1
"51592","Treponema_medium","Fretibacterium_fastidiosum",1
"51596","Selenomonas_bovis","Fretibacterium_fastidiosum",1
"51603","Eggerthia_catenaformis","Fretibacterium_fastidiosum",1
"51604","Clostridium_ultunense","Fretibacterium_fastidiosum",1
"51608","Prevotella_melaninogenica","Fretibacterium_fastidiosum",-1
"51623","Phocaeicola_abscessus","Fretibacterium_fastidiosum",1
"51627","Streptococcus_constellatus","Fretibacterium_fastidiosum",1
"51628","Prevotella_nigrescens","Fretibacterium_fastidiosum",1
"51629","Corynebacterium_matruchotii","Fretibacterium_fastidiosum",1
"51631","Parvimonas_micra","Fretibacterium_fastidiosum",1
"51634","Fusobacterium_nucleatum","Fretibacterium_fastidiosum",1
"51650","Pseudoramibacter_alactolyticus","Fretibacterium_fastidiosum",1
"51651","Mogibacterium_timidum","Fretibacterium_fastidiosum",1
"51656","Treponema_pectinovorum","Fretibacterium_fastidiosum",1
"51660","Treponema_putidum","Fretibacterium_fastidiosum",1
"51664","Prevotella_oris","Fretibacterium_fastidiosum",1
"51670","Eubacterium_infirmum","Fretibacterium_fastidiosum",1
"51674","Prevotella_micans","Fretibacterium_fastidiosum",1
"51675","Treponema_succinifaciens","Fretibacterium_fastidiosum",1
"51738","Rothia_dentocariosa","Streptococcus_peroris",1
"51781","Rothia_mucilaginosa","Streptococcus_peroris",1
"51813","Streptococcus_oralis","Streptococcus_peroris",1
"51837","Streptococcus_parasanguinis","Streptococcus_peroris",1
"52027","Prevotella_denticola","Olsenella_profusa",1
"52033","Dialister_invisus","Olsenella_profusa",1
"52055","Anaeroglobus_geminatus","Olsenella_profusa",1
"52060","Rothia_dentocariosa","Olsenella_profusa",1
"52072","Campylobacter_curvus","Olsenella_profusa",1
"52076","Schwartzia_succinivorans","Olsenella_profusa",1
"52086","Selenomonas_noxia","Olsenella_profusa",1
"52087","Bifidobacterium_dentium","Olsenella_profusa",1
"52109","Leptotrichia_hofstadii","Olsenella_profusa",1
"52115","Streptococcus_sanguinis","Olsenella_profusa",1
"52117","Fusobacterium_periodonticum","Olsenella_profusa",-1
"52122","Tannerella_forsythia","Olsenella_profusa",1
"52125","Neisseria_oralis","Olsenella_profusa",1
"52129","Leptotrichia_hongkongensis","Olsenella_profusa",1
"52133","Slackia_exigua","Olsenella_profusa",1
"52162","Prevotella_oralis","Olsenella_profusa",1
"52177","Shuttleworthia_satelles","Olsenella_profusa",1
"52185","Selenomonas_flueggei","Olsenella_profusa",1
"52197","Capnocytophaga_ochracea","Olsenella_profusa",1
"52204","Selenomonas_sputigena","Olsenella_profusa",1
"52209","Alloprevotella_tannerae","Olsenella_profusa",1
"52226","Veillonella_parvula","Olsenella_profusa",1
"52271","Prevotella_nigrescens","Olsenella_profusa",1
"52272","Corynebacterium_matruchotii","Olsenella_profusa",1
"52273","Eikenella_corrodens","Olsenella_profusa",1
"52274","Parvimonas_micra","Olsenella_profusa",1
"52277","Fusobacterium_nucleatum","Olsenella_profusa",1
"52302","Leptotrichia_trevisanii","Olsenella_profusa",1
"52304","Leptotrichia_wadei","Olsenella_profusa",1
"52307","Prevotella_oris","Olsenella_profusa",1
"52313","Eubacterium_infirmum","Olsenella_profusa",1
"52325","Fretibacterium_fastidiosum","Olsenella_profusa",1
"52672","Prevotella_shahii","Lactobacillus_gasseri",-1
"52674","Prevotella_denticola","Lactobacillus_gasseri",1
"52707","Rothia_dentocariosa","Lactobacillus_gasseri",1
"52734","Bifidobacterium_dentium","Lactobacillus_gasseri",1
"52764","Fusobacterium_periodonticum","Lactobacillus_gasseri",-1
"52792","Howardella_ureilytica","Lactobacillus_gasseri",1
"52797","Parascardovia_denticolens","Lactobacillus_gasseri",1
"52806","Streptococcus_parasanguinis","Lactobacillus_gasseri",1
"52942","Streptococcus_mutans","Lactobacillus_gasseri",1
"52954","Prevotella_oris","Lactobacillus_gasseri",1
"53223","Prevotella_melaninogenica","Prevotella_albensis",1
"53307","Veillonella_dispar","Selenomonas_artemidis",1
"53325","Prevotella_denticola","Selenomonas_artemidis",1
"53370","Campylobacter_curvus","Selenomonas_artemidis",1
"53378","Lautropia_mirabilis","Selenomonas_artemidis",1
"53384","Selenomonas_noxia","Selenomonas_artemidis",1
"53413","Streptococcus_sanguinis","Selenomonas_artemidis",1
"53502","Selenomonas_sputigena","Selenomonas_artemidis",1
"53509","Actinomyces_georgiae","Selenomonas_artemidis",1
"53534","Selenomonas_infelix","Selenomonas_artemidis",1
"53562","Campylobacter_gracilis","Selenomonas_artemidis",1
"53570","Corynebacterium_matruchotii","Selenomonas_artemidis",1
"53575","Fusobacterium_nucleatum","Selenomonas_artemidis",1
"53576","Prevotella_saccharolytica","Selenomonas_artemidis",1
"53605","Prevotella_oris","Selenomonas_artemidis",1
"53619","Corynebacterium_durum","Selenomonas_artemidis",1
"53700","Streptococcus_pneumoniae","Streptococcus_infantis",1
"53714","Haemophilus_parainfluenzae","Streptococcus_infantis",1
"53728","Rothia_mucilaginosa","Streptococcus_infantis",1
"53755","Gemella_haemolysans","Streptococcus_infantis",1
"53824","Gemella_sanguinis","Streptococcus_infantis",1
"53930","Streptococcus_mitis","Streptococcus_infantis",1
"53934","Porphyromonas_catoniae","Streptococcus_infantis",1
"53949","Cardiobacterium_hominis","Streptococcus_infantis",1
"53962","Veillonella_dispar","Prevotella_histicola",1
"53967","Actinomyces_odontolyticus","Prevotella_histicola",1
"53972","Capnocytophaga_leadbetteri","Prevotella_histicola",-1
"53973","Prevotella_pallens","Prevotella_histicola",1
"53977","Eubacterium_yurii","Prevotella_histicola",-1
"53992","Lachnoanaerobaculum_orale","Prevotella_histicola",1
"54001","Prevotella_salivae","Prevotella_histicola",1
"54010","Lactobacillus_johnsonii","Prevotella_histicola",1
"54011","Prevotella_veroralis","Prevotella_histicola",1
"54033","Lautropia_mirabilis","Prevotella_histicola",-1
"54042","Haemophilus_parainfluenzae","Prevotella_histicola",-1
"54044","Streptococcus_sobrinus","Prevotella_histicola",1
"54057","Lachnoanaerobaculum_saburreum","Prevotella_histicola",1
"54068","Streptococcus_sanguinis","Prevotella_histicola",-1
"54083","Gemella_haemolysans","Prevotella_histicola",-1
"54094","Cardiobacterium_valvarum","Prevotella_histicola",-1
"54103","Parascardovia_denticolens","Prevotella_histicola",1
"54107","Selenomonas_ruminantium","Prevotella_histicola",1
"54112","Streptococcus_parasanguinis","Prevotella_histicola",1
"54116","Actinomyces_graevenitzii","Prevotella_histicola",1
"54121","Atopobium_parvulum","Prevotella_histicola",1
"54138","Selenomonas_flueggei","Prevotella_histicola",1
"54139","Peptostreptococcus_stomatis","Prevotella_histicola",-1
"54140","Lactobacillus_reuteri","Prevotella_histicola",1
"54167","Actinomyces_lingnae","Prevotella_histicola",1
"54169","Lactobacillus_salivarius","Prevotella_histicola",1
"54192","Selenomonas_bovis","Prevotella_histicola",1
"54195","Lactobacillus_fermentum","Prevotella_histicola",1
"54196","Neisseria_elongata","Prevotella_histicola",-1
"54201","Granulicatella_elegans","Prevotella_histicola",-1
"54203","Campylobacter_concisus","Prevotella_histicola",1
"54204","Prevotella_melaninogenica","Prevotella_histicola",1
"54205","Megasphaera_micronuciformis","Prevotella_histicola",1
"54206","Cryptobacterium_curtum","Prevotella_histicola",1
"54214","Veillonella_atypica","Prevotella_histicola",1
"54226","Eikenella_corrodens","Prevotella_histicola",-1
"54227","Parvimonas_micra","Prevotella_histicola",-1
"54237","Streptococcus_salivarius","Prevotella_histicola",1
"54242","Alloscardovia_omnicolens","Prevotella_histicola",1
"54248","Streptococcus_mutans","Prevotella_histicola",1
"54249","Streptococcus_thermophilus","Prevotella_histicola",1
"54257","Leptotrichia_wadei","Prevotella_histicola",1
"54258","Streptococcus_mitis","Prevotella_histicola",-1
"54259","Dialister_micraerophilus","Prevotella_histicola",1
"54262","Porphyromonas_catoniae","Prevotella_histicola",-1
"54282","Lactobacillus_gasseri","Prevotella_histicola",1
"54287","Rothia_aeria","Aggregatibacter_segnis",1
"54294","Leptotrichia_buccalis","Aggregatibacter_segnis",1
"54296","Actinomyces_odontolyticus","Aggregatibacter_segnis",-1
"54299","Neisseria_sicca","Aggregatibacter_segnis",1
"54301","Capnocytophaga_leadbetteri","Aggregatibacter_segnis",1
"54306","Eubacterium_yurii","Aggregatibacter_segnis",1
"54328","Bergeyella_zoohelcum","Aggregatibacter_segnis",1
"54330","Prevotella_salivae","Aggregatibacter_segnis",-1
"54362","Lautropia_mirabilis","Aggregatibacter_segnis",1
"54367","Neisseria_shayeganii","Aggregatibacter_segnis",1
"54371","Haemophilus_parainfluenzae","Aggregatibacter_segnis",1
"54391","Leptotrichia_hofstadii","Aggregatibacter_segnis",1
"54397","Streptococcus_sanguinis","Aggregatibacter_segnis",1
"54404","Tannerella_forsythia","Aggregatibacter_segnis",1
"54406","Capnocytophaga_granulosa","Aggregatibacter_segnis",1
"54410","Soonwooa_buanensis","Aggregatibacter_segnis",1
"54412","Gemella_haemolysans","Aggregatibacter_segnis",1
"54420","Streptococcus_sinensis","Aggregatibacter_segnis",1
"54434","Streptobacillus_moniliformis","Aggregatibacter_segnis",1
"54441","Streptococcus_parasanguinis","Aggregatibacter_segnis",-1
"54454","Pasteurella_pneumotropica","Aggregatibacter_segnis",1
"54457","Wolinella_succinogenes","Aggregatibacter_segnis",1
"54464","Treponema_socranskii","Aggregatibacter_segnis",1
"54478","Leptotrichia_shahii","Aggregatibacter_segnis",1
"54479","Capnocytophaga_ochracea","Aggregatibacter_segnis",1
"54490","Haemophilus_parahaemolyticus","Aggregatibacter_segnis",1
"54496","Actinomyces_lingnae","Aggregatibacter_segnis",-1
"54501","Haemophilus_influenzae","Aggregatibacter_segnis",1
"54518","Selenomonas_infelix","Aggregatibacter_segnis",1
"54525","Neisseria_elongata","Aggregatibacter_segnis",1
"54530","Granulicatella_elegans","Aggregatibacter_segnis",1
"54539","Abiotrophia_defectiva","Aggregatibacter_segnis",1
"54540","Gemella_morbillorum","Aggregatibacter_segnis",1
"54554","Corynebacterium_matruchotii","Aggregatibacter_segnis",1
"54559","Fusobacterium_nucleatum","Aggregatibacter_segnis",1
"54560","Prevotella_saccharolytica","Aggregatibacter_segnis",1
"54569","Fusobacterium_russii","Aggregatibacter_segnis",1
"54582","Neisseria_flavescens","Aggregatibacter_segnis",1
"54587","Streptococcus_mitis","Aggregatibacter_segnis",1
"54589","Prevotella_oris","Aggregatibacter_segnis",1
"54591","Porphyromonas_catoniae","Aggregatibacter_segnis",1
"54593","Aggregatibacter_aphrophilus","Aggregatibacter_segnis",1
"54601","Kingella_denitrificans","Aggregatibacter_segnis",1
"54603","Corynebacterium_durum","Aggregatibacter_segnis",1
"54615","Prevotella_histicola","Aggregatibacter_segnis",-1
"54952","Veillonella_dispar","Streptococcus_suis",1
"54991","Prevotella_salivae","Streptococcus_suis",1
"55111","Atopobium_parvulum","Streptococcus_suis",1
"55195","Megasphaera_micronuciformis","Streptococcus_suis",1
"55227","Streptococcus_salivarius","Streptococcus_suis",1
"55239","Streptococcus_thermophilus","Streptococcus_suis",1
"55641","Dialister_invisus","Ruminofilibacter_xylanolyticum",1
"55663","Anaeroglobus_geminatus","Ruminofilibacter_xylanolyticum",1
"55676","Peptococcus_niger","Ruminofilibacter_xylanolyticum",1
"55723","Streptococcus_sanguinis","Ruminofilibacter_xylanolyticum",1
"55730","Tannerella_forsythia","Ruminofilibacter_xylanolyticum",1
"55790","Treponema_socranskii","Ruminofilibacter_xylanolyticum",1
"55805","Capnocytophaga_ochracea","Ruminofilibacter_xylanolyticum",1
"55872","Campylobacter_gracilis","Ruminofilibacter_xylanolyticum",1
"55879","Prevotella_nigrescens","Ruminofilibacter_xylanolyticum",1
"55882","Parvimonas_micra","Ruminofilibacter_xylanolyticum",1
"55885","Fusobacterium_nucleatum","Ruminofilibacter_xylanolyticum",1
"56288","Eubacterium_saphenum","Prevotella_multiformis",1
"56295","Prevotella_baroniae","Prevotella_multiformis",1
"56304","Prevotella_denticola","Prevotella_multiformis",1
"56310","Dialister_invisus","Prevotella_multiformis",1
"56312","Prevotella_enoeca","Prevotella_multiformis",1
"56332","Anaeroglobus_geminatus","Prevotella_multiformis",1
"56333","Olsenella_uli","Prevotella_multiformis",1
"56367","Porphyromonas_gingivalis","Prevotella_multiformis",1
"56376","Filifactor_alocis","Prevotella_multiformis",1
"56410","Slackia_exigua","Prevotella_multiformis",1
"56420","Prevotella_pleuritidis","Prevotella_multiformis",1
"56450","Treponema_amylovorum","Prevotella_multiformis",1
"56459","Treponema_socranskii","Prevotella_multiformis",1
"56461","Dialister_pneumosintes","Prevotella_multiformis",1
"56478","Prevotella_intermedia","Prevotella_multiformis",1
"56481","Selenomonas_sputigena","Prevotella_multiformis",1
"56486","Alloprevotella_tannerae","Prevotella_multiformis",1
"56513","Selenomonas_infelix","Prevotella_multiformis",1
"56543","Phocaeicola_abscessus","Prevotella_multiformis",1
"56548","Prevotella_nigrescens","Prevotella_multiformis",1
"56563","Prevotella_buccae","Prevotella_multiformis",1
"56571","Mogibacterium_timidum","Prevotella_multiformis",1
"56584","Prevotella_oris","Prevotella_multiformis",1
"56602","Fretibacterium_fastidiosum","Prevotella_multiformis",1
"56632","Capnocytophaga_leadbetteri","Neisseria_canis",1
"56728","Streptococcus_sanguinis","Neisseria_canis",1
"56737","Capnocytophaga_granulosa","Neisseria_canis",1
"56810","Capnocytophaga_ochracea","Neisseria_canis",1
"56817","Selenomonas_sputigena","Neisseria_canis",1
"56849","Selenomonas_infelix","Neisseria_canis",1
"56890","Fusobacterium_nucleatum","Neisseria_canis",1
"56918","Streptococcus_mitis","Neisseria_canis",1
"56970","Prevotella_pallens","Centipeda_periodontii",1
"56977","Prevotella_denticola","Centipeda_periodontii",1
"56983","Dialister_invisus","Centipeda_periodontii",1
"56998","Prevotella_salivae","Centipeda_periodontii",1
"57028","Prevotella_marshii","Centipeda_periodontii",1
"57118","Atopobium_parvulum","Centipeda_periodontii",1
"57132","Treponema_socranskii","Centipeda_periodontii",1
"57154","Selenomonas_sputigena","Centipeda_periodontii",1
"57159","Alloprevotella_tannerae","Centipeda_periodontii",1
"57194","Oribacterium_sinus","Centipeda_periodontii",1
"57200","Campylobacter_concisus","Centipeda_periodontii",1
"57202","Megasphaera_micronuciformis","Centipeda_periodontii",1
"57221","Prevotella_nigrescens","Centipeda_periodontii",1
"57227","Fusobacterium_nucleatum","Centipeda_periodontii",1
"57228","Prevotella_saccharolytica","Centipeda_periodontii",1
"57254","Leptotrichia_wadei","Centipeda_periodontii",1
"57275","Fretibacterium_fastidiosum","Centipeda_periodontii",1
"57283","Prevotella_histicola","Centipeda_periodontii",1
"57309","Treponema_denticola","Actinomyces_israelii",1
"57315","Prevotella_denticola","Actinomyces_israelii",1
"57321","Dialister_invisus","Actinomyces_israelii",1
"57374","Selenomonas_noxia","Actinomyces_israelii",1
"57396","Streptococcus_gordonii","Actinomyces_israelii",1
"57403","Streptococcus_sanguinis","Actinomyces_israelii",1
"57410","Tannerella_forsythia","Actinomyces_israelii",1
"57417","Leptotrichia_hongkongensis","Actinomyces_israelii",1
"57421","Slackia_exigua","Actinomyces_israelii",1
"57450","Prevotella_oralis","Actinomyces_israelii",1
"57470","Treponema_socranskii","Actinomyces_israelii",1
"57485","Capnocytophaga_ochracea","Actinomyces_israelii",1
"57492","Selenomonas_sputigena","Actinomyces_israelii",1
"57497","Alloprevotella_tannerae","Actinomyces_israelii",1
"57506","Prevotella_maculosa","Actinomyces_israelii",1
"57524","Selenomonas_infelix","Actinomyces_israelii",1
"57552","Campylobacter_gracilis","Actinomyces_israelii",1
"57559","Prevotella_nigrescens","Actinomyces_israelii",1
"57560","Corynebacterium_matruchotii","Actinomyces_israelii",1
"57564","Scardovia_wiggsiae","Actinomyces_israelii",1
"57565","Fusobacterium_nucleatum","Actinomyces_israelii",1
"57589","Streptococcus_anginosus","Actinomyces_israelii",1
"57592","Leptotrichia_wadei","Actinomyces_israelii",1
"57595","Prevotella_oris","Actinomyces_israelii",1
"57615","Olsenella_profusa","Actinomyces_israelii",1
"57632","Rothia_aeria","Actinomyces_naeslundii",1
"57687","Rothia_dentocariosa","Actinomyces_naeslundii",1
"57707","Lautropia_mirabilis","Actinomyces_naeslundii",1
"57731","Lachnoanaerobaculum_saburreum","Actinomyces_naeslundii",1
"57735","Streptococcus_gordonii","Actinomyces_naeslundii",1
"57742","Streptococcus_sanguinis","Actinomyces_naeslundii",1
"57744","Fusobacterium_periodonticum","Actinomyces_naeslundii",-1
"57756","Leptotrichia_hongkongensis","Actinomyces_naeslundii",1
"57824","Capnocytophaga_ochracea","Actinomyces_naeslundii",1
"57891","Campylobacter_gracilis","Actinomyces_naeslundii",1
"57898","Prevotella_nigrescens","Actinomyces_naeslundii",1
"57910","Actinomyces_massiliensis","Actinomyces_naeslundii",1
"57922","Streptococcus_mutans","Actinomyces_naeslundii",1
"57929","Leptotrichia_trevisanii","Actinomyces_naeslundii",1
"57932","Streptococcus_mitis","Actinomyces_naeslundii",1
"57934","Prevotella_oris","Actinomyces_naeslundii",1
"57948","Corynebacterium_durum","Actinomyces_naeslundii",1
"57951","Cardiobacterium_hominis","Actinomyces_naeslundii",1
"58181","Actinomyces_lingnae","Actinomyces_turicensis",1
"58467","Streptococcus_parasanguinis","Lactobacillus_oris",1
"58550","Lactobacillus_fermentum","Lactobacillus_oris",1
"58739","Haemophilus_parainfluenzae","Streptococcus_lactarius",1
"58753","Rothia_mucilaginosa","Streptococcus_lactarius",1
"58894","Oribacterium_sinus","Streptococcus_lactarius",1
"58998","Rothia_aeria","Capnocytophaga_gingivalis",1
"59012","Capnocytophaga_leadbetteri","Capnocytophaga_gingivalis",1
"59039","Bergeyella_zoohelcum","Capnocytophaga_gingivalis",1
"59073","Lautropia_mirabilis","Capnocytophaga_gingivalis",1
"59082","Haemophilus_parainfluenzae","Capnocytophaga_gingivalis",1
"59110","Fusobacterium_periodonticum","Capnocytophaga_gingivalis",1
"59115","Tannerella_forsythia","Capnocytophaga_gingivalis",1
"59117","Capnocytophaga_granulosa","Capnocytophaga_gingivalis",1
"59167","Prevotella_nanceiensis","Capnocytophaga_gingivalis",1
"59190","Capnocytophaga_ochracea","Capnocytophaga_gingivalis",1
"59266","Eikenella_corrodens","Capnocytophaga_gingivalis",1
"59267","Parvimonas_micra","Capnocytophaga_gingivalis",1
"59270","Fusobacterium_nucleatum","Capnocytophaga_gingivalis",1
"59293","Neisseria_flavescens","Capnocytophaga_gingivalis",1
"59295","Leptotrichia_trevisanii","Capnocytophaga_gingivalis",1
"59302","Porphyromonas_catoniae","Capnocytophaga_gingivalis",1
"59349","Leptotrichia_buccalis","Prevotella_loescheii",1
"59356","Capnocytophaga_leadbetteri","Prevotella_loescheii",1
"59360","Porphyromonas_endodontalis","Prevotella_loescheii",1
"59364","Prevotella_denticola","Prevotella_loescheii",1
"59370","Dialister_invisus","Prevotella_loescheii",1
"59383","Bergeyella_zoohelcum","Prevotella_loescheii",1
"59392","Anaeroglobus_geminatus","Prevotella_loescheii",1
"59408","Treponema_pedis","Prevotella_loescheii",1
"59409","Campylobacter_curvus","Prevotella_loescheii",1
"59415","Prevotella_marshii","Prevotella_loescheii",1
"59417","Lautropia_mirabilis","Prevotella_loescheii",1
"59423","Selenomonas_noxia","Prevotella_loescheii",1
"59447","Bacteroides_zoogleoformans","Prevotella_loescheii",1
"59452","Streptococcus_sanguinis","Prevotella_loescheii",1
"59459","Tannerella_forsythia","Prevotella_loescheii",1
"59461","Capnocytophaga_granulosa","Prevotella_loescheii",1
"59466","Leptotrichia_hongkongensis","Prevotella_loescheii",1
"59482","Howardella_ureilytica","Prevotella_loescheii",1
"59509","Pasteurella_pneumotropica","Prevotella_loescheii",1
"59512","Wolinella_succinogenes","Prevotella_loescheii",1
"59515","Treponema_lecithinolyticum","Prevotella_loescheii",1
"59519","Treponema_socranskii","Prevotella_loescheii",1
"59533","Leptotrichia_shahii","Prevotella_loescheii",1
"59541","Selenomonas_sputigena","Prevotella_loescheii",1
"59548","Actinomyces_georgiae","Prevotella_loescheii",1
"59555","Prevotella_maculosa","Prevotella_loescheii",1
"59601","Campylobacter_gracilis","Prevotella_loescheii",1
"59603","Phocaeicola_abscessus","Prevotella_loescheii",1
"59608","Prevotella_nigrescens","Prevotella_loescheii",1
"59609","Corynebacterium_matruchotii","Prevotella_loescheii",1
"59610","Eikenella_corrodens","Prevotella_loescheii",1
"59614","Fusobacterium_nucleatum","Prevotella_loescheii",1
"59615","Prevotella_saccharolytica","Prevotella_loescheii",1
"59624","Fusobacterium_russii","Prevotella_loescheii",1
"59638","Streptococcus_anginosus","Prevotella_loescheii",1
"59639","Leptotrichia_trevisanii","Prevotella_loescheii",1
"59644","Prevotella_oris","Prevotella_loescheii",1
"59647","Fusobacterium_canifelinum","Prevotella_loescheii",1
"59654","Prevotella_micans","Prevotella_loescheii",1
"59661","Cardiobacterium_hominis","Prevotella_loescheii",1
"59662","Fretibacterium_fastidiosum","Prevotella_loescheii",1
"59664","Olsenella_profusa","Prevotella_loescheii",1
"59671","Aggregatibacter_segnis","Prevotella_loescheii",1
"59680","Actinomyces_israelii","Prevotella_loescheii",1
"59681","Actinomyces_naeslundii","Prevotella_loescheii",1
"60305","Fusobacterium_nucleatum","Paludibacter_propionicigenes",1
"60395","Prevotella_pallens","Veillonella_tobetsuensis",1
"60492","Fusobacterium_periodonticum","Veillonella_tobetsuensis",1
"60601","Veillonella_parvula","Veillonella_tobetsuensis",1
"60625","Campylobacter_concisus","Veillonella_tobetsuensis",1
"60626","Prevotella_melaninogenica","Veillonella_tobetsuensis",1
"60732","Veillonella_dispar","Prevotella_oulorum",1
"60756","Dialister_invisus","Prevotella_oulorum",1
"60771","Prevotella_salivae","Prevotella_oulorum",1
"60781","Prevotella_veroralis","Prevotella_oulorum",1
"60809","Selenomonas_noxia","Prevotella_oulorum",1
"60827","Lachnoanaerobaculum_saburreum","Prevotella_oulorum",1
"60852","Leptotrichia_hongkongensis","Prevotella_oulorum",1
"60877","Selenomonas_ruminantium","Prevotella_oulorum",1
"60891","Atopobium_parvulum","Prevotella_oulorum",1
"60908","Selenomonas_flueggei","Prevotella_oulorum",1
"60919","Leptotrichia_shahii","Prevotella_oulorum",1
"60927","Selenomonas_sputigena","Prevotella_oulorum",1
"60939","Lactobacillus_salivarius","Prevotella_oulorum",1
"60956","Lactobacillus_vaginalis","Prevotella_oulorum",1
"60959","Selenomonas_infelix","Prevotella_oulorum",1
"60962","Selenomonas_bovis","Prevotella_oulorum",1
"60973","Campylobacter_concisus","Prevotella_oulorum",1
"60974","Prevotella_melaninogenica","Prevotella_oulorum",1
"60975","Megasphaera_micronuciformis","Prevotella_oulorum",1
"60987","Campylobacter_gracilis","Prevotella_oulorum",1
"61023","Neisseria_flavescens","Prevotella_oulorum",-1
"61027","Leptotrichia_wadei","Prevotella_oulorum",1
"61056","Prevotella_histicola","Prevotella_oulorum",1
"61066","Actinomyces_israelii","Prevotella_oulorum",1
"61443","Treponema_denticola","Atopobium_rimae",1
"61444","Eubacterium_brachy","Atopobium_rimae",1
"61449","Prevotella_denticola","Atopobium_rimae",1
"61455","Dialister_invisus","Atopobium_rimae",1
"61457","Prevotella_enoeca","Atopobium_rimae",1
"61473","Eubacterium_nodatum","Atopobium_rimae",1
"61477","Anaeroglobus_geminatus","Atopobium_rimae",1
"61478","Olsenella_uli","Atopobium_rimae",1
"61487","Prevotella_dentalis","Atopobium_rimae",1
"61498","Schwartzia_succinivorans","Atopobium_rimae",1
"61500","Prevotella_marshii","Atopobium_rimae",1
"61509","Bifidobacterium_dentium","Atopobium_rimae",1
"61513","Streptococcus_sobrinus","Atopobium_rimae",1
"61521","Filifactor_alocis","Atopobium_rimae",1
"61536","Peptoniphilus_lacrimalis","Atopobium_rimae",1
"61551","Leptotrichia_hongkongensis","Atopobium_rimae",1
"61555","Slackia_exigua","Atopobium_rimae",1
"61559","Prevotella_multisaccharivorax","Atopobium_rimae",1
"61567","Howardella_ureilytica","Atopobium_rimae",1
"61570","Propionibacterium_acidifaciens","Atopobium_rimae",1
"61572","Parascardovia_denticolens","Atopobium_rimae",1
"61584","Prevotella_oralis","Atopobium_rimae",1
"61595","Treponema_amylovorum","Atopobium_rimae",1
"61604","Treponema_socranskii","Atopobium_rimae",1
"61606","Dialister_pneumosintes","Atopobium_rimae",1
"61609","Lactobacillus_reuteri","Atopobium_rimae",1
"61619","Capnocytophaga_ochracea","Atopobium_rimae",1
"61626","Selenomonas_sputigena","Atopobium_rimae",1
"61638","Lactobacillus_salivarius","Atopobium_rimae",1
"61639","Lactobacillus_crispatus","Atopobium_rimae",1
"61655","Lactobacillus_vaginalis","Atopobium_rimae",1
"61657","Treponema_medium","Atopobium_rimae",1
"61658","Selenomonas_infelix","Atopobium_rimae",1
"61664","Lactobacillus_fermentum","Atopobium_rimae",1
"61675","Cryptobacterium_curtum","Atopobium_rimae",1
"61677","Atopobium_vaginae","Atopobium_rimae",1
"61692","Streptococcus_constellatus","Atopobium_rimae",1
"61693","Prevotella_nigrescens","Atopobium_rimae",1
"61698","Scardovia_wiggsiae","Atopobium_rimae",1
"61699","Fusobacterium_nucleatum","Atopobium_rimae",1
"61708","Prevotella_buccae","Atopobium_rimae",1
"61715","Pseudoramibacter_alactolyticus","Atopobium_rimae",1
"61717","Streptococcus_mutans","Atopobium_rimae",1
"61723","Streptococcus_anginosus","Atopobium_rimae",1
"61729","Prevotella_oris","Atopobium_rimae",1
"61735","Eubacterium_infirmum","Atopobium_rimae",1
"61747","Fretibacterium_fastidiosum","Atopobium_rimae",1
"61751","Lactobacillus_gasseri","Atopobium_rimae",1
"61762","Prevotella_multiformis","Atopobium_rimae",1
"61764","Centipeda_periodontii","Atopobium_rimae",1
"61765","Actinomyces_israelii","Atopobium_rimae",1
"61768","Lactobacillus_oris","Atopobium_rimae",1
"61771","Prevotella_loescheii","Atopobium_rimae",1
"61775","Prevotella_oulorum","Atopobium_rimae",1
"62152","Prevotella_denticola","Scardovia_inopinata",1
"62212","Bifidobacterium_dentium","Scardovia_inopinata",1
"62275","Parascardovia_denticolens","Scardovia_inopinata",1
"62312","Lactobacillus_reuteri","Scardovia_inopinata",1
"62341","Lactobacillus_salivarius","Scardovia_inopinata",1
"62367","Lactobacillus_fermentum","Scardovia_inopinata",1
"62378","Cryptobacterium_curtum","Scardovia_inopinata",1
"62401","Scardovia_wiggsiae","Scardovia_inopinata",1
"62420","Streptococcus_mutans","Scardovia_inopinata",1
"62432","Prevotella_oris","Scardovia_inopinata",1
"62478","Prevotella_oulorum","Scardovia_inopinata",1
"62480","Atopobium_rimae","Scardovia_inopinata",1
"62489","Eubacterium_saphenum","Selenomonas_dianae",1
"62490","Leptotrichia_buccalis","Selenomonas_dianae",1
"62496","Prevotella_baroniae","Selenomonas_dianae",1
"62499","Treponema_denticola","Selenomonas_dianae",1
"62501","Porphyromonas_endodontalis","Selenomonas_dianae",1
"62505","Prevotella_denticola","Selenomonas_dianae",1
"62511","Dialister_invisus","Selenomonas_dianae",1
"62529","Eubacterium_nodatum","Selenomonas_dianae",1
"62533","Anaeroglobus_geminatus","Selenomonas_dianae",1
"62556","Prevotella_marshii","Selenomonas_dianae",1
"62564","Selenomonas_noxia","Selenomonas_dianae",1
"62568","Porphyromonas_gingivalis","Selenomonas_dianae",1
"62577","Filifactor_alocis","Selenomonas_dianae",1
"62580","Bacteroides_heparinolyticus","Selenomonas_dianae",1
"62585","Prevotella_paludivivens","Selenomonas_dianae",1
"62588","Bacteroides_zoogleoformans","Selenomonas_dianae",1
"62600","Tannerella_forsythia","Selenomonas_dianae",1
"62615","Prevotella_multisaccharivorax","Selenomonas_dianae",1
"62632","Selenomonas_ruminantium","Selenomonas_dianae",1
"62640","Prevotella_oralis","Selenomonas_dianae",1
"62650","Pasteurella_pneumotropica","Selenomonas_dianae",1
"62660","Treponema_socranskii","Selenomonas_dianae",1
"62662","Dialister_pneumosintes","Selenomonas_dianae",1
"62675","Capnocytophaga_ochracea","Selenomonas_dianae",1
"62679","Prevotella_intermedia","Selenomonas_dianae",1
"62682","Selenomonas_sputigena","Selenomonas_dianae",1
"62696","Prevotella_maculosa","Selenomonas_dianae",1
"62713","Treponema_medium","Selenomonas_dianae",1
"62714","Selenomonas_infelix","Selenomonas_dianae",1
"62724","Eggerthia_catenaformis","Selenomonas_dianae",1
"62742","Campylobacter_gracilis","Selenomonas_dianae",1
"62746","Campylobacter_rectus","Selenomonas_dianae",1
"62749","Prevotella_nigrescens","Selenomonas_dianae",1
"62750","Corynebacterium_matruchotii","Selenomonas_dianae",1
"62755","Fusobacterium_nucleatum","Selenomonas_dianae",1
"62756","Prevotella_saccharolytica","Selenomonas_dianae",1
"62757","Catonella_morbi","Selenomonas_dianae",1
"62764","Prevotella_buccae","Selenomonas_dianae",1
"62771","Pseudoramibacter_alactolyticus","Selenomonas_dianae",1
"62777","Treponema_pectinovorum","Selenomonas_dianae",1
"62782","Leptotrichia_wadei","Selenomonas_dianae",1
"62785","Prevotella_oris","Selenomonas_dianae",1
"62796","Treponema_succinifaciens","Selenomonas_dianae",1
"62803","Fretibacterium_fastidiosum","Selenomonas_dianae",1
"62819","Neisseria_canis","Selenomonas_dianae",1
"62821","Actinomyces_israelii","Selenomonas_dianae",1
"62827","Prevotella_loescheii","Selenomonas_dianae",1
"63209","Eubacterium_brachy","Treponema_maltophilum",1
"63210","Porphyromonas_endodontalis","Treponema_maltophilum",1
"63220","Dialister_invisus","Treponema_maltophilum",1
"63222","Prevotella_enoeca","Treponema_maltophilum",1
"63240","Ornatilinea_apprima","Treponema_maltophilum",1
"63242","Anaeroglobus_geminatus","Treponema_maltophilum",1
"63252","Prevotella_dentalis","Treponema_maltophilum",1
"63265","Prevotella_marshii","Treponema_maltophilum",1
"63286","Filifactor_alocis","Treponema_maltophilum",1
"63294","Prevotella_paludivivens","Treponema_maltophilum",1
"63306","Sporanaerobacter_acetigenes","Treponema_maltophilum",1
"63309","Tannerella_forsythia","Treponema_maltophilum",1
"63312","Neisseria_oralis","Treponema_maltophilum",1
"63320","Slackia_exigua","Treponema_maltophilum",1
"63327","Desulfobulbus_propionicus","Treponema_maltophilum",1
"63330","Prevotella_pleuritidis","Treponema_maltophilum",1
"63339","Streptobacillus_moniliformis","Treponema_maltophilum",1
"63344","Desulfobulbus_rhabdoformis","Treponema_maltophilum",1
"63362","Wolinella_succinogenes","Treponema_maltophilum",1
"63364","Shuttleworthia_satelles","Treponema_maltophilum",1
"63365","Treponema_lecithinolyticum","Treponema_maltophilum",1
"63369","Treponema_socranskii","Treponema_maltophilum",1
"63371","Dialister_pneumosintes","Treponema_maltophilum",1
"63384","Capnocytophaga_ochracea","Treponema_maltophilum",1
"63388","Prevotella_intermedia","Treponema_maltophilum",1
"63391","Selenomonas_sputigena","Treponema_maltophilum",1
"63394","Bulleidia_extructa","Treponema_maltophilum",1
"63396","Alloprevotella_tannerae","Treponema_maltophilum",1
"63405","Prevotella_maculosa","Treponema_maltophilum",1
"63414","Actinomyces_cardiffensis","Treponema_maltophilum",1
"63433","Eggerthia_catenaformis","Treponema_maltophilum",1
"63434","Clostridium_ultunense","Treponema_maltophilum",1
"63438","Prevotella_melaninogenica","Treponema_maltophilum",-1
"63451","Campylobacter_gracilis","Treponema_maltophilum",1
"63453","Phocaeicola_abscessus","Treponema_maltophilum",1
"63455","Campylobacter_rectus","Treponema_maltophilum",1
"63457","Streptococcus_constellatus","Treponema_maltophilum",1
"63459","Corynebacterium_matruchotii","Treponema_maltophilum",1
"63461","Parvimonas_micra","Treponema_maltophilum",1
"63464","Fusobacterium_nucleatum","Treponema_maltophilum",1
"63465","Prevotella_saccharolytica","Treponema_maltophilum",1
"63473","Prevotella_buccae","Treponema_maltophilum",1
"63486","Treponema_pectinovorum","Treponema_maltophilum",1
"63488","Streptococcus_anginosus","Treponema_maltophilum",1
"63490","Treponema_putidum","Treponema_maltophilum",1
"63494","Prevotella_oris","Treponema_maltophilum",1
"63500","Eubacterium_infirmum","Treponema_maltophilum",1
"63512","Fretibacterium_fastidiosum","Treponema_maltophilum",1
"63525","Ruminofilibacter_xylanolyticum","Treponema_maltophilum",1
"63536","Prevotella_loescheii","Treponema_maltophilum",1
"63545","Selenomonas_dianae","Treponema_maltophilum",1
"63561","Prevotella_baroniae","Treponema_vincentii",1
"63562","Capnocytophaga_leadbetteri","Treponema_vincentii",1
"63564","Treponema_denticola","Treponema_vincentii",1
"63566","Porphyromonas_endodontalis","Treponema_vincentii",1
"63567","Eubacterium_yurii","Treponema_vincentii",1
"63568","Prevotella_shahii","Treponema_vincentii",1
"63622","Treponema_parvum","Treponema_vincentii",1
"63642","Filifactor_alocis","Treponema_vincentii",1
"63664","Campylobacter_showae","Treponema_vincentii",1
"63665","Tannerella_forsythia","Treponema_vincentii",1
"63718","Wolinella_succinogenes","Treponema_vincentii",1
"63725","Treponema_socranskii","Treponema_vincentii",1
"63744","Prevotella_intermedia","Treponema_vincentii",1
"63747","Selenomonas_sputigena","Treponema_vincentii",1
"63752","Alloprevotella_tannerae","Treponema_vincentii",1
"63778","Treponema_medium","Treponema_vincentii",1
"63809","Phocaeicola_abscessus","Treponema_vincentii",1
"63820","Fusobacterium_nucleatum","Treponema_vincentii",1
"63822","Catonella_morbi","Treponema_vincentii",1
"63829","Prevotella_buccae","Treponema_vincentii",1
"63842","Treponema_pectinovorum","Treponema_vincentii",1
"63845","Leptotrichia_trevisanii","Treponema_vincentii",1
"63846","Treponema_putidum","Treponema_vincentii",1
"63850","Prevotella_oris","Treponema_vincentii",1
"63856","Eubacterium_infirmum","Treponema_vincentii",1
"63860","Prevotella_micans","Treponema_vincentii",1
"63868","Fretibacterium_fastidiosum","Treponema_vincentii",1
"63892","Prevotella_loescheii","Treponema_vincentii",1
"63914","Actinomyces_odontolyticus","Butyrivibrio_proteoclasticus",1
"63920","Prevotella_pallens","Butyrivibrio_proteoclasticus",1
"64068","Atopobium_parvulum","Butyrivibrio_proteoclasticus",1
"64086","Peptostreptococcus_stomatis","Butyrivibrio_proteoclasticus",1
"64150","Campylobacter_concisus","Butyrivibrio_proteoclasticus",1
"64263","Rothia_aeria","Haemophilus_haemolyticus",1
"64388","Gemella_haemolysans","Haemophilus_haemolyticus",1
"64393","Streptococcus_oralis","Haemophilus_haemolyticus",1
"64477","Haemophilus_influenzae","Haemophilus_haemolyticus",1
"64506","Granulicatella_elegans","Haemophilus_haemolyticus",1
"64535","Fusobacterium_nucleatum","Haemophilus_haemolyticus",1
"64563","Streptococcus_mitis","Haemophilus_haemolyticus",1
"64982","Rothia_aeria","Johnsonella_ignava",1
"64989","Leptotrichia_buccalis","Johnsonella_ignava",1
"64998","Treponema_denticola","Johnsonella_ignava",1
"64999","Eubacterium_brachy","Johnsonella_ignava",1
"65000","Porphyromonas_endodontalis","Johnsonella_ignava",1
"65001","Eubacterium_yurii","Johnsonella_ignava",1
"65012","Prevotella_enoeca","Johnsonella_ignava",1
"65022","Actinomyces_meyeri","Johnsonella_ignava",1
"65028","Eubacterium_nodatum","Johnsonella_ignava",1
"65033","Olsenella_uli","Johnsonella_ignava",1
"65045","Peptococcus_niger","Johnsonella_ignava",1
"65053","Schwartzia_succinivorans","Johnsonella_ignava",1
"65057","Lautropia_mirabilis","Johnsonella_ignava",1
"65063","Selenomonas_noxia","Johnsonella_ignava",1
"65067","Porphyromonas_gingivalis","Johnsonella_ignava",1
"65076","Filifactor_alocis","Johnsonella_ignava",1
"65083","Brachymonas_denitrificans","Johnsonella_ignava",1
"65086","Leptotrichia_hofstadii","Johnsonella_ignava",1
"65092","Streptococcus_sanguinis","Johnsonella_ignava",1
"65099","Tannerella_forsythia","Johnsonella_ignava",1
"65118","Cardiobacterium_valvarum","Johnsonella_ignava",1
"65120","Prevotella_pleuritidis","Johnsonella_ignava",1
"65150","Treponema_amylovorum","Johnsonella_ignava",1
"65155","Treponema_lecithinolyticum","Johnsonella_ignava",1
"65159","Treponema_socranskii","Johnsonella_ignava",1
"65161","Dialister_pneumosintes","Johnsonella_ignava",1
"65174","Capnocytophaga_ochracea","Johnsonella_ignava",1
"65181","Selenomonas_sputigena","Johnsonella_ignava",1
"65186","Alloprevotella_tannerae","Johnsonella_ignava",1
"65212","Treponema_medium","Johnsonella_ignava",1
"65241","Campylobacter_gracilis","Johnsonella_ignava",1
"65243","Phocaeicola_abscessus","Johnsonella_ignava",1
"65245","Campylobacter_rectus","Johnsonella_ignava",1
"65248","Prevotella_nigrescens","Johnsonella_ignava",1
"65249","Corynebacterium_matruchotii","Johnsonella_ignava",1
"65254","Fusobacterium_nucleatum","Johnsonella_ignava",1
"65255","Prevotella_saccharolytica","Johnsonella_ignava",1
"65263","Prevotella_buccae","Johnsonella_ignava",1
"65271","Mogibacterium_timidum","Johnsonella_ignava",1
"65290","Eubacterium_infirmum","Johnsonella_ignava",1
"65294","Prevotella_micans","Johnsonella_ignava",1
"65301","Cardiobacterium_hominis","Johnsonella_ignava",1
"65302","Fretibacterium_fastidiosum","Johnsonella_ignava",1
"65326","Prevotella_loescheii","Johnsonella_ignava",1
"65332","Atopobium_rimae","Johnsonella_ignava",1
"65335","Selenomonas_dianae","Johnsonella_ignava",1
"65337","Treponema_maltophilum","Johnsonella_ignava",1
"65580","Lactobacillus_fermentum","Lactobacillus_helveticus",1
"65667","Lactobacillus_gasseri","Lactobacillus_helveticus",1
"65707","Butyrivibrio_hungatei","Moryella_indoligenes",1
"65714","Actinomyces_odontolyticus","Moryella_indoligenes",1
"65720","Prevotella_pallens","Moryella_indoligenes",1
"65739","Lachnoanaerobaculum_orale","Moryella_indoligenes",1
"65748","Prevotella_salivae","Moryella_indoligenes",1
"65758","Prevotella_veroralis","Moryella_indoligenes",1
"65864","Alloprevotella_rava","Moryella_indoligenes",1
"65868","Atopobium_parvulum","Moryella_indoligenes",1
"65914","Actinomyces_lingnae","Moryella_indoligenes",1
"65938","Leptotrichia_goodfellowii","Moryella_indoligenes",1
"65944","Oribacterium_sinus","Moryella_indoligenes",1
"65950","Campylobacter_concisus","Moryella_indoligenes",1
"65952","Megasphaera_micronuciformis","Moryella_indoligenes",1
"65996","Streptococcus_thermophilus","Moryella_indoligenes",1
"66004","Leptotrichia_wadei","Moryella_indoligenes",1
"66447","Prevotella_pallens","Stomatobaculum_longum",1
"66466","Lachnoanaerobaculum_orale","Stomatobaculum_longum",1
"66468","Orientia_tsutsugamushi","Stomatobaculum_longum",1
"66471","Mogibacterium_diversum","Stomatobaculum_longum",1
"66475","Prevotella_salivae","Stomatobaculum_longum",1
"66582","Eubacterium_sulci","Stomatobaculum_longum",1
"66586","Streptococcus_parasanguinis","Stomatobaculum_longum",1
"66590","Actinomyces_graevenitzii","Stomatobaculum_longum",1
"66595","Atopobium_parvulum","Stomatobaculum_longum",1
"66617","Mobiluncus_curtisii","Stomatobaculum_longum",1
"66641","Actinomyces_lingnae","Stomatobaculum_longum",1
"66665","Leptotrichia_goodfellowii","Stomatobaculum_longum",1
"66666","Selenomonas_bovis","Stomatobaculum_longum",1
"66671","Oribacterium_sinus","Stomatobaculum_longum",1
"66677","Campylobacter_concisus","Stomatobaculum_longum",1
"66678","Prevotella_melaninogenica","Stomatobaculum_longum",1
"66679","Megasphaera_micronuciformis","Stomatobaculum_longum",1
"66688","Veillonella_atypica","Stomatobaculum_longum",1
"66706","Catonella_morbi","Stomatobaculum_longum",1
"66760","Prevotella_histicola","Stomatobaculum_longum",1
"66780","Prevotella_oulorum","Stomatobaculum_longum",1
"66794","Moryella_indoligenes","Stomatobaculum_longum",1
"67167","Veillonella_dispar","Veillonella_caviae",1
"70900","Prevotella_denticola","Dialister_succinatiphilus",1
"70928","Anaeroglobus_geminatus","Dialister_succinatiphilus",1
"73974","Lactobacillus_johnsonii","Lactobacillus_casei",1
"74004","Bifidobacterium_dentium","Lactobacillus_casei",1
"74104","Lactobacillus_reuteri","Lactobacillus_casei",1
"74150","Lactobacillus_vaginalis","Lactobacillus_casei",1
"74159","Lactobacillus_fermentum","Lactobacillus_casei",1
"75649","Peptostreptococcus_stomatis","Peptostreptococcus_anaerobius",1
"75909","Lactobacillus_johnsonii","Lactobacillus_amylovorus",1
"76039","Lactobacillus_reuteri","Lactobacillus_amylovorus",1
"76068","Lactobacillus_salivarius","Lactobacillus_amylovorus",1
"76085","Lactobacillus_vaginalis","Lactobacillus_amylovorus",1
"76094","Lactobacillus_fermentum","Lactobacillus_amylovorus",1
"76181","Lactobacillus_gasseri","Lactobacillus_amylovorus",1
"76484","Lactobacillus_fermentum","Lactobacillus_rhamnosus",1
"86624","Prevotella_oris","Prevotella_bergensis",1
"89070","Lactobacillus_fermentum","Lactobacillus_plantarum",1
"90570","Prevotella_salivae","Bifidobacterium_longum",1
"90681","Streptococcus_parasanguinis","Bifidobacterium_longum",1
"90811","Alloscardovia_omnicolens","Bifidobacterium_longum",1
"90855","Prevotella_histicola","Bifidobacterium_longum",1
"91464","Haemophilus_parainfluenzae","Necropsobacter_rosorum",1
"91604","Capnocytophaga_sputigena","Necropsobacter_rosorum",1
"91648","Eikenella_corrodens","Necropsobacter_rosorum",1
"115252","Streptococcus_mutans","Streptococcus_troglodytae",1
