"","Node1","Node2","Weight"
"15","Streptococcus_vestibularis","Veillonella_dispar",1
"30","Rothia_aeria","Leptotrichia_buccalis",1
"49","Butyrivibrio_hungatei","Actinomyces_odontolyticus",1
"51","Veillonella_dispar","Actinomyces_odontolyticus",1
"80","Rothia_aeria","Neisseria_sicca",1
"100","Leptotrichia_buccalis","Prevotella_baroniae",1
"106","Veillonella_rogosae","Capnocytophaga_leadbetteri",1
"114","Leptotrichia_buccalis","Capnocytophaga_leadbetteri",1
"124","Butyrivibrio_hungatei","Prevotella_pallens",1
"126","Veillonella_dispar","Prevotella_pallens",1
"131","Actinomyces_odontolyticus","Prevotella_pallens",1
"138","Rothia_aeria","Treponema_denticola",1
"145","Leptotrichia_buccalis","Treponema_denticola",1
"148","Bradyrhizobium_elkanii","Treponema_denticola",1
"151","Prevotella_baroniae","Treponema_denticola",1
"152","Capnocytophaga_leadbetteri","Treponema_denticola",1
"161","Eubacterium_saphenum","Eubacterium_brachy",1
"162","Leptotrichia_buccalis","Eubacterium_brachy",1
"168","Prevotella_baroniae","Eubacterium_brachy",1
"179","Eubacterium_saphenum","Porphyromonas_endodontalis",1
"180","Leptotrichia_buccalis","Porphyromonas_endodontalis",1
"186","Prevotella_baroniae","Porphyromonas_endodontalis",1
"187","Capnocytophaga_leadbetteri","Porphyromonas_endodontalis",1
"189","Treponema_denticola","Porphyromonas_endodontalis",1
"190","Eubacterium_brachy","Porphyromonas_endodontalis",1
"191","Veillonella_rogosae","Eubacterium_yurii",1
"192","Rothia_aeria","Eubacterium_yurii",1
"196","Veillonella_dispar","Eubacterium_yurii",-1
"197","Acinetobacter_johnsonii","Eubacterium_yurii",1
"199","Leptotrichia_buccalis","Eubacterium_yurii",1
"203","Neisseria_cinerea","Eubacterium_yurii",1
"206","Capnocytophaga_leadbetteri","Eubacterium_yurii",1
"208","Treponema_denticola","Eubacterium_yurii",1
"209","Eubacterium_brachy","Eubacterium_yurii",1
"210","Porphyromonas_endodontalis","Eubacterium_yurii",1
"211","Veillonella_rogosae","Prevotella_shahii",1
"214","Butyrivibrio_hungatei","Prevotella_shahii",1
"216","Veillonella_dispar","Prevotella_shahii",-1
"219","Leptotrichia_buccalis","Prevotella_shahii",1
"223","Neisseria_cinerea","Prevotella_shahii",1
"226","Capnocytophaga_leadbetteri","Prevotella_shahii",1
"227","Prevotella_pallens","Prevotella_shahii",1
"231","Eubacterium_yurii","Prevotella_shahii",1
"237","Veillonella_dispar","Actinomyces_howellii",1
"242","Actinomyces_odontolyticus","Actinomyces_howellii",1
"246","Prevotella_baroniae","Actinomyces_howellii",1
"261","Eubacterium_saphenum","Prevotella_denticola",1
"262","Leptotrichia_buccalis","Prevotella_denticola",1
"268","Prevotella_baroniae","Prevotella_denticola",1
"271","Treponema_denticola","Prevotella_denticola",1
"272","Eubacterium_brachy","Prevotella_denticola",1
"273","Porphyromonas_endodontalis","Prevotella_denticola",1
"301","Veillonella_rogosae","Haemophilus_haemoglobinophilus",1
"316","Capnocytophaga_leadbetteri","Haemophilus_haemoglobinophilus",1
"336","Actinomyces_odontolyticus","Prevotella_scopos",1
"342","Prevotella_pallens","Prevotella_scopos",1
"347","Prevotella_shahii","Prevotella_scopos",1
"374","Actinomyces_howellii","Actinomyces_oris",1
"375","Prevotella_denticola","Actinomyces_oris",1
"388","Clostridium_ruminantium","Megasphaera_elsdenii",1
"402","Prevotella_denticola","Megasphaera_elsdenii",1
"411","Streptococcus_vestibularis","Dialister_invisus",1
"412","Veillonella_dispar","Dialister_invisus",1
"414","Eubacterium_saphenum","Dialister_invisus",1
"415","Leptotrichia_buccalis","Dialister_invisus",1
"418","Bradyrhizobium_elkanii","Dialister_invisus",1
"421","Prevotella_baroniae","Dialister_invisus",1
"424","Treponema_denticola","Dialister_invisus",1
"425","Eubacterium_brachy","Dialister_invisus",1
"426","Porphyromonas_endodontalis","Dialister_invisus",1
"427","Eubacterium_yurii","Dialister_invisus",1
"429","Actinomyces_howellii","Dialister_invisus",1
"430","Prevotella_denticola","Dialister_invisus",1
"434","Actinomyces_oris","Dialister_invisus",1
"435","Megasphaera_elsdenii","Dialister_invisus",1
"437","Rothia_aeria","Granulicatella_adiacens",1
"473","Eubacterium_saphenum","Prevotella_enoeca",1
"474","Leptotrichia_buccalis","Prevotella_enoeca",1
"480","Prevotella_baroniae","Prevotella_enoeca",1
"483","Treponema_denticola","Prevotella_enoeca",1
"484","Eubacterium_brachy","Prevotella_enoeca",1
"485","Porphyromonas_endodontalis","Prevotella_enoeca",1
"486","Eubacterium_yurii","Prevotella_enoeca",1
"489","Prevotella_denticola","Prevotella_enoeca",1
"492","Prevotella_scopos","Prevotella_enoeca",1
"495","Dialister_invisus","Prevotella_enoeca",1
"501","Streptococcus_vestibularis","Streptococcus_cristatus",1
"519","Actinomyces_howellii","Streptococcus_cristatus",1
"527","Granulicatella_adiacens","Streptococcus_cristatus",1
"536","Eubacterium_saphenum","Veillonella_montpellierensis",1
"543","Prevotella_baroniae","Veillonella_montpellierensis",1
"546","Treponema_denticola","Veillonella_montpellierensis",1
"548","Porphyromonas_endodontalis","Veillonella_montpellierensis",1
"552","Prevotella_denticola","Veillonella_montpellierensis",1
"555","Prevotella_scopos","Veillonella_montpellierensis",1
"558","Dialister_invisus","Veillonella_montpellierensis",1
"569","Eubacterium_saphenum","Moraxella_lacunata",1
"570","Leptotrichia_buccalis","Moraxella_lacunata",1
"575","Neisseria_sicca","Moraxella_lacunata",1
"577","Capnocytophaga_leadbetteri","Moraxella_lacunata",1
"579","Treponema_denticola","Moraxella_lacunata",1
"580","Eubacterium_brachy","Moraxella_lacunata",1
"581","Porphyromonas_endodontalis","Moraxella_lacunata",1
"593","Prevotella_enoeca","Moraxella_lacunata",1
"595","Veillonella_montpellierensis","Moraxella_lacunata",1
"599","Butyrivibrio_hungatei","Lachnoanaerobaculum_orale",1
"601","Veillonella_dispar","Lachnoanaerobaculum_orale",1
"606","Actinomyces_odontolyticus","Lachnoanaerobaculum_orale",1
"612","Prevotella_pallens","Lachnoanaerobaculum_orale",1
"677","Actinomyces_odontolyticus","Orientia_tsutsugamushi",1
"683","Prevotella_pallens","Orientia_tsutsugamushi",1
"688","Prevotella_shahii","Orientia_tsutsugamushi",1
"696","Dialister_invisus","Orientia_tsutsugamushi",1
"702","Lachnoanaerobaculum_orale","Orientia_tsutsugamushi",1
"704","Veillonella_rogosae","Terrahaemophilus_aromaticivorans",1
"705","Rothia_aeria","Terrahaemophilus_aromaticivorans",1
"750","Leptotrichia_buccalis","Propionigenium_maris",1
"752","Actinomyces_odontolyticus","Propionigenium_maris",1
"758","Prevotella_pallens","Propionigenium_maris",1
"777","Lachnoanaerobaculum_orale","Propionigenium_maris",1
"797","Prevotella_pallens","Mogibacterium_diversum",1
"816","Lachnoanaerobaculum_orale","Mogibacterium_diversum",1
"828","Eubacterium_saphenum","Actinomyces_meyeri",1
"838","Treponema_denticola","Actinomyces_meyeri",1
"839","Eubacterium_brachy","Actinomyces_meyeri",1
"840","Porphyromonas_endodontalis","Actinomyces_meyeri",1
"841","Eubacterium_yurii","Actinomyces_meyeri",1
"843","Actinomyces_howellii","Actinomyces_meyeri",1
"844","Prevotella_denticola","Actinomyces_meyeri",1
"850","Dialister_invisus","Actinomyces_meyeri",1
"863","Rothia_aeria","Bergeyella_zoohelcum",1
"870","Leptotrichia_buccalis","Bergeyella_zoohelcum",1
"877","Capnocytophaga_leadbetteri","Bergeyella_zoohelcum",1
"881","Porphyromonas_endodontalis","Bergeyella_zoohelcum",1
"885","Prevotella_denticola","Bergeyella_zoohelcum",1
"891","Dialister_invisus","Bergeyella_zoohelcum",1
"893","Prevotella_enoeca","Bergeyella_zoohelcum",1
"894","Streptococcus_cristatus","Bergeyella_zoohelcum",1
"905","Rothia_aeria","Actinomyces_bowdenii",1
"912","Leptotrichia_buccalis","Actinomyces_bowdenii",1
"919","Capnocytophaga_leadbetteri","Actinomyces_bowdenii",1
"921","Treponema_denticola","Actinomyces_bowdenii",1
"922","Eubacterium_brachy","Actinomyces_bowdenii",1
"927","Prevotella_denticola","Actinomyces_bowdenii",1
"931","Actinomyces_oris","Actinomyces_bowdenii",1
"933","Dialister_invisus","Actinomyces_bowdenii",1
"936","Streptococcus_cristatus","Actinomyces_bowdenii",1
"945","Actinomyces_meyeri","Actinomyces_bowdenii",1
"948","Rothia_aeria","Prevotella_salivae",-1
"950","Butyrivibrio_hungatei","Prevotella_salivae",1
"952","Veillonella_dispar","Prevotella_salivae",1
"957","Actinomyces_odontolyticus","Prevotella_salivae",1
"962","Capnocytophaga_leadbetteri","Prevotella_salivae",-1
"963","Prevotella_pallens","Prevotella_salivae",1
"967","Eubacterium_yurii","Prevotella_salivae",-1
"969","Actinomyces_howellii","Prevotella_salivae",1
"970","Prevotella_denticola","Prevotella_salivae",1
"973","Prevotella_scopos","Prevotella_salivae",1
"982","Lachnoanaerobaculum_orale","Prevotella_salivae",1
"984","Orientia_tsutsugamushi","Prevotella_salivae",1
"986","Propionigenium_maris","Prevotella_salivae",1
"987","Mogibacterium_diversum","Prevotella_salivae",1
"992","Rothia_aeria","Actinobaculum_massiliense",1
"996","Veillonella_dispar","Actinobaculum_massiliense",1
"998","Eubacterium_saphenum","Actinobaculum_massiliense",1
"999","Leptotrichia_buccalis","Actinobaculum_massiliense",1
"1001","Actinomyces_odontolyticus","Actinobaculum_massiliense",1
"1005","Prevotella_baroniae","Actinobaculum_massiliense",1
"1006","Capnocytophaga_leadbetteri","Actinobaculum_massiliense",1
"1008","Treponema_denticola","Actinobaculum_massiliense",1
"1009","Eubacterium_brachy","Actinobaculum_massiliense",1
"1010","Porphyromonas_endodontalis","Actinobaculum_massiliense",1
"1020","Dialister_invisus","Actinobaculum_massiliense",1
"1033","Bergeyella_zoohelcum","Actinobaculum_massiliense",1
"1037","Rothia_aeria","Mannheimia_granulomatis",1
"1038","Aggregatibacter_actinomycetemcomitans","Mannheimia_granulomatis",1
"1044","Leptotrichia_buccalis","Mannheimia_granulomatis",1
"1050","Prevotella_baroniae","Mannheimia_granulomatis",1
"1051","Capnocytophaga_leadbetteri","Mannheimia_granulomatis",1
"1053","Treponema_denticola","Mannheimia_granulomatis",1
"1055","Porphyromonas_endodontalis","Mannheimia_granulomatis",1
"1056","Eubacterium_yurii","Mannheimia_granulomatis",1
"1057","Prevotella_shahii","Mannheimia_granulomatis",1
"1059","Prevotella_denticola","Mannheimia_granulomatis",1
"1061","Haemophilus_haemoglobinophilus","Mannheimia_granulomatis",1
"1065","Dialister_invisus","Mannheimia_granulomatis",1
"1067","Prevotella_enoeca","Mannheimia_granulomatis",1
"1078","Bergeyella_zoohelcum","Mannheimia_granulomatis",1
"1090","Leptotrichia_buccalis","Eubacterium_nodatum",1
"1093","Bradyrhizobium_elkanii","Eubacterium_nodatum",1
"1096","Prevotella_baroniae","Eubacterium_nodatum",1
"1098","Prevotella_pallens","Eubacterium_nodatum",-1
"1099","Treponema_denticola","Eubacterium_nodatum",1
"1100","Eubacterium_brachy","Eubacterium_nodatum",1
"1101","Porphyromonas_endodontalis","Eubacterium_nodatum",1
"1102","Eubacterium_yurii","Eubacterium_nodatum",1
"1105","Prevotella_denticola","Eubacterium_nodatum",1
"1111","Dialister_invisus","Eubacterium_nodatum",1
"1113","Prevotella_enoeca","Eubacterium_nodatum",1
"1116","Moraxella_lacunata","Eubacterium_nodatum",1
"1125","Actinomyces_bowdenii","Eubacterium_nodatum",1
"1130","Rothia_aeria","Planobacterium_taklimakanense",1
"1144","Capnocytophaga_leadbetteri","Planobacterium_taklimakanense",1
"1150","Prevotella_shahii","Planobacterium_taklimakanense",1
"1172","Actinomyces_bowdenii","Planobacterium_taklimakanense",1
"1175","Mannheimia_granulomatis","Planobacterium_taklimakanense",1
"1184","Eubacterium_saphenum","Ornatilinea_apprima",1
"1194","Treponema_denticola","Ornatilinea_apprima",1
"1196","Porphyromonas_endodontalis","Ornatilinea_apprima",1
"1206","Dialister_invisus","Ornatilinea_apprima",1
"1224","Eubacterium_nodatum","Ornatilinea_apprima",1
"1234","Leptotrichia_buccalis","Neisseria_pharyngis",1
"1241","Capnocytophaga_leadbetteri","Neisseria_pharyngis",1
"1245","Porphyromonas_endodontalis","Neisseria_pharyngis",1
"1247","Prevotella_shahii","Neisseria_pharyngis",1
"1280","Streptococcus_vestibularis","Anaeroglobus_geminatus",1
"1284","Leptotrichia_buccalis","Anaeroglobus_geminatus",1
"1285","Clostridium_ruminantium","Anaeroglobus_geminatus",1
"1290","Prevotella_baroniae","Anaeroglobus_geminatus",1
"1295","Porphyromonas_endodontalis","Anaeroglobus_geminatus",1
"1296","Eubacterium_yurii","Anaeroglobus_geminatus",1
"1299","Prevotella_denticola","Anaeroglobus_geminatus",1
"1304","Megasphaera_elsdenii","Anaeroglobus_geminatus",1
"1318","Bergeyella_zoohelcum","Anaeroglobus_geminatus",1
"1323","Eubacterium_nodatum","Anaeroglobus_geminatus",1
"1325","Ornatilinea_apprima","Anaeroglobus_geminatus",1
"1326","Neisseria_pharyngis","Anaeroglobus_geminatus",1
"1334","Eubacterium_saphenum","Olsenella_uli",1
"1335","Leptotrichia_buccalis","Olsenella_uli",1
"1343","Prevotella_pallens","Olsenella_uli",-1
"1344","Treponema_denticola","Olsenella_uli",1
"1345","Eubacterium_brachy","Olsenella_uli",1
"1346","Porphyromonas_endodontalis","Olsenella_uli",1
"1354","Actinomyces_oris","Olsenella_uli",1
"1355","Megasphaera_elsdenii","Olsenella_uli",1
"1356","Dialister_invisus","Olsenella_uli",1
"1358","Prevotella_enoeca","Olsenella_uli",1
"1366","Propionigenium_maris","Olsenella_uli",1
"1368","Actinomyces_meyeri","Olsenella_uli",1
"1372","Actinobaculum_massiliense","Olsenella_uli",1
"1374","Eubacterium_nodatum","Olsenella_uli",1
"1376","Ornatilinea_apprima","Olsenella_uli",1
"1378","Anaeroglobus_geminatus","Olsenella_uli",1
"1388","Clostridium_ruminantium","Lactobacillus_johnsonii",1
"1402","Prevotella_denticola","Lactobacillus_johnsonii",1
"1408","Dialister_invisus","Lactobacillus_johnsonii",1
"1435","Butyrivibrio_hungatei","Prevotella_veroralis",1
"1436","Streptococcus_vestibularis","Prevotella_veroralis",1
"1437","Veillonella_dispar","Prevotella_veroralis",1
"1442","Actinomyces_odontolyticus","Prevotella_veroralis",1
"1448","Prevotella_pallens","Prevotella_veroralis",1
"1455","Prevotella_denticola","Prevotella_veroralis",1
"1458","Prevotella_scopos","Prevotella_veroralis",1
"1463","Prevotella_enoeca","Prevotella_veroralis",1
"1467","Lachnoanaerobaculum_orale","Prevotella_veroralis",1
"1469","Orientia_tsutsugamushi","Prevotella_veroralis",1
"1471","Propionigenium_maris","Prevotella_veroralis",1
"1476","Prevotella_salivae","Prevotella_veroralis",1
"1484","Olsenella_uli","Prevotella_veroralis",1
"1491","Veillonella_dispar","Dialister_propionicifaciens",1
"1500","Prevotella_baroniae","Dialister_propionicifaciens",1
"1503","Treponema_denticola","Dialister_propionicifaciens",1
"1504","Eubacterium_brachy","Dialister_propionicifaciens",1
"1505","Porphyromonas_endodontalis","Dialister_propionicifaciens",1
"1509","Prevotella_denticola","Dialister_propionicifaciens",1
"1512","Prevotella_scopos","Dialister_propionicifaciens",1
"1514","Megasphaera_elsdenii","Dialister_propionicifaciens",1
"1515","Dialister_invisus","Dialister_propionicifaciens",1
"1517","Prevotella_enoeca","Dialister_propionicifaciens",1
"1527","Actinomyces_meyeri","Dialister_propionicifaciens",1
"1530","Prevotella_salivae","Dialister_propionicifaciens",1
"1537","Anaeroglobus_geminatus","Dialister_propionicifaciens",1
"1538","Olsenella_uli","Dialister_propionicifaciens",1
"1540","Prevotella_veroralis","Dialister_propionicifaciens",1
"1542","Rothia_aeria","Rothia_dentocariosa",1
"1545","Streptococcus_vestibularis","Rothia_dentocariosa",1
"1546","Veillonella_dispar","Rothia_dentocariosa",1
"1547","Acinetobacter_johnsonii","Rothia_dentocariosa",1
"1552","Bradyrhizobium_elkanii","Rothia_dentocariosa",1
"1563","Actinomyces_howellii","Rothia_dentocariosa",1
"1568","Actinomyces_oris","Rothia_dentocariosa",1
"1577","Bacillus_pumilus","Rothia_dentocariosa",1
"1584","Actinomyces_bowdenii","Rothia_dentocariosa",1
"1592","Anaeroglobus_geminatus","Rothia_dentocariosa",1
"1593","Olsenella_uli","Rothia_dentocariosa",1
"1605","Leptotrichia_buccalis","Mycoplasma_faucium",1
"1610","Neisseria_sicca","Mycoplasma_faucium",1
"1611","Prevotella_baroniae","Mycoplasma_faucium",1
"1614","Treponema_denticola","Mycoplasma_faucium",1
"1615","Eubacterium_brachy","Mycoplasma_faucium",1
"1616","Porphyromonas_endodontalis","Mycoplasma_faucium",1
"1617","Eubacterium_yurii","Mycoplasma_faucium",1
"1620","Prevotella_denticola","Mycoplasma_faucium",1
"1623","Prevotella_scopos","Mycoplasma_faucium",1
"1626","Dialister_invisus","Mycoplasma_faucium",1
"1628","Prevotella_enoeca","Mycoplasma_faucium",1
"1642","Actinobaculum_massiliense","Mycoplasma_faucium",1
"1646","Ornatilinea_apprima","Mycoplasma_faucium",1
"1648","Anaeroglobus_geminatus","Mycoplasma_faucium",1
"1651","Prevotella_veroralis","Mycoplasma_faucium",1
"1656","Aggregatibacter_actinomycetemcomitans","Mycoplasma_hyosynoviae",1
"1661","Eubacterium_saphenum","Mycoplasma_hyosynoviae",1
"1667","Neisseria_sicca","Mycoplasma_hyosynoviae",1
"1668","Prevotella_baroniae","Mycoplasma_hyosynoviae",1
"1671","Treponema_denticola","Mycoplasma_hyosynoviae",1
"1672","Eubacterium_brachy","Mycoplasma_hyosynoviae",1
"1673","Porphyromonas_endodontalis","Mycoplasma_hyosynoviae",1
"1674","Eubacterium_yurii","Mycoplasma_hyosynoviae",1
"1676","Actinomyces_howellii","Mycoplasma_hyosynoviae",1
"1677","Prevotella_denticola","Mycoplasma_hyosynoviae",1
"1683","Dialister_invisus","Mycoplasma_hyosynoviae",1
"1685","Prevotella_enoeca","Mycoplasma_hyosynoviae",1
"1695","Actinomyces_meyeri","Mycoplasma_hyosynoviae",1
"1701","Eubacterium_nodatum","Mycoplasma_hyosynoviae",1
"1703","Ornatilinea_apprima","Mycoplasma_hyosynoviae",1
"1706","Olsenella_uli","Mycoplasma_hyosynoviae",1
"1710","Rothia_dentocariosa","Mycoplasma_hyosynoviae",1
"1711","Mycoplasma_faucium","Mycoplasma_hyosynoviae",1
"1720","Leptotrichia_buccalis","Azospira_oryzae",1
"1774","Butyrivibrio_hungatei","Alysiella_crassa",1
"1785","Prevotella_baroniae","Alysiella_crassa",1
"1788","Treponema_denticola","Alysiella_crassa",1
"1790","Porphyromonas_endodontalis","Alysiella_crassa",1
"1791","Eubacterium_yurii","Alysiella_crassa",1
"1796","Haemophilus_haemoglobinophilus","Alysiella_crassa",1
"1802","Prevotella_enoeca","Alysiella_crassa",1
"1803","Streptococcus_cristatus","Alysiella_crassa",1
"1812","Actinomyces_meyeri","Alysiella_crassa",1
"1813","Bergeyella_zoohelcum","Alysiella_crassa",1
"1818","Eubacterium_nodatum","Alysiella_crassa",1
"1825","Prevotella_veroralis","Alysiella_crassa",1
"1828","Mycoplasma_faucium","Alysiella_crassa",1
"1838","Eubacterium_saphenum","Prevotella_dentalis",1
"1839","Leptotrichia_buccalis","Prevotella_dentalis",1
"1848","Treponema_denticola","Prevotella_dentalis",1
"1849","Eubacterium_brachy","Prevotella_dentalis",1
"1850","Porphyromonas_endodontalis","Prevotella_dentalis",1
"1851","Eubacterium_yurii","Prevotella_dentalis",1
"1854","Prevotella_denticola","Prevotella_dentalis",1
"1860","Dialister_invisus","Prevotella_dentalis",1
"1878","Eubacterium_nodatum","Prevotella_dentalis",1
"1881","Neisseria_pharyngis","Prevotella_dentalis",1
"1883","Olsenella_uli","Prevotella_dentalis",1
"1887","Rothia_dentocariosa","Prevotella_dentalis",1
"1888","Mycoplasma_faucium","Prevotella_dentalis",1
"1889","Mycoplasma_hyosynoviae","Prevotella_dentalis",1
"1955","Rothia_aeria","Corynebacterium_jeikeium",1
"1959","Veillonella_dispar","Corynebacterium_jeikeium",1
"1962","Leptotrichia_buccalis","Corynebacterium_jeikeium",1
"1972","Eubacterium_brachy","Corynebacterium_jeikeium",1
"1976","Actinomyces_howellii","Corynebacterium_jeikeium",1
"1983","Dialister_invisus","Corynebacterium_jeikeium",1
"2006","Olsenella_uli","Corynebacterium_jeikeium",1
"2010","Rothia_dentocariosa","Corynebacterium_jeikeium",1
"2017","Veillonella_rogosae","Peptococcus_niger",1
"2018","Rothia_aeria","Peptococcus_niger",1
"2019","Aggregatibacter_actinomycetemcomitans","Peptococcus_niger",1
"2024","Eubacterium_saphenum","Peptococcus_niger",1
"2025","Leptotrichia_buccalis","Peptococcus_niger",1
"2031","Prevotella_baroniae","Peptococcus_niger",1
"2032","Capnocytophaga_leadbetteri","Peptococcus_niger",1
"2034","Treponema_denticola","Peptococcus_niger",1
"2035","Eubacterium_brachy","Peptococcus_niger",1
"2036","Porphyromonas_endodontalis","Peptococcus_niger",1
"2038","Prevotella_shahii","Peptococcus_niger",1
"2040","Prevotella_denticola","Peptococcus_niger",1
"2046","Dialister_invisus","Peptococcus_niger",1
"2048","Prevotella_enoeca","Peptococcus_niger",1
"2051","Moraxella_lacunata","Peptococcus_niger",1
"2054","Orientia_tsutsugamushi","Peptococcus_niger",1
"2058","Actinomyces_meyeri","Peptococcus_niger",1
"2063","Mannheimia_granulomatis","Peptococcus_niger",1
"2064","Eubacterium_nodatum","Peptococcus_niger",1
"2065","Planobacterium_taklimakanense","Peptococcus_niger",1
"2066","Ornatilinea_apprima","Peptococcus_niger",1
"2068","Anaeroglobus_geminatus","Peptococcus_niger",1
"2069","Olsenella_uli","Peptococcus_niger",1
"2074","Mycoplasma_faucium","Peptococcus_niger",1
"2077","Alysiella_crassa","Peptococcus_niger",1
"2146","Veillonella_rogosae","Treponema_refringens",1
"2154","Leptotrichia_buccalis","Treponema_refringens",1
"2161","Capnocytophaga_leadbetteri","Treponema_refringens",1
"2165","Porphyromonas_endodontalis","Treponema_refringens",1
"2166","Eubacterium_yurii","Treponema_refringens",1
"2167","Prevotella_shahii","Treponema_refringens",1
"2172","Prevotella_scopos","Treponema_refringens",1
"2180","Moraxella_lacunata","Treponema_refringens",1
"2183","Orientia_tsutsugamushi","Treponema_refringens",1
"2194","Planobacterium_taklimakanense","Treponema_refringens",1
"2196","Neisseria_pharyngis","Treponema_refringens",1
"2205","Azospira_oryzae","Treponema_refringens",1
"2208","Acidithiobacillus_thiooxidans","Treponema_refringens",1
"2210","Peptococcus_niger","Treponema_refringens",1
"2213","Rothia_aeria","Treponema_pedis",1
"2220","Leptotrichia_buccalis","Treponema_pedis",1
"2226","Prevotella_baroniae","Treponema_pedis",1
"2229","Treponema_denticola","Treponema_pedis",1
"2230","Eubacterium_brachy","Treponema_pedis",1
"2231","Porphyromonas_endodontalis","Treponema_pedis",1
"2232","Eubacterium_yurii","Treponema_pedis",1
"2235","Prevotella_denticola","Treponema_pedis",1
"2238","Prevotella_scopos","Treponema_pedis",1
"2239","Actinomyces_oris","Treponema_pedis",1
"2241","Dialister_invisus","Treponema_pedis",1
"2243","Prevotella_enoeca","Treponema_pedis",1
"2253","Actinomyces_meyeri","Treponema_pedis",1
"2259","Eubacterium_nodatum","Treponema_pedis",1
"2262","Neisseria_pharyngis","Treponema_pedis",1
"2263","Anaeroglobus_geminatus","Treponema_pedis",1
"2264","Olsenella_uli","Treponema_pedis",1
"2266","Prevotella_veroralis","Treponema_pedis",1
"2269","Mycoplasma_faucium","Treponema_pedis",1
"2276","Peptococcus_niger","Treponema_pedis",1
"2287","Leptotrichia_buccalis","Campylobacter_curvus",1
"2293","Prevotella_baroniae","Campylobacter_curvus",1
"2294","Capnocytophaga_leadbetteri","Campylobacter_curvus",1
"2296","Treponema_denticola","Campylobacter_curvus",1
"2297","Eubacterium_brachy","Campylobacter_curvus",1
"2298","Porphyromonas_endodontalis","Campylobacter_curvus",1
"2302","Prevotella_denticola","Campylobacter_curvus",1
"2308","Dialister_invisus","Campylobacter_curvus",1
"2327","Planobacterium_taklimakanense","Campylobacter_curvus",1
"2328","Ornatilinea_apprima","Campylobacter_curvus",1
"2330","Anaeroglobus_geminatus","Campylobacter_curvus",1
"2335","Rothia_dentocariosa","Campylobacter_curvus",1
"2337","Mycoplasma_hyosynoviae","Campylobacter_curvus",1
"2404","Mycoplasma_faucium","Prevotella_bivia",1
"2418","Aggregatibacter_actinomycetemcomitans","Mycoplasma_feliminutum",1
"2423","Eubacterium_saphenum","Mycoplasma_feliminutum",1
"2433","Treponema_denticola","Mycoplasma_feliminutum",1
"2435","Porphyromonas_endodontalis","Mycoplasma_feliminutum",1
"2445","Dialister_invisus","Mycoplasma_feliminutum",1
"2463","Eubacterium_nodatum","Mycoplasma_feliminutum",1
"2473","Mycoplasma_faucium","Mycoplasma_feliminutum",1
"2477","Prevotella_dentalis","Mycoplasma_feliminutum",1
"2483","Treponema_pedis","Mycoplasma_feliminutum",1
"2487","Rothia_aeria","Streptococcus_pneumoniae",1
"2501","Capnocytophaga_leadbetteri","Streptococcus_pneumoniae",1
"2510","Actinobacillus_minor","Streptococcus_pneumoniae",1
"2516","Granulicatella_adiacens","Streptococcus_pneumoniae",1
"2520","Moraxella_lacunata","Streptococcus_pneumoniae",1
"2522","Bacillus_pumilus","Streptococcus_pneumoniae",1
"2528","Bergeyella_zoohelcum","Streptococcus_pneumoniae",1
"2534","Planobacterium_taklimakanense","Streptococcus_pneumoniae",1
"2536","Neisseria_pharyngis","Streptococcus_pneumoniae",1
"2542","Rothia_dentocariosa","Streptococcus_pneumoniae",1
"2543","Mycoplasma_faucium","Streptococcus_pneumoniae",1
"2545","Azospira_oryzae","Streptococcus_pneumoniae",1
"2546","Alysiella_crassa","Streptococcus_pneumoniae",1
"2548","Acidithiobacillus_thiooxidans","Streptococcus_pneumoniae",1
"2564","Eubacterium_saphenum","Schwartzia_succinivorans",1
"2565","Leptotrichia_buccalis","Schwartzia_succinivorans",1
"2568","Bradyrhizobium_elkanii","Schwartzia_succinivorans",1
"2571","Prevotella_baroniae","Schwartzia_succinivorans",1
"2572","Capnocytophaga_leadbetteri","Schwartzia_succinivorans",1
"2576","Porphyromonas_endodontalis","Schwartzia_succinivorans",1
"2577","Eubacterium_yurii","Schwartzia_succinivorans",1
"2580","Prevotella_denticola","Schwartzia_succinivorans",1
"2586","Dialister_invisus","Schwartzia_succinivorans",1
"2588","Prevotella_enoeca","Schwartzia_succinivorans",1
"2598","Actinomyces_meyeri","Schwartzia_succinivorans",1
"2600","Actinomyces_bowdenii","Schwartzia_succinivorans",1
"2606","Ornatilinea_apprima","Schwartzia_succinivorans",1
"2608","Anaeroglobus_geminatus","Schwartzia_succinivorans",1
"2609","Olsenella_uli","Schwartzia_succinivorans",1
"2611","Prevotella_veroralis","Schwartzia_succinivorans",1
"2615","Mycoplasma_hyosynoviae","Schwartzia_succinivorans",1
"2618","Prevotella_dentalis","Schwartzia_succinivorans",1
"2621","Peptococcus_niger","Schwartzia_succinivorans",1
"2624","Treponema_pedis","Schwartzia_succinivorans",1
"2625","Campylobacter_curvus","Schwartzia_succinivorans",1
"2636","Eubacterium_saphenum","Actinomyces_hyovaginalis",1
"2639","Actinomyces_odontolyticus","Actinomyces_hyovaginalis",1
"2643","Prevotella_baroniae","Actinomyces_hyovaginalis",1
"2646","Treponema_denticola","Actinomyces_hyovaginalis",1
"2647","Eubacterium_brachy","Actinomyces_hyovaginalis",1
"2648","Porphyromonas_endodontalis","Actinomyces_hyovaginalis",1
"2655","Prevotella_scopos","Actinomyces_hyovaginalis",1
"2658","Dialister_invisus","Actinomyces_hyovaginalis",1
"2660","Prevotella_enoeca","Actinomyces_hyovaginalis",1
"2669","Mogibacterium_diversum","Actinomyces_hyovaginalis",1
"2676","Eubacterium_nodatum","Actinomyces_hyovaginalis",1
"2680","Anaeroglobus_geminatus","Actinomyces_hyovaginalis",1
"2681","Olsenella_uli","Actinomyces_hyovaginalis",1
"2684","Dialister_propionicifaciens","Actinomyces_hyovaginalis",1
"2686","Mycoplasma_faucium","Actinomyces_hyovaginalis",1
"2700","Streptococcus_pneumoniae","Actinomyces_hyovaginalis",1
"2708","Acinetobacter_johnsonii","Prevotella_marshii",1
"2709","Eubacterium_saphenum","Prevotella_marshii",1
"2710","Leptotrichia_buccalis","Prevotella_marshii",1
"2716","Prevotella_baroniae","Prevotella_marshii",1
"2717","Capnocytophaga_leadbetteri","Prevotella_marshii",1
"2719","Treponema_denticola","Prevotella_marshii",1
"2720","Eubacterium_brachy","Prevotella_marshii",1
"2721","Porphyromonas_endodontalis","Prevotella_marshii",1
"2722","Eubacterium_yurii","Prevotella_marshii",1
"2725","Prevotella_denticola","Prevotella_marshii",1
"2731","Dialister_invisus","Prevotella_marshii",1
"2744","Bergeyella_zoohelcum","Prevotella_marshii",1
"2752","Neisseria_pharyngis","Prevotella_marshii",1
"2753","Anaeroglobus_geminatus","Prevotella_marshii",1
"2756","Prevotella_veroralis","Prevotella_marshii",1
"2759","Mycoplasma_faucium","Prevotella_marshii",1
"2766","Peptococcus_niger","Prevotella_marshii",1
"2769","Treponema_pedis","Prevotella_marshii",1
"2770","Campylobacter_curvus","Prevotella_marshii",1
"2783","Eubacterium_saphenum","Treponema_parvum",1
"2784","Leptotrichia_buccalis","Treponema_parvum",1
"2790","Prevotella_baroniae","Treponema_parvum",1
"2791","Capnocytophaga_leadbetteri","Treponema_parvum",1
"2793","Treponema_denticola","Treponema_parvum",1
"2794","Eubacterium_brachy","Treponema_parvum",1
"2795","Porphyromonas_endodontalis","Treponema_parvum",1
"2796","Eubacterium_yurii","Treponema_parvum",1
"2799","Prevotella_denticola","Treponema_parvum",1
"2805","Dialister_invisus","Treponema_parvum",1
"2807","Prevotella_enoeca","Treponema_parvum",1
"2823","Eubacterium_nodatum","Treponema_parvum",1
"2827","Anaeroglobus_geminatus","Treponema_parvum",1
"2828","Olsenella_uli","Treponema_parvum",1
"2830","Prevotella_veroralis","Treponema_parvum",1
"2835","Azospira_oryzae","Treponema_parvum",1
"2846","Mycoplasma_feliminutum","Treponema_parvum",1
"2852","Rothia_aeria","Lautropia_mirabilis",1
"2857","Acinetobacter_johnsonii","Lautropia_mirabilis",1
"2859","Leptotrichia_buccalis","Lautropia_mirabilis",1
"2860","Clostridium_ruminantium","Lautropia_mirabilis",1
"2862","Bradyrhizobium_elkanii","Lautropia_mirabilis",1
"2864","Neisseria_sicca","Lautropia_mirabilis",1
"2866","Capnocytophaga_leadbetteri","Lautropia_mirabilis",1
"2867","Prevotella_pallens","Lautropia_mirabilis",-1
"2871","Eubacterium_yurii","Lautropia_mirabilis",1
"2875","Actinobacillus_minor","Lautropia_mirabilis",1
"2876","Haemophilus_haemoglobinophilus","Lautropia_mirabilis",1
"2889","Terrahaemophilus_aromaticivorans","Lautropia_mirabilis",1
"2893","Bergeyella_zoohelcum","Lautropia_mirabilis",1
"2894","Actinomyces_bowdenii","Lautropia_mirabilis",1
"2895","Prevotella_salivae","Lautropia_mirabilis",-1
"2896","Actinobaculum_massiliense","Lautropia_mirabilis",1
"2897","Mannheimia_granulomatis","Lautropia_mirabilis",1
"2899","Planobacterium_taklimakanense","Lautropia_mirabilis",1
"2901","Neisseria_pharyngis","Lautropia_mirabilis",1
"2910","Azospira_oryzae","Lautropia_mirabilis",1
"2913","Acidithiobacillus_thiooxidans","Lautropia_mirabilis",1
"2918","Treponema_pedis","Lautropia_mirabilis",1
"3004","Veillonella_rogosae","Actinobacillus_rossii",1
"3005","Rothia_aeria","Actinobacillus_rossii",1
"3017","Neisseria_sicca","Actinobacillus_rossii",1
"3019","Capnocytophaga_leadbetteri","Actinobacillus_rossii",1
"3025","Prevotella_shahii","Actinobacillus_rossii",1
"3028","Actinobacillus_minor","Actinobacillus_rossii",1
"3034","Granulicatella_adiacens","Actinobacillus_rossii",1
"3042","Terrahaemophilus_aromaticivorans","Actinobacillus_rossii",1
"3052","Planobacterium_taklimakanense","Actinobacillus_rossii",1
"3066","Acidithiobacillus_thiooxidans","Actinobacillus_rossii",1
"3080","Lautropia_mirabilis","Actinobacillus_rossii",1
"3083","Rothia_aeria","Actinomyces_gerencseriae",1
"3086","Streptococcus_vestibularis","Actinomyces_gerencseriae",1
"3087","Veillonella_dispar","Actinomyces_gerencseriae",1
"3090","Leptotrichia_buccalis","Actinomyces_gerencseriae",1
"3092","Actinomyces_odontolyticus","Actinomyces_gerencseriae",1
"3100","Eubacterium_brachy","Actinomyces_gerencseriae",1
"3101","Porphyromonas_endodontalis","Actinomyces_gerencseriae",1
"3102","Eubacterium_yurii","Actinomyces_gerencseriae",1
"3105","Prevotella_denticola","Actinomyces_gerencseriae",1
"3111","Dialister_invisus","Actinomyces_gerencseriae",1
"3113","Prevotella_enoeca","Actinomyces_gerencseriae",1
"3123","Actinomyces_meyeri","Actinomyces_gerencseriae",1
"3124","Bergeyella_zoohelcum","Actinomyces_gerencseriae",1
"3125","Actinomyces_bowdenii","Actinomyces_gerencseriae",1
"3133","Anaeroglobus_geminatus","Actinomyces_gerencseriae",1
"3138","Rothia_dentocariosa","Actinomyces_gerencseriae",1
"3147","Acinetobacter_baumannii","Actinomyces_gerencseriae",1
"3156","Prevotella_marshii","Actinomyces_gerencseriae",1
"3157","Treponema_parvum","Actinomyces_gerencseriae",1
"3158","Lautropia_mirabilis","Actinomyces_gerencseriae",1
"3170","Clostridium_ruminantium","Bacteroides_stercoris",1
"3242","Rothia_aeria","Neisseria_shayeganii",1
"3249","Leptotrichia_buccalis","Neisseria_shayeganii",1
"3256","Capnocytophaga_leadbetteri","Neisseria_shayeganii",1
"3266","Haemophilus_haemoglobinophilus","Neisseria_shayeganii",1
"3270","Dialister_invisus","Neisseria_shayeganii",1
"3283","Bergeyella_zoohelcum","Neisseria_shayeganii",1
"3289","Planobacterium_taklimakanense","Neisseria_shayeganii",1
"3317","Lautropia_mirabilis","Neisseria_shayeganii",1
"3325","Butyrivibrio_hungatei","Selenomonas_noxia",1
"3327","Veillonella_dispar","Selenomonas_noxia",1
"3328","Acinetobacter_johnsonii","Selenomonas_noxia",1
"3330","Leptotrichia_buccalis","Selenomonas_noxia",1
"3333","Bradyrhizobium_elkanii","Selenomonas_noxia",1
"3337","Capnocytophaga_leadbetteri","Selenomonas_noxia",1
"3339","Treponema_denticola","Selenomonas_noxia",1
"3340","Eubacterium_brachy","Selenomonas_noxia",1
"3341","Porphyromonas_endodontalis","Selenomonas_noxia",1
"3342","Eubacterium_yurii","Selenomonas_noxia",1
"3345","Prevotella_denticola","Selenomonas_noxia",1
"3349","Actinomyces_oris","Selenomonas_noxia",1
"3350","Megasphaera_elsdenii","Selenomonas_noxia",1
"3351","Dialister_invisus","Selenomonas_noxia",1
"3357","Lachnoanaerobaculum_orale","Selenomonas_noxia",1
"3361","Propionigenium_maris","Selenomonas_noxia",1
"3363","Actinomyces_meyeri","Selenomonas_noxia",1
"3364","Bergeyella_zoohelcum","Selenomonas_noxia",1
"3365","Actinomyces_bowdenii","Selenomonas_noxia",1
"3367","Actinobaculum_massiliense","Selenomonas_noxia",1
"3369","Eubacterium_nodatum","Selenomonas_noxia",1
"3371","Ornatilinea_apprima","Selenomonas_noxia",1
"3374","Olsenella_uli","Selenomonas_noxia",1
"3376","Prevotella_veroralis","Selenomonas_noxia",1
"3377","Dialister_propionicifaciens","Selenomonas_noxia",1
"3380","Mycoplasma_hyosynoviae","Selenomonas_noxia",1
"3381","Azospira_oryzae","Selenomonas_noxia",1
"3384","Acidithiobacillus_thiooxidans","Selenomonas_noxia",1
"3385","Corynebacterium_jeikeium","Selenomonas_noxia",1
"3387","Acinetobacter_baumannii","Selenomonas_noxia",1
"3389","Treponema_pedis","Selenomonas_noxia",1
"3390","Campylobacter_curvus","Selenomonas_noxia",1
"3394","Schwartzia_succinivorans","Selenomonas_noxia",1
"3397","Treponema_parvum","Selenomonas_noxia",1
"3398","Lautropia_mirabilis","Selenomonas_noxia",1
"3401","Actinomyces_gerencseriae","Selenomonas_noxia",1
"3408","Streptococcus_vestibularis","Bifidobacterium_dentium",1
"3409","Veillonella_dispar","Bifidobacterium_dentium",1
"3415","Bradyrhizobium_elkanii","Bifidobacterium_dentium",1
"3421","Treponema_denticola","Bifidobacterium_dentium",1
"3422","Eubacterium_brachy","Bifidobacterium_dentium",1
"3427","Prevotella_denticola","Bifidobacterium_dentium",1
"3433","Dialister_invisus","Bifidobacterium_dentium",1
"3453","Ornatilinea_apprima","Bifidobacterium_dentium",1
"3455","Anaeroglobus_geminatus","Bifidobacterium_dentium",1
"3456","Olsenella_uli","Bifidobacterium_dentium",1
"3458","Prevotella_veroralis","Bifidobacterium_dentium",1
"3460","Rothia_dentocariosa","Bifidobacterium_dentium",1
"3476","Schwartzia_succinivorans","Bifidobacterium_dentium",1
"3483","Actinomyces_gerencseriae","Bifidobacterium_dentium",1
"3486","Selenomonas_noxia","Bifidobacterium_dentium",1
"3571","Veillonella_rogosae","Haemophilus_parainfluenzae",1
"3572","Rothia_aeria","Haemophilus_parainfluenzae",1
"3586","Capnocytophaga_leadbetteri","Haemophilus_parainfluenzae",1
"3592","Prevotella_shahii","Haemophilus_parainfluenzae",1
"3595","Actinobacillus_minor","Haemophilus_parainfluenzae",1
"3596","Haemophilus_haemoglobinophilus","Haemophilus_parainfluenzae",1
"3605","Moraxella_lacunata","Haemophilus_parainfluenzae",1
"3607","Bacillus_pumilus","Haemophilus_parainfluenzae",1
"3609","Terrahaemophilus_aromaticivorans","Haemophilus_parainfluenzae",1
"3613","Bergeyella_zoohelcum","Haemophilus_parainfluenzae",1
"3615","Prevotella_salivae","Haemophilus_parainfluenzae",-1
"3617","Mannheimia_granulomatis","Haemophilus_parainfluenzae",1
"3619","Planobacterium_taklimakanense","Haemophilus_parainfluenzae",1
"3621","Neisseria_pharyngis","Haemophilus_parainfluenzae",1
"3623","Olsenella_uli","Haemophilus_parainfluenzae",-1
"3625","Prevotella_veroralis","Haemophilus_parainfluenzae",-1
"3633","Acidithiobacillus_thiooxidans","Haemophilus_parainfluenzae",1
"3642","Streptococcus_pneumoniae","Haemophilus_parainfluenzae",1
"3647","Lautropia_mirabilis","Haemophilus_parainfluenzae",1
"3649","Actinobacillus_rossii","Haemophilus_parainfluenzae",1
"3663","Eubacterium_saphenum","Porphyromonas_gingivalis",1
"3664","Leptotrichia_buccalis","Porphyromonas_gingivalis",1
"3666","Actinomyces_odontolyticus","Porphyromonas_gingivalis",-1
"3667","Bradyrhizobium_elkanii","Porphyromonas_gingivalis",1
"3670","Prevotella_baroniae","Porphyromonas_gingivalis",1
"3673","Treponema_denticola","Porphyromonas_gingivalis",1
"3674","Eubacterium_brachy","Porphyromonas_gingivalis",1
"3675","Porphyromonas_endodontalis","Porphyromonas_gingivalis",1
"3676","Eubacterium_yurii","Porphyromonas_gingivalis",1
"3679","Prevotella_denticola","Porphyromonas_gingivalis",1
"3680","Actinobacillus_minor","Porphyromonas_gingivalis",1
"3685","Dialister_invisus","Porphyromonas_gingivalis",1
"3687","Prevotella_enoeca","Porphyromonas_gingivalis",1
"3690","Moraxella_lacunata","Porphyromonas_gingivalis",1
"3700","Prevotella_salivae","Porphyromonas_gingivalis",-1
"3701","Actinobaculum_massiliense","Porphyromonas_gingivalis",1
"3705","Ornatilinea_apprima","Porphyromonas_gingivalis",1
"3706","Neisseria_pharyngis","Porphyromonas_gingivalis",1
"3707","Anaeroglobus_geminatus","Porphyromonas_gingivalis",1
"3708","Olsenella_uli","Porphyromonas_gingivalis",1
"3713","Mycoplasma_faucium","Porphyromonas_gingivalis",1
"3714","Mycoplasma_hyosynoviae","Porphyromonas_gingivalis",1
"3717","Prevotella_dentalis","Porphyromonas_gingivalis",1
"3720","Peptococcus_niger","Porphyromonas_gingivalis",1
"3723","Treponema_pedis","Porphyromonas_gingivalis",1
"3724","Campylobacter_curvus","Porphyromonas_gingivalis",1
"3726","Mycoplasma_feliminutum","Porphyromonas_gingivalis",1
"3728","Schwartzia_succinivorans","Porphyromonas_gingivalis",1
"3729","Actinomyces_hyovaginalis","Porphyromonas_gingivalis",1
"3730","Prevotella_marshii","Porphyromonas_gingivalis",1
"3731","Treponema_parvum","Porphyromonas_gingivalis",1
"3735","Actinomyces_gerencseriae","Porphyromonas_gingivalis",1
"3746","Streptococcus_vestibularis","Streptococcus_sobrinus",1
"3747","Veillonella_dispar","Streptococcus_sobrinus",1
"3765","Prevotella_denticola","Streptococcus_sobrinus",1
"3798","Rothia_dentocariosa","Streptococcus_sobrinus",1
"3821","Actinomyces_gerencseriae","Streptococcus_sobrinus",1
"3825","Bifidobacterium_dentium","Streptococcus_sobrinus",1
"4022","Prevotella_pallens","Bacteroides_acidifaciens",1
"4103","Eubacterium_saphenum","Prevotella_amnii",1
"4110","Prevotella_baroniae","Prevotella_amnii",1
"4111","Capnocytophaga_leadbetteri","Prevotella_amnii",1
"4115","Porphyromonas_endodontalis","Prevotella_amnii",1
"4117","Prevotella_shahii","Prevotella_amnii",1
"4122","Prevotella_scopos","Prevotella_amnii",1
"4125","Dialister_invisus","Prevotella_amnii",1
"4127","Prevotella_enoeca","Prevotella_amnii",1
"4143","Eubacterium_nodatum","Prevotella_amnii",1
"4153","Mycoplasma_faucium","Prevotella_amnii",1
"4163","Treponema_pedis","Prevotella_amnii",1
"4167","Streptococcus_pneumoniae","Prevotella_amnii",1
"4182","Porphyromonas_gingivalis","Prevotella_amnii",1
"4186","Bacteroides_acidifaciens","Prevotella_amnii",1
"4243","Rothia_dentocariosa","Streptococcus_agalactiae",1
"4286","Eubacterium_saphenum","Treponema_bryantii",1
"4287","Leptotrichia_buccalis","Treponema_bryantii",1
"4288","Clostridium_ruminantium","Treponema_bryantii",1
"4292","Neisseria_sicca","Treponema_bryantii",1
"4296","Treponema_denticola","Treponema_bryantii",1
"4297","Eubacterium_brachy","Treponema_bryantii",1
"4298","Porphyromonas_endodontalis","Treponema_bryantii",1
"4299","Eubacterium_yurii","Treponema_bryantii",1
"4302","Prevotella_denticola","Treponema_bryantii",1
"4308","Dialister_invisus","Treponema_bryantii",1
"4310","Prevotella_enoeca","Treponema_bryantii",1
"4321","Bergeyella_zoohelcum","Treponema_bryantii",1
"4324","Actinobaculum_massiliense","Treponema_bryantii",1
"4326","Eubacterium_nodatum","Treponema_bryantii",1
"4328","Ornatilinea_apprima","Treponema_bryantii",1
"4330","Anaeroglobus_geminatus","Treponema_bryantii",1
"4331","Olsenella_uli","Treponema_bryantii",1
"4332","Lactobacillus_johnsonii","Treponema_bryantii",1
"4336","Mycoplasma_faucium","Treponema_bryantii",1
"4338","Azospira_oryzae","Treponema_bryantii",1
"4340","Prevotella_dentalis","Treponema_bryantii",1
"4342","Corynebacterium_jeikeium","Treponema_bryantii",1
"4344","Acinetobacter_baumannii","Treponema_bryantii",1
"4345","Treponema_refringens","Treponema_bryantii",1
"4351","Schwartzia_succinivorans","Treponema_bryantii",1
"4352","Actinomyces_hyovaginalis","Treponema_bryantii",1
"4353","Prevotella_marshii","Treponema_bryantii",1
"4356","Barnesiella_intestinihominis","Treponema_bryantii",1
"4360","Neisseria_shayeganii","Treponema_bryantii",1
"4361","Selenomonas_noxia","Treponema_bryantii",1
"4362","Bifidobacterium_dentium","Treponema_bryantii",1
"4365","Porphyromonas_gingivalis","Treponema_bryantii",1
"4381","Clostridium_ruminantium","Bacteroides_intestinalis",1
"4384","Neisseria_cinerea","Bacteroides_intestinalis",1
"4385","Neisseria_sicca","Bacteroides_intestinalis",1
"4386","Prevotella_baroniae","Bacteroides_intestinalis",1
"4387","Capnocytophaga_leadbetteri","Bacteroides_intestinalis",1
"4389","Treponema_denticola","Bacteroides_intestinalis",1
"4391","Porphyromonas_endodontalis","Bacteroides_intestinalis",1
"4392","Eubacterium_yurii","Bacteroides_intestinalis",1
"4393","Prevotella_shahii","Bacteroides_intestinalis",1
"4396","Actinobacillus_minor","Bacteroides_intestinalis",1
"4403","Prevotella_enoeca","Bacteroides_intestinalis",1
"4405","Veillonella_montpellierensis","Bacteroides_intestinalis",1
"4406","Moraxella_lacunata","Bacteroides_intestinalis",1
"4414","Bergeyella_zoohelcum","Bacteroides_intestinalis",1
"4420","Planobacterium_taklimakanense","Bacteroides_intestinalis",1
"4422","Neisseria_pharyngis","Bacteroides_intestinalis",1
"4434","Acidithiobacillus_thiooxidans","Bacteroides_intestinalis",1
"4436","Peptococcus_niger","Bacteroides_intestinalis",1
"4448","Lautropia_mirabilis","Bacteroides_intestinalis",1
"4450","Actinobacillus_rossii","Bacteroides_intestinalis",1
"4457","Haemophilus_parainfluenzae","Bacteroides_intestinalis",1
"4458","Porphyromonas_gingivalis","Bacteroides_intestinalis",1
"4463","Prevotella_amnii","Bacteroides_intestinalis",1
"4474","Leptotrichia_buccalis","Filifactor_alocis",1
"4485","Porphyromonas_endodontalis","Filifactor_alocis",1
"4486","Eubacterium_yurii","Filifactor_alocis",1
"4489","Prevotella_denticola","Filifactor_alocis",1
"4490","Actinobacillus_minor","Filifactor_alocis",1
"4495","Dialister_invisus","Filifactor_alocis",1
"4497","Prevotella_enoeca","Filifactor_alocis",1
"4500","Moraxella_lacunata","Filifactor_alocis",1
"4511","Actinobaculum_massiliense","Filifactor_alocis",1
"4512","Mannheimia_granulomatis","Filifactor_alocis",1
"4515","Ornatilinea_apprima","Filifactor_alocis",1
"4516","Neisseria_pharyngis","Filifactor_alocis",1
"4517","Anaeroglobus_geminatus","Filifactor_alocis",1
"4518","Olsenella_uli","Filifactor_alocis",1
"4523","Mycoplasma_faucium","Filifactor_alocis",1
"4524","Mycoplasma_hyosynoviae","Filifactor_alocis",1
"4526","Alysiella_crassa","Filifactor_alocis",1
"4527","Prevotella_dentalis","Filifactor_alocis",1
"4530","Peptococcus_niger","Filifactor_alocis",1
"4533","Treponema_pedis","Filifactor_alocis",1
"4536","Mycoplasma_feliminutum","Filifactor_alocis",1
"4537","Streptococcus_pneumoniae","Filifactor_alocis",1
"4539","Actinomyces_hyovaginalis","Filifactor_alocis",1
"4540","Prevotella_marshii","Filifactor_alocis",1
"4543","Barnesiella_intestinihominis","Filifactor_alocis",1
"4545","Actinomyces_gerencseriae","Filifactor_alocis",1
"4548","Selenomonas_noxia","Filifactor_alocis",1
"4549","Bifidobacterium_dentium","Filifactor_alocis",1
"4552","Porphyromonas_gingivalis","Filifactor_alocis",1
"4557","Prevotella_amnii","Filifactor_alocis",1
"4559","Treponema_bryantii","Filifactor_alocis",1
"4664","Eubacterium_saphenum","Odoribacter_denticanis",1
"4665","Leptotrichia_buccalis","Odoribacter_denticanis",1
"4671","Prevotella_baroniae","Odoribacter_denticanis",1
"4672","Capnocytophaga_leadbetteri","Odoribacter_denticanis",1
"4674","Treponema_denticola","Odoribacter_denticanis",1
"4675","Eubacterium_brachy","Odoribacter_denticanis",1
"4676","Porphyromonas_endodontalis","Odoribacter_denticanis",1
"4680","Prevotella_denticola","Odoribacter_denticanis",1
"4682","Haemophilus_haemoglobinophilus","Odoribacter_denticanis",1
"4686","Dialister_invisus","Odoribacter_denticanis",1
"4688","Prevotella_enoeca","Odoribacter_denticanis",1
"4704","Eubacterium_nodatum","Odoribacter_denticanis",1
"4706","Ornatilinea_apprima","Odoribacter_denticanis",1
"4708","Anaeroglobus_geminatus","Odoribacter_denticanis",1
"4709","Olsenella_uli","Odoribacter_denticanis",1
"4711","Prevotella_veroralis","Odoribacter_denticanis",1
"4715","Mycoplasma_hyosynoviae","Odoribacter_denticanis",1
"4718","Prevotella_dentalis","Odoribacter_denticanis",1
"4721","Peptococcus_niger","Odoribacter_denticanis",1
"4723","Treponema_refringens","Odoribacter_denticanis",1
"4725","Campylobacter_curvus","Odoribacter_denticanis",1
"4728","Streptococcus_pneumoniae","Odoribacter_denticanis",1
"4729","Schwartzia_succinivorans","Odoribacter_denticanis",1
"4730","Actinomyces_hyovaginalis","Odoribacter_denticanis",1
"4731","Prevotella_marshii","Odoribacter_denticanis",1
"4739","Selenomonas_noxia","Odoribacter_denticanis",1
"4740","Bifidobacterium_dentium","Odoribacter_denticanis",1
"4743","Porphyromonas_gingivalis","Odoribacter_denticanis",1
"4751","Bacteroides_intestinalis","Odoribacter_denticanis",1
"4752","Filifactor_alocis","Odoribacter_denticanis",1
"4761","Eubacterium_saphenum","Bacteroides_heparinolyticus",1
"4765","Bradyrhizobium_elkanii","Bacteroides_heparinolyticus",1
"4768","Prevotella_baroniae","Bacteroides_heparinolyticus",1
"4769","Capnocytophaga_leadbetteri","Bacteroides_heparinolyticus",1
"4771","Treponema_denticola","Bacteroides_heparinolyticus",1
"4772","Eubacterium_brachy","Bacteroides_heparinolyticus",1
"4773","Porphyromonas_endodontalis","Bacteroides_heparinolyticus",1
"4774","Eubacterium_yurii","Bacteroides_heparinolyticus",1
"4777","Prevotella_denticola","Bacteroides_heparinolyticus",1
"4783","Dialister_invisus","Bacteroides_heparinolyticus",1
"4785","Prevotella_enoeca","Bacteroides_heparinolyticus",1
"4796","Bergeyella_zoohelcum","Bacteroides_heparinolyticus",1
"4805","Anaeroglobus_geminatus","Bacteroides_heparinolyticus",1
"4806","Olsenella_uli","Bacteroides_heparinolyticus",1
"4811","Mycoplasma_faucium","Bacteroides_heparinolyticus",1
"4818","Peptococcus_niger","Bacteroides_heparinolyticus",1
"4821","Treponema_pedis","Bacteroides_heparinolyticus",1
"4822","Campylobacter_curvus","Bacteroides_heparinolyticus",1
"4826","Schwartzia_succinivorans","Bacteroides_heparinolyticus",1
"4828","Prevotella_marshii","Bacteroides_heparinolyticus",1
"4829","Treponema_parvum","Bacteroides_heparinolyticus",1
"4834","Bacteroides_stercoris","Bacteroides_heparinolyticus",1
"4836","Selenomonas_noxia","Bacteroides_heparinolyticus",1
"4837","Bifidobacterium_dentium","Bacteroides_heparinolyticus",1
"4840","Porphyromonas_gingivalis","Bacteroides_heparinolyticus",1
"4845","Prevotella_amnii","Bacteroides_heparinolyticus",1
"4847","Treponema_bryantii","Bacteroides_heparinolyticus",1
"4848","Bacteroides_intestinalis","Bacteroides_heparinolyticus",1
"4849","Filifactor_alocis","Bacteroides_heparinolyticus",1
"4853","Rothia_aeria","Rothia_mucilaginosa",1
"4858","Acinetobacter_johnsonii","Rothia_mucilaginosa",1
"4882","Granulicatella_adiacens","Rothia_mucilaginosa",1
"4888","Bacillus_pumilus","Rothia_mucilaginosa",1
"4890","Terrahaemophilus_aromaticivorans","Rothia_mucilaginosa",1
"4908","Rothia_dentocariosa","Rothia_mucilaginosa",1
"4923","Streptococcus_pneumoniae","Rothia_mucilaginosa",1
"4937","Haemophilus_parainfluenzae","Rothia_mucilaginosa",1
"4954","Butyrivibrio_hungatei","Lachnoanaerobaculum_saburreum",1
"4955","Streptococcus_vestibularis","Lachnoanaerobaculum_saburreum",1
"4956","Veillonella_dispar","Lachnoanaerobaculum_saburreum",1
"4968","Treponema_denticola","Lachnoanaerobaculum_saburreum",1
"4969","Eubacterium_brachy","Lachnoanaerobaculum_saburreum",1
"4973","Actinomyces_howellii","Lachnoanaerobaculum_saburreum",1
"4974","Prevotella_denticola","Lachnoanaerobaculum_saburreum",1
"4978","Actinomyces_oris","Lachnoanaerobaculum_saburreum",1
"4979","Megasphaera_elsdenii","Lachnoanaerobaculum_saburreum",1
"4980","Dialister_invisus","Lachnoanaerobaculum_saburreum",1
"4986","Lachnoanaerobaculum_orale","Lachnoanaerobaculum_saburreum",1
"4992","Actinomyces_meyeri","Lachnoanaerobaculum_saburreum",1
"4993","Bergeyella_zoohelcum","Lachnoanaerobaculum_saburreum",1
"4994","Actinomyces_bowdenii","Lachnoanaerobaculum_saburreum",1
"4995","Prevotella_salivae","Lachnoanaerobaculum_saburreum",1
"4996","Actinobaculum_massiliense","Lachnoanaerobaculum_saburreum",1
"5000","Ornatilinea_apprima","Lachnoanaerobaculum_saburreum",1
"5002","Anaeroglobus_geminatus","Lachnoanaerobaculum_saburreum",1
"5003","Olsenella_uli","Lachnoanaerobaculum_saburreum",1
"5004","Lactobacillus_johnsonii","Lachnoanaerobaculum_saburreum",1
"5005","Prevotella_veroralis","Lachnoanaerobaculum_saburreum",1
"5006","Dialister_propionicifaciens","Lachnoanaerobaculum_saburreum",1
"5007","Rothia_dentocariosa","Lachnoanaerobaculum_saburreum",1
"5012","Prevotella_dentalis","Lachnoanaerobaculum_saburreum",1
"5014","Corynebacterium_jeikeium","Lachnoanaerobaculum_saburreum",1
"5016","Acinetobacter_baumannii","Lachnoanaerobaculum_saburreum",1
"5018","Treponema_pedis","Lachnoanaerobaculum_saburreum",1
"5019","Campylobacter_curvus","Lachnoanaerobaculum_saburreum",1
"5024","Actinomyces_hyovaginalis","Lachnoanaerobaculum_saburreum",1
"5025","Prevotella_marshii","Lachnoanaerobaculum_saburreum",1
"5026","Treponema_parvum","Lachnoanaerobaculum_saburreum",1
"5030","Actinomyces_gerencseriae","Lachnoanaerobaculum_saburreum",1
"5033","Selenomonas_noxia","Lachnoanaerobaculum_saburreum",1
"5034","Bifidobacterium_dentium","Lachnoanaerobaculum_saburreum",1
"5049","Bacteroides_heparinolyticus","Lachnoanaerobaculum_saburreum",1
"5153","Rothia_aeria","Brachymonas_denitrificans",1
"5160","Leptotrichia_buccalis","Brachymonas_denitrificans",1
"5165","Neisseria_sicca","Brachymonas_denitrificans",1
"5167","Capnocytophaga_leadbetteri","Brachymonas_denitrificans",1
"5169","Treponema_denticola","Brachymonas_denitrificans",1
"5170","Eubacterium_brachy","Brachymonas_denitrificans",1
"5171","Porphyromonas_endodontalis","Brachymonas_denitrificans",1
"5172","Eubacterium_yurii","Brachymonas_denitrificans",1
"5173","Prevotella_shahii","Brachymonas_denitrificans",1
"5177","Haemophilus_haemoglobinophilus","Brachymonas_denitrificans",1
"5181","Dialister_invisus","Brachymonas_denitrificans",1
"5194","Bergeyella_zoohelcum","Brachymonas_denitrificans",1
"5198","Mannheimia_granulomatis","Brachymonas_denitrificans",1
"5200","Planobacterium_taklimakanense","Brachymonas_denitrificans",1
"5201","Ornatilinea_apprima","Brachymonas_denitrificans",1
"5202","Neisseria_pharyngis","Brachymonas_denitrificans",1
"5203","Anaeroglobus_geminatus","Brachymonas_denitrificans",1
"5209","Mycoplasma_faucium","Brachymonas_denitrificans",1
"5210","Mycoplasma_hyosynoviae","Brachymonas_denitrificans",1
"5211","Azospira_oryzae","Brachymonas_denitrificans",1
"5220","Campylobacter_curvus","Brachymonas_denitrificans",1
"5223","Streptococcus_pneumoniae","Brachymonas_denitrificans",1
"5227","Treponema_parvum","Brachymonas_denitrificans",1
"5228","Lautropia_mirabilis","Brachymonas_denitrificans",1
"5234","Selenomonas_noxia","Brachymonas_denitrificans",1
"5238","Porphyromonas_gingivalis","Brachymonas_denitrificans",1
"5245","Treponema_bryantii","Brachymonas_denitrificans",1
"5247","Filifactor_alocis","Brachymonas_denitrificans",1
"5253","Acinetobacter_lwoffii","Brachymonas_denitrificans",1
"5261","Eubacterium_saphenum","Prevotella_paludivivens",1
"5268","Prevotella_baroniae","Prevotella_paludivivens",1
"5271","Treponema_denticola","Prevotella_paludivivens",1
"5272","Eubacterium_brachy","Prevotella_paludivivens",1
"5273","Porphyromonas_endodontalis","Prevotella_paludivivens",1
"5274","Eubacterium_yurii","Prevotella_paludivivens",1
"5277","Prevotella_denticola","Prevotella_paludivivens",1
"5278","Actinobacillus_minor","Prevotella_paludivivens",1
"5283","Dialister_invisus","Prevotella_paludivivens",1
"5285","Prevotella_enoeca","Prevotella_paludivivens",1
"5301","Eubacterium_nodatum","Prevotella_paludivivens",1
"5305","Anaeroglobus_geminatus","Prevotella_paludivivens",1
"5306","Olsenella_uli","Prevotella_paludivivens",1
"5311","Mycoplasma_faucium","Prevotella_paludivivens",1
"5315","Prevotella_dentalis","Prevotella_paludivivens",1
"5318","Peptococcus_niger","Prevotella_paludivivens",1
"5324","Mycoplasma_feliminutum","Prevotella_paludivivens",1
"5326","Schwartzia_succinivorans","Prevotella_paludivivens",1
"5327","Actinomyces_hyovaginalis","Prevotella_paludivivens",1
"5328","Prevotella_marshii","Prevotella_paludivivens",1
"5340","Porphyromonas_gingivalis","Prevotella_paludivivens",1
"5347","Treponema_bryantii","Prevotella_paludivivens",1
"5348","Bacteroides_intestinalis","Prevotella_paludivivens",1
"5349","Filifactor_alocis","Prevotella_paludivivens",1
"5361","Streptococcus_vestibularis","Streptococcus_gordonii",1
"5362","Veillonella_dispar","Streptococcus_gordonii",1
"5378","Prevotella_shahii","Streptococcus_gordonii",-1
"5379","Actinomyces_howellii","Streptococcus_gordonii",1
"5384","Actinomyces_oris","Streptococcus_gordonii",1
"5387","Granulicatella_adiacens","Streptococcus_gordonii",1
"5389","Streptococcus_cristatus","Streptococcus_gordonii",1
"5393","Bacillus_pumilus","Streptococcus_gordonii",1
"5402","Actinobaculum_massiliense","Streptococcus_gordonii",1
"5409","Olsenella_uli","Streptococcus_gordonii",1
"5410","Lactobacillus_johnsonii","Streptococcus_gordonii",1
"5413","Rothia_dentocariosa","Streptococcus_gordonii",1
"5428","Streptococcus_pneumoniae","Streptococcus_gordonii",1
"5440","Bifidobacterium_dentium","Streptococcus_gordonii",1
"5444","Streptococcus_sobrinus","Streptococcus_gordonii",1
"5446","Acinetobacter_junii","Streptococcus_gordonii",1
"5449","Streptococcus_agalactiae","Streptococcus_gordonii",1
"5450","Treponema_bryantii","Streptococcus_gordonii",1
"5457","Lachnoanaerobaculum_saburreum","Streptococcus_gordonii",1
"5462","Rothia_aeria","Leptotrichia_hofstadii",1
"5469","Leptotrichia_buccalis","Leptotrichia_hofstadii",1
"5472","Bradyrhizobium_elkanii","Leptotrichia_hofstadii",1
"5476","Capnocytophaga_leadbetteri","Leptotrichia_hofstadii",1
"5478","Treponema_denticola","Leptotrichia_hofstadii",1
"5479","Eubacterium_brachy","Leptotrichia_hofstadii",1
"5481","Eubacterium_yurii","Leptotrichia_hofstadii",1
"5484","Prevotella_denticola","Leptotrichia_hofstadii",1
"5485","Actinobacillus_minor","Leptotrichia_hofstadii",1
"5490","Dialister_invisus","Leptotrichia_hofstadii",1
"5492","Prevotella_enoeca","Leptotrichia_hofstadii",1
"5493","Streptococcus_cristatus","Leptotrichia_hofstadii",1
"5500","Propionigenium_maris","Leptotrichia_hofstadii",1
"5503","Bergeyella_zoohelcum","Leptotrichia_hofstadii",1
"5504","Actinomyces_bowdenii","Leptotrichia_hofstadii",1
"5506","Actinobaculum_massiliense","Leptotrichia_hofstadii",1
"5507","Mannheimia_granulomatis","Leptotrichia_hofstadii",1
"5509","Planobacterium_taklimakanense","Leptotrichia_hofstadii",1
"5511","Neisseria_pharyngis","Leptotrichia_hofstadii",1
"5512","Anaeroglobus_geminatus","Leptotrichia_hofstadii",1
"5513","Olsenella_uli","Leptotrichia_hofstadii",1
"5515","Prevotella_veroralis","Leptotrichia_hofstadii",1
"5517","Rothia_dentocariosa","Leptotrichia_hofstadii",1
"5522","Prevotella_dentalis","Leptotrichia_hofstadii",1
"5524","Corynebacterium_jeikeium","Leptotrichia_hofstadii",1
"5526","Acinetobacter_baumannii","Leptotrichia_hofstadii",1
"5528","Treponema_pedis","Leptotrichia_hofstadii",1
"5531","Mycoplasma_feliminutum","Leptotrichia_hofstadii",1
"5533","Schwartzia_succinivorans","Leptotrichia_hofstadii",1
"5535","Prevotella_marshii","Leptotrichia_hofstadii",1
"5537","Lautropia_mirabilis","Leptotrichia_hofstadii",1
"5540","Actinomyces_gerencseriae","Leptotrichia_hofstadii",1
"5542","Neisseria_shayeganii","Leptotrichia_hofstadii",1
"5543","Selenomonas_noxia","Leptotrichia_hofstadii",1
"5556","Filifactor_alocis","Leptotrichia_hofstadii",1
"5561","Lachnoanaerobaculum_saburreum","Leptotrichia_hofstadii",1
"5563","Brachymonas_denitrificans","Leptotrichia_hofstadii",1
"5565","Streptococcus_gordonii","Leptotrichia_hofstadii",1
"5573","Eubacterium_saphenum","Bacteroides_zoogleoformans",1
"5580","Prevotella_baroniae","Bacteroides_zoogleoformans",1
"5583","Treponema_denticola","Bacteroides_zoogleoformans",1
"5584","Eubacterium_brachy","Bacteroides_zoogleoformans",1
"5585","Porphyromonas_endodontalis","Bacteroides_zoogleoformans",1
"5586","Eubacterium_yurii","Bacteroides_zoogleoformans",1
"5587","Prevotella_shahii","Bacteroides_zoogleoformans",1
"5589","Prevotella_denticola","Bacteroides_zoogleoformans",1
"5591","Haemophilus_haemoglobinophilus","Bacteroides_zoogleoformans",1
"5592","Prevotella_scopos","Bacteroides_zoogleoformans",1
"5595","Dialister_invisus","Bacteroides_zoogleoformans",1
"5617","Anaeroglobus_geminatus","Bacteroides_zoogleoformans",1
"5618","Olsenella_uli","Bacteroides_zoogleoformans",1
"5623","Mycoplasma_faucium","Bacteroides_zoogleoformans",1
"5633","Treponema_pedis","Bacteroides_zoogleoformans",1
"5638","Schwartzia_succinivorans","Bacteroides_zoogleoformans",1
"5640","Prevotella_marshii","Bacteroides_zoogleoformans",1
"5641","Treponema_parvum","Bacteroides_zoogleoformans",1
"5649","Bifidobacterium_dentium","Bacteroides_zoogleoformans",1
"5652","Porphyromonas_gingivalis","Bacteroides_zoogleoformans",1
"5659","Treponema_bryantii","Bacteroides_zoogleoformans",1
"5660","Bacteroides_intestinalis","Bacteroides_zoogleoformans",1
"5661","Filifactor_alocis","Bacteroides_zoogleoformans",1
"5668","Brachymonas_denitrificans","Bacteroides_zoogleoformans",1
"5669","Prevotella_paludivivens","Bacteroides_zoogleoformans",1
"5679","Eubacterium_saphenum","Natranaerovirga_hydrolytica",1
"5680","Leptotrichia_buccalis","Natranaerovirga_hydrolytica",1
"5686","Prevotella_baroniae","Natranaerovirga_hydrolytica",1
"5689","Treponema_denticola","Natranaerovirga_hydrolytica",1
"5690","Eubacterium_brachy","Natranaerovirga_hydrolytica",1
"5691","Porphyromonas_endodontalis","Natranaerovirga_hydrolytica",1
"5692","Eubacterium_yurii","Natranaerovirga_hydrolytica",1
"5701","Dialister_invisus","Natranaerovirga_hydrolytica",1
"5719","Eubacterium_nodatum","Natranaerovirga_hydrolytica",1
"5729","Mycoplasma_faucium","Natranaerovirga_hydrolytica",1
"5733","Prevotella_dentalis","Natranaerovirga_hydrolytica",1
"5736","Peptococcus_niger","Natranaerovirga_hydrolytica",1
"5754","Selenomonas_noxia","Natranaerovirga_hydrolytica",1
"5758","Porphyromonas_gingivalis","Natranaerovirga_hydrolytica",1
"5767","Filifactor_alocis","Natranaerovirga_hydrolytica",1
"5775","Prevotella_paludivivens","Natranaerovirga_hydrolytica",1
"5789","Actinomyces_odontolyticus","Mogibacterium_neglectum",1
"5795","Prevotella_pallens","Mogibacterium_neglectum",1
"5799","Eubacterium_yurii","Mogibacterium_neglectum",1
"5808","Dialister_invisus","Mogibacterium_neglectum",1
"5823","Prevotella_salivae","Mogibacterium_neglectum",1
"5890","Butyrivibrio_hungatei","Campylobacter_mucosalis",1
"5897","Actinomyces_odontolyticus","Campylobacter_mucosalis",1
"5903","Prevotella_pallens","Campylobacter_mucosalis",1
"5924","Orientia_tsutsugamushi","Campylobacter_mucosalis",1
"5931","Prevotella_salivae","Campylobacter_mucosalis",1
"5941","Prevotella_veroralis","Campylobacter_mucosalis",1
"5969","Selenomonas_noxia","Campylobacter_mucosalis",1
"6014","Eubacterium_brachy","Peptoniphilus_lacrimalis",1
"6015","Porphyromonas_endodontalis","Peptoniphilus_lacrimalis",1
"6025","Dialister_invisus","Peptoniphilus_lacrimalis",1
"6047","Anaeroglobus_geminatus","Peptoniphilus_lacrimalis",1
"6079","Bifidobacterium_dentium","Peptoniphilus_lacrimalis",1
"6112","Acinetobacter_johnsonii","Streptococcus_sanguinis",1
"6117","Bradyrhizobium_elkanii","Streptococcus_sanguinis",1
"6119","Neisseria_sicca","Streptococcus_sanguinis",1
"6122","Prevotella_pallens","Streptococcus_sanguinis",-1
"6124","Eubacterium_brachy","Streptococcus_sanguinis",1
"6133","Actinomyces_oris","Streptococcus_sanguinis",1
"6138","Streptococcus_cristatus","Streptococcus_sanguinis",1
"6144","Terrahaemophilus_aromaticivorans","Streptococcus_sanguinis",1
"6149","Actinomyces_bowdenii","Streptococcus_sanguinis",1
"6151","Actinobaculum_massiliense","Streptococcus_sanguinis",1
"6154","Planobacterium_taklimakanense","Streptococcus_sanguinis",1
"6162","Rothia_dentocariosa","Streptococcus_sanguinis",1
"6168","Acidithiobacillus_thiooxidans","Streptococcus_sanguinis",1
"6169","Corynebacterium_jeikeium","Streptococcus_sanguinis",1
"6171","Acinetobacter_baumannii","Streptococcus_sanguinis",1
"6177","Streptococcus_pneumoniae","Streptococcus_sanguinis",1
"6182","Lautropia_mirabilis","Streptococcus_sanguinis",1
"6183","Barnesiella_intestinihominis","Streptococcus_sanguinis",1
"6184","Actinobacillus_rossii","Streptococcus_sanguinis",1
"6185","Actinomyces_gerencseriae","Streptococcus_sanguinis",1
"6190","Gemmatimonas_aurantiaca","Streptococcus_sanguinis",1
"6191","Haemophilus_parainfluenzae","Streptococcus_sanguinis",1
"6195","Acinetobacter_junii","Streptococcus_sanguinis",1
"6207","Acinetobacter_lwoffii","Streptococcus_sanguinis",1
"6210","Streptococcus_gordonii","Streptococcus_sanguinis",1
"6211","Leptotrichia_hofstadii","Streptococcus_sanguinis",1
"6226","Clostridium_ruminantium","Eubacterium_rectale",1
"6297","Bacteroides_stercoris","Eubacterium_rectale",1
"6329","Veillonella_rogosae","Fusobacterium_periodonticum",1
"6334","Veillonella_dispar","Fusobacterium_periodonticum",-1
"6341","Neisseria_cinerea","Fusobacterium_periodonticum",1
"6344","Capnocytophaga_leadbetteri","Fusobacterium_periodonticum",1
"6345","Prevotella_pallens","Fusobacterium_periodonticum",1
"6349","Eubacterium_yurii","Fusobacterium_periodonticum",1
"6350","Prevotella_shahii","Fusobacterium_periodonticum",1
"6363","Moraxella_lacunata","Fusobacterium_periodonticum",1
"6366","Orientia_tsutsugamushi","Fusobacterium_periodonticum",1
"6369","Mogibacterium_diversum","Fusobacterium_periodonticum",1
"6371","Bergeyella_zoohelcum","Fusobacterium_periodonticum",1
"6375","Mannheimia_granulomatis","Fusobacterium_periodonticum",1
"6377","Planobacterium_taklimakanense","Fusobacterium_periodonticum",1
"6379","Neisseria_pharyngis","Fusobacterium_periodonticum",1
"6389","Alysiella_crassa","Fusobacterium_periodonticum",1
"6391","Acidithiobacillus_thiooxidans","Fusobacterium_periodonticum",1
"6393","Peptococcus_niger","Fusobacterium_periodonticum",1
"6395","Treponema_refringens","Fusobacterium_periodonticum",1
"6407","Actinobacillus_rossii","Fusobacterium_periodonticum",1
"6414","Haemophilus_parainfluenzae","Fusobacterium_periodonticum",1
"6416","Streptococcus_sobrinus","Fusobacterium_periodonticum",-1
"6419","Bacteroides_acidifaciens","Fusobacterium_periodonticum",1
"6420","Prevotella_amnii","Fusobacterium_periodonticum",1
"6423","Bacteroides_intestinalis","Fusobacterium_periodonticum",1
"6433","Streptococcus_gordonii","Fusobacterium_periodonticum",-1
"6438","Campylobacter_mucosalis","Fusobacterium_periodonticum",1
"6449","Eubacterium_saphenum","Eubacterium_minutum",1
"6450","Leptotrichia_buccalis","Eubacterium_minutum",1
"6456","Prevotella_baroniae","Eubacterium_minutum",1
"6460","Eubacterium_brachy","Eubacterium_minutum",1
"6461","Porphyromonas_endodontalis","Eubacterium_minutum",1
"6465","Prevotella_denticola","Eubacterium_minutum",1
"6471","Dialister_invisus","Eubacterium_minutum",1
"6473","Prevotella_enoeca","Eubacterium_minutum",1
"6483","Actinomyces_meyeri","Eubacterium_minutum",1
"6498","Rothia_dentocariosa","Eubacterium_minutum",1
"6506","Peptococcus_niger","Eubacterium_minutum",1
"6509","Treponema_pedis","Eubacterium_minutum",1
"6514","Schwartzia_succinivorans","Eubacterium_minutum",1
"6524","Selenomonas_noxia","Eubacterium_minutum",1
"6528","Porphyromonas_gingivalis","Eubacterium_minutum",1
"6531","Acinetobacter_junii","Eubacterium_minutum",1
"6537","Filifactor_alocis","Eubacterium_minutum",1
"6542","Lachnoanaerobaculum_saburreum","Eubacterium_minutum",1
"6547","Leptotrichia_hofstadii","Eubacterium_minutum",1
"6563","Eubacterium_saphenum","Sporanaerobacter_acetigenes",1
"6570","Prevotella_baroniae","Sporanaerobacter_acetigenes",1
"6573","Treponema_denticola","Sporanaerobacter_acetigenes",1
"6575","Porphyromonas_endodontalis","Sporanaerobacter_acetigenes",1
"6579","Prevotella_denticola","Sporanaerobacter_acetigenes",1
"6585","Dialister_invisus","Sporanaerobacter_acetigenes",1
"6587","Prevotella_enoeca","Sporanaerobacter_acetigenes",1
"6603","Eubacterium_nodatum","Sporanaerobacter_acetigenes",1
"6608","Olsenella_uli","Sporanaerobacter_acetigenes",1
"6613","Mycoplasma_faucium","Sporanaerobacter_acetigenes",1
"6614","Mycoplasma_hyosynoviae","Sporanaerobacter_acetigenes",1
"6628","Schwartzia_succinivorans","Sporanaerobacter_acetigenes",1
"6631","Treponema_parvum","Sporanaerobacter_acetigenes",1
"6642","Porphyromonas_gingivalis","Sporanaerobacter_acetigenes",1
"6651","Filifactor_alocis","Sporanaerobacter_acetigenes",1
"6653","Odoribacter_denticanis","Sporanaerobacter_acetigenes",1
"6654","Bacteroides_heparinolyticus","Sporanaerobacter_acetigenes",1
"6659","Prevotella_paludivivens","Sporanaerobacter_acetigenes",1
"6672","Rothia_aeria","Desulfomicrobium_orale",1
"6673","Aggregatibacter_actinomycetemcomitans","Desulfomicrobium_orale",1
"6678","Eubacterium_saphenum","Desulfomicrobium_orale",1
"6685","Prevotella_baroniae","Desulfomicrobium_orale",1
"6688","Treponema_denticola","Desulfomicrobium_orale",1
"6689","Eubacterium_brachy","Desulfomicrobium_orale",1
"6690","Porphyromonas_endodontalis","Desulfomicrobium_orale",1
"6691","Eubacterium_yurii","Desulfomicrobium_orale",1
"6694","Prevotella_denticola","Desulfomicrobium_orale",1
"6700","Dialister_invisus","Desulfomicrobium_orale",1
"6702","Prevotella_enoeca","Desulfomicrobium_orale",1
"6703","Streptococcus_cristatus","Desulfomicrobium_orale",1
"6712","Actinomyces_meyeri","Desulfomicrobium_orale",1
"6718","Eubacterium_nodatum","Desulfomicrobium_orale",1
"6723","Olsenella_uli","Desulfomicrobium_orale",1
"6727","Rothia_dentocariosa","Desulfomicrobium_orale",1
"6728","Mycoplasma_faucium","Desulfomicrobium_orale",1
"6735","Peptococcus_niger","Desulfomicrobium_orale",1
"6739","Campylobacter_curvus","Desulfomicrobium_orale",1
"6743","Schwartzia_succinivorans","Desulfomicrobium_orale",1
"6747","Lautropia_mirabilis","Desulfomicrobium_orale",1
"6754","Bifidobacterium_dentium","Desulfomicrobium_orale",1
"6757","Porphyromonas_gingivalis","Desulfomicrobium_orale",1
"6765","Bacteroides_intestinalis","Desulfomicrobium_orale",1
"6766","Filifactor_alocis","Desulfomicrobium_orale",1
"6773","Brachymonas_denitrificans","Desulfomicrobium_orale",1
"6774","Prevotella_paludivivens","Desulfomicrobium_orale",1
"6775","Streptococcus_gordonii","Desulfomicrobium_orale",1
"6776","Leptotrichia_hofstadii","Desulfomicrobium_orale",1
"6782","Streptococcus_sanguinis","Desulfomicrobium_orale",1
"6783","Eubacterium_rectale","Desulfomicrobium_orale",1
"6787","Veillonella_rogosae","Campylobacter_showae",1
"6792","Veillonella_dispar","Campylobacter_showae",-1
"6795","Leptotrichia_buccalis","Campylobacter_showae",1
"6796","Clostridium_ruminantium","Campylobacter_showae",1
"6799","Neisseria_cinerea","Campylobacter_showae",1
"6802","Capnocytophaga_leadbetteri","Campylobacter_showae",1
"6807","Eubacterium_yurii","Campylobacter_showae",1
"6808","Prevotella_shahii","Campylobacter_showae",1
"6812","Haemophilus_haemoglobinophilus","Campylobacter_showae",1
"6816","Dialister_invisus","Campylobacter_showae",1
"6821","Moraxella_lacunata","Campylobacter_showae",1
"6824","Orientia_tsutsugamushi","Campylobacter_showae",1
"6829","Bergeyella_zoohelcum","Campylobacter_showae",1
"6835","Planobacterium_taklimakanense","Campylobacter_showae",1
"6837","Neisseria_pharyngis","Campylobacter_showae",1
"6846","Azospira_oryzae","Campylobacter_showae",1
"6849","Acidithiobacillus_thiooxidans","Campylobacter_showae",1
"6851","Peptococcus_niger","Campylobacter_showae",1
"6853","Treponema_refringens","Campylobacter_showae",1
"6857","Mycoplasma_feliminutum","Campylobacter_showae",1
"6877","Bacteroides_acidifaciens","Campylobacter_showae",1
"6880","Treponema_bryantii","Campylobacter_showae",1
"6881","Bacteroides_intestinalis","Campylobacter_showae",1
"6882","Filifactor_alocis","Campylobacter_showae",1
"6889","Brachymonas_denitrificans","Campylobacter_showae",1
"6893","Bacteroides_zoogleoformans","Campylobacter_showae",1
"6894","Natranaerovirga_hydrolytica","Campylobacter_showae",1
"6900","Fusobacterium_periodonticum","Campylobacter_showae",1
"6902","Sporanaerobacter_acetigenes","Campylobacter_showae",1
"6905","Rothia_aeria","Tannerella_forsythia",1
"6911","Eubacterium_saphenum","Tannerella_forsythia",1
"6912","Leptotrichia_buccalis","Tannerella_forsythia",1
"6919","Capnocytophaga_leadbetteri","Tannerella_forsythia",1
"6923","Porphyromonas_endodontalis","Tannerella_forsythia",1
"6924","Eubacterium_yurii","Tannerella_forsythia",1
"6925","Prevotella_shahii","Tannerella_forsythia",1
"6927","Prevotella_denticola","Tannerella_forsythia",1
"6928","Actinobacillus_minor","Tannerella_forsythia",1
"6933","Dialister_invisus","Tannerella_forsythia",1
"6935","Prevotella_enoeca","Tannerella_forsythia",1
"6938","Moraxella_lacunata","Tannerella_forsythia",1
"6945","Actinomyces_meyeri","Tannerella_forsythia",1
"6946","Bergeyella_zoohelcum","Tannerella_forsythia",1
"6949","Actinobaculum_massiliense","Tannerella_forsythia",1
"6951","Eubacterium_nodatum","Tannerella_forsythia",1
"6952","Planobacterium_taklimakanense","Tannerella_forsythia",1
"6953","Ornatilinea_apprima","Tannerella_forsythia",1
"6955","Anaeroglobus_geminatus","Tannerella_forsythia",1
"6956","Olsenella_uli","Tannerella_forsythia",1
"6959","Dialister_propionicifaciens","Tannerella_forsythia",1
"6961","Mycoplasma_faucium","Tannerella_forsythia",1
"6962","Mycoplasma_hyosynoviae","Tannerella_forsythia",1
"6965","Prevotella_dentalis","Tannerella_forsythia",1
"6968","Peptococcus_niger","Tannerella_forsythia",1
"6969","Acinetobacter_baumannii","Tannerella_forsythia",1
"6970","Treponema_refringens","Tannerella_forsythia",1
"6971","Treponema_pedis","Tannerella_forsythia",1
"6972","Campylobacter_curvus","Tannerella_forsythia",1
"6974","Mycoplasma_feliminutum","Tannerella_forsythia",1
"6976","Schwartzia_succinivorans","Tannerella_forsythia",1
"6977","Actinomyces_hyovaginalis","Tannerella_forsythia",1
"6978","Prevotella_marshii","Tannerella_forsythia",1
"6979","Treponema_parvum","Tannerella_forsythia",1
"6980","Lautropia_mirabilis","Tannerella_forsythia",1
"6983","Actinomyces_gerencseriae","Tannerella_forsythia",1
"6986","Selenomonas_noxia","Tannerella_forsythia",1
"6997","Treponema_bryantii","Tannerella_forsythia",1
"6998","Bacteroides_intestinalis","Tannerella_forsythia",1
"7001","Odoribacter_denticanis","Tannerella_forsythia",1
"7002","Bacteroides_heparinolyticus","Tannerella_forsythia",1
"7004","Lachnoanaerobaculum_saburreum","Tannerella_forsythia",1
"7006","Brachymonas_denitrificans","Tannerella_forsythia",1
"7007","Prevotella_paludivivens","Tannerella_forsythia",1
"7009","Leptotrichia_hofstadii","Tannerella_forsythia",1
"7010","Bacteroides_zoogleoformans","Tannerella_forsythia",1
"7011","Natranaerovirga_hydrolytica","Tannerella_forsythia",1
"7015","Streptococcus_sanguinis","Tannerella_forsythia",1
"7018","Eubacterium_minutum","Tannerella_forsythia",1
"7019","Sporanaerobacter_acetigenes","Tannerella_forsythia",1
"7020","Desulfomicrobium_orale","Tannerella_forsythia",1
"7021","Campylobacter_showae","Tannerella_forsythia",1
"7023","Rothia_aeria","Kingella_potus",1
"7030","Leptotrichia_buccalis","Kingella_potus",1
"7037","Capnocytophaga_leadbetteri","Kingella_potus",1
"7042","Eubacterium_yurii","Kingella_potus",1
"7070","Planobacterium_taklimakanense","Kingella_potus",1
"7071","Ornatilinea_apprima","Kingella_potus",1
"7072","Neisseria_pharyngis","Kingella_potus",1
"7079","Mycoplasma_faucium","Kingella_potus",1
"7098","Lautropia_mirabilis","Kingella_potus",1
"7107","Haemophilus_parainfluenzae","Kingella_potus",1
"7116","Bacteroides_intestinalis","Kingella_potus",1
"7117","Filifactor_alocis","Kingella_potus",1
"7133","Streptococcus_sanguinis","Kingella_potus",1
"7139","Campylobacter_showae","Kingella_potus",1
"7142","Rothia_aeria","Capnocytophaga_granulosa",1
"7149","Leptotrichia_buccalis","Capnocytophaga_granulosa",1
"7152","Bradyrhizobium_elkanii","Capnocytophaga_granulosa",1
"7156","Capnocytophaga_leadbetteri","Capnocytophaga_granulosa",1
"7158","Treponema_denticola","Capnocytophaga_granulosa",1
"7161","Eubacterium_yurii","Capnocytophaga_granulosa",1
"7162","Prevotella_shahii","Capnocytophaga_granulosa",1
"7170","Dialister_invisus","Capnocytophaga_granulosa",1
"7175","Moraxella_lacunata","Capnocytophaga_granulosa",1
"7183","Bergeyella_zoohelcum","Capnocytophaga_granulosa",1
"7184","Actinomyces_bowdenii","Capnocytophaga_granulosa",1
"7189","Planobacterium_taklimakanense","Capnocytophaga_granulosa",1
"7191","Neisseria_pharyngis","Capnocytophaga_granulosa",1
"7192","Anaeroglobus_geminatus","Capnocytophaga_granulosa",1
"7198","Mycoplasma_faucium","Capnocytophaga_granulosa",1
"7200","Azospira_oryzae","Capnocytophaga_granulosa",1
"7207","Treponema_refringens","Capnocytophaga_granulosa",1
"7209","Campylobacter_curvus","Capnocytophaga_granulosa",1
"7213","Schwartzia_succinivorans","Capnocytophaga_granulosa",1
"7217","Lautropia_mirabilis","Capnocytophaga_granulosa",1
"7219","Actinobacillus_rossii","Capnocytophaga_granulosa",1
"7222","Neisseria_shayeganii","Capnocytophaga_granulosa",1
"7223","Selenomonas_noxia","Capnocytophaga_granulosa",1
"7234","Treponema_bryantii","Capnocytophaga_granulosa",1
"7241","Lachnoanaerobaculum_saburreum","Capnocytophaga_granulosa",1
"7242","Acinetobacter_lwoffii","Capnocytophaga_granulosa",1
"7243","Brachymonas_denitrificans","Capnocytophaga_granulosa",1
"7246","Leptotrichia_hofstadii","Capnocytophaga_granulosa",1
"7248","Natranaerovirga_hydrolytica","Capnocytophaga_granulosa",1
"7257","Desulfomicrobium_orale","Capnocytophaga_granulosa",1
"7258","Campylobacter_showae","Capnocytophaga_granulosa",1
"7259","Tannerella_forsythia","Capnocytophaga_granulosa",1
"7260","Kingella_potus","Capnocytophaga_granulosa",1
"7262","Rothia_aeria","Neisseria_oralis",1
"7269","Leptotrichia_buccalis","Neisseria_oralis",1
"7270","Clostridium_ruminantium","Neisseria_oralis",1
"7272","Bradyrhizobium_elkanii","Neisseria_oralis",1
"7274","Neisseria_sicca","Neisseria_oralis",1
"7276","Capnocytophaga_leadbetteri","Neisseria_oralis",1
"7278","Treponema_denticola","Neisseria_oralis",1
"7284","Prevotella_denticola","Neisseria_oralis",1
"7285","Actinobacillus_minor","Neisseria_oralis",1
"7290","Dialister_invisus","Neisseria_oralis",1
"7295","Moraxella_lacunata","Neisseria_oralis",1
"7306","Actinobaculum_massiliense","Neisseria_oralis",1
"7311","Neisseria_pharyngis","Neisseria_oralis",1
"7312","Anaeroglobus_geminatus","Neisseria_oralis",1
"7317","Rothia_dentocariosa","Neisseria_oralis",1
"7318","Mycoplasma_faucium","Neisseria_oralis",1
"7320","Azospira_oryzae","Neisseria_oralis",1
"7329","Campylobacter_curvus","Neisseria_oralis",1
"7333","Schwartzia_succinivorans","Neisseria_oralis",1
"7337","Lautropia_mirabilis","Neisseria_oralis",1
"7340","Actinomyces_gerencseriae","Neisseria_oralis",1
"7342","Neisseria_shayeganii","Neisseria_oralis",1
"7343","Selenomonas_noxia","Neisseria_oralis",1
"7350","Acinetobacter_junii","Neisseria_oralis",1
"7362","Acinetobacter_lwoffii","Neisseria_oralis",1
"7363","Brachymonas_denitrificans","Neisseria_oralis",1
"7366","Leptotrichia_hofstadii","Neisseria_oralis",1
"7368","Natranaerovirga_hydrolytica","Neisseria_oralis",1
"7372","Streptococcus_sanguinis","Neisseria_oralis",1
"7376","Sporanaerobacter_acetigenes","Neisseria_oralis",1
"7378","Campylobacter_showae","Neisseria_oralis",1
"7379","Tannerella_forsythia","Neisseria_oralis",1
"7380","Kingella_potus","Neisseria_oralis",1
"7381","Capnocytophaga_granulosa","Neisseria_oralis",1
"7628","Rothia_aeria","Soonwooa_buanensis",1
"7635","Leptotrichia_buccalis","Soonwooa_buanensis",1
"7640","Neisseria_sicca","Soonwooa_buanensis",1
"7642","Capnocytophaga_leadbetteri","Soonwooa_buanensis",1
"7647","Eubacterium_yurii","Soonwooa_buanensis",1
"7698","Streptococcus_pneumoniae","Soonwooa_buanensis",1
"7703","Lautropia_mirabilis","Soonwooa_buanensis",1
"7712","Haemophilus_parainfluenzae","Soonwooa_buanensis",1
"7713","Porphyromonas_gingivalis","Soonwooa_buanensis",1
"7732","Leptotrichia_hofstadii","Soonwooa_buanensis",1
"7738","Streptococcus_sanguinis","Soonwooa_buanensis",1
"7745","Tannerella_forsythia","Soonwooa_buanensis",1
"7746","Kingella_potus","Soonwooa_buanensis",1
"7747","Capnocytophaga_granulosa","Soonwooa_buanensis",1
"7748","Neisseria_oralis","Soonwooa_buanensis",1
"7752","Rothia_aeria","Leptotrichia_hongkongensis",1
"7756","Veillonella_dispar","Leptotrichia_hongkongensis",1
"7759","Leptotrichia_buccalis","Leptotrichia_hongkongensis",1
"7760","Clostridium_ruminantium","Leptotrichia_hongkongensis",1
"7766","Capnocytophaga_leadbetteri","Leptotrichia_hongkongensis",1
"7774","Prevotella_denticola","Leptotrichia_hongkongensis",1
"7778","Actinomyces_oris","Leptotrichia_hongkongensis",1
"7780","Dialister_invisus","Leptotrichia_hongkongensis",1
"7781","Granulicatella_adiacens","Leptotrichia_hongkongensis",1
"7793","Bergeyella_zoohelcum","Leptotrichia_hongkongensis",1
"7794","Actinomyces_bowdenii","Leptotrichia_hongkongensis",1
"7796","Actinobaculum_massiliense","Leptotrichia_hongkongensis",1
"7802","Anaeroglobus_geminatus","Leptotrichia_hongkongensis",1
"7803","Olsenella_uli","Leptotrichia_hongkongensis",1
"7804","Lactobacillus_johnsonii","Leptotrichia_hongkongensis",1
"7807","Rothia_dentocariosa","Leptotrichia_hongkongensis",1
"7808","Mycoplasma_faucium","Leptotrichia_hongkongensis",1
"7814","Corynebacterium_jeikeium","Leptotrichia_hongkongensis",1
"7816","Acinetobacter_baumannii","Leptotrichia_hongkongensis",1
"7827","Lautropia_mirabilis","Leptotrichia_hongkongensis",1
"7830","Actinomyces_gerencseriae","Leptotrichia_hongkongensis",1
"7833","Selenomonas_noxia","Leptotrichia_hongkongensis",1
"7834","Bifidobacterium_dentium","Leptotrichia_hongkongensis",1
"7851","Lachnoanaerobaculum_saburreum","Leptotrichia_hongkongensis",1
"7852","Acinetobacter_lwoffii","Leptotrichia_hongkongensis",1
"7855","Streptococcus_gordonii","Leptotrichia_hongkongensis",1
"7856","Leptotrichia_hofstadii","Leptotrichia_hongkongensis",1
"7862","Streptococcus_sanguinis","Leptotrichia_hongkongensis",1
"7863","Eubacterium_rectale","Leptotrichia_hongkongensis",1
"7869","Tannerella_forsythia","Leptotrichia_hongkongensis",1
"7871","Capnocytophaga_granulosa","Leptotrichia_hongkongensis",1
"7877","Rothia_aeria","Gemella_haemolysans",1
"7888","Neisseria_cinerea","Gemella_haemolysans",1
"7891","Capnocytophaga_leadbetteri","Gemella_haemolysans",1
"7900","Actinobacillus_minor","Gemella_haemolysans",1
"7906","Granulicatella_adiacens","Gemella_haemolysans",1
"7908","Streptococcus_cristatus","Gemella_haemolysans",1
"7912","Bacillus_pumilus","Gemella_haemolysans",1
"7918","Bergeyella_zoohelcum","Gemella_haemolysans",1
"7920","Prevotella_salivae","Gemella_haemolysans",-1
"7924","Planobacterium_taklimakanense","Gemella_haemolysans",1
"7926","Neisseria_pharyngis","Gemella_haemolysans",1
"7932","Rothia_dentocariosa","Gemella_haemolysans",1
"7935","Azospira_oryzae","Gemella_haemolysans",1
"7938","Acidithiobacillus_thiooxidans","Gemella_haemolysans",1
"7941","Acinetobacter_baumannii","Gemella_haemolysans",1
"7947","Streptococcus_pneumoniae","Gemella_haemolysans",1
"7957","Neisseria_shayeganii","Gemella_haemolysans",1
"7961","Haemophilus_parainfluenzae","Gemella_haemolysans",1
"7965","Acinetobacter_junii","Gemella_haemolysans",1
"7970","Bacteroides_intestinalis","Gemella_haemolysans",1
"7980","Streptococcus_gordonii","Gemella_haemolysans",1
"7988","Eubacterium_rectale","Gemella_haemolysans",1
"7997","Neisseria_oralis","Gemella_haemolysans",1
"8000","Soonwooa_buanensis","Gemella_haemolysans",1
"8001","Leptotrichia_hongkongensis","Gemella_haemolysans",1
"8002","Veillonella_rogosae","Gemella_palaticanis",1
"8023","Prevotella_shahii","Gemella_palaticanis",1
"8050","Planobacterium_taklimakanense","Gemella_palaticanis",1
"8065","Corynebacterium_jeikeium","Gemella_palaticanis",1
"8073","Streptococcus_pneumoniae","Gemella_palaticanis",1
"8101","Rothia_mucilaginosa","Gemella_palaticanis",1
"8115","Fusobacterium_periodonticum","Gemella_palaticanis",1
"8128","Gemella_haemolysans","Gemella_palaticanis",1
"8260","Butyrivibrio_hungatei","Slackia_exigua",1
"8261","Streptococcus_vestibularis","Slackia_exigua",1
"8264","Eubacterium_saphenum","Slackia_exigua",1
"8266","Clostridium_ruminantium","Slackia_exigua",1
"8267","Actinomyces_odontolyticus","Slackia_exigua",1
"8271","Prevotella_baroniae","Slackia_exigua",1
"8274","Treponema_denticola","Slackia_exigua",1
"8275","Eubacterium_brachy","Slackia_exigua",1
"8276","Porphyromonas_endodontalis","Slackia_exigua",1
"8279","Actinomyces_howellii","Slackia_exigua",1
"8280","Prevotella_denticola","Slackia_exigua",1
"8286","Dialister_invisus","Slackia_exigua",1
"8297","Mogibacterium_diversum","Slackia_exigua",1
"8304","Eubacterium_nodatum","Slackia_exigua",1
"8306","Ornatilinea_apprima","Slackia_exigua",1
"8309","Olsenella_uli","Slackia_exigua",1
"8311","Prevotella_veroralis","Slackia_exigua",1
"8312","Dialister_propionicifaciens","Slackia_exigua",1
"8314","Mycoplasma_faucium","Slackia_exigua",1
"8315","Mycoplasma_hyosynoviae","Slackia_exigua",1
"8318","Prevotella_dentalis","Slackia_exigua",1
"8329","Schwartzia_succinivorans","Slackia_exigua",1
"8332","Treponema_parvum","Slackia_exigua",1
"8336","Actinomyces_gerencseriae","Slackia_exigua",1
"8339","Selenomonas_noxia","Slackia_exigua",1
"8340","Bifidobacterium_dentium","Slackia_exigua",1
"8350","Treponema_bryantii","Slackia_exigua",1
"8352","Filifactor_alocis","Slackia_exigua",1
"8354","Odoribacter_denticanis","Slackia_exigua",1
"8357","Lachnoanaerobaculum_saburreum","Slackia_exigua",1
"8361","Streptococcus_gordonii","Slackia_exigua",1
"8365","Mogibacterium_neglectum","Slackia_exigua",1
"8367","Peptoniphilus_lacrimalis","Slackia_exigua",1
"8371","Eubacterium_minutum","Slackia_exigua",1
"8375","Tannerella_forsythia","Slackia_exigua",1
"8382","Leptotrichia_hongkongensis","Slackia_exigua",1
"8415","Dialister_invisus","Actinomyces_viscosus",1
"8429","Actinomyces_bowdenii","Actinomyces_viscosus",1
"8442","Rothia_dentocariosa","Actinomyces_viscosus",1
"8443","Mycoplasma_faucium","Actinomyces_viscosus",1
"8448","Acidithiobacillus_thiooxidans","Actinomyces_viscosus",1
"8457","Streptococcus_pneumoniae","Actinomyces_viscosus",1
"8462","Lautropia_mirabilis","Actinomyces_viscosus",1
"8465","Actinomyces_gerencseriae","Actinomyces_viscosus",1
"8486","Lachnoanaerobaculum_saburreum","Actinomyces_viscosus",1
"8497","Streptococcus_sanguinis","Actinomyces_viscosus",1
"8499","Fusobacterium_periodonticum","Actinomyces_viscosus",-1
"8511","Leptotrichia_hongkongensis","Actinomyces_viscosus",1
"8517","Rothia_aeria","Streptococcus_oralis",1
"8546","Granulicatella_adiacens","Streptococcus_oralis",1
"8548","Streptococcus_cristatus","Streptococcus_oralis",1
"8552","Bacillus_pumilus","Streptococcus_oralis",1
"8559","Actinomyces_bowdenii","Streptococcus_oralis",1
"8562","Mannheimia_granulomatis","Streptococcus_oralis",1
"8564","Planobacterium_taklimakanense","Streptococcus_oralis",1
"8572","Rothia_dentocariosa","Streptococcus_oralis",1
"8587","Streptococcus_pneumoniae","Streptococcus_oralis",1
"8601","Haemophilus_parainfluenzae","Streptococcus_oralis",1
"8615","Rothia_mucilaginosa","Streptococcus_oralis",1
"8620","Streptococcus_gordonii","Streptococcus_oralis",1
"8627","Streptococcus_sanguinis","Streptococcus_oralis",1
"8640","Soonwooa_buanensis","Streptococcus_oralis",1
"8641","Leptotrichia_hongkongensis","Streptococcus_oralis",1
"8642","Gemella_haemolysans","Streptococcus_oralis",1
"8654","Eubacterium_saphenum","Desulfovibrio_fairfieldensis",1
"8655","Leptotrichia_buccalis","Desulfovibrio_fairfieldensis",1
"8656","Clostridium_ruminantium","Desulfovibrio_fairfieldensis",1
"8661","Prevotella_baroniae","Desulfovibrio_fairfieldensis",1
"8664","Treponema_denticola","Desulfovibrio_fairfieldensis",1
"8665","Eubacterium_brachy","Desulfovibrio_fairfieldensis",1
"8666","Porphyromonas_endodontalis","Desulfovibrio_fairfieldensis",1
"8667","Eubacterium_yurii","Desulfovibrio_fairfieldensis",1
"8670","Prevotella_denticola","Desulfovibrio_fairfieldensis",1
"8676","Dialister_invisus","Desulfovibrio_fairfieldensis",1
"8694","Eubacterium_nodatum","Desulfovibrio_fairfieldensis",1
"8698","Anaeroglobus_geminatus","Desulfovibrio_fairfieldensis",1
"8699","Olsenella_uli","Desulfovibrio_fairfieldensis",1
"8704","Mycoplasma_faucium","Desulfovibrio_fairfieldensis",1
"8705","Mycoplasma_hyosynoviae","Desulfovibrio_fairfieldensis",1
"8711","Peptococcus_niger","Desulfovibrio_fairfieldensis",1
"8719","Schwartzia_succinivorans","Desulfovibrio_fairfieldensis",1
"8721","Prevotella_marshii","Desulfovibrio_fairfieldensis",1
"8722","Treponema_parvum","Desulfovibrio_fairfieldensis",1
"8729","Selenomonas_noxia","Desulfovibrio_fairfieldensis",1
"8736","Acinetobacter_junii","Desulfovibrio_fairfieldensis",1
"8738","Prevotella_amnii","Desulfovibrio_fairfieldensis",1
"8740","Treponema_bryantii","Desulfovibrio_fairfieldensis",1
"8742","Filifactor_alocis","Desulfovibrio_fairfieldensis",1
"8749","Brachymonas_denitrificans","Desulfovibrio_fairfieldensis",1
"8759","Eubacterium_rectale","Desulfovibrio_fairfieldensis",1
"8761","Eubacterium_minutum","Desulfovibrio_fairfieldensis",1
"8765","Tannerella_forsythia","Desulfovibrio_fairfieldensis",1
"8776","Slackia_exigua","Desulfovibrio_fairfieldensis",1
"8784","Veillonella_dispar","Prevotella_multisaccharivorax",1
"8793","Prevotella_baroniae","Prevotella_multisaccharivorax",1
"8796","Treponema_denticola","Prevotella_multisaccharivorax",1
"8798","Porphyromonas_endodontalis","Prevotella_multisaccharivorax",1
"8802","Prevotella_denticola","Prevotella_multisaccharivorax",1
"8808","Dialister_invisus","Prevotella_multisaccharivorax",1
"8823","Prevotella_salivae","Prevotella_multisaccharivorax",1
"8830","Anaeroglobus_geminatus","Prevotella_multisaccharivorax",1
"8831","Olsenella_uli","Prevotella_multisaccharivorax",1
"8833","Prevotella_veroralis","Prevotella_multisaccharivorax",1
"8836","Mycoplasma_faucium","Prevotella_multisaccharivorax",1
"8837","Mycoplasma_hyosynoviae","Prevotella_multisaccharivorax",1
"8851","Schwartzia_succinivorans","Prevotella_multisaccharivorax",1
"8853","Prevotella_marshii","Prevotella_multisaccharivorax",1
"8861","Selenomonas_noxia","Prevotella_multisaccharivorax",1
"8862","Bifidobacterium_dentium","Prevotella_multisaccharivorax",1
"8874","Filifactor_alocis","Prevotella_multisaccharivorax",1
"8879","Lachnoanaerobaculum_saburreum","Prevotella_multisaccharivorax",1
"8883","Streptococcus_gordonii","Prevotella_multisaccharivorax",1
"8884","Leptotrichia_hofstadii","Prevotella_multisaccharivorax",1
"8897","Tannerella_forsythia","Prevotella_multisaccharivorax",1
"8904","Leptotrichia_hongkongensis","Prevotella_multisaccharivorax",1
"8920","Leptotrichia_buccalis","Streptococcus_sinensis",1
"8927","Capnocytophaga_leadbetteri","Streptococcus_sinensis",1
"8929","Treponema_denticola","Streptococcus_sinensis",1
"8930","Eubacterium_brachy","Streptococcus_sinensis",1
"8931","Porphyromonas_endodontalis","Streptococcus_sinensis",1
"8932","Eubacterium_yurii","Streptococcus_sinensis",1
"8937","Haemophilus_haemoglobinophilus","Streptococcus_sinensis",1
"8941","Dialister_invisus","Streptococcus_sinensis",1
"8943","Prevotella_enoeca","Streptococcus_sinensis",1
"8944","Streptococcus_cristatus","Streptococcus_sinensis",1
"8960","Planobacterium_taklimakanense","Streptococcus_sinensis",1
"8963","Anaeroglobus_geminatus","Streptococcus_sinensis",1
"8964","Olsenella_uli","Streptococcus_sinensis",1
"8969","Mycoplasma_faucium","Streptococcus_sinensis",1
"8971","Azospira_oryzae","Streptococcus_sinensis",1
"8974","Acidithiobacillus_thiooxidans","Streptococcus_sinensis",1
"8979","Treponema_pedis","Streptococcus_sinensis",1
"8982","Mycoplasma_feliminutum","Streptococcus_sinensis",1
"8983","Streptococcus_pneumoniae","Streptococcus_sinensis",1
"8984","Schwartzia_succinivorans","Streptococcus_sinensis",1
"8985","Actinomyces_hyovaginalis","Streptococcus_sinensis",1
"8987","Treponema_parvum","Streptococcus_sinensis",1
"8998","Porphyromonas_gingivalis","Streptococcus_sinensis",1
"9007","Filifactor_alocis","Streptococcus_sinensis",1
"9014","Brachymonas_denitrificans","Streptococcus_sinensis",1
"9015","Prevotella_paludivivens","Streptococcus_sinensis",1
"9017","Leptotrichia_hofstadii","Streptococcus_sinensis",1
"9019","Natranaerovirga_hydrolytica","Streptococcus_sinensis",1
"9023","Streptococcus_sanguinis","Streptococcus_sinensis",1
"9026","Eubacterium_minutum","Streptococcus_sinensis",1
"9028","Desulfomicrobium_orale","Streptococcus_sinensis",1
"9029","Campylobacter_showae","Streptococcus_sinensis",1
"9030","Tannerella_forsythia","Streptococcus_sinensis",1
"9032","Capnocytophaga_granulosa","Streptococcus_sinensis",1
"9033","Neisseria_oralis","Streptococcus_sinensis",1
"9036","Soonwooa_buanensis","Streptococcus_sinensis",1
"9092","Mannheimia_granulomatis","Gemella_cuniculi",1
"9094","Planobacterium_taklimakanense","Gemella_cuniculi",1
"9117","Streptococcus_pneumoniae","Gemella_cuniculi",1
"9119","Actinomyces_hyovaginalis","Gemella_cuniculi",1
"9120","Prevotella_marshii","Gemella_cuniculi",1
"9124","Actinobacillus_rossii","Gemella_cuniculi",1
"9145","Rothia_mucilaginosa","Gemella_cuniculi",1
"9150","Streptococcus_gordonii","Gemella_cuniculi",1
"9177","Streptococcus_oralis","Gemella_cuniculi",1
"9182","Rothia_aeria","Desulfobulbus_propionicus",1
"9188","Eubacterium_saphenum","Desulfobulbus_propionicus",1
"9189","Leptotrichia_buccalis","Desulfobulbus_propionicus",1
"9195","Prevotella_baroniae","Desulfobulbus_propionicus",1
"9198","Treponema_denticola","Desulfobulbus_propionicus",1
"9199","Eubacterium_brachy","Desulfobulbus_propionicus",1
"9200","Porphyromonas_endodontalis","Desulfobulbus_propionicus",1
"9201","Eubacterium_yurii","Desulfobulbus_propionicus",1
"9204","Prevotella_denticola","Desulfobulbus_propionicus",1
"9208","Actinomyces_oris","Desulfobulbus_propionicus",1
"9210","Dialister_invisus","Desulfobulbus_propionicus",1
"9212","Prevotella_enoeca","Desulfobulbus_propionicus",1
"9228","Eubacterium_nodatum","Desulfobulbus_propionicus",1
"9232","Anaeroglobus_geminatus","Desulfobulbus_propionicus",1
"9233","Olsenella_uli","Desulfobulbus_propionicus",1
"9235","Prevotella_veroralis","Desulfobulbus_propionicus",1
"9237","Rothia_dentocariosa","Desulfobulbus_propionicus",1
"9238","Mycoplasma_faucium","Desulfobulbus_propionicus",1
"9242","Prevotella_dentalis","Desulfobulbus_propionicus",1
"9245","Peptococcus_niger","Desulfobulbus_propionicus",1
"9251","Mycoplasma_feliminutum","Desulfobulbus_propionicus",1
"9252","Streptococcus_pneumoniae","Desulfobulbus_propionicus",1
"9253","Schwartzia_succinivorans","Desulfobulbus_propionicus",1
"9254","Actinomyces_hyovaginalis","Desulfobulbus_propionicus",1
"9255","Prevotella_marshii","Desulfobulbus_propionicus",1
"9256","Treponema_parvum","Desulfobulbus_propionicus",1
"9257","Lautropia_mirabilis","Desulfobulbus_propionicus",1
"9258","Barnesiella_intestinihominis","Desulfobulbus_propionicus",1
"9263","Selenomonas_noxia","Desulfobulbus_propionicus",1
"9264","Bifidobacterium_dentium","Desulfobulbus_propionicus",1
"9267","Porphyromonas_gingivalis","Desulfobulbus_propionicus",1
"9276","Filifactor_alocis","Desulfobulbus_propionicus",1
"9278","Odoribacter_denticanis","Desulfobulbus_propionicus",1
"9281","Lachnoanaerobaculum_saburreum","Desulfobulbus_propionicus",1
"9285","Streptococcus_gordonii","Desulfobulbus_propionicus",1
"9287","Bacteroides_zoogleoformans","Desulfobulbus_propionicus",1
"9292","Streptococcus_sanguinis","Desulfobulbus_propionicus",1
"9296","Sporanaerobacter_acetigenes","Desulfobulbus_propionicus",1
"9298","Campylobacter_showae","Desulfobulbus_propionicus",1
"9299","Tannerella_forsythia","Desulfobulbus_propionicus",1
"9301","Capnocytophaga_granulosa","Desulfobulbus_propionicus",1
"9302","Neisseria_oralis","Desulfobulbus_propionicus",1
"9306","Leptotrichia_hongkongensis","Desulfobulbus_propionicus",1
"9310","Slackia_exigua","Desulfobulbus_propionicus",1
"9312","Streptococcus_oralis","Desulfobulbus_propionicus",1
"9315","Streptococcus_sinensis","Desulfobulbus_propionicus",1
"9318","Rothia_aeria","Cardiobacterium_valvarum",1
"9323","Acinetobacter_johnsonii","Cardiobacterium_valvarum",1
"9325","Leptotrichia_buccalis","Cardiobacterium_valvarum",1
"9332","Capnocytophaga_leadbetteri","Cardiobacterium_valvarum",1
"9334","Treponema_denticola","Cardiobacterium_valvarum",1
"9335","Eubacterium_brachy","Cardiobacterium_valvarum",1
"9336","Porphyromonas_endodontalis","Cardiobacterium_valvarum",1
"9337","Eubacterium_yurii","Cardiobacterium_valvarum",1
"9344","Actinomyces_oris","Cardiobacterium_valvarum",1
"9346","Dialister_invisus","Cardiobacterium_valvarum",1
"9351","Moraxella_lacunata","Cardiobacterium_valvarum",1
"9359","Bergeyella_zoohelcum","Cardiobacterium_valvarum",1
"9360","Actinomyces_bowdenii","Cardiobacterium_valvarum",1
"9362","Actinobaculum_massiliense","Cardiobacterium_valvarum",1
"9363","Mannheimia_granulomatis","Cardiobacterium_valvarum",1
"9364","Eubacterium_nodatum","Cardiobacterium_valvarum",1
"9365","Planobacterium_taklimakanense","Cardiobacterium_valvarum",1
"9366","Ornatilinea_apprima","Cardiobacterium_valvarum",1
"9368","Anaeroglobus_geminatus","Cardiobacterium_valvarum",1
"9369","Olsenella_uli","Cardiobacterium_valvarum",1
"9373","Rothia_dentocariosa","Cardiobacterium_valvarum",1
"9376","Azospira_oryzae","Cardiobacterium_valvarum",1
"9379","Acidithiobacillus_thiooxidans","Cardiobacterium_valvarum",1
"9384","Treponema_pedis","Cardiobacterium_valvarum",1
"9387","Mycoplasma_feliminutum","Cardiobacterium_valvarum",1
"9389","Schwartzia_succinivorans","Cardiobacterium_valvarum",1
"9392","Treponema_parvum","Cardiobacterium_valvarum",1
"9393","Lautropia_mirabilis","Cardiobacterium_valvarum",1
"9396","Actinomyces_gerencseriae","Cardiobacterium_valvarum",1
"9397","Bacteroides_stercoris","Cardiobacterium_valvarum",1
"9398","Neisseria_shayeganii","Cardiobacterium_valvarum",1
"9399","Selenomonas_noxia","Cardiobacterium_valvarum",1
"9401","Gemmatimonas_aurantiaca","Cardiobacterium_valvarum",1
"9403","Porphyromonas_gingivalis","Cardiobacterium_valvarum",1
"9410","Treponema_bryantii","Cardiobacterium_valvarum",1
"9412","Filifactor_alocis","Cardiobacterium_valvarum",1
"9417","Lachnoanaerobaculum_saburreum","Cardiobacterium_valvarum",1
"9419","Brachymonas_denitrificans","Cardiobacterium_valvarum",1
"9422","Leptotrichia_hofstadii","Cardiobacterium_valvarum",1
"9424","Natranaerovirga_hydrolytica","Cardiobacterium_valvarum",1
"9428","Streptococcus_sanguinis","Cardiobacterium_valvarum",1
"9431","Eubacterium_minutum","Cardiobacterium_valvarum",1
"9433","Desulfomicrobium_orale","Cardiobacterium_valvarum",1
"9434","Campylobacter_showae","Cardiobacterium_valvarum",1
"9435","Tannerella_forsythia","Cardiobacterium_valvarum",1
"9436","Kingella_potus","Cardiobacterium_valvarum",1
"9437","Capnocytophaga_granulosa","Cardiobacterium_valvarum",1
"9438","Neisseria_oralis","Cardiobacterium_valvarum",1
"9441","Soonwooa_buanensis","Cardiobacterium_valvarum",1
"9442","Leptotrichia_hongkongensis","Cardiobacterium_valvarum",1
"9603","Bradyrhizobium_elkanii","Prevotella_pleuritidis",1
"9606","Prevotella_baroniae","Prevotella_pleuritidis",1
"9609","Treponema_denticola","Prevotella_pleuritidis",1
"9610","Eubacterium_brachy","Prevotella_pleuritidis",1
"9611","Porphyromonas_endodontalis","Prevotella_pleuritidis",1
"9612","Eubacterium_yurii","Prevotella_pleuritidis",1
"9615","Prevotella_denticola","Prevotella_pleuritidis",1
"9621","Dialister_invisus","Prevotella_pleuritidis",1
"9623","Prevotella_enoeca","Prevotella_pleuritidis",1
"9626","Moraxella_lacunata","Prevotella_pleuritidis",1
"9634","Bergeyella_zoohelcum","Prevotella_pleuritidis",1
"9639","Eubacterium_nodatum","Prevotella_pleuritidis",1
"9641","Ornatilinea_apprima","Prevotella_pleuritidis",1
"9642","Neisseria_pharyngis","Prevotella_pleuritidis",1
"9643","Anaeroglobus_geminatus","Prevotella_pleuritidis",1
"9649","Mycoplasma_faucium","Prevotella_pleuritidis",1
"9650","Mycoplasma_hyosynoviae","Prevotella_pleuritidis",1
"9653","Prevotella_dentalis","Prevotella_pleuritidis",1
"9656","Peptococcus_niger","Prevotella_pleuritidis",1
"9657","Acinetobacter_baumannii","Prevotella_pleuritidis",1
"9659","Treponema_pedis","Prevotella_pleuritidis",1
"9662","Mycoplasma_feliminutum","Prevotella_pleuritidis",1
"9664","Schwartzia_succinivorans","Prevotella_pleuritidis",1
"9667","Treponema_parvum","Prevotella_pleuritidis",1
"9669","Barnesiella_intestinihominis","Prevotella_pleuritidis",1
"9671","Actinomyces_gerencseriae","Prevotella_pleuritidis",1
"9674","Selenomonas_noxia","Prevotella_pleuritidis",1
"9675","Bifidobacterium_dentium","Prevotella_pleuritidis",1
"9687","Filifactor_alocis","Prevotella_pleuritidis",1
"9689","Odoribacter_denticanis","Prevotella_pleuritidis",1
"9690","Bacteroides_heparinolyticus","Prevotella_pleuritidis",1
"9692","Lachnoanaerobaculum_saburreum","Prevotella_pleuritidis",1
"9695","Prevotella_paludivivens","Prevotella_pleuritidis",1
"9697","Leptotrichia_hofstadii","Prevotella_pleuritidis",1
"9699","Natranaerovirga_hydrolytica","Prevotella_pleuritidis",1
"9703","Streptococcus_sanguinis","Prevotella_pleuritidis",1
"9706","Eubacterium_minutum","Prevotella_pleuritidis",1
"9707","Sporanaerobacter_acetigenes","Prevotella_pleuritidis",1
"9708","Desulfomicrobium_orale","Prevotella_pleuritidis",1
"9716","Soonwooa_buanensis","Prevotella_pleuritidis",1
"9717","Leptotrichia_hongkongensis","Prevotella_pleuritidis",1
"9721","Slackia_exigua","Prevotella_pleuritidis",1
"9724","Desulfovibrio_fairfieldensis","Prevotella_pleuritidis",1
"9728","Desulfobulbus_propionicus","Prevotella_pleuritidis",1
"9747","Prevotella_pallens","Corynebacterium_argentoratense",1
"9775","Prevotella_salivae","Corynebacterium_argentoratense",1
"9794","Corynebacterium_jeikeium","Corynebacterium_argentoratense",1
"9830","Rothia_mucilaginosa","Corynebacterium_argentoratense",1
"9876","Veillonella_dispar","Howardella_ureilytica",1
"9878","Eubacterium_saphenum","Howardella_ureilytica",1
"9880","Clostridium_ruminantium","Howardella_ureilytica",1
"9885","Prevotella_baroniae","Howardella_ureilytica",1
"9888","Treponema_denticola","Howardella_ureilytica",1
"9889","Eubacterium_brachy","Howardella_ureilytica",1
"9890","Porphyromonas_endodontalis","Howardella_ureilytica",1
"9894","Prevotella_denticola","Howardella_ureilytica",1
"9899","Megasphaera_elsdenii","Howardella_ureilytica",1
"9900","Dialister_invisus","Howardella_ureilytica",1
"9902","Prevotella_enoeca","Howardella_ureilytica",1
"9918","Eubacterium_nodatum","Howardella_ureilytica",1
"9922","Anaeroglobus_geminatus","Howardella_ureilytica",1
"9923","Olsenella_uli","Howardella_ureilytica",1
"9924","Lactobacillus_johnsonii","Howardella_ureilytica",1
"9925","Prevotella_veroralis","Howardella_ureilytica",1
"9926","Dialister_propionicifaciens","Howardella_ureilytica",1
"9927","Rothia_dentocariosa","Howardella_ureilytica",1
"9936","Acinetobacter_baumannii","Howardella_ureilytica",1
"9938","Treponema_pedis","Howardella_ureilytica",1
"9943","Schwartzia_succinivorans","Howardella_ureilytica",1
"9945","Prevotella_marshii","Howardella_ureilytica",1
"9950","Actinomyces_gerencseriae","Howardella_ureilytica",1
"9953","Selenomonas_noxia","Howardella_ureilytica",1
"9954","Bifidobacterium_dentium","Howardella_ureilytica",1
"9964","Treponema_bryantii","Howardella_ureilytica",1
"9966","Filifactor_alocis","Howardella_ureilytica",1
"9971","Lachnoanaerobaculum_saburreum","Howardella_ureilytica",1
"9977","Bacteroides_zoogleoformans","Howardella_ureilytica",1
"9978","Natranaerovirga_hydrolytica","Howardella_ureilytica",1
"9981","Peptoniphilus_lacrimalis","Howardella_ureilytica",1
"9986","Sporanaerobacter_acetigenes","Howardella_ureilytica",1
"9989","Tannerella_forsythia","Howardella_ureilytica",1
"10007","Desulfobulbus_propionicus","Howardella_ureilytica",1
"10010","Prevotella_pleuritidis","Howardella_ureilytica",1
"10012","Veillonella_rogosae","Snodgrassella_alvi",1
"10014","Aggregatibacter_actinomycetemcomitans","Snodgrassella_alvi",1
"10027","Capnocytophaga_leadbetteri","Snodgrassella_alvi",1
"10032","Eubacterium_yurii","Snodgrassella_alvi",1
"10033","Prevotella_shahii","Snodgrassella_alvi",1
"10037","Haemophilus_haemoglobinophilus","Snodgrassella_alvi",1
"10060","Planobacterium_taklimakanense","Snodgrassella_alvi",1
"10076","Peptococcus_niger","Snodgrassella_alvi",1
"10083","Streptococcus_pneumoniae","Snodgrassella_alvi",1
"10090","Actinobacillus_rossii","Snodgrassella_alvi",1
"10098","Porphyromonas_gingivalis","Snodgrassella_alvi",1
"10106","Bacteroides_intestinalis","Snodgrassella_alvi",1
"10107","Filifactor_alocis","Snodgrassella_alvi",1
"10125","Fusobacterium_periodonticum","Snodgrassella_alvi",1
"10129","Campylobacter_showae","Snodgrassella_alvi",1
"10130","Tannerella_forsythia","Snodgrassella_alvi",1
"10133","Neisseria_oralis","Snodgrassella_alvi",1
"10302","Veillonella_dispar","Propionibacterium_acidifaciens",1
"10315","Eubacterium_brachy","Propionibacterium_acidifaciens",1
"10320","Prevotella_denticola","Propionibacterium_acidifaciens",1
"10326","Dialister_invisus","Propionibacterium_acidifaciens",1
"10338","Actinomyces_meyeri","Propionibacterium_acidifaciens",1
"10339","Bergeyella_zoohelcum","Propionibacterium_acidifaciens",1
"10341","Prevotella_salivae","Propionibacterium_acidifaciens",1
"10342","Actinobaculum_massiliense","Propionibacterium_acidifaciens",1
"10349","Olsenella_uli","Propionibacterium_acidifaciens",1
"10351","Prevotella_veroralis","Propionibacterium_acidifaciens",1
"10353","Rothia_dentocariosa","Propionibacterium_acidifaciens",1
"10354","Mycoplasma_faucium","Propionibacterium_acidifaciens",1
"10369","Schwartzia_succinivorans","Propionibacterium_acidifaciens",1
"10379","Selenomonas_noxia","Propionibacterium_acidifaciens",1
"10380","Bifidobacterium_dentium","Propionibacterium_acidifaciens",1
"10397","Lachnoanaerobaculum_saburreum","Propionibacterium_acidifaciens",1
"10401","Streptococcus_gordonii","Propionibacterium_acidifaciens",1
"10422","Leptotrichia_hongkongensis","Propionibacterium_acidifaciens",1
"10426","Slackia_exigua","Propionibacterium_acidifaciens",1
"10458","Treponema_denticola","Gardnerella_vaginalis",1
"10467","Prevotella_scopos","Gardnerella_vaginalis",1
"10527","Porphyromonas_gingivalis","Gardnerella_vaginalis",1
"10532","Prevotella_amnii","Gardnerella_vaginalis",1
"10536","Filifactor_alocis","Gardnerella_vaginalis",1
"10545","Streptococcus_gordonii","Gardnerella_vaginalis",1
"10556","Sporanaerobacter_acetigenes","Gardnerella_vaginalis",1
"10582","Howardella_ureilytica","Gardnerella_vaginalis",1
"10590","Streptococcus_vestibularis","Parascardovia_denticolens",1
"10591","Veillonella_dispar","Parascardovia_denticolens",1
"10609","Prevotella_denticola","Parascardovia_denticolens",1
"10613","Actinomyces_oris","Parascardovia_denticolens",1
"10615","Dialister_invisus","Parascardovia_denticolens",1
"10637","Anaeroglobus_geminatus","Parascardovia_denticolens",1
"10638","Olsenella_uli","Parascardovia_denticolens",1
"10640","Prevotella_veroralis","Parascardovia_denticolens",1
"10642","Rothia_dentocariosa","Parascardovia_denticolens",1
"10658","Schwartzia_succinivorans","Parascardovia_denticolens",1
"10665","Actinomyces_gerencseriae","Parascardovia_denticolens",1
"10669","Bifidobacterium_dentium","Parascardovia_denticolens",1
"10671","Haemophilus_parainfluenzae","Parascardovia_denticolens",-1
"10686","Lachnoanaerobaculum_saburreum","Parascardovia_denticolens",1
"10690","Streptococcus_gordonii","Parascardovia_denticolens",1
"10699","Fusobacterium_periodonticum","Parascardovia_denticolens",-1
"10708","Lactobacillus_ruminis","Parascardovia_denticolens",1
"10711","Leptotrichia_hongkongensis","Parascardovia_denticolens",1
"10719","Prevotella_multisaccharivorax","Parascardovia_denticolens",1
"10886","Eubacterium_saphenum","Streptobacillus_moniliformis",1
"10887","Leptotrichia_buccalis","Streptobacillus_moniliformis",1
"10891","Neisseria_cinerea","Streptobacillus_moniliformis",1
"10893","Prevotella_baroniae","Streptobacillus_moniliformis",1
"10896","Treponema_denticola","Streptobacillus_moniliformis",1
"10897","Eubacterium_brachy","Streptobacillus_moniliformis",1
"10898","Porphyromonas_endodontalis","Streptobacillus_moniliformis",1
"10899","Eubacterium_yurii","Streptobacillus_moniliformis",1
"10903","Actinobacillus_minor","Streptobacillus_moniliformis",1
"10905","Prevotella_scopos","Streptobacillus_moniliformis",1
"10908","Dialister_invisus","Streptobacillus_moniliformis",1
"10910","Prevotella_enoeca","Streptobacillus_moniliformis",1
"10913","Moraxella_lacunata","Streptobacillus_moniliformis",1
"10921","Bergeyella_zoohelcum","Streptobacillus_moniliformis",1
"10926","Eubacterium_nodatum","Streptobacillus_moniliformis",1
"10928","Ornatilinea_apprima","Streptobacillus_moniliformis",1
"10929","Neisseria_pharyngis","Streptobacillus_moniliformis",1
"10931","Olsenella_uli","Streptobacillus_moniliformis",1
"10936","Mycoplasma_faucium","Streptobacillus_moniliformis",1
"10937","Mycoplasma_hyosynoviae","Streptobacillus_moniliformis",1
"10938","Azospira_oryzae","Streptobacillus_moniliformis",1
"10943","Peptococcus_niger","Streptobacillus_moniliformis",1
"10946","Treponema_pedis","Streptobacillus_moniliformis",1
"10949","Mycoplasma_feliminutum","Streptobacillus_moniliformis",1
"10950","Streptococcus_pneumoniae","Streptobacillus_moniliformis",1
"10953","Prevotella_marshii","Streptobacillus_moniliformis",1
"10954","Treponema_parvum","Streptobacillus_moniliformis",1
"10965","Porphyromonas_gingivalis","Streptobacillus_moniliformis",1
"10973","Bacteroides_intestinalis","Streptobacillus_moniliformis",1
"10974","Filifactor_alocis","Streptobacillus_moniliformis",1
"10976","Odoribacter_denticanis","Streptobacillus_moniliformis",1
"10982","Prevotella_paludivivens","Streptobacillus_moniliformis",1
"10985","Bacteroides_zoogleoformans","Streptobacillus_moniliformis",1
"10986","Natranaerovirga_hydrolytica","Streptobacillus_moniliformis",1
"10994","Sporanaerobacter_acetigenes","Streptobacillus_moniliformis",1
"10997","Tannerella_forsythia","Streptobacillus_moniliformis",1
"11013","Streptococcus_sinensis","Streptobacillus_moniliformis",1
"11018","Prevotella_pleuritidis","Streptobacillus_moniliformis",1
"11026","Prevotella_falsenii","Streptobacillus_moniliformis",1
"11041","Prevotella_baroniae","Gemella_bergeri",1
"11045","Eubacterium_brachy","Gemella_bergeri",1
"11046","Porphyromonas_endodontalis","Gemella_bergeri",1
"11050","Prevotella_denticola","Gemella_bergeri",1
"11074","Eubacterium_nodatum","Gemella_bergeri",1
"11079","Olsenella_uli","Gemella_bergeri",1
"11081","Prevotella_veroralis","Gemella_bergeri",1
"11083","Rothia_dentocariosa","Gemella_bergeri",1
"11096","Prevotella_bivia","Gemella_bergeri",1
"11122","Filifactor_alocis","Gemella_bergeri",1
"11158","Streptococcus_oralis","Gemella_bergeri",1
"11166","Prevotella_pleuritidis","Gemella_bergeri",1
"11175","Streptobacillus_moniliformis","Gemella_bergeri",1
"11179","Butyrivibrio_hungatei","Selenomonas_ruminantium",1
"11184","Leptotrichia_buccalis","Selenomonas_ruminantium",1
"11193","Treponema_denticola","Selenomonas_ruminantium",1
"11199","Prevotella_denticola","Selenomonas_ruminantium",1
"11202","Prevotella_scopos","Selenomonas_ruminantium",1
"11205","Dialister_invisus","Selenomonas_ruminantium",1
"11211","Lachnoanaerobaculum_orale","Selenomonas_ruminantium",1
"11215","Propionigenium_maris","Selenomonas_ruminantium",1
"11220","Prevotella_salivae","Selenomonas_ruminantium",1
"11227","Anaeroglobus_geminatus","Selenomonas_ruminantium",1
"11228","Olsenella_uli","Selenomonas_ruminantium",1
"11230","Prevotella_veroralis","Selenomonas_ruminantium",1
"11233","Mycoplasma_faucium","Selenomonas_ruminantium",1
"11248","Schwartzia_succinivorans","Selenomonas_ruminantium",1
"11258","Selenomonas_noxia","Selenomonas_ruminantium",1
"11259","Bifidobacterium_dentium","Selenomonas_ruminantium",1
"11271","Filifactor_alocis","Selenomonas_ruminantium",1
"11276","Lachnoanaerobaculum_saburreum","Selenomonas_ruminantium",1
"11281","Leptotrichia_hofstadii","Selenomonas_ruminantium",1
"11288","Eubacterium_rectale","Selenomonas_ruminantium",1
"11291","Sporanaerobacter_acetigenes","Selenomonas_ruminantium",1
"11294","Tannerella_forsythia","Selenomonas_ruminantium",1
"11301","Leptotrichia_hongkongensis","Selenomonas_ruminantium",1
"11305","Slackia_exigua","Selenomonas_ruminantium",1
"11322","Parascardovia_denticolens","Selenomonas_ruminantium",1
"11326","Veillonella_rogosae","Eubacterium_sulci",1
"11329","Butyrivibrio_hungatei","Eubacterium_sulci",1
"11336","Actinomyces_odontolyticus","Eubacterium_sulci",1
"11342","Prevotella_pallens","Eubacterium_sulci",1
"11346","Eubacterium_yurii","Eubacterium_sulci",1
"11347","Prevotella_shahii","Eubacterium_sulci",1
"11352","Prevotella_scopos","Eubacterium_sulci",1
"11361","Lachnoanaerobaculum_orale","Eubacterium_sulci",1
"11363","Orientia_tsutsugamushi","Eubacterium_sulci",1
"11365","Propionigenium_maris","Eubacterium_sulci",1
"11366","Mogibacterium_diversum","Eubacterium_sulci",1
"11370","Prevotella_salivae","Eubacterium_sulci",1
"11380","Prevotella_veroralis","Eubacterium_sulci",1
"11386","Alysiella_crassa","Eubacterium_sulci",1
"11390","Peptococcus_niger","Eubacterium_sulci",1
"11392","Treponema_refringens","Eubacterium_sulci",1
"11416","Bacteroides_acidifaciens","Eubacterium_sulci",1
"11417","Prevotella_amnii","Eubacterium_sulci",1
"11434","Mogibacterium_neglectum","Eubacterium_sulci",1
"11435","Campylobacter_mucosalis","Eubacterium_sulci",1
"11437","Streptococcus_sanguinis","Eubacterium_sulci",-1
"11439","Fusobacterium_periodonticum","Eubacterium_sulci",1
"11443","Campylobacter_showae","Eubacterium_sulci",1
"11466","Corynebacterium_argentoratense","Eubacterium_sulci",1
"11473","Prevotella_falsenii","Eubacterium_sulci",1
"11636","Eubacterium_saphenum","Desulfobulbus_rhabdoformis",1
"11637","Leptotrichia_buccalis","Desulfobulbus_rhabdoformis",1
"11643","Prevotella_baroniae","Desulfobulbus_rhabdoformis",1
"11646","Treponema_denticola","Desulfobulbus_rhabdoformis",1
"11647","Eubacterium_brachy","Desulfobulbus_rhabdoformis",1
"11648","Porphyromonas_endodontalis","Desulfobulbus_rhabdoformis",1
"11649","Eubacterium_yurii","Desulfobulbus_rhabdoformis",1
"11652","Prevotella_denticola","Desulfobulbus_rhabdoformis",1
"11656","Actinomyces_oris","Desulfobulbus_rhabdoformis",1
"11658","Dialister_invisus","Desulfobulbus_rhabdoformis",1
"11660","Prevotella_enoeca","Desulfobulbus_rhabdoformis",1
"11670","Actinomyces_meyeri","Desulfobulbus_rhabdoformis",1
"11674","Actinobaculum_massiliense","Desulfobulbus_rhabdoformis",1
"11676","Eubacterium_nodatum","Desulfobulbus_rhabdoformis",1
"11678","Ornatilinea_apprima","Desulfobulbus_rhabdoformis",1
"11680","Anaeroglobus_geminatus","Desulfobulbus_rhabdoformis",1
"11681","Olsenella_uli","Desulfobulbus_rhabdoformis",1
"11683","Prevotella_veroralis","Desulfobulbus_rhabdoformis",1
"11685","Rothia_dentocariosa","Desulfobulbus_rhabdoformis",1
"11686","Mycoplasma_faucium","Desulfobulbus_rhabdoformis",1
"11693","Peptococcus_niger","Desulfobulbus_rhabdoformis",1
"11696","Treponema_pedis","Desulfobulbus_rhabdoformis",1
"11697","Campylobacter_curvus","Desulfobulbus_rhabdoformis",1
"11699","Mycoplasma_feliminutum","Desulfobulbus_rhabdoformis",1
"11701","Schwartzia_succinivorans","Desulfobulbus_rhabdoformis",1
"11702","Actinomyces_hyovaginalis","Desulfobulbus_rhabdoformis",1
"11703","Prevotella_marshii","Desulfobulbus_rhabdoformis",1
"11706","Barnesiella_intestinihominis","Desulfobulbus_rhabdoformis",1
"11708","Actinomyces_gerencseriae","Desulfobulbus_rhabdoformis",1
"11710","Neisseria_shayeganii","Desulfobulbus_rhabdoformis",1
"11711","Selenomonas_noxia","Desulfobulbus_rhabdoformis",1
"11712","Bifidobacterium_dentium","Desulfobulbus_rhabdoformis",1
"11715","Porphyromonas_gingivalis","Desulfobulbus_rhabdoformis",1
"11724","Filifactor_alocis","Desulfobulbus_rhabdoformis",1
"11727","Bacteroides_heparinolyticus","Desulfobulbus_rhabdoformis",1
"11729","Lachnoanaerobaculum_saburreum","Desulfobulbus_rhabdoformis",1
"11732","Prevotella_paludivivens","Desulfobulbus_rhabdoformis",1
"11735","Bacteroides_zoogleoformans","Desulfobulbus_rhabdoformis",1
"11740","Streptococcus_sanguinis","Desulfobulbus_rhabdoformis",1
"11744","Sporanaerobacter_acetigenes","Desulfobulbus_rhabdoformis",1
"11747","Tannerella_forsythia","Desulfobulbus_rhabdoformis",1
"11754","Leptotrichia_hongkongensis","Desulfobulbus_rhabdoformis",1
"11758","Slackia_exigua","Desulfobulbus_rhabdoformis",1
"11759","Actinomyces_viscosus","Desulfobulbus_rhabdoformis",1
"11762","Prevotella_multisaccharivorax","Desulfobulbus_rhabdoformis",1
"11768","Prevotella_pleuritidis","Desulfobulbus_rhabdoformis",1
"11770","Howardella_ureilytica","Desulfobulbus_rhabdoformis",1
"11775","Parascardovia_denticolens","Desulfobulbus_rhabdoformis",1
"11777","Streptobacillus_moniliformis","Desulfobulbus_rhabdoformis",1
"11805","Prevotella_denticola","Lactobacillus_mucosae",1
"11811","Dialister_invisus","Lactobacillus_mucosae",1
"11827","Actinobaculum_massiliense","Lactobacillus_mucosae",1
"11833","Anaeroglobus_geminatus","Lactobacillus_mucosae",1
"11835","Lactobacillus_johnsonii","Lactobacillus_mucosae",1
"11836","Prevotella_veroralis","Lactobacillus_mucosae",1
"11837","Dialister_propionicifaciens","Lactobacillus_mucosae",1
"11838","Rothia_dentocariosa","Lactobacillus_mucosae",1
"11864","Selenomonas_noxia","Lactobacillus_mucosae",1
"11865","Bifidobacterium_dentium","Lactobacillus_mucosae",1
"11880","Bacteroides_heparinolyticus","Lactobacillus_mucosae",1
"11886","Streptococcus_gordonii","Lactobacillus_mucosae",1
"11911","Slackia_exigua","Lactobacillus_mucosae",1
"11915","Prevotella_multisaccharivorax","Lactobacillus_mucosae",1
"11928","Parascardovia_denticolens","Lactobacillus_mucosae",1
"11940","Streptococcus_vestibularis","Streptococcus_parasanguinis",1
"11941","Veillonella_dispar","Streptococcus_parasanguinis",1
"11946","Actinomyces_odontolyticus","Streptococcus_parasanguinis",1
"11951","Capnocytophaga_leadbetteri","Streptococcus_parasanguinis",-1
"11971","Lachnoanaerobaculum_orale","Streptococcus_parasanguinis",1
"11972","Bacillus_pumilus","Streptococcus_parasanguinis",1
"11980","Prevotella_salivae","Streptococcus_parasanguinis",1
"11992","Rothia_dentocariosa","Streptococcus_parasanguinis",1
"12035","Rothia_mucilaginosa","Streptococcus_parasanguinis",1
"12040","Streptococcus_gordonii","Streptococcus_parasanguinis",1
"12046","Peptoniphilus_lacrimalis","Streptococcus_parasanguinis",1
"12049","Fusobacterium_periodonticum","Streptococcus_parasanguinis",-1
"12171","Bacteroides_stercoris","Eubacterium_ramulus",1
"12187","Prevotella_copri","Eubacterium_ramulus",1
"12203","Eubacterium_rectale","Eubacterium_ramulus",1
"12323","Lautropia_mirabilis","Ralstonia_solanacearum",1
"12411","Eubacterium_saphenum","Prevotella_oralis",1
"12412","Leptotrichia_buccalis","Prevotella_oralis",1
"12413","Clostridium_ruminantium","Prevotella_oralis",1
"12418","Prevotella_baroniae","Prevotella_oralis",1
"12421","Treponema_denticola","Prevotella_oralis",1
"12422","Eubacterium_brachy","Prevotella_oralis",1
"12423","Porphyromonas_endodontalis","Prevotella_oralis",1
"12424","Eubacterium_yurii","Prevotella_oralis",1
"12427","Prevotella_denticola","Prevotella_oralis",1
"12433","Dialister_invisus","Prevotella_oralis",1
"12446","Bergeyella_zoohelcum","Prevotella_oralis",1
"12451","Eubacterium_nodatum","Prevotella_oralis",1
"12453","Ornatilinea_apprima","Prevotella_oralis",1
"12455","Anaeroglobus_geminatus","Prevotella_oralis",1
"12459","Dialister_propionicifaciens","Prevotella_oralis",1
"12460","Rothia_dentocariosa","Prevotella_oralis",1
"12461","Mycoplasma_faucium","Prevotella_oralis",1
"12462","Mycoplasma_hyosynoviae","Prevotella_oralis",1
"12465","Prevotella_dentalis","Prevotella_oralis",1
"12471","Treponema_pedis","Prevotella_oralis",1
"12483","Actinomyces_gerencseriae","Prevotella_oralis",1
"12486","Selenomonas_noxia","Prevotella_oralis",1
"12490","Porphyromonas_gingivalis","Prevotella_oralis",1
"12497","Treponema_bryantii","Prevotella_oralis",1
"12499","Filifactor_alocis","Prevotella_oralis",1
"12502","Bacteroides_heparinolyticus","Prevotella_oralis",1
"12504","Lachnoanaerobaculum_saburreum","Prevotella_oralis",1
"12505","Acinetobacter_lwoffii","Prevotella_oralis",1
"12509","Leptotrichia_hofstadii","Prevotella_oralis",1
"12510","Bacteroides_zoogleoformans","Prevotella_oralis",1
"12511","Natranaerovirga_hydrolytica","Prevotella_oralis",1
"12518","Eubacterium_minutum","Prevotella_oralis",1
"12522","Tannerella_forsythia","Prevotella_oralis",1
"12524","Capnocytophaga_granulosa","Prevotella_oralis",1
"12529","Leptotrichia_hongkongensis","Prevotella_oralis",1
"12536","Desulfovibrio_fairfieldensis","Prevotella_oralis",1
"12543","Prevotella_pleuritidis","Prevotella_oralis",1
"12548","Propionibacterium_acidifaciens","Prevotella_oralis",1
"12550","Parascardovia_denticolens","Prevotella_oralis",1
"12556","Veillonella_ratti","Prevotella_oralis",1
"12557","Desulfobulbus_rhabdoformis","Prevotella_oralis",1
"12558","Lactobacillus_mucosae","Prevotella_oralis",1
"12565","Butyrivibrio_hungatei","Actinomyces_graevenitzii",1
"12566","Streptococcus_vestibularis","Actinomyces_graevenitzii",1
"12567","Veillonella_dispar","Actinomyces_graevenitzii",1
"12571","Clostridium_ruminantium","Actinomyces_graevenitzii",1
"12572","Actinomyces_odontolyticus","Actinomyces_graevenitzii",1
"12578","Prevotella_pallens","Actinomyces_graevenitzii",1
"12584","Actinomyces_howellii","Actinomyces_graevenitzii",1
"12597","Lachnoanaerobaculum_orale","Actinomyces_graevenitzii",1
"12599","Orientia_tsutsugamushi","Actinomyces_graevenitzii",1
"12601","Propionigenium_maris","Actinomyces_graevenitzii",1
"12602","Mogibacterium_diversum","Actinomyces_graevenitzii",1
"12606","Prevotella_salivae","Actinomyces_graevenitzii",1
"12635","Actinomyces_hyovaginalis","Actinomyces_graevenitzii",1
"12662","Lachnoanaerobaculum_saburreum","Actinomyces_graevenitzii",1
"12671","Campylobacter_mucosalis","Actinomyces_graevenitzii",1
"12691","Slackia_exigua","Actinomyces_graevenitzii",1
"12702","Corynebacterium_argentoratense","Actinomyces_graevenitzii",1
"12713","Eubacterium_sulci","Actinomyces_graevenitzii",1
"12716","Lactobacillus_mucosae","Actinomyces_graevenitzii",1
"12717","Streptococcus_parasanguinis","Actinomyces_graevenitzii",1
"12724","Butyrivibrio_hungatei","Alloprevotella_rava",1
"12737","Prevotella_pallens","Alloprevotella_rava",1
"12742","Prevotella_shahii","Alloprevotella_rava",1
"12747","Prevotella_scopos","Alloprevotella_rava",1
"12752","Prevotella_enoeca","Alloprevotella_rava",1
"12754","Veillonella_montpellierensis","Alloprevotella_rava",1
"12755","Moraxella_lacunata","Alloprevotella_rava",1
"12756","Lachnoanaerobaculum_orale","Alloprevotella_rava",1
"12758","Orientia_tsutsugamushi","Alloprevotella_rava",1
"12760","Propionigenium_maris","Alloprevotella_rava",1
"12763","Bergeyella_zoohelcum","Alloprevotella_rava",1
"12765","Prevotella_salivae","Alloprevotella_rava",1
"12771","Neisseria_pharyngis","Alloprevotella_rava",1
"12775","Prevotella_veroralis","Alloprevotella_rava",1
"12776","Dialister_propionicifaciens","Alloprevotella_rava",1
"12778","Mycoplasma_faucium","Alloprevotella_rava",1
"12780","Azospira_oryzae","Alloprevotella_rava",1
"12781","Alysiella_crassa","Alloprevotella_rava",1
"12785","Peptococcus_niger","Alloprevotella_rava",1
"12786","Acinetobacter_baumannii","Alloprevotella_rava",1
"12787","Treponema_refringens","Alloprevotella_rava",1
"12791","Mycoplasma_feliminutum","Alloprevotella_rava",1
"12811","Bacteroides_acidifaciens","Alloprevotella_rava",1
"12812","Prevotella_amnii","Alloprevotella_rava",1
"12815","Bacteroides_intestinalis","Alloprevotella_rava",1
"12820","Rothia_mucilaginosa","Alloprevotella_rava",-1
"12829","Mogibacterium_neglectum","Alloprevotella_rava",1
"12830","Campylobacter_mucosalis","Alloprevotella_rava",1
"12845","Soonwooa_buanensis","Alloprevotella_rava",1
"12861","Corynebacterium_argentoratense","Alloprevotella_rava",1
"12864","Clostridium_hathewayi","Alloprevotella_rava",1
"12869","Streptobacillus_moniliformis","Alloprevotella_rava",1
"12871","Selenomonas_ruminantium","Alloprevotella_rava",1
"12872","Eubacterium_sulci","Alloprevotella_rava",1
"12873","Veillonella_ratti","Alloprevotella_rava",1
"12971","Bacteroides_acidifaciens","Paraprevotella_clara",1
"13043","Rothia_aeria","Actinobacillus_porcinus",1
"13055","Neisseria_sicca","Actinobacillus_porcinus",1
"13066","Actinobacillus_minor","Actinobacillus_porcinus",1
"13067","Haemophilus_haemoglobinophilus","Actinobacillus_porcinus",1
"13092","Neisseria_pharyngis","Actinobacillus_porcinus",1
"13099","Mycoplasma_faucium","Actinobacillus_porcinus",1
"13101","Azospira_oryzae","Actinobacillus_porcinus",1
"13113","Streptococcus_pneumoniae","Actinobacillus_porcinus",1
"13118","Lautropia_mirabilis","Actinobacillus_porcinus",1
"13120","Actinobacillus_rossii","Actinobacillus_porcinus",1
"13127","Haemophilus_parainfluenzae","Actinobacillus_porcinus",1
"13136","Bacteroides_intestinalis","Actinobacillus_porcinus",1
"13153","Streptococcus_sanguinis","Actinobacillus_porcinus",1
"13155","Fusobacterium_periodonticum","Actinobacillus_porcinus",1
"13159","Campylobacter_showae","Actinobacillus_porcinus",1
"13163","Neisseria_oralis","Actinobacillus_porcinus",1
"13166","Soonwooa_buanensis","Actinobacillus_porcinus",1
"13168","Gemella_haemolysans","Actinobacillus_porcinus",1
"13368","Rothia_aeria","Atopobium_parvulum",-1
"13370","Butyrivibrio_hungatei","Atopobium_parvulum",1
"13371","Streptococcus_vestibularis","Atopobium_parvulum",1
"13372","Veillonella_dispar","Atopobium_parvulum",1
"13377","Actinomyces_odontolyticus","Atopobium_parvulum",1
"13383","Prevotella_pallens","Atopobium_parvulum",1
"13393","Prevotella_scopos","Atopobium_parvulum",1
"13395","Megasphaera_elsdenii","Atopobium_parvulum",1
"13402","Lachnoanaerobaculum_orale","Atopobium_parvulum",1
"13404","Orientia_tsutsugamushi","Atopobium_parvulum",1
"13406","Propionigenium_maris","Atopobium_parvulum",1
"13407","Mogibacterium_diversum","Atopobium_parvulum",1
"13408","Actinomyces_meyeri","Atopobium_parvulum",1
"13411","Prevotella_salivae","Atopobium_parvulum",1
"13420","Lactobacillus_johnsonii","Atopobium_parvulum",1
"13421","Prevotella_veroralis","Atopobium_parvulum",1
"13443","Lautropia_mirabilis","Atopobium_parvulum",-1
"13450","Bifidobacterium_dentium","Atopobium_parvulum",1
"13452","Haemophilus_parainfluenzae","Atopobium_parvulum",-1
"13467","Lachnoanaerobaculum_saburreum","Atopobium_parvulum",1
"13475","Mogibacterium_neglectum","Atopobium_parvulum",1
"13476","Campylobacter_mucosalis","Atopobium_parvulum",1
"13489","Lactobacillus_ruminis","Atopobium_parvulum",1
"13496","Slackia_exigua","Atopobium_parvulum",1
"13500","Prevotella_multisaccharivorax","Atopobium_parvulum",1
"13507","Corynebacterium_argentoratense","Atopobium_parvulum",1
"13511","Propionibacterium_acidifaciens","Atopobium_parvulum",1
"13517","Selenomonas_ruminantium","Atopobium_parvulum",1
"13518","Eubacterium_sulci","Atopobium_parvulum",1
"13522","Streptococcus_parasanguinis","Atopobium_parvulum",1
"13526","Actinomyces_graevenitzii","Atopobium_parvulum",1
"13527","Alloprevotella_rava","Atopobium_parvulum",1
"13537","Acinetobacter_johnsonii","Stenotrophomonas_maltophilia",1
"13703","Eubacterium_saphenum","Anaerovorax_odorimutans",1
"13715","Porphyromonas_endodontalis","Anaerovorax_odorimutans",1
"13716","Eubacterium_yurii","Anaerovorax_odorimutans",1
"13717","Prevotella_shahii","Anaerovorax_odorimutans",1
"13725","Dialister_invisus","Anaerovorax_odorimutans",1
"13730","Moraxella_lacunata","Anaerovorax_odorimutans",1
"13733","Orientia_tsutsugamushi","Anaerovorax_odorimutans",1
"13743","Eubacterium_nodatum","Anaerovorax_odorimutans",1
"13745","Ornatilinea_apprima","Anaerovorax_odorimutans",1
"13746","Neisseria_pharyngis","Anaerovorax_odorimutans",1
"13753","Mycoplasma_faucium","Anaerovorax_odorimutans",1
"13760","Peptococcus_niger","Anaerovorax_odorimutans",1
"13762","Treponema_refringens","Anaerovorax_odorimutans",1
"13782","Porphyromonas_gingivalis","Anaerovorax_odorimutans",1
"13790","Bacteroides_intestinalis","Anaerovorax_odorimutans",1
"13791","Filifactor_alocis","Anaerovorax_odorimutans",1
"13802","Bacteroides_zoogleoformans","Anaerovorax_odorimutans",1
"13809","Fusobacterium_periodonticum","Anaerovorax_odorimutans",1
"13813","Campylobacter_showae","Anaerovorax_odorimutans",1
"13814","Tannerella_forsythia","Anaerovorax_odorimutans",1
"13822","Gemella_haemolysans","Anaerovorax_odorimutans",1
"13830","Streptococcus_sinensis","Anaerovorax_odorimutans",1
"13844","Streptobacillus_moniliformis","Anaerovorax_odorimutans",1
"13847","Eubacterium_sulci","Anaerovorax_odorimutans",1
"13856","Alloprevotella_rava","Anaerovorax_odorimutans",1
"14030","Rothia_aeria","Pasteurella_pneumotropica",1
"14037","Leptotrichia_buccalis","Pasteurella_pneumotropica",1
"14040","Bradyrhizobium_elkanii","Pasteurella_pneumotropica",1
"14043","Prevotella_baroniae","Pasteurella_pneumotropica",1
"14044","Capnocytophaga_leadbetteri","Pasteurella_pneumotropica",1
"14046","Treponema_denticola","Pasteurella_pneumotropica",1
"14047","Eubacterium_brachy","Pasteurella_pneumotropica",1
"14048","Porphyromonas_endodontalis","Pasteurella_pneumotropica",1
"14052","Prevotella_denticola","Pasteurella_pneumotropica",1
"14058","Dialister_invisus","Pasteurella_pneumotropica",1
"14060","Prevotella_enoeca","Pasteurella_pneumotropica",1
"14071","Bergeyella_zoohelcum","Pasteurella_pneumotropica",1
"14075","Mannheimia_granulomatis","Pasteurella_pneumotropica",1
"14076","Eubacterium_nodatum","Pasteurella_pneumotropica",1
"14077","Planobacterium_taklimakanense","Pasteurella_pneumotropica",1
"14078","Ornatilinea_apprima","Pasteurella_pneumotropica",1
"14080","Anaeroglobus_geminatus","Pasteurella_pneumotropica",1
"14083","Prevotella_veroralis","Pasteurella_pneumotropica",1
"14086","Mycoplasma_faucium","Pasteurella_pneumotropica",1
"14091","Acidithiobacillus_thiooxidans","Pasteurella_pneumotropica",1
"14096","Treponema_pedis","Pasteurella_pneumotropica",1
"14101","Schwartzia_succinivorans","Pasteurella_pneumotropica",1
"14103","Prevotella_marshii","Pasteurella_pneumotropica",1
"14105","Lautropia_mirabilis","Pasteurella_pneumotropica",1
"14108","Actinomyces_gerencseriae","Pasteurella_pneumotropica",1
"14111","Selenomonas_noxia","Pasteurella_pneumotropica",1
"14114","Haemophilus_parainfluenzae","Pasteurella_pneumotropica",1
"14122","Treponema_bryantii","Pasteurella_pneumotropica",1
"14124","Filifactor_alocis","Pasteurella_pneumotropica",1
"14129","Lachnoanaerobaculum_saburreum","Pasteurella_pneumotropica",1
"14130","Acinetobacter_lwoffii","Pasteurella_pneumotropica",1
"14131","Brachymonas_denitrificans","Pasteurella_pneumotropica",1
"14133","Streptococcus_gordonii","Pasteurella_pneumotropica",1
"14134","Leptotrichia_hofstadii","Pasteurella_pneumotropica",1
"14135","Bacteroides_zoogleoformans","Pasteurella_pneumotropica",1
"14136","Natranaerovirga_hydrolytica","Pasteurella_pneumotropica",1
"14140","Streptococcus_sanguinis","Pasteurella_pneumotropica",1
"14145","Desulfomicrobium_orale","Pasteurella_pneumotropica",1
"14146","Campylobacter_showae","Pasteurella_pneumotropica",1
"14147","Tannerella_forsythia","Pasteurella_pneumotropica",1
"14149","Capnocytophaga_granulosa","Pasteurella_pneumotropica",1
"14150","Neisseria_oralis","Pasteurella_pneumotropica",1
"14153","Soonwooa_buanensis","Pasteurella_pneumotropica",1
"14154","Leptotrichia_hongkongensis","Pasteurella_pneumotropica",1
"14155","Gemella_haemolysans","Pasteurella_pneumotropica",1
"14166","Cardiobacterium_valvarum","Pasteurella_pneumotropica",1
"14182","Desulfobulbus_rhabdoformis","Pasteurella_pneumotropica",1
"14196","Megamonas_funiformis","Pasteurella_pneumotropica",1
"14198","Rothia_aeria","Treponema_amylovorum",1
"14204","Eubacterium_saphenum","Treponema_amylovorum",1
"14205","Leptotrichia_buccalis","Treponema_amylovorum",1
"14214","Treponema_denticola","Treponema_amylovorum",1
"14215","Eubacterium_brachy","Treponema_amylovorum",1
"14216","Porphyromonas_endodontalis","Treponema_amylovorum",1
"14217","Eubacterium_yurii","Treponema_amylovorum",1
"14220","Prevotella_denticola","Treponema_amylovorum",1
"14221","Actinobacillus_minor","Treponema_amylovorum",1
"14223","Prevotella_scopos","Treponema_amylovorum",1
"14224","Actinomyces_oris","Treponema_amylovorum",1
"14226","Dialister_invisus","Treponema_amylovorum",1
"14238","Actinomyces_meyeri","Treponema_amylovorum",1
"14239","Bergeyella_zoohelcum","Treponema_amylovorum",1
"14240","Actinomyces_bowdenii","Treponema_amylovorum",1
"14246","Ornatilinea_apprima","Treponema_amylovorum",1
"14248","Anaeroglobus_geminatus","Treponema_amylovorum",1
"14251","Prevotella_veroralis","Treponema_amylovorum",1
"14255","Mycoplasma_hyosynoviae","Treponema_amylovorum",1
"14257","Alysiella_crassa","Treponema_amylovorum",1
"14258","Prevotella_dentalis","Treponema_amylovorum",1
"14264","Treponema_pedis","Treponema_amylovorum",1
"14265","Campylobacter_curvus","Treponema_amylovorum",1
"14267","Mycoplasma_feliminutum","Treponema_amylovorum",1
"14268","Streptococcus_pneumoniae","Treponema_amylovorum",1
"14269","Schwartzia_succinivorans","Treponema_amylovorum",1
"14272","Treponema_parvum","Treponema_amylovorum",1
"14279","Selenomonas_noxia","Treponema_amylovorum",1
"14280","Bifidobacterium_dentium","Treponema_amylovorum",1
"14283","Porphyromonas_gingivalis","Treponema_amylovorum",1
"14288","Prevotella_amnii","Treponema_amylovorum",1
"14290","Treponema_bryantii","Treponema_amylovorum",1
"14291","Bacteroides_intestinalis","Treponema_amylovorum",1
"14292","Filifactor_alocis","Treponema_amylovorum",1
"14294","Odoribacter_denticanis","Treponema_amylovorum",1
"14295","Bacteroides_heparinolyticus","Treponema_amylovorum",1
"14297","Lachnoanaerobaculum_saburreum","Treponema_amylovorum",1
"14299","Brachymonas_denitrificans","Treponema_amylovorum",1
"14302","Leptotrichia_hofstadii","Treponema_amylovorum",1
"14303","Bacteroides_zoogleoformans","Treponema_amylovorum",1
"14304","Natranaerovirga_hydrolytica","Treponema_amylovorum",1
"14308","Streptococcus_sanguinis","Treponema_amylovorum",1
"14311","Eubacterium_minutum","Treponema_amylovorum",1
"14312","Sporanaerobacter_acetigenes","Treponema_amylovorum",1
"14313","Desulfomicrobium_orale","Treponema_amylovorum",1
"14314","Campylobacter_showae","Treponema_amylovorum",1
"14315","Tannerella_forsythia","Treponema_amylovorum",1
"14317","Capnocytophaga_granulosa","Treponema_amylovorum",1
"14318","Neisseria_oralis","Treponema_amylovorum",1
"14321","Soonwooa_buanensis","Treponema_amylovorum",1
"14326","Slackia_exigua","Treponema_amylovorum",1
"14328","Streptococcus_oralis","Treponema_amylovorum",1
"14331","Streptococcus_sinensis","Treponema_amylovorum",1
"14333","Desulfobulbus_propionicus","Treponema_amylovorum",1
"14334","Cardiobacterium_valvarum","Treponema_amylovorum",1
"14336","Prevotella_pleuritidis","Treponema_amylovorum",1
"14338","Howardella_ureilytica","Treponema_amylovorum",1
"14343","Parascardovia_denticolens","Treponema_amylovorum",1
"14344","Prevotella_falsenii","Treponema_amylovorum",1
"14345","Streptobacillus_moniliformis","Treponema_amylovorum",1
"14350","Desulfobulbus_rhabdoformis","Treponema_amylovorum",1
"14354","Ralstonia_solanacearum","Treponema_amylovorum",1
"14357","Alloprevotella_rava","Treponema_amylovorum",1
"14365","Pasteurella_pneumotropica","Treponema_amylovorum",1
"14366","Veillonella_rogosae","Prevotella_nanceiensis",1
"14381","Capnocytophaga_leadbetteri","Prevotella_nanceiensis",1
"14382","Prevotella_pallens","Prevotella_nanceiensis",1
"14387","Prevotella_shahii","Prevotella_nanceiensis",1
"14392","Prevotella_scopos","Prevotella_nanceiensis",1
"14400","Moraxella_lacunata","Prevotella_nanceiensis",1
"14403","Orientia_tsutsugamushi","Prevotella_nanceiensis",1
"14412","Mannheimia_granulomatis","Prevotella_nanceiensis",1
"14414","Planobacterium_taklimakanense","Prevotella_nanceiensis",1
"14416","Neisseria_pharyngis","Prevotella_nanceiensis",1
"14428","Acidithiobacillus_thiooxidans","Prevotella_nanceiensis",1
"14430","Peptococcus_niger","Prevotella_nanceiensis",1
"14432","Treponema_refringens","Prevotella_nanceiensis",1
"14444","Actinobacillus_rossii","Prevotella_nanceiensis",1
"14451","Haemophilus_parainfluenzae","Prevotella_nanceiensis",1
"14456","Bacteroides_acidifaciens","Prevotella_nanceiensis",1
"14457","Prevotella_amnii","Prevotella_nanceiensis",1
"14460","Bacteroides_intestinalis","Prevotella_nanceiensis",1
"14479","Fusobacterium_periodonticum","Prevotella_nanceiensis",1
"14490","Soonwooa_buanensis","Prevotella_nanceiensis",1
"14506","Corynebacterium_argentoratense","Prevotella_nanceiensis",1
"14508","Snodgrassella_alvi","Prevotella_nanceiensis",1
"14517","Eubacterium_sulci","Prevotella_nanceiensis",1
"14526","Alloprevotella_rava","Prevotella_nanceiensis",1
"14537","Rothia_aeria","Wolinella_succinogenes",1
"14543","Eubacterium_saphenum","Wolinella_succinogenes",1
"14544","Leptotrichia_buccalis","Wolinella_succinogenes",1
"14550","Prevotella_baroniae","Wolinella_succinogenes",1
"14554","Eubacterium_brachy","Wolinella_succinogenes",1
"14555","Porphyromonas_endodontalis","Wolinella_succinogenes",1
"14556","Eubacterium_yurii","Wolinella_succinogenes",1
"14559","Prevotella_denticola","Wolinella_succinogenes",1
"14565","Dialister_invisus","Wolinella_succinogenes",1
"14567","Prevotella_enoeca","Wolinella_succinogenes",1
"14577","Actinomyces_meyeri","Wolinella_succinogenes",1
"14581","Actinobaculum_massiliense","Wolinella_succinogenes",1
"14582","Mannheimia_granulomatis","Wolinella_succinogenes",1
"14583","Eubacterium_nodatum","Wolinella_succinogenes",1
"14586","Neisseria_pharyngis","Wolinella_succinogenes",1
"14587","Anaeroglobus_geminatus","Wolinella_succinogenes",1
"14588","Olsenella_uli","Wolinella_succinogenes",1
"14600","Peptococcus_niger","Wolinella_succinogenes",1
"14604","Campylobacter_curvus","Wolinella_succinogenes",1
"14607","Streptococcus_pneumoniae","Wolinella_succinogenes",1
"14608","Schwartzia_succinivorans","Wolinella_succinogenes",1
"14610","Prevotella_marshii","Wolinella_succinogenes",1
"14611","Treponema_parvum","Wolinella_succinogenes",1
"14612","Lautropia_mirabilis","Wolinella_succinogenes",1
"14622","Porphyromonas_gingivalis","Wolinella_succinogenes",1
"14627","Prevotella_amnii","Wolinella_succinogenes",1
"14630","Bacteroides_intestinalis","Wolinella_succinogenes",1
"14631","Filifactor_alocis","Wolinella_succinogenes",1
"14638","Brachymonas_denitrificans","Wolinella_succinogenes",1
"14639","Prevotella_paludivivens","Wolinella_succinogenes",1
"14641","Leptotrichia_hofstadii","Wolinella_succinogenes",1
"14647","Streptococcus_sanguinis","Wolinella_succinogenes",1
"14651","Sporanaerobacter_acetigenes","Wolinella_succinogenes",1
"14653","Campylobacter_showae","Wolinella_succinogenes",1
"14654","Tannerella_forsythia","Wolinella_succinogenes",1
"14656","Capnocytophaga_granulosa","Wolinella_succinogenes",1
"14672","Desulfobulbus_propionicus","Wolinella_succinogenes",1
"14675","Prevotella_pleuritidis","Wolinella_succinogenes",1
"14684","Streptobacillus_moniliformis","Wolinella_succinogenes",1
"14689","Desulfobulbus_rhabdoformis","Wolinella_succinogenes",1
"14694","Prevotella_oralis","Wolinella_succinogenes",1
"14696","Alloprevotella_rava","Wolinella_succinogenes",1
"14704","Pasteurella_pneumotropica","Wolinella_succinogenes",1
"14712","Veillonella_dispar","Lactobacillus_frumenti",1
"14715","Leptotrichia_buccalis","Lactobacillus_frumenti",1
"14730","Prevotella_denticola","Lactobacillus_frumenti",1
"14734","Actinomyces_oris","Lactobacillus_frumenti",1
"14736","Dialister_invisus","Lactobacillus_frumenti",1
"14759","Olsenella_uli","Lactobacillus_frumenti",1
"14760","Lactobacillus_johnsonii","Lactobacillus_frumenti",1
"14763","Rothia_dentocariosa","Lactobacillus_frumenti",1
"14770","Corynebacterium_jeikeium","Lactobacillus_frumenti",1
"14789","Selenomonas_noxia","Lactobacillus_frumenti",1
"14794","Streptococcus_sobrinus","Lactobacillus_frumenti",1
"14805","Bacteroides_heparinolyticus","Lactobacillus_frumenti",1
"14807","Lachnoanaerobaculum_saburreum","Lactobacillus_frumenti",1
"14811","Streptococcus_gordonii","Lactobacillus_frumenti",1
"14832","Leptotrichia_hongkongensis","Lactobacillus_frumenti",1
"14840","Prevotella_multisaccharivorax","Lactobacillus_frumenti",1
"14846","Prevotella_pleuritidis","Lactobacillus_frumenti",1
"14848","Howardella_ureilytica","Lactobacillus_frumenti",1
"14851","Propionibacterium_acidifaciens","Lactobacillus_frumenti",1
"14853","Parascardovia_denticolens","Lactobacillus_frumenti",1
"14857","Selenomonas_ruminantium","Lactobacillus_frumenti",1
"14862","Streptococcus_parasanguinis","Lactobacillus_frumenti",1
"14865","Prevotella_oralis","Lactobacillus_frumenti",1
"14871","Atopobium_parvulum","Lactobacillus_frumenti",1
"14883","Streptococcus_vestibularis","Shuttleworthia_satelles",1
"14886","Eubacterium_saphenum","Shuttleworthia_satelles",1
"14887","Leptotrichia_buccalis","Shuttleworthia_satelles",1
"14893","Prevotella_baroniae","Shuttleworthia_satelles",1
"14896","Treponema_denticola","Shuttleworthia_satelles",1
"14897","Eubacterium_brachy","Shuttleworthia_satelles",1
"14898","Porphyromonas_endodontalis","Shuttleworthia_satelles",1
"14899","Eubacterium_yurii","Shuttleworthia_satelles",1
"14902","Prevotella_denticola","Shuttleworthia_satelles",1
"14906","Actinomyces_oris","Shuttleworthia_satelles",1
"14907","Megasphaera_elsdenii","Shuttleworthia_satelles",1
"14908","Dialister_invisus","Shuttleworthia_satelles",1
"14920","Actinomyces_meyeri","Shuttleworthia_satelles",1
"14922","Actinomyces_bowdenii","Shuttleworthia_satelles",1
"14924","Actinobaculum_massiliense","Shuttleworthia_satelles",1
"14928","Ornatilinea_apprima","Shuttleworthia_satelles",1
"14930","Anaeroglobus_geminatus","Shuttleworthia_satelles",1
"14931","Olsenella_uli","Shuttleworthia_satelles",1
"14933","Prevotella_veroralis","Shuttleworthia_satelles",1
"14934","Dialister_propionicifaciens","Shuttleworthia_satelles",1
"14935","Rothia_dentocariosa","Shuttleworthia_satelles",1
"14936","Mycoplasma_faucium","Shuttleworthia_satelles",1
"14937","Mycoplasma_hyosynoviae","Shuttleworthia_satelles",1
"14942","Corynebacterium_jeikeium","Shuttleworthia_satelles",1
"14946","Treponema_pedis","Shuttleworthia_satelles",1
"14949","Mycoplasma_feliminutum","Shuttleworthia_satelles",1
"14951","Schwartzia_succinivorans","Shuttleworthia_satelles",1
"14953","Prevotella_marshii","Shuttleworthia_satelles",1
"14954","Treponema_parvum","Shuttleworthia_satelles",1
"14958","Actinomyces_gerencseriae","Shuttleworthia_satelles",1
"14961","Selenomonas_noxia","Shuttleworthia_satelles",1
"14965","Porphyromonas_gingivalis","Shuttleworthia_satelles",1
"14972","Treponema_bryantii","Shuttleworthia_satelles",1
"14974","Filifactor_alocis","Shuttleworthia_satelles",1
"14979","Lachnoanaerobaculum_saburreum","Shuttleworthia_satelles",1
"14980","Acinetobacter_lwoffii","Shuttleworthia_satelles",1
"14982","Prevotella_paludivivens","Shuttleworthia_satelles",1
"14984","Leptotrichia_hofstadii","Shuttleworthia_satelles",1
"14985","Bacteroides_zoogleoformans","Shuttleworthia_satelles",1
"14986","Natranaerovirga_hydrolytica","Shuttleworthia_satelles",1
"14987","Mogibacterium_neglectum","Shuttleworthia_satelles",1
"14989","Peptoniphilus_lacrimalis","Shuttleworthia_satelles",1
"14990","Streptococcus_sanguinis","Shuttleworthia_satelles",1
"14994","Sporanaerobacter_acetigenes","Shuttleworthia_satelles",1
"14995","Desulfomicrobium_orale","Shuttleworthia_satelles",1
"14997","Tannerella_forsythia","Shuttleworthia_satelles",1
"15004","Leptotrichia_hongkongensis","Shuttleworthia_satelles",1
"15008","Slackia_exigua","Shuttleworthia_satelles",1
"15012","Prevotella_multisaccharivorax","Shuttleworthia_satelles",1
"15015","Desulfobulbus_propionicus","Shuttleworthia_satelles",1
"15016","Cardiobacterium_valvarum","Shuttleworthia_satelles",1
"15018","Prevotella_pleuritidis","Shuttleworthia_satelles",1
"15029","Selenomonas_ruminantium","Shuttleworthia_satelles",1
"15032","Desulfobulbus_rhabdoformis","Shuttleworthia_satelles",1
"15033","Lactobacillus_mucosae","Shuttleworthia_satelles",1
"15037","Prevotella_oralis","Shuttleworthia_satelles",1
"15043","Atopobium_parvulum","Shuttleworthia_satelles",1
"15048","Treponema_amylovorum","Shuttleworthia_satelles",1
"15051","Lactobacillus_frumenti","Shuttleworthia_satelles",1
"15053","Rothia_aeria","Treponema_lecithinolyticum",1
"15060","Leptotrichia_buccalis","Treponema_lecithinolyticum",1
"15070","Eubacterium_brachy","Treponema_lecithinolyticum",1
"15071","Porphyromonas_endodontalis","Treponema_lecithinolyticum",1
"15072","Eubacterium_yurii","Treponema_lecithinolyticum",1
"15075","Prevotella_denticola","Treponema_lecithinolyticum",1
"15076","Actinobacillus_minor","Treponema_lecithinolyticum",1
"15081","Dialister_invisus","Treponema_lecithinolyticum",1
"15083","Prevotella_enoeca","Treponema_lecithinolyticum",1
"15086","Moraxella_lacunata","Treponema_lecithinolyticum",1
"15094","Bergeyella_zoohelcum","Treponema_lecithinolyticum",1
"15099","Eubacterium_nodatum","Treponema_lecithinolyticum",1
"15101","Ornatilinea_apprima","Treponema_lecithinolyticum",1
"15103","Anaeroglobus_geminatus","Treponema_lecithinolyticum",1
"15104","Olsenella_uli","Treponema_lecithinolyticum",1
"15108","Rothia_dentocariosa","Treponema_lecithinolyticum",1
"15110","Mycoplasma_hyosynoviae","Treponema_lecithinolyticum",1
"15113","Prevotella_dentalis","Treponema_lecithinolyticum",1
"15114","Acidithiobacillus_thiooxidans","Treponema_lecithinolyticum",1
"15116","Peptococcus_niger","Treponema_lecithinolyticum",1
"15122","Mycoplasma_feliminutum","Treponema_lecithinolyticum",1
"15124","Schwartzia_succinivorans","Treponema_lecithinolyticum",1
"15126","Prevotella_marshii","Treponema_lecithinolyticum",1
"15127","Treponema_parvum","Treponema_lecithinolyticum",1
"15129","Barnesiella_intestinihominis","Treponema_lecithinolyticum",1
"15131","Actinomyces_gerencseriae","Treponema_lecithinolyticum",1
"15134","Selenomonas_noxia","Treponema_lecithinolyticum",1
"15138","Porphyromonas_gingivalis","Treponema_lecithinolyticum",1
"15147","Filifactor_alocis","Treponema_lecithinolyticum",1
"15152","Lachnoanaerobaculum_saburreum","Treponema_lecithinolyticum",1
"15154","Brachymonas_denitrificans","Treponema_lecithinolyticum",1
"15157","Leptotrichia_hofstadii","Treponema_lecithinolyticum",1
"15158","Bacteroides_zoogleoformans","Treponema_lecithinolyticum",1
"15159","Natranaerovirga_hydrolytica","Treponema_lecithinolyticum",1
"15163","Streptococcus_sanguinis","Treponema_lecithinolyticum",1
"15172","Capnocytophaga_granulosa","Treponema_lecithinolyticum",1
"15173","Neisseria_oralis","Treponema_lecithinolyticum",1
"15177","Leptotrichia_hongkongensis","Treponema_lecithinolyticum",1
"15181","Slackia_exigua","Treponema_lecithinolyticum",1
"15188","Desulfobulbus_propionicus","Treponema_lecithinolyticum",1
"15189","Cardiobacterium_valvarum","Treponema_lecithinolyticum",1
"15193","Howardella_ureilytica","Treponema_lecithinolyticum",1
"15195","Clostridium_hathewayi","Treponema_lecithinolyticum",1
"15201","Gemella_bergeri","Treponema_lecithinolyticum",1
"15205","Desulfobulbus_rhabdoformis","Treponema_lecithinolyticum",1
"15210","Prevotella_oralis","Treponema_lecithinolyticum",1
"15224","Lactobacillus_frumenti","Treponema_lecithinolyticum",1
"15225","Shuttleworthia_satelles","Treponema_lecithinolyticum",1
"15239","Neisseria_sicca","Neisseria_macacae",1
"15256","Granulicatella_adiacens","Neisseria_macacae",1
"15297","Streptococcus_pneumoniae","Neisseria_macacae",1
"15302","Lautropia_mirabilis","Neisseria_macacae",1
"15307","Neisseria_shayeganii","Neisseria_macacae",1
"15312","Porphyromonas_gingivalis","Neisseria_macacae",1
"15330","Streptococcus_gordonii","Neisseria_macacae",1
"15337","Streptococcus_sanguinis","Neisseria_macacae",1
"15346","Capnocytophaga_granulosa","Neisseria_macacae",1
"15347","Neisseria_oralis","Neisseria_macacae",1
"15350","Soonwooa_buanensis","Neisseria_macacae",1
"15352","Gemella_haemolysans","Neisseria_macacae",1
"15374","Streptobacillus_moniliformis","Neisseria_macacae",1
"15582","Veillonella_dispar","Streptococcus_intermedius",1
"15595","Eubacterium_brachy","Streptococcus_intermedius",1
"15600","Prevotella_denticola","Streptococcus_intermedius",1
"15604","Actinomyces_oris","Streptococcus_intermedius",1
"15606","Dialister_invisus","Streptococcus_intermedius",1
"15618","Actinomyces_meyeri","Streptococcus_intermedius",1
"15620","Actinomyces_bowdenii","Streptococcus_intermedius",1
"15628","Anaeroglobus_geminatus","Streptococcus_intermedius",1
"15629","Olsenella_uli","Streptococcus_intermedius",1
"15633","Rothia_dentocariosa","Streptococcus_intermedius",1
"15648","Streptococcus_pneumoniae","Streptococcus_intermedius",1
"15649","Schwartzia_succinivorans","Streptococcus_intermedius",1
"15653","Lautropia_mirabilis","Streptococcus_intermedius",1
"15656","Actinomyces_gerencseriae","Streptococcus_intermedius",1
"15659","Selenomonas_noxia","Streptococcus_intermedius",1
"15677","Lachnoanaerobaculum_saburreum","Streptococcus_intermedius",1
"15681","Streptococcus_gordonii","Streptococcus_intermedius",1
"15688","Streptococcus_sanguinis","Streptococcus_intermedius",1
"15699","Lactobacillus_ruminis","Streptococcus_intermedius",1
"15702","Leptotrichia_hongkongensis","Streptococcus_intermedius",1
"15706","Slackia_exigua","Streptococcus_intermedius",1
"15707","Actinomyces_viscosus","Streptococcus_intermedius",1
"15710","Prevotella_multisaccharivorax","Streptococcus_intermedius",1
"15718","Howardella_ureilytica","Streptococcus_intermedius",1
"15723","Parascardovia_denticolens","Streptococcus_intermedius",1
"15735","Prevotella_oralis","Streptococcus_intermedius",1
"15740","Pseudomonas_aeruginosa","Streptococcus_intermedius",1
"15749","Lactobacillus_frumenti","Streptococcus_intermedius",1
"15750","Shuttleworthia_satelles","Streptococcus_intermedius",1
"15760","Acinetobacter_johnsonii","Treponema_socranskii",1
"15761","Eubacterium_saphenum","Treponema_socranskii",1
"15762","Leptotrichia_buccalis","Treponema_socranskii",1
"15768","Prevotella_baroniae","Treponema_socranskii",1
"15769","Capnocytophaga_leadbetteri","Treponema_socranskii",1
"15773","Porphyromonas_endodontalis","Treponema_socranskii",1
"15777","Prevotella_denticola","Treponema_socranskii",1
"15781","Actinomyces_oris","Treponema_socranskii",1
"15783","Dialister_invisus","Treponema_socranskii",1
"15795","Actinomyces_meyeri","Treponema_socranskii",1
"15796","Bergeyella_zoohelcum","Treponema_socranskii",1
"15799","Actinobaculum_massiliense","Treponema_socranskii",1
"15801","Eubacterium_nodatum","Treponema_socranskii",1
"15803","Ornatilinea_apprima","Treponema_socranskii",1
"15804","Neisseria_pharyngis","Treponema_socranskii",1
"15806","Olsenella_uli","Treponema_socranskii",1
"15808","Prevotella_veroralis","Treponema_socranskii",1
"15809","Dialister_propionicifaciens","Treponema_socranskii",1
"15811","Mycoplasma_faucium","Treponema_socranskii",1
"15812","Mycoplasma_hyosynoviae","Treponema_socranskii",1
"15817","Corynebacterium_jeikeium","Treponema_socranskii",1
"15818","Peptococcus_niger","Treponema_socranskii",1
"15820","Treponema_refringens","Treponema_socranskii",1
"15821","Treponema_pedis","Treponema_socranskii",1
"15822","Campylobacter_curvus","Treponema_socranskii",1
"15824","Mycoplasma_feliminutum","Treponema_socranskii",1
"15827","Actinomyces_hyovaginalis","Treponema_socranskii",1
"15829","Treponema_parvum","Treponema_socranskii",1
"15833","Actinomyces_gerencseriae","Treponema_socranskii",1
"15835","Neisseria_shayeganii","Treponema_socranskii",1
"15836","Selenomonas_noxia","Treponema_socranskii",1
"15837","Bifidobacterium_dentium","Treponema_socranskii",1
"15840","Porphyromonas_gingivalis","Treponema_socranskii",1
"15847","Treponema_bryantii","Treponema_socranskii",1
"15849","Filifactor_alocis","Treponema_socranskii",1
"15851","Odoribacter_denticanis","Treponema_socranskii",1
"15852","Bacteroides_heparinolyticus","Treponema_socranskii",1
"15854","Lachnoanaerobaculum_saburreum","Treponema_socranskii",1
"15856","Brachymonas_denitrificans","Treponema_socranskii",1
"15857","Prevotella_paludivivens","Treponema_socranskii",1
"15859","Leptotrichia_hofstadii","Treponema_socranskii",1
"15860","Bacteroides_zoogleoformans","Treponema_socranskii",1
"15861","Natranaerovirga_hydrolytica","Treponema_socranskii",1
"15864","Peptoniphilus_lacrimalis","Treponema_socranskii",1
"15868","Eubacterium_minutum","Treponema_socranskii",1
"15870","Desulfomicrobium_orale","Treponema_socranskii",1
"15871","Campylobacter_showae","Treponema_socranskii",1
"15872","Tannerella_forsythia","Treponema_socranskii",1
"15873","Kingella_potus","Treponema_socranskii",1
"15874","Capnocytophaga_granulosa","Treponema_socranskii",1
"15875","Neisseria_oralis","Treponema_socranskii",1
"15879","Leptotrichia_hongkongensis","Treponema_socranskii",1
"15886","Desulfovibrio_fairfieldensis","Treponema_socranskii",1
"15887","Prevotella_multisaccharivorax","Treponema_socranskii",1
"15890","Desulfobulbus_propionicus","Treponema_socranskii",1
"15893","Prevotella_pleuritidis","Treponema_socranskii",1
"15895","Howardella_ureilytica","Treponema_socranskii",1
"15900","Parascardovia_denticolens","Treponema_socranskii",1
"15901","Prevotella_falsenii","Treponema_socranskii",1
"15902","Streptobacillus_moniliformis","Treponema_socranskii",1
"15904","Selenomonas_ruminantium","Treponema_socranskii",1
"15906","Veillonella_ratti","Treponema_socranskii",1
"15912","Prevotella_oralis","Treponema_socranskii",1
"15922","Pasteurella_pneumotropica","Treponema_socranskii",1
"15925","Wolinella_succinogenes","Treponema_socranskii",1
"15927","Shuttleworthia_satelles","Treponema_socranskii",1
"15939","Eubacterium_saphenum","Pyramidobacter_piscolens",1
"15940","Leptotrichia_buccalis","Pyramidobacter_piscolens",1
"15946","Prevotella_baroniae","Pyramidobacter_piscolens",1
"15947","Capnocytophaga_leadbetteri","Pyramidobacter_piscolens",1
"15949","Treponema_denticola","Pyramidobacter_piscolens",1
"15951","Porphyromonas_endodontalis","Pyramidobacter_piscolens",1
"15955","Prevotella_denticola","Pyramidobacter_piscolens",1
"15961","Dialister_invisus","Pyramidobacter_piscolens",1
"15963","Prevotella_enoeca","Pyramidobacter_piscolens",1
"15979","Eubacterium_nodatum","Pyramidobacter_piscolens",1
"15984","Olsenella_uli","Pyramidobacter_piscolens",1
"15988","Rothia_dentocariosa","Pyramidobacter_piscolens",1
"15989","Mycoplasma_faucium","Pyramidobacter_piscolens",1
"15990","Mycoplasma_hyosynoviae","Pyramidobacter_piscolens",1
"15996","Peptococcus_niger","Pyramidobacter_piscolens",1
"15999","Treponema_pedis","Pyramidobacter_piscolens",1
"16002","Mycoplasma_feliminutum","Pyramidobacter_piscolens",1
"16004","Schwartzia_succinivorans","Pyramidobacter_piscolens",1
"16006","Prevotella_marshii","Pyramidobacter_piscolens",1
"16007","Treponema_parvum","Pyramidobacter_piscolens",1
"16014","Selenomonas_noxia","Pyramidobacter_piscolens",1
"16015","Bifidobacterium_dentium","Pyramidobacter_piscolens",1
"16018","Porphyromonas_gingivalis","Pyramidobacter_piscolens",1
"16027","Filifactor_alocis","Pyramidobacter_piscolens",1
"16032","Lachnoanaerobaculum_saburreum","Pyramidobacter_piscolens",1
"16034","Brachymonas_denitrificans","Pyramidobacter_piscolens",1
"16036","Streptococcus_gordonii","Pyramidobacter_piscolens",1
"16050","Tannerella_forsythia","Pyramidobacter_piscolens",1
"16052","Capnocytophaga_granulosa","Pyramidobacter_piscolens",1
"16061","Slackia_exigua","Pyramidobacter_piscolens",1
"16069","Cardiobacterium_valvarum","Pyramidobacter_piscolens",1
"16071","Prevotella_pleuritidis","Pyramidobacter_piscolens",1
"16073","Howardella_ureilytica","Pyramidobacter_piscolens",1
"16085","Desulfobulbus_rhabdoformis","Pyramidobacter_piscolens",1
"16086","Lactobacillus_mucosae","Pyramidobacter_piscolens",1
"16089","Ralstonia_solanacearum","Pyramidobacter_piscolens",1
"16090","Prevotella_oralis","Pyramidobacter_piscolens",1
"16101","Treponema_amylovorum","Pyramidobacter_piscolens",1
"16105","Shuttleworthia_satelles","Pyramidobacter_piscolens",1
"16109","Streptococcus_intermedius","Pyramidobacter_piscolens",1
"16110","Treponema_socranskii","Pyramidobacter_piscolens",1
"16118","Eubacterium_saphenum","Dialister_pneumosintes",1
"16119","Leptotrichia_buccalis","Dialister_pneumosintes",1
"16125","Prevotella_baroniae","Dialister_pneumosintes",1
"16128","Treponema_denticola","Dialister_pneumosintes",1
"16129","Eubacterium_brachy","Dialister_pneumosintes",1
"16130","Porphyromonas_endodontalis","Dialister_pneumosintes",1
"16134","Prevotella_denticola","Dialister_pneumosintes",1
"16135","Actinobacillus_minor","Dialister_pneumosintes",1
"16139","Megasphaera_elsdenii","Dialister_pneumosintes",1
"16140","Dialister_invisus","Dialister_pneumosintes",1
"16145","Moraxella_lacunata","Dialister_pneumosintes",1
"16153","Bergeyella_zoohelcum","Dialister_pneumosintes",1
"16157","Mannheimia_granulomatis","Dialister_pneumosintes",1
"16160","Ornatilinea_apprima","Dialister_pneumosintes",1
"16161","Neisseria_pharyngis","Dialister_pneumosintes",1
"16162","Anaeroglobus_geminatus","Dialister_pneumosintes",1
"16163","Olsenella_uli","Dialister_pneumosintes",1
"16165","Prevotella_veroralis","Dialister_pneumosintes",1
"16166","Dialister_propionicifaciens","Dialister_pneumosintes",1
"16168","Mycoplasma_faucium","Dialister_pneumosintes",1
"16169","Mycoplasma_hyosynoviae","Dialister_pneumosintes",1
"16175","Peptococcus_niger","Dialister_pneumosintes",1
"16178","Treponema_pedis","Dialister_pneumosintes",1
"16179","Campylobacter_curvus","Dialister_pneumosintes",1
"16181","Mycoplasma_feliminutum","Dialister_pneumosintes",1
"16184","Actinomyces_hyovaginalis","Dialister_pneumosintes",1
"16185","Prevotella_marshii","Dialister_pneumosintes",1
"16186","Treponema_parvum","Dialister_pneumosintes",1
"16193","Selenomonas_noxia","Dialister_pneumosintes",1
"16194","Bifidobacterium_dentium","Dialister_pneumosintes",1
"16204","Treponema_bryantii","Dialister_pneumosintes",1
"16206","Filifactor_alocis","Dialister_pneumosintes",1
"16209","Bacteroides_heparinolyticus","Dialister_pneumosintes",1
"16210","Rothia_mucilaginosa","Dialister_pneumosintes",-1
"16211","Lachnoanaerobaculum_saburreum","Dialister_pneumosintes",1
"16214","Prevotella_paludivivens","Dialister_pneumosintes",1
"16216","Leptotrichia_hofstadii","Dialister_pneumosintes",1
"16217","Bacteroides_zoogleoformans","Dialister_pneumosintes",1
"16218","Natranaerovirga_hydrolytica","Dialister_pneumosintes",1
"16225","Eubacterium_minutum","Dialister_pneumosintes",1
"16226","Sporanaerobacter_acetigenes","Dialister_pneumosintes",1
"16227","Desulfomicrobium_orale","Dialister_pneumosintes",1
"16228","Campylobacter_showae","Dialister_pneumosintes",1
"16229","Tannerella_forsythia","Dialister_pneumosintes",1
"16232","Neisseria_oralis","Dialister_pneumosintes",1
"16235","Soonwooa_buanensis","Dialister_pneumosintes",1
"16236","Leptotrichia_hongkongensis","Dialister_pneumosintes",1
"16240","Slackia_exigua","Dialister_pneumosintes",1
"16243","Desulfovibrio_fairfieldensis","Dialister_pneumosintes",1
"16244","Prevotella_multisaccharivorax","Dialister_pneumosintes",1
"16247","Desulfobulbus_propionicus","Dialister_pneumosintes",1
"16250","Prevotella_pleuritidis","Dialister_pneumosintes",1
"16252","Howardella_ureilytica","Dialister_pneumosintes",1
"16258","Prevotella_falsenii","Dialister_pneumosintes",1
"16259","Streptobacillus_moniliformis","Dialister_pneumosintes",1
"16264","Desulfobulbus_rhabdoformis","Dialister_pneumosintes",1
"16265","Lactobacillus_mucosae","Dialister_pneumosintes",1
"16279","Pasteurella_pneumotropica","Dialister_pneumosintes",1
"16280","Treponema_amylovorum","Dialister_pneumosintes",1
"16282","Wolinella_succinogenes","Dialister_pneumosintes",1
"16283","Lactobacillus_frumenti","Dialister_pneumosintes",1
"16284","Shuttleworthia_satelles","Dialister_pneumosintes",1
"16288","Streptococcus_intermedius","Dialister_pneumosintes",1
"16290","Pyramidobacter_piscolens","Dialister_pneumosintes",1
"16294","Butyrivibrio_hungatei","Selenomonas_flueggei",1
"16296","Veillonella_dispar","Selenomonas_flueggei",1
"16299","Leptotrichia_buccalis","Selenomonas_flueggei",1
"16320","Dialister_invisus","Selenomonas_flueggei",1
"16326","Lachnoanaerobaculum_orale","Selenomonas_flueggei",1
"16330","Propionigenium_maris","Selenomonas_flueggei",1
"16335","Prevotella_salivae","Selenomonas_flueggei",1
"16336","Actinobaculum_massiliense","Selenomonas_flueggei",1
"16342","Anaeroglobus_geminatus","Selenomonas_flueggei",1
"16343","Olsenella_uli","Selenomonas_flueggei",1
"16363","Schwartzia_succinivorans","Selenomonas_flueggei",1
"16365","Prevotella_marshii","Selenomonas_flueggei",1
"16370","Actinomyces_gerencseriae","Selenomonas_flueggei",1
"16373","Selenomonas_noxia","Selenomonas_flueggei",1
"16376","Haemophilus_parainfluenzae","Selenomonas_flueggei",-1
"16384","Treponema_bryantii","Selenomonas_flueggei",1
"16391","Lachnoanaerobaculum_saburreum","Selenomonas_flueggei",1
"16396","Leptotrichia_hofstadii","Selenomonas_flueggei",1
"16404","Fusobacterium_periodonticum","Selenomonas_flueggei",-1
"16409","Tannerella_forsythia","Selenomonas_flueggei",1
"16416","Leptotrichia_hongkongensis","Selenomonas_flueggei",1
"16420","Slackia_exigua","Selenomonas_flueggei",1
"16424","Prevotella_multisaccharivorax","Selenomonas_flueggei",1
"16427","Desulfobulbus_propionicus","Selenomonas_flueggei",1
"16432","Howardella_ureilytica","Selenomonas_flueggei",1
"16441","Selenomonas_ruminantium","Selenomonas_flueggei",1
"16445","Lactobacillus_mucosae","Selenomonas_flueggei",1
"16449","Prevotella_oralis","Selenomonas_flueggei",1
"16455","Atopobium_parvulum","Selenomonas_flueggei",1
"16463","Lactobacillus_frumenti","Selenomonas_flueggei",1
"16464","Shuttleworthia_satelles","Selenomonas_flueggei",1
"16471","Dialister_pneumosintes","Selenomonas_flueggei",1
"16472","Veillonella_rogosae","Peptostreptococcus_stomatis",1
"16475","Butyrivibrio_hungatei","Peptostreptococcus_stomatis",1
"16484","Neisseria_cinerea","Peptostreptococcus_stomatis",1
"16486","Prevotella_baroniae","Peptostreptococcus_stomatis",1
"16488","Prevotella_pallens","Peptostreptococcus_stomatis",1
"16489","Treponema_denticola","Peptostreptococcus_stomatis",1
"16490","Eubacterium_brachy","Peptostreptococcus_stomatis",1
"16491","Porphyromonas_endodontalis","Peptostreptococcus_stomatis",1
"16492","Eubacterium_yurii","Peptostreptococcus_stomatis",1
"16493","Prevotella_shahii","Peptostreptococcus_stomatis",1
"16498","Prevotella_scopos","Peptostreptococcus_stomatis",1
"16501","Dialister_invisus","Peptostreptococcus_stomatis",1
"16503","Prevotella_enoeca","Peptostreptococcus_stomatis",1
"16506","Moraxella_lacunata","Peptostreptococcus_stomatis",1
"16509","Orientia_tsutsugamushi","Peptostreptococcus_stomatis",1
"16512","Mogibacterium_diversum","Peptostreptococcus_stomatis",1
"16519","Eubacterium_nodatum","Peptostreptococcus_stomatis",1
"16521","Ornatilinea_apprima","Peptostreptococcus_stomatis",1
"16524","Olsenella_uli","Peptostreptococcus_stomatis",1
"16529","Mycoplasma_faucium","Peptostreptococcus_stomatis",1
"16532","Alysiella_crassa","Peptostreptococcus_stomatis",1
"16536","Peptococcus_niger","Peptostreptococcus_stomatis",1
"16538","Treponema_refringens","Peptostreptococcus_stomatis",1
"16539","Treponema_pedis","Peptostreptococcus_stomatis",1
"16542","Mycoplasma_feliminutum","Peptostreptococcus_stomatis",1
"16544","Schwartzia_succinivorans","Peptostreptococcus_stomatis",1
"16545","Actinomyces_hyovaginalis","Peptostreptococcus_stomatis",1
"16547","Treponema_parvum","Peptostreptococcus_stomatis",1
"16562","Bacteroides_acidifaciens","Peptostreptococcus_stomatis",1
"16563","Prevotella_amnii","Peptostreptococcus_stomatis",1
"16565","Treponema_bryantii","Peptostreptococcus_stomatis",1
"16566","Bacteroides_intestinalis","Peptostreptococcus_stomatis",1
"16567","Filifactor_alocis","Peptostreptococcus_stomatis",1
"16569","Odoribacter_denticanis","Peptostreptococcus_stomatis",1
"16570","Bacteroides_heparinolyticus","Peptostreptococcus_stomatis",1
"16575","Prevotella_paludivivens","Peptostreptococcus_stomatis",1
"16578","Bacteroides_zoogleoformans","Peptostreptococcus_stomatis",1
"16579","Natranaerovirga_hydrolytica","Peptostreptococcus_stomatis",1
"16580","Mogibacterium_neglectum","Peptostreptococcus_stomatis",1
"16585","Fusobacterium_periodonticum","Peptostreptococcus_stomatis",1
"16586","Eubacterium_minutum","Peptostreptococcus_stomatis",1
"16587","Sporanaerobacter_acetigenes","Peptostreptococcus_stomatis",1
"16588","Desulfomicrobium_orale","Peptostreptococcus_stomatis",1
"16589","Campylobacter_showae","Peptostreptococcus_stomatis",1
"16590","Tannerella_forsythia","Peptostreptococcus_stomatis",1
"16599","Gemella_palaticanis","Peptostreptococcus_stomatis",1
"16604","Desulfovibrio_fairfieldensis","Peptostreptococcus_stomatis",1
"16608","Desulfobulbus_propionicus","Peptostreptococcus_stomatis",1
"16612","Corynebacterium_argentoratense","Peptostreptococcus_stomatis",1
"16614","Snodgrassella_alvi","Peptostreptococcus_stomatis",1
"16619","Prevotella_falsenii","Peptostreptococcus_stomatis",1
"16620","Streptobacillus_moniliformis","Peptostreptococcus_stomatis",1
"16623","Eubacterium_sulci","Peptostreptococcus_stomatis",1
"16632","Alloprevotella_rava","Peptostreptococcus_stomatis",1
"16633","Paraprevotella_clara","Peptostreptococcus_stomatis",1
"16638","Anaerovorax_odorimutans","Peptostreptococcus_stomatis",1
"16641","Treponema_amylovorum","Peptostreptococcus_stomatis",1
"16642","Prevotella_nanceiensis","Peptostreptococcus_stomatis",1
"16643","Wolinella_succinogenes","Peptostreptococcus_stomatis",1
"16645","Shuttleworthia_satelles","Peptostreptococcus_stomatis",1
"16650","Treponema_socranskii","Peptostreptococcus_stomatis",1
"16651","Pyramidobacter_piscolens","Peptostreptococcus_stomatis",1
"16652","Dialister_pneumosintes","Peptostreptococcus_stomatis",1
"16659","Veillonella_dispar","Lactobacillus_reuteri",1
"16683","Dialister_invisus","Lactobacillus_reuteri",1
"16703","Ornatilinea_apprima","Lactobacillus_reuteri",1
"16710","Rothia_dentocariosa","Lactobacillus_reuteri",1
"16737","Bifidobacterium_dentium","Lactobacillus_reuteri",1
"16758","Streptococcus_gordonii","Lactobacillus_reuteri",1
"16776","Lactobacillus_ruminis","Lactobacillus_reuteri",1
"16779","Leptotrichia_hongkongensis","Lactobacillus_reuteri",1
"16787","Prevotella_multisaccharivorax","Lactobacillus_reuteri",1
"16798","Propionibacterium_acidifaciens","Lactobacillus_reuteri",1
"16818","Atopobium_parvulum","Lactobacillus_reuteri",1
"16824","Prevotella_nanceiensis","Lactobacillus_reuteri",-1
"16826","Lactobacillus_frumenti","Lactobacillus_reuteri",1
"16835","Selenomonas_flueggei","Lactobacillus_reuteri",1
"16845","Leptotrichia_buccalis","Butyrivibrio_fibrisolvens",1
"16847","Actinomyces_odontolyticus","Butyrivibrio_fibrisolvens",1
"16853","Prevotella_pallens","Butyrivibrio_fibrisolvens",1
"16866","Dialister_invisus","Butyrivibrio_fibrisolvens",1
"16872","Lachnoanaerobaculum_orale","Butyrivibrio_fibrisolvens",1
"16874","Orientia_tsutsugamushi","Butyrivibrio_fibrisolvens",1
"16876","Propionigenium_maris","Butyrivibrio_fibrisolvens",1
"16881","Prevotella_salivae","Butyrivibrio_fibrisolvens",1
"16891","Prevotella_veroralis","Butyrivibrio_fibrisolvens",1
"16894","Mycoplasma_faucium","Butyrivibrio_fibrisolvens",1
"16901","Peptococcus_niger","Butyrivibrio_fibrisolvens",1
"16919","Selenomonas_noxia","Butyrivibrio_fibrisolvens",1
"16926","Acinetobacter_junii","Butyrivibrio_fibrisolvens",1
"16937","Lachnoanaerobaculum_saburreum","Butyrivibrio_fibrisolvens",1
"16944","Natranaerovirga_hydrolytica","Butyrivibrio_fibrisolvens",1
"16945","Mogibacterium_neglectum","Butyrivibrio_fibrisolvens",1
"16955","Tannerella_forsythia","Butyrivibrio_fibrisolvens",1
"16980","Clostridium_hathewayi","Butyrivibrio_fibrisolvens",1
"16988","Eubacterium_sulci","Butyrivibrio_fibrisolvens",1
"16990","Desulfobulbus_rhabdoformis","Butyrivibrio_fibrisolvens",1
"16997","Alloprevotella_rava","Butyrivibrio_fibrisolvens",1
"17001","Atopobium_parvulum","Butyrivibrio_fibrisolvens",1
"17013","Moraxella_osloensis","Butyrivibrio_fibrisolvens",1
"17017","Dialister_pneumosintes","Butyrivibrio_fibrisolvens",1
"17018","Selenomonas_flueggei","Butyrivibrio_fibrisolvens",1
"17019","Peptostreptococcus_stomatis","Butyrivibrio_fibrisolvens",1
"17025","Streptococcus_vestibularis","Mycoplasma_salivarium",1
"17038","Treponema_denticola","Mycoplasma_salivarium",1
"17039","Eubacterium_brachy","Mycoplasma_salivarium",1
"17040","Porphyromonas_endodontalis","Mycoplasma_salivarium",1
"17041","Eubacterium_yurii","Mycoplasma_salivarium",1
"17044","Prevotella_denticola","Mycoplasma_salivarium",1
"17050","Dialister_invisus","Mycoplasma_salivarium",1
"17052","Prevotella_enoeca","Mycoplasma_salivarium",1
"17068","Eubacterium_nodatum","Mycoplasma_salivarium",1
"17072","Anaeroglobus_geminatus","Mycoplasma_salivarium",1
"17077","Rothia_dentocariosa","Mycoplasma_salivarium",1
"17079","Mycoplasma_hyosynoviae","Mycoplasma_salivarium",1
"17085","Peptococcus_niger","Mycoplasma_salivarium",1
"17093","Schwartzia_succinivorans","Mycoplasma_salivarium",1
"17096","Treponema_parvum","Mycoplasma_salivarium",1
"17100","Actinomyces_gerencseriae","Mycoplasma_salivarium",1
"17103","Selenomonas_noxia","Mycoplasma_salivarium",1
"17104","Bifidobacterium_dentium","Mycoplasma_salivarium",1
"17114","Treponema_bryantii","Mycoplasma_salivarium",1
"17116","Filifactor_alocis","Mycoplasma_salivarium",1
"17121","Lachnoanaerobaculum_saburreum","Mycoplasma_salivarium",1
"17125","Streptococcus_gordonii","Mycoplasma_salivarium",1
"17131","Peptoniphilus_lacrimalis","Mycoplasma_salivarium",1
"17132","Streptococcus_sanguinis","Mycoplasma_salivarium",1
"17133","Eubacterium_rectale","Mycoplasma_salivarium",1
"17139","Tannerella_forsythia","Mycoplasma_salivarium",1
"17141","Capnocytophaga_granulosa","Mycoplasma_salivarium",1
"17146","Leptotrichia_hongkongensis","Mycoplasma_salivarium",1
"17150","Slackia_exigua","Mycoplasma_salivarium",1
"17157","Desulfobulbus_propionicus","Mycoplasma_salivarium",1
"17160","Prevotella_pleuritidis","Mycoplasma_salivarium",1
"17162","Howardella_ureilytica","Mycoplasma_salivarium",1
"17165","Propionibacterium_acidifaciens","Mycoplasma_salivarium",1
"17174","Desulfobulbus_rhabdoformis","Mycoplasma_salivarium",1
"17179","Prevotella_oralis","Mycoplasma_salivarium",1
"17190","Treponema_amylovorum","Mycoplasma_salivarium",1
"17194","Shuttleworthia_satelles","Mycoplasma_salivarium",1
"17195","Treponema_lecithinolyticum","Mycoplasma_salivarium",1
"17198","Streptococcus_intermedius","Mycoplasma_salivarium",1
"17199","Treponema_socranskii","Mycoplasma_salivarium",1
"17201","Dialister_pneumosintes","Mycoplasma_salivarium",1
"17209","Butyrivibrio_hungatei","Mobiluncus_curtisii",1
"17216","Actinomyces_odontolyticus","Mobiluncus_curtisii",1
"17222","Prevotella_pallens","Mobiluncus_curtisii",1
"17227","Prevotella_shahii","Mobiluncus_curtisii",1
"17235","Dialister_invisus","Mobiluncus_curtisii",1
"17243","Orientia_tsutsugamushi","Mobiluncus_curtisii",1
"17247","Actinomyces_meyeri","Mobiluncus_curtisii",1
"17250","Prevotella_salivae","Mobiluncus_curtisii",1
"17268","Acidithiobacillus_thiooxidans","Mobiluncus_curtisii",1
"17270","Peptococcus_niger","Mobiluncus_curtisii",1
"17288","Selenomonas_noxia","Mobiluncus_curtisii",1
"17324","Tannerella_forsythia","Mobiluncus_curtisii",1
"17335","Slackia_exigua","Mobiluncus_curtisii",1
"17357","Eubacterium_sulci","Mobiluncus_curtisii",1
"17365","Actinomyces_graevenitzii","Mobiluncus_curtisii",1
"17366","Alloprevotella_rava","Mobiluncus_curtisii",1
"17370","Atopobium_parvulum","Mobiluncus_curtisii",1
"17388","Peptostreptococcus_stomatis","Mobiluncus_curtisii",1
"17393","Rothia_aeria","Simonsiella_muelleri",1
"17400","Leptotrichia_buccalis","Simonsiella_muelleri",1
"17407","Capnocytophaga_leadbetteri","Simonsiella_muelleri",1
"17412","Eubacterium_yurii","Simonsiella_muelleri",1
"17413","Prevotella_shahii","Simonsiella_muelleri",1
"17426","Moraxella_lacunata","Simonsiella_muelleri",1
"17442","Neisseria_pharyngis","Simonsiella_muelleri",1
"17449","Mycoplasma_faucium","Simonsiella_muelleri",1
"17454","Acidithiobacillus_thiooxidans","Simonsiella_muelleri",1
"17463","Streptococcus_pneumoniae","Simonsiella_muelleri",1
"17477","Haemophilus_parainfluenzae","Simonsiella_muelleri",1
"17486","Bacteroides_intestinalis","Simonsiella_muelleri",1
"17505","Fusobacterium_periodonticum","Simonsiella_muelleri",1
"17513","Neisseria_oralis","Simonsiella_muelleri",1
"17516","Soonwooa_buanensis","Simonsiella_muelleri",1
"17540","Streptobacillus_moniliformis","Simonsiella_muelleri",1
"17549","Ralstonia_solanacearum","Simonsiella_muelleri",1
"17561","Treponema_amylovorum","Simonsiella_muelleri",1
"17562","Prevotella_nanceiensis","Simonsiella_muelleri",1
"17586","Eubacterium_saphenum","Actinomyces_oricola",1
"17593","Prevotella_baroniae","Actinomyces_oricola",1
"17596","Treponema_denticola","Actinomyces_oricola",1
"17597","Eubacterium_brachy","Actinomyces_oricola",1
"17598","Porphyromonas_endodontalis","Actinomyces_oricola",1
"17602","Prevotella_denticola","Actinomyces_oricola",1
"17604","Haemophilus_haemoglobinophilus","Actinomyces_oricola",1
"17608","Dialister_invisus","Actinomyces_oricola",1
"17610","Prevotella_enoeca","Actinomyces_oricola",1
"17611","Streptococcus_cristatus","Actinomyces_oricola",1
"17621","Bergeyella_zoohelcum","Actinomyces_oricola",1
"17624","Actinobaculum_massiliense","Actinomyces_oricola",1
"17626","Eubacterium_nodatum","Actinomyces_oricola",1
"17630","Anaeroglobus_geminatus","Actinomyces_oricola",1
"17631","Olsenella_uli","Actinomyces_oricola",1
"17633","Prevotella_veroralis","Actinomyces_oricola",1
"17636","Mycoplasma_faucium","Actinomyces_oricola",1
"17640","Prevotella_dentalis","Actinomyces_oricola",1
"17646","Treponema_pedis","Actinomyces_oricola",1
"17651","Schwartzia_succinivorans","Actinomyces_oricola",1
"17653","Prevotella_marshii","Actinomyces_oricola",1
"17658","Actinomyces_gerencseriae","Actinomyces_oricola",1
"17661","Selenomonas_noxia","Actinomyces_oricola",1
"17662","Bifidobacterium_dentium","Actinomyces_oricola",1
"17665","Porphyromonas_gingivalis","Actinomyces_oricola",1
"17672","Treponema_bryantii","Actinomyces_oricola",1
"17674","Filifactor_alocis","Actinomyces_oricola",1
"17683","Streptococcus_gordonii","Actinomyces_oricola",1
"17690","Streptococcus_sanguinis","Actinomyces_oricola",1
"17693","Eubacterium_minutum","Actinomyces_oricola",1
"17697","Tannerella_forsythia","Actinomyces_oricola",1
"17699","Capnocytophaga_granulosa","Actinomyces_oricola",1
"17700","Neisseria_oralis","Actinomyces_oricola",1
"17708","Slackia_exigua","Actinomyces_oricola",1
"17713","Streptococcus_sinensis","Actinomyces_oricola",1
"17718","Prevotella_pleuritidis","Actinomyces_oricola",1
"17727","Streptobacillus_moniliformis","Actinomyces_oricola",1
"17732","Desulfobulbus_rhabdoformis","Actinomyces_oricola",1
"17737","Prevotella_oralis","Actinomyces_oricola",1
"17748","Treponema_amylovorum","Actinomyces_oricola",1
"17752","Shuttleworthia_satelles","Actinomyces_oricola",1
"17753","Treponema_lecithinolyticum","Actinomyces_oricola",1
"17756","Streptococcus_intermedius","Actinomyces_oricola",1
"17759","Dialister_pneumosintes","Actinomyces_oricola",1
"17760","Selenomonas_flueggei","Actinomyces_oricola",1
"17761","Peptostreptococcus_stomatis","Actinomyces_oricola",1
"17764","Mycoplasma_salivarium","Actinomyces_oricola",1
"17971","Capnocytophaga_leadbetteri","Prevotella_aurantiaca",1
"17976","Eubacterium_yurii","Prevotella_aurantiaca",1
"17977","Prevotella_shahii","Prevotella_aurantiaca",1
"17981","Haemophilus_haemoglobinophilus","Prevotella_aurantiaca",1
"17990","Moraxella_lacunata","Prevotella_aurantiaca",1
"17993","Orientia_tsutsugamushi","Prevotella_aurantiaca",1
"18004","Planobacterium_taklimakanense","Prevotella_aurantiaca",1
"18006","Neisseria_pharyngis","Prevotella_aurantiaca",1
"18018","Acidithiobacillus_thiooxidans","Prevotella_aurantiaca",1
"18020","Peptococcus_niger","Prevotella_aurantiaca",1
"18022","Treponema_refringens","Prevotella_aurantiaca",1
"18041","Haemophilus_parainfluenzae","Prevotella_aurantiaca",1
"18046","Bacteroides_acidifaciens","Prevotella_aurantiaca",1
"18047","Prevotella_amnii","Prevotella_aurantiaca",1
"18050","Bacteroides_intestinalis","Prevotella_aurantiaca",1
"18069","Fusobacterium_periodonticum","Prevotella_aurantiaca",1
"18073","Campylobacter_showae","Prevotella_aurantiaca",1
"18103","Prevotella_falsenii","Prevotella_aurantiaca",1
"18107","Eubacterium_sulci","Prevotella_aurantiaca",1
"18116","Alloprevotella_rava","Prevotella_aurantiaca",1
"18122","Anaerovorax_odorimutans","Prevotella_aurantiaca",1
"18126","Prevotella_nanceiensis","Prevotella_aurantiaca",1
"18138","Peptostreptococcus_stomatis","Prevotella_aurantiaca",1
"18143","Simonsiella_muelleri","Prevotella_aurantiaca",1
"18153","Eubacterium_saphenum","Leptotrichia_amnionii",1
"18160","Prevotella_baroniae","Leptotrichia_amnionii",1
"18162","Prevotella_pallens","Leptotrichia_amnionii",1
"18165","Porphyromonas_endodontalis","Leptotrichia_amnionii",1
"18175","Dialister_invisus","Leptotrichia_amnionii",1
"18193","Eubacterium_nodatum","Leptotrichia_amnionii",1
"18200","Prevotella_veroralis","Leptotrichia_amnionii",1
"18203","Mycoplasma_faucium","Leptotrichia_amnionii",1
"18213","Treponema_pedis","Leptotrichia_amnionii",1
"18221","Treponema_parvum","Leptotrichia_amnionii",1
"18239","Treponema_bryantii","Leptotrichia_amnionii",1
"18249","Prevotella_paludivivens","Leptotrichia_amnionii",1
"18264","Tannerella_forsythia","Leptotrichia_amnionii",1
"18287","Howardella_ureilytica","Leptotrichia_amnionii",1
"18294","Streptobacillus_moniliformis","Leptotrichia_amnionii",1
"18314","Pasteurella_pneumotropica","Leptotrichia_amnionii",1
"18315","Treponema_amylovorum","Leptotrichia_amnionii",1
"18320","Treponema_lecithinolyticum","Leptotrichia_amnionii",1
"18321","Neisseria_macacae","Leptotrichia_amnionii",1
"18323","Streptococcus_intermedius","Leptotrichia_amnionii",1
"18324","Treponema_socranskii","Leptotrichia_amnionii",1
"18330","Butyrivibrio_fibrisolvens","Leptotrichia_amnionii",1
"18331","Mycoplasma_salivarium","Leptotrichia_amnionii",1
"18338","Rothia_aeria","Leptotrichia_shahii",1
"18345","Leptotrichia_buccalis","Leptotrichia_shahii",1
"18350","Neisseria_sicca","Leptotrichia_shahii",1
"18352","Capnocytophaga_leadbetteri","Leptotrichia_shahii",1
"18354","Treponema_denticola","Leptotrichia_shahii",1
"18356","Porphyromonas_endodontalis","Leptotrichia_shahii",1
"18357","Eubacterium_yurii","Leptotrichia_shahii",1
"18360","Prevotella_denticola","Leptotrichia_shahii",1
"18366","Dialister_invisus","Leptotrichia_shahii",1
"18371","Moraxella_lacunata","Leptotrichia_shahii",1
"18376","Propionigenium_maris","Leptotrichia_shahii",1
"18379","Bergeyella_zoohelcum","Leptotrichia_shahii",1
"18380","Actinomyces_bowdenii","Leptotrichia_shahii",1
"18382","Actinobaculum_massiliense","Leptotrichia_shahii",1
"18387","Neisseria_pharyngis","Leptotrichia_shahii",1
"18388","Anaeroglobus_geminatus","Leptotrichia_shahii",1
"18389","Olsenella_uli","Leptotrichia_shahii",1
"18394","Mycoplasma_faucium","Leptotrichia_shahii",1
"18396","Azospira_oryzae","Leptotrichia_shahii",1
"18400","Corynebacterium_jeikeium","Leptotrichia_shahii",1
"18401","Peptococcus_niger","Leptotrichia_shahii",1
"18409","Schwartzia_succinivorans","Leptotrichia_shahii",1
"18411","Prevotella_marshii","Leptotrichia_shahii",1
"18413","Lautropia_mirabilis","Leptotrichia_shahii",1
"18417","Bacteroides_stercoris","Leptotrichia_shahii",1
"18419","Selenomonas_noxia","Leptotrichia_shahii",1
"18420","Bifidobacterium_dentium","Leptotrichia_shahii",1
"18430","Treponema_bryantii","Leptotrichia_shahii",1
"18437","Lachnoanaerobaculum_saburreum","Leptotrichia_shahii",1
"18439","Brachymonas_denitrificans","Leptotrichia_shahii",1
"18441","Streptococcus_gordonii","Leptotrichia_shahii",1
"18442","Leptotrichia_hofstadii","Leptotrichia_shahii",1
"18448","Streptococcus_sanguinis","Leptotrichia_shahii",1
"18454","Campylobacter_showae","Leptotrichia_shahii",1
"18455","Tannerella_forsythia","Leptotrichia_shahii",1
"18457","Capnocytophaga_granulosa","Leptotrichia_shahii",1
"18458","Neisseria_oralis","Leptotrichia_shahii",1
"18461","Soonwooa_buanensis","Leptotrichia_shahii",1
"18462","Leptotrichia_hongkongensis","Leptotrichia_shahii",1
"18465","Bacillus_cereus","Leptotrichia_shahii",1
"18470","Prevotella_multisaccharivorax","Leptotrichia_shahii",1
"18471","Streptococcus_sinensis","Leptotrichia_shahii",1
"18474","Cardiobacterium_valvarum","Leptotrichia_shahii",1
"18475","Corynebacterium_tuberculostearicum","Leptotrichia_shahii",1
"18483","Parascardovia_denticolens","Leptotrichia_shahii",1
"18491","Lactobacillus_mucosae","Leptotrichia_shahii",1
"18495","Prevotella_oralis","Leptotrichia_shahii",1
"18505","Pasteurella_pneumotropica","Leptotrichia_shahii",1
"18509","Lactobacillus_frumenti","Leptotrichia_shahii",1
"18510","Shuttleworthia_satelles","Leptotrichia_shahii",1
"18512","Neisseria_macacae","Leptotrichia_shahii",1
"18515","Treponema_socranskii","Leptotrichia_shahii",1
"18516","Pyramidobacter_piscolens","Leptotrichia_shahii",1
"18518","Selenomonas_flueggei","Leptotrichia_shahii",1
"18522","Mycoplasma_salivarium","Leptotrichia_shahii",1
"18526","Barnesiella_viscericola","Leptotrichia_shahii",1
"18530","Rothia_aeria","Capnocytophaga_ochracea",1
"18536","Eubacterium_saphenum","Capnocytophaga_ochracea",1
"18543","Prevotella_baroniae","Capnocytophaga_ochracea",1
"18544","Capnocytophaga_leadbetteri","Capnocytophaga_ochracea",1
"18546","Treponema_denticola","Capnocytophaga_ochracea",1
"18547","Eubacterium_brachy","Capnocytophaga_ochracea",1
"18548","Porphyromonas_endodontalis","Capnocytophaga_ochracea",1
"18549","Eubacterium_yurii","Capnocytophaga_ochracea",1
"18552","Prevotella_denticola","Capnocytophaga_ochracea",1
"18553","Actinobacillus_minor","Capnocytophaga_ochracea",1
"18556","Actinomyces_oris","Capnocytophaga_ochracea",1
"18558","Dialister_invisus","Capnocytophaga_ochracea",1
"18560","Prevotella_enoeca","Capnocytophaga_ochracea",1
"18563","Moraxella_lacunata","Capnocytophaga_ochracea",1
"18571","Bergeyella_zoohelcum","Capnocytophaga_ochracea",1
"18572","Actinomyces_bowdenii","Capnocytophaga_ochracea",1
"18574","Actinobaculum_massiliense","Capnocytophaga_ochracea",1
"18575","Mannheimia_granulomatis","Capnocytophaga_ochracea",1
"18576","Eubacterium_nodatum","Capnocytophaga_ochracea",1
"18577","Planobacterium_taklimakanense","Capnocytophaga_ochracea",1
"18578","Ornatilinea_apprima","Capnocytophaga_ochracea",1
"18580","Anaeroglobus_geminatus","Capnocytophaga_ochracea",1
"18581","Olsenella_uli","Capnocytophaga_ochracea",1
"18584","Dialister_propionicifaciens","Capnocytophaga_ochracea",1
"18585","Rothia_dentocariosa","Capnocytophaga_ochracea",1
"18587","Mycoplasma_hyosynoviae","Capnocytophaga_ochracea",1
"18590","Prevotella_dentalis","Capnocytophaga_ochracea",1
"18592","Corynebacterium_jeikeium","Capnocytophaga_ochracea",1
"18594","Acinetobacter_baumannii","Capnocytophaga_ochracea",1
"18596","Treponema_pedis","Capnocytophaga_ochracea",1
"18597","Campylobacter_curvus","Capnocytophaga_ochracea",1
"18599","Mycoplasma_feliminutum","Capnocytophaga_ochracea",1
"18603","Prevotella_marshii","Capnocytophaga_ochracea",1
"18604","Treponema_parvum","Capnocytophaga_ochracea",1
"18605","Lautropia_mirabilis","Capnocytophaga_ochracea",1
"18608","Actinomyces_gerencseriae","Capnocytophaga_ochracea",1
"18610","Neisseria_shayeganii","Capnocytophaga_ochracea",1
"18611","Selenomonas_noxia","Capnocytophaga_ochracea",1
"18617","Pseudomonas_stutzeri","Capnocytophaga_ochracea",1
"18622","Treponema_bryantii","Capnocytophaga_ochracea",1
"18624","Filifactor_alocis","Capnocytophaga_ochracea",1
"18626","Odoribacter_denticanis","Capnocytophaga_ochracea",1
"18627","Bacteroides_heparinolyticus","Capnocytophaga_ochracea",1
"18629","Lachnoanaerobaculum_saburreum","Capnocytophaga_ochracea",1
"18630","Acinetobacter_lwoffii","Capnocytophaga_ochracea",1
"18631","Brachymonas_denitrificans","Capnocytophaga_ochracea",1
"18632","Prevotella_paludivivens","Capnocytophaga_ochracea",1
"18633","Streptococcus_gordonii","Capnocytophaga_ochracea",1
"18635","Bacteroides_zoogleoformans","Capnocytophaga_ochracea",1
"18636","Natranaerovirga_hydrolytica","Capnocytophaga_ochracea",1
"18637","Mogibacterium_neglectum","Capnocytophaga_ochracea",1
"18640","Streptococcus_sanguinis","Capnocytophaga_ochracea",1
"18641","Eubacterium_rectale","Capnocytophaga_ochracea",1
"18643","Eubacterium_minutum","Capnocytophaga_ochracea",1
"18644","Sporanaerobacter_acetigenes","Capnocytophaga_ochracea",1
"18645","Desulfomicrobium_orale","Capnocytophaga_ochracea",1
"18646","Campylobacter_showae","Capnocytophaga_ochracea",1
"18647","Tannerella_forsythia","Capnocytophaga_ochracea",1
"18648","Kingella_potus","Capnocytophaga_ochracea",1
"18649","Capnocytophaga_granulosa","Capnocytophaga_ochracea",1
"18650","Neisseria_oralis","Capnocytophaga_ochracea",1
"18653","Soonwooa_buanensis","Capnocytophaga_ochracea",1
"18654","Leptotrichia_hongkongensis","Capnocytophaga_ochracea",1
"18655","Gemella_haemolysans","Capnocytophaga_ochracea",1
"18659","Actinomyces_viscosus","Capnocytophaga_ochracea",1
"18661","Desulfovibrio_fairfieldensis","Capnocytophaga_ochracea",1
"18665","Desulfobulbus_propionicus","Capnocytophaga_ochracea",1
"18666","Cardiobacterium_valvarum","Capnocytophaga_ochracea",1
"18670","Howardella_ureilytica","Capnocytophaga_ochracea",1
"18672","Clostridium_hathewayi","Capnocytophaga_ochracea",1
"18680","Eubacterium_sulci","Capnocytophaga_ochracea",-1
"18682","Desulfobulbus_rhabdoformis","Capnocytophaga_ochracea",1
"18687","Prevotella_oralis","Capnocytophaga_ochracea",1
"18696","Megamonas_funiformis","Capnocytophaga_ochracea",1
"18697","Pasteurella_pneumotropica","Capnocytophaga_ochracea",1
"18698","Treponema_amylovorum","Capnocytophaga_ochracea",1
"18700","Wolinella_succinogenes","Capnocytophaga_ochracea",1
"18701","Lactobacillus_frumenti","Capnocytophaga_ochracea",1
"18702","Shuttleworthia_satelles","Capnocytophaga_ochracea",1
"18703","Treponema_lecithinolyticum","Capnocytophaga_ochracea",1
"18704","Neisseria_macacae","Capnocytophaga_ochracea",1
"18705","Moraxella_osloensis","Capnocytophaga_ochracea",1
"18707","Treponema_socranskii","Capnocytophaga_ochracea",1
"18708","Pyramidobacter_piscolens","Capnocytophaga_ochracea",1
"18709","Dialister_pneumosintes","Capnocytophaga_ochracea",1
"18710","Selenomonas_flueggei","Capnocytophaga_ochracea",1
"18714","Mycoplasma_salivarium","Capnocytophaga_ochracea",1
"18717","Actinomyces_oricola","Capnocytophaga_ochracea",1
"18718","Barnesiella_viscericola","Capnocytophaga_ochracea",1
"18720","Leptotrichia_amnionii","Capnocytophaga_ochracea",1
"18721","Leptotrichia_shahii","Capnocytophaga_ochracea",1
"18733","Bradyrhizobium_elkanii","Prevotella_ruminicola",1
"18736","Prevotella_baroniae","Prevotella_ruminicola",1
"18739","Treponema_denticola","Prevotella_ruminicola",1
"18741","Porphyromonas_endodontalis","Prevotella_ruminicola",1
"18745","Prevotella_denticola","Prevotella_ruminicola",1
"18751","Dialister_invisus","Prevotella_ruminicola",1
"18753","Prevotella_enoeca","Prevotella_ruminicola",1
"18764","Bergeyella_zoohelcum","Prevotella_ruminicola",1
"18773","Anaeroglobus_geminatus","Prevotella_ruminicola",1
"18779","Mycoplasma_faucium","Prevotella_ruminicola",1
"18796","Prevotella_marshii","Prevotella_ruminicola",1
"18808","Porphyromonas_gingivalis","Prevotella_ruminicola",1
"18816","Bacteroides_intestinalis","Prevotella_ruminicola",1
"18817","Filifactor_alocis","Prevotella_ruminicola",1
"18823","Acinetobacter_lwoffii","Prevotella_ruminicola",1
"18834","Eubacterium_rectale","Prevotella_ruminicola",1
"18839","Campylobacter_showae","Prevotella_ruminicola",1
"18840","Tannerella_forsythia","Prevotella_ruminicola",1
"18844","Lactobacillus_ruminis","Prevotella_ruminicola",1
"18846","Soonwooa_buanensis","Prevotella_ruminicola",1
"18876","Lactobacillus_mucosae","Prevotella_ruminicola",1
"18880","Prevotella_oralis","Prevotella_ruminicola",1
"18882","Alloprevotella_rava","Prevotella_ruminicola",1
"18883","Paraprevotella_clara","Prevotella_ruminicola",1
"18894","Lactobacillus_frumenti","Prevotella_ruminicola",1
"18895","Shuttleworthia_satelles","Prevotella_ruminicola",1
"18900","Treponema_socranskii","Prevotella_ruminicola",1
"18902","Dialister_pneumosintes","Prevotella_ruminicola",1
"18904","Peptostreptococcus_stomatis","Prevotella_ruminicola",1
"18914","Leptotrichia_shahii","Prevotella_ruminicola",1
"18916","Veillonella_rogosae","Gemella_sanguinis",1
"18917","Rothia_aeria","Gemella_sanguinis",1
"18931","Capnocytophaga_leadbetteri","Gemella_sanguinis",1
"18936","Eubacterium_yurii","Gemella_sanguinis",1
"18946","Granulicatella_adiacens","Gemella_sanguinis",1
"18964","Planobacterium_taklimakanense","Gemella_sanguinis",1
"18982","Treponema_refringens","Gemella_sanguinis",1
"18987","Streptococcus_pneumoniae","Gemella_sanguinis",1
"19001","Haemophilus_parainfluenzae","Gemella_sanguinis",1
"19007","Prevotella_amnii","Gemella_sanguinis",1
"19015","Rothia_mucilaginosa","Gemella_sanguinis",1
"19024","Mogibacterium_neglectum","Gemella_sanguinis",1
"19027","Streptococcus_sanguinis","Gemella_sanguinis",1
"19029","Fusobacterium_periodonticum","Gemella_sanguinis",1
"19033","Campylobacter_showae","Gemella_sanguinis",1
"19042","Gemella_haemolysans","Gemella_sanguinis",1
"19043","Gemella_palaticanis","Gemella_sanguinis",1
"19047","Streptococcus_oralis","Gemella_sanguinis",1
"19067","Eubacterium_sulci","Gemella_sanguinis",1
"19086","Prevotella_nanceiensis","Gemella_sanguinis",1
"19098","Peptostreptococcus_stomatis","Gemella_sanguinis",1
"19112","Rothia_aeria","Conchiformibius_steedae",1
"19119","Leptotrichia_buccalis","Conchiformibius_steedae",1
"19124","Neisseria_sicca","Conchiformibius_steedae",1
"19126","Capnocytophaga_leadbetteri","Conchiformibius_steedae",1
"19186","Treponema_parvum","Conchiformibius_steedae",1
"19187","Lautropia_mirabilis","Conchiformibius_steedae",1
"19192","Neisseria_shayeganii","Conchiformibius_steedae",1
"19197","Porphyromonas_gingivalis","Conchiformibius_steedae",1
"19205","Bacteroides_intestinalis","Conchiformibius_steedae",1
"19213","Brachymonas_denitrificans","Conchiformibius_steedae",1
"19222","Streptococcus_sanguinis","Conchiformibius_steedae",1
"19230","Kingella_potus","Conchiformibius_steedae",1
"19231","Capnocytophaga_granulosa","Conchiformibius_steedae",1
"19238","Gemella_palaticanis","Conchiformibius_steedae",1
"19250","Prevotella_pleuritidis","Conchiformibius_steedae",1
"19269","Prevotella_oralis","Conchiformibius_steedae",1
"19281","Prevotella_nanceiensis","Conchiformibius_steedae",1
"19298","Simonsiella_muelleri","Conchiformibius_steedae",1
"19301","Prevotella_aurantiaca","Conchiformibius_steedae",1
"19303","Leptotrichia_shahii","Conchiformibius_steedae",1
"19315","Leptotrichia_buccalis","Prevotella_intermedia",1
"19317","Actinomyces_odontolyticus","Prevotella_intermedia",-1
"19321","Prevotella_baroniae","Prevotella_intermedia",1
"19322","Capnocytophaga_leadbetteri","Prevotella_intermedia",1
"19325","Eubacterium_brachy","Prevotella_intermedia",1
"19326","Porphyromonas_endodontalis","Prevotella_intermedia",1
"19327","Eubacterium_yurii","Prevotella_intermedia",1
"19330","Prevotella_denticola","Prevotella_intermedia",1
"19331","Actinobacillus_minor","Prevotella_intermedia",1
"19332","Haemophilus_haemoglobinophilus","Prevotella_intermedia",1
"19336","Dialister_invisus","Prevotella_intermedia",1
"19338","Prevotella_enoeca","Prevotella_intermedia",1
"19341","Moraxella_lacunata","Prevotella_intermedia",1
"19349","Bergeyella_zoohelcum","Prevotella_intermedia",1
"19353","Mannheimia_granulomatis","Prevotella_intermedia",1
"19354","Eubacterium_nodatum","Prevotella_intermedia",1
"19356","Ornatilinea_apprima","Prevotella_intermedia",1
"19357","Neisseria_pharyngis","Prevotella_intermedia",1
"19358","Anaeroglobus_geminatus","Prevotella_intermedia",1
"19359","Olsenella_uli","Prevotella_intermedia",1
"19365","Mycoplasma_hyosynoviae","Prevotella_intermedia",1
"19366","Azospira_oryzae","Prevotella_intermedia",1
"19367","Alysiella_crassa","Prevotella_intermedia",1
"19371","Peptococcus_niger","Prevotella_intermedia",1
"19374","Treponema_pedis","Prevotella_intermedia",1
"19375","Campylobacter_curvus","Prevotella_intermedia",1
"19377","Mycoplasma_feliminutum","Prevotella_intermedia",1
"19379","Schwartzia_succinivorans","Prevotella_intermedia",1
"19381","Prevotella_marshii","Prevotella_intermedia",1
"19382","Treponema_parvum","Prevotella_intermedia",1
"19384","Barnesiella_intestinihominis","Prevotella_intermedia",1
"19388","Neisseria_shayeganii","Prevotella_intermedia",1
"19389","Selenomonas_noxia","Prevotella_intermedia",1
"19398","Prevotella_amnii","Prevotella_intermedia",1
"19400","Treponema_bryantii","Prevotella_intermedia",1
"19401","Bacteroides_intestinalis","Prevotella_intermedia",1
"19404","Odoribacter_denticanis","Prevotella_intermedia",1
"19405","Bacteroides_heparinolyticus","Prevotella_intermedia",1
"19410","Prevotella_paludivivens","Prevotella_intermedia",1
"19412","Leptotrichia_hofstadii","Prevotella_intermedia",1
"19413","Bacteroides_zoogleoformans","Prevotella_intermedia",1
"19414","Natranaerovirga_hydrolytica","Prevotella_intermedia",1
"19421","Eubacterium_minutum","Prevotella_intermedia",1
"19422","Sporanaerobacter_acetigenes","Prevotella_intermedia",1
"19423","Desulfomicrobium_orale","Prevotella_intermedia",1
"19424","Campylobacter_showae","Prevotella_intermedia",1
"19425","Tannerella_forsythia","Prevotella_intermedia",1
"19427","Capnocytophaga_granulosa","Prevotella_intermedia",1
"19428","Neisseria_oralis","Prevotella_intermedia",1
"19439","Desulfovibrio_fairfieldensis","Prevotella_intermedia",1
"19441","Streptococcus_sinensis","Prevotella_intermedia",1
"19442","Gemella_cuniculi","Prevotella_intermedia",1
"19443","Desulfobulbus_propionicus","Prevotella_intermedia",1
"19444","Cardiobacterium_valvarum","Prevotella_intermedia",1
"19446","Prevotella_pleuritidis","Prevotella_intermedia",1
"19448","Howardella_ureilytica","Prevotella_intermedia",1
"19454","Prevotella_falsenii","Prevotella_intermedia",1
"19455","Streptobacillus_moniliformis","Prevotella_intermedia",1
"19459","Veillonella_ratti","Prevotella_intermedia",1
"19460","Desulfobulbus_rhabdoformis","Prevotella_intermedia",1
"19461","Lactobacillus_mucosae","Prevotella_intermedia",1
"19464","Ralstonia_solanacearum","Prevotella_intermedia",1
"19465","Prevotella_oralis","Prevotella_intermedia",1
"19474","Megamonas_funiformis","Prevotella_intermedia",1
"19476","Treponema_amylovorum","Prevotella_intermedia",1
"19480","Shuttleworthia_satelles","Prevotella_intermedia",1
"19481","Treponema_lecithinolyticum","Prevotella_intermedia",1
"19485","Treponema_socranskii","Prevotella_intermedia",1
"19486","Pyramidobacter_piscolens","Prevotella_intermedia",1
"19487","Dialister_pneumosintes","Prevotella_intermedia",1
"19489","Peptostreptococcus_stomatis","Prevotella_intermedia",1
"19492","Mycoplasma_salivarium","Prevotella_intermedia",1
"19495","Actinomyces_oricola","Prevotella_intermedia",1
"19496","Barnesiella_viscericola","Prevotella_intermedia",1
"19498","Leptotrichia_amnionii","Prevotella_intermedia",1
"19500","Capnocytophaga_ochracea","Prevotella_intermedia",1
"19503","Conchiformibius_steedae","Prevotella_intermedia",1
"19518","Prevotella_baroniae","Porphyromonas_uenonis",1
"19521","Treponema_denticola","Porphyromonas_uenonis",1
"19522","Eubacterium_brachy","Porphyromonas_uenonis",1
"19523","Porphyromonas_endodontalis","Porphyromonas_uenonis",1
"19530","Prevotella_scopos","Porphyromonas_uenonis",1
"19533","Dialister_invisus","Porphyromonas_uenonis",1
"19535","Prevotella_enoeca","Porphyromonas_uenonis",1
"19555","Anaeroglobus_geminatus","Porphyromonas_uenonis",1
"19561","Mycoplasma_faucium","Porphyromonas_uenonis",1
"19568","Peptococcus_niger","Porphyromonas_uenonis",1
"19574","Mycoplasma_feliminutum","Porphyromonas_uenonis",1
"19599","Filifactor_alocis","Porphyromonas_uenonis",1
"19622","Tannerella_forsythia","Porphyromonas_uenonis",1
"19633","Slackia_exigua","Porphyromonas_uenonis",1
"19643","Prevotella_pleuritidis","Porphyromonas_uenonis",1
"19645","Howardella_ureilytica","Porphyromonas_uenonis",1
"19657","Desulfobulbus_rhabdoformis","Porphyromonas_uenonis",1
"19677","Shuttleworthia_satelles","Porphyromonas_uenonis",1
"19682","Treponema_socranskii","Porphyromonas_uenonis",1
"19684","Dialister_pneumosintes","Porphyromonas_uenonis",1
"19689","Mycoplasma_salivarium","Porphyromonas_uenonis",1
"19709","Eubacterium_saphenum","Prevotella_fusca",1
"19720","Eubacterium_brachy","Prevotella_fusca",1
"19721","Porphyromonas_endodontalis","Prevotella_fusca",1
"19722","Eubacterium_yurii","Prevotella_fusca",1
"19725","Prevotella_denticola","Prevotella_fusca",1
"19726","Actinobacillus_minor","Prevotella_fusca",1
"19731","Dialister_invisus","Prevotella_fusca",1
"19733","Prevotella_enoeca","Prevotella_fusca",1
"19749","Eubacterium_nodatum","Prevotella_fusca",1
"19753","Anaeroglobus_geminatus","Prevotella_fusca",1
"19754","Olsenella_uli","Prevotella_fusca",1
"19756","Prevotella_veroralis","Prevotella_fusca",1
"19759","Mycoplasma_faucium","Prevotella_fusca",1
"19760","Mycoplasma_hyosynoviae","Prevotella_fusca",1
"19762","Alysiella_crassa","Prevotella_fusca",1
"19772","Mycoplasma_feliminutum","Prevotella_fusca",1
"19774","Schwartzia_succinivorans","Prevotella_fusca",1
"19776","Prevotella_marshii","Prevotella_fusca",1
"19788","Porphyromonas_gingivalis","Prevotella_fusca",1
"19795","Treponema_bryantii","Prevotella_fusca",1
"19797","Filifactor_alocis","Prevotella_fusca",1
"19799","Odoribacter_denticanis","Prevotella_fusca",1
"19805","Prevotella_paludivivens","Prevotella_fusca",1
"19807","Leptotrichia_hofstadii","Prevotella_fusca",1
"19809","Natranaerovirga_hydrolytica","Prevotella_fusca",1
"19817","Sporanaerobacter_acetigenes","Prevotella_fusca",1
"19820","Tannerella_forsythia","Prevotella_fusca",1
"19838","Desulfobulbus_propionicus","Prevotella_fusca",1
"19858","Eubacterium_ramulus","Prevotella_fusca",1
"19860","Prevotella_oralis","Prevotella_fusca",1
"19862","Alloprevotella_rava","Prevotella_fusca",1
"19875","Shuttleworthia_satelles","Prevotella_fusca",1
"19876","Treponema_lecithinolyticum","Prevotella_fusca",1
"19880","Treponema_socranskii","Prevotella_fusca",1
"19882","Dialister_pneumosintes","Prevotella_fusca",1
"19895","Capnocytophaga_ochracea","Prevotella_fusca",1
"19899","Prevotella_intermedia","Prevotella_fusca",1
"19904","Butyrivibrio_hungatei","Selenomonas_sputigena",1
"19908","Eubacterium_saphenum","Selenomonas_sputigena",1
"19909","Leptotrichia_buccalis","Selenomonas_sputigena",1
"19912","Bradyrhizobium_elkanii","Selenomonas_sputigena",1
"19915","Prevotella_baroniae","Selenomonas_sputigena",1
"19919","Eubacterium_brachy","Selenomonas_sputigena",1
"19920","Porphyromonas_endodontalis","Selenomonas_sputigena",1
"19921","Eubacterium_yurii","Selenomonas_sputigena",1
"19924","Prevotella_denticola","Selenomonas_sputigena",1
"19928","Actinomyces_oris","Selenomonas_sputigena",1
"19936","Lachnoanaerobaculum_orale","Selenomonas_sputigena",1
"19938","Orientia_tsutsugamushi","Selenomonas_sputigena",1
"19940","Propionigenium_maris","Selenomonas_sputigena",1
"19942","Actinomyces_meyeri","Selenomonas_sputigena",1
"19943","Bergeyella_zoohelcum","Selenomonas_sputigena",1
"19945","Prevotella_salivae","Selenomonas_sputigena",1
"19946","Actinobaculum_massiliense","Selenomonas_sputigena",1
"19948","Eubacterium_nodatum","Selenomonas_sputigena",1
"19950","Ornatilinea_apprima","Selenomonas_sputigena",1
"19952","Anaeroglobus_geminatus","Selenomonas_sputigena",1
"19955","Prevotella_veroralis","Selenomonas_sputigena",1
"19956","Dialister_propionicifaciens","Selenomonas_sputigena",1
"19958","Mycoplasma_faucium","Selenomonas_sputigena",1
"19959","Mycoplasma_hyosynoviae","Selenomonas_sputigena",1
"19962","Prevotella_dentalis","Selenomonas_sputigena",1
"19965","Peptococcus_niger","Selenomonas_sputigena",1
"19968","Treponema_pedis","Selenomonas_sputigena",1
"19969","Campylobacter_curvus","Selenomonas_sputigena",1
"19971","Mycoplasma_feliminutum","Selenomonas_sputigena",1
"19973","Schwartzia_succinivorans","Selenomonas_sputigena",1
"19974","Actinomyces_hyovaginalis","Selenomonas_sputigena",1
"19975","Prevotella_marshii","Selenomonas_sputigena",1
"19976","Treponema_parvum","Selenomonas_sputigena",1
"19978","Barnesiella_intestinihominis","Selenomonas_sputigena",1
"19980","Actinomyces_gerencseriae","Selenomonas_sputigena",1
"19984","Bifidobacterium_dentium","Selenomonas_sputigena",1
"19985","Gemmatimonas_aurantiaca","Selenomonas_sputigena",1
"19987","Porphyromonas_gingivalis","Selenomonas_sputigena",1
"19994","Treponema_bryantii","Selenomonas_sputigena",1
"19998","Odoribacter_denticanis","Selenomonas_sputigena",1
"19999","Bacteroides_heparinolyticus","Selenomonas_sputigena",1
"20002","Acinetobacter_lwoffii","Selenomonas_sputigena",1
"20004","Prevotella_paludivivens","Selenomonas_sputigena",1
"20007","Bacteroides_zoogleoformans","Selenomonas_sputigena",1
"20008","Natranaerovirga_hydrolytica","Selenomonas_sputigena",1
"20009","Mogibacterium_neglectum","Selenomonas_sputigena",1
"20010","Campylobacter_mucosalis","Selenomonas_sputigena",1
"20011","Peptoniphilus_lacrimalis","Selenomonas_sputigena",1
"20015","Eubacterium_minutum","Selenomonas_sputigena",1
"20016","Sporanaerobacter_acetigenes","Selenomonas_sputigena",1
"20017","Desulfomicrobium_orale","Selenomonas_sputigena",1
"20018","Campylobacter_showae","Selenomonas_sputigena",1
"20019","Tannerella_forsythia","Selenomonas_sputigena",1
"20021","Capnocytophaga_granulosa","Selenomonas_sputigena",1
"20022","Neisseria_oralis","Selenomonas_sputigena",1
"20025","Soonwooa_buanensis","Selenomonas_sputigena",1
"20026","Leptotrichia_hongkongensis","Selenomonas_sputigena",1
"20030","Slackia_exigua","Selenomonas_sputigena",1
"20033","Desulfovibrio_fairfieldensis","Selenomonas_sputigena",1
"20034","Prevotella_multisaccharivorax","Selenomonas_sputigena",1
"20037","Desulfobulbus_propionicus","Selenomonas_sputigena",1
"20038","Cardiobacterium_valvarum","Selenomonas_sputigena",1
"20042","Howardella_ureilytica","Selenomonas_sputigena",1
"20045","Propionibacterium_acidifaciens","Selenomonas_sputigena",1
"20047","Parascardovia_denticolens","Selenomonas_sputigena",1
"20048","Prevotella_falsenii","Selenomonas_sputigena",1
"20049","Streptobacillus_moniliformis","Selenomonas_sputigena",1
"20051","Selenomonas_ruminantium","Selenomonas_sputigena",1
"20054","Desulfobulbus_rhabdoformis","Selenomonas_sputigena",1
"20055","Lactobacillus_mucosae","Selenomonas_sputigena",1
"20059","Prevotella_oralis","Selenomonas_sputigena",1
"20069","Pasteurella_pneumotropica","Selenomonas_sputigena",1
"20070","Treponema_amylovorum","Selenomonas_sputigena",1
"20072","Wolinella_succinogenes","Selenomonas_sputigena",1
"20073","Lactobacillus_frumenti","Selenomonas_sputigena",1
"20075","Treponema_lecithinolyticum","Selenomonas_sputigena",1
"20078","Streptococcus_intermedius","Selenomonas_sputigena",1
"20080","Pyramidobacter_piscolens","Selenomonas_sputigena",1
"20084","Lactobacillus_reuteri","Selenomonas_sputigena",1
"20085","Butyrivibrio_fibrisolvens","Selenomonas_sputigena",1
"20086","Mycoplasma_salivarium","Selenomonas_sputigena",1
"20089","Actinomyces_oricola","Selenomonas_sputigena",1
"20090","Barnesiella_viscericola","Selenomonas_sputigena",1
"20092","Leptotrichia_amnionii","Selenomonas_sputigena",1
"20093","Leptotrichia_shahii","Selenomonas_sputigena",1
"20094","Capnocytophaga_ochracea","Selenomonas_sputigena",1
"20098","Prevotella_intermedia","Selenomonas_sputigena",1
"20099","Porphyromonas_uenonis","Selenomonas_sputigena",1
"20100","Prevotella_fusca","Selenomonas_sputigena",1
"20106","Veillonella_dispar","Veillonella_rodentium",1
"20124","Prevotella_denticola","Veillonella_rodentium",1
"20157","Rothia_dentocariosa","Veillonella_rodentium",1
"20226","Leptotrichia_hongkongensis","Veillonella_rodentium",1
"20265","Atopobium_parvulum","Veillonella_rodentium",1
"20282","Selenomonas_flueggei","Veillonella_rodentium",1
"20301","Selenomonas_sputigena","Veillonella_rodentium",1
"20511","Eubacterium_saphenum","Bulleidia_extructa",1
"20521","Treponema_denticola","Bulleidia_extructa",1
"20522","Eubacterium_brachy","Bulleidia_extructa",1
"20523","Porphyromonas_endodontalis","Bulleidia_extructa",1
"20527","Prevotella_denticola","Bulleidia_extructa",1
"20533","Dialister_invisus","Bulleidia_extructa",1
"20545","Actinomyces_meyeri","Bulleidia_extructa",1
"20553","Ornatilinea_apprima","Bulleidia_extructa",1
"20556","Olsenella_uli","Bulleidia_extructa",1
"20562","Mycoplasma_hyosynoviae","Bulleidia_extructa",1
"20563","Azospira_oryzae","Bulleidia_extructa",1
"20568","Peptococcus_niger","Bulleidia_extructa",1
"20571","Treponema_pedis","Bulleidia_extructa",1
"20576","Schwartzia_succinivorans","Bulleidia_extructa",1
"20577","Actinomyces_hyovaginalis","Bulleidia_extructa",1
"20578","Prevotella_marshii","Bulleidia_extructa",1
"20579","Treponema_parvum","Bulleidia_extructa",1
"20581","Barnesiella_intestinihominis","Bulleidia_extructa",1
"20583","Actinomyces_gerencseriae","Bulleidia_extructa",1
"20586","Selenomonas_noxia","Bulleidia_extructa",1
"20587","Bifidobacterium_dentium","Bulleidia_extructa",1
"20597","Treponema_bryantii","Bulleidia_extructa",1
"20599","Filifactor_alocis","Bulleidia_extructa",1
"20601","Odoribacter_denticanis","Bulleidia_extructa",1
"20604","Lachnoanaerobaculum_saburreum","Bulleidia_extructa",1
"20607","Prevotella_paludivivens","Bulleidia_extructa",1
"20610","Bacteroides_zoogleoformans","Bulleidia_extructa",1
"20611","Natranaerovirga_hydrolytica","Bulleidia_extructa",1
"20614","Peptoniphilus_lacrimalis","Bulleidia_extructa",1
"20620","Desulfomicrobium_orale","Bulleidia_extructa",1
"20622","Tannerella_forsythia","Bulleidia_extructa",1
"20633","Slackia_exigua","Bulleidia_extructa",1
"20637","Prevotella_multisaccharivorax","Bulleidia_extructa",1
"20639","Gemella_cuniculi","Bulleidia_extructa",1
"20640","Desulfobulbus_propionicus","Bulleidia_extructa",1
"20643","Prevotella_pleuritidis","Bulleidia_extructa",1
"20657","Desulfobulbus_rhabdoformis","Bulleidia_extructa",1
"20662","Prevotella_oralis","Bulleidia_extructa",1
"20667","Pseudomonas_aeruginosa","Bulleidia_extructa",1
"20673","Treponema_amylovorum","Bulleidia_extructa",1
"20676","Lactobacillus_frumenti","Bulleidia_extructa",1
"20677","Shuttleworthia_satelles","Bulleidia_extructa",1
"20678","Treponema_lecithinolyticum","Bulleidia_extructa",1
"20681","Streptococcus_intermedius","Bulleidia_extructa",1
"20682","Treponema_socranskii","Bulleidia_extructa",1
"20684","Dialister_pneumosintes","Bulleidia_extructa",1
"20686","Peptostreptococcus_stomatis","Bulleidia_extructa",1
"20689","Mycoplasma_salivarium","Bulleidia_extructa",1
"20693","Barnesiella_viscericola","Bulleidia_extructa",1
"20695","Leptotrichia_amnionii","Bulleidia_extructa",1
"20697","Capnocytophaga_ochracea","Bulleidia_extructa",1
"20701","Prevotella_intermedia","Bulleidia_extructa",1
"20702","Porphyromonas_uenonis","Bulleidia_extructa",1
"20703","Prevotella_fusca","Bulleidia_extructa",1
"20704","Selenomonas_sputigena","Bulleidia_extructa",1
"20708","Rothia_aeria","Haemophilus_parahaemolyticus",1
"20718","Bradyrhizobium_elkanii","Haemophilus_parahaemolyticus",1
"20719","Neisseria_cinerea","Haemophilus_parahaemolyticus",1
"20722","Capnocytophaga_leadbetteri","Haemophilus_parahaemolyticus",1
"20731","Actinobacillus_minor","Haemophilus_parahaemolyticus",1
"20732","Haemophilus_haemoglobinophilus","Haemophilus_parahaemolyticus",1
"20755","Planobacterium_taklimakanense","Haemophilus_parahaemolyticus",1
"20757","Neisseria_pharyngis","Haemophilus_parahaemolyticus",1
"20764","Mycoplasma_faucium","Haemophilus_parahaemolyticus",1
"20766","Azospira_oryzae","Haemophilus_parahaemolyticus",1
"20769","Acidithiobacillus_thiooxidans","Haemophilus_parahaemolyticus",1
"20778","Streptococcus_pneumoniae","Haemophilus_parahaemolyticus",1
"20783","Lautropia_mirabilis","Haemophilus_parahaemolyticus",1
"20792","Haemophilus_parainfluenzae","Haemophilus_parahaemolyticus",1
"20796","Acinetobacter_junii","Haemophilus_parahaemolyticus",1
"20801","Bacteroides_intestinalis","Haemophilus_parahaemolyticus",1
"20818","Streptococcus_sanguinis","Haemophilus_parahaemolyticus",1
"20828","Neisseria_oralis","Haemophilus_parahaemolyticus",1
"20831","Soonwooa_buanensis","Haemophilus_parahaemolyticus",1
"20833","Gemella_haemolysans","Haemophilus_parahaemolyticus",1
"20900","Capnocytophaga_ochracea","Haemophilus_parahaemolyticus",1
"20913","Aggregatibacter_actinomycetemcomitans","Alloprevotella_tannerae",1
"20918","Eubacterium_saphenum","Alloprevotella_tannerae",1
"20919","Leptotrichia_buccalis","Alloprevotella_tannerae",1
"20925","Prevotella_baroniae","Alloprevotella_tannerae",1
"20926","Capnocytophaga_leadbetteri","Alloprevotella_tannerae",1
"20928","Treponema_denticola","Alloprevotella_tannerae",1
"20929","Eubacterium_brachy","Alloprevotella_tannerae",1
"20930","Porphyromonas_endodontalis","Alloprevotella_tannerae",1
"20931","Eubacterium_yurii","Alloprevotella_tannerae",1
"20932","Prevotella_shahii","Alloprevotella_tannerae",1
"20934","Prevotella_denticola","Alloprevotella_tannerae",1
"20935","Actinobacillus_minor","Alloprevotella_tannerae",1
"20937","Prevotella_scopos","Alloprevotella_tannerae",1
"20940","Dialister_invisus","Alloprevotella_tannerae",1
"20942","Prevotella_enoeca","Alloprevotella_tannerae",1
"20945","Moraxella_lacunata","Alloprevotella_tannerae",1
"20951","Mogibacterium_diversum","Alloprevotella_tannerae",1
"20953","Bergeyella_zoohelcum","Alloprevotella_tannerae",1
"20957","Mannheimia_granulomatis","Alloprevotella_tannerae",1
"20958","Eubacterium_nodatum","Alloprevotella_tannerae",1
"20960","Ornatilinea_apprima","Alloprevotella_tannerae",1
"20961","Neisseria_pharyngis","Alloprevotella_tannerae",1
"20962","Anaeroglobus_geminatus","Alloprevotella_tannerae",1
"20963","Olsenella_uli","Alloprevotella_tannerae",1
"20965","Prevotella_veroralis","Alloprevotella_tannerae",1
"20966","Dialister_propionicifaciens","Alloprevotella_tannerae",1
"20968","Mycoplasma_faucium","Alloprevotella_tannerae",1
"20969","Mycoplasma_hyosynoviae","Alloprevotella_tannerae",1
"20970","Azospira_oryzae","Alloprevotella_tannerae",1
"20971","Alysiella_crassa","Alloprevotella_tannerae",1
"20972","Prevotella_dentalis","Alloprevotella_tannerae",1
"20975","Peptococcus_niger","Alloprevotella_tannerae",1
"20977","Treponema_refringens","Alloprevotella_tannerae",1
"20978","Treponema_pedis","Alloprevotella_tannerae",1
"20979","Campylobacter_curvus","Alloprevotella_tannerae",1
"20981","Mycoplasma_feliminutum","Alloprevotella_tannerae",1
"20983","Schwartzia_succinivorans","Alloprevotella_tannerae",1
"20985","Prevotella_marshii","Alloprevotella_tannerae",1
"20986","Treponema_parvum","Alloprevotella_tannerae",1
"20988","Barnesiella_intestinihominis","Alloprevotella_tannerae",1
"20989","Actinobacillus_rossii","Alloprevotella_tannerae",1
"20997","Porphyromonas_gingivalis","Alloprevotella_tannerae",1
"21002","Prevotella_amnii","Alloprevotella_tannerae",1
"21004","Treponema_bryantii","Alloprevotella_tannerae",1
"21005","Bacteroides_intestinalis","Alloprevotella_tannerae",1
"21006","Filifactor_alocis","Alloprevotella_tannerae",1
"21008","Odoribacter_denticanis","Alloprevotella_tannerae",1
"21009","Bacteroides_heparinolyticus","Alloprevotella_tannerae",1
"21010","Rothia_mucilaginosa","Alloprevotella_tannerae",-1
"21012","Acinetobacter_lwoffii","Alloprevotella_tannerae",1
"21014","Prevotella_paludivivens","Alloprevotella_tannerae",1
"21017","Bacteroides_zoogleoformans","Alloprevotella_tannerae",1
"21018","Natranaerovirga_hydrolytica","Alloprevotella_tannerae",1
"21019","Mogibacterium_neglectum","Alloprevotella_tannerae",1
"21021","Peptoniphilus_lacrimalis","Alloprevotella_tannerae",1
"21024","Fusobacterium_periodonticum","Alloprevotella_tannerae",1
"21025","Eubacterium_minutum","Alloprevotella_tannerae",1
"21026","Sporanaerobacter_acetigenes","Alloprevotella_tannerae",1
"21027","Desulfomicrobium_orale","Alloprevotella_tannerae",1
"21029","Tannerella_forsythia","Alloprevotella_tannerae",1
"21031","Capnocytophaga_granulosa","Alloprevotella_tannerae",1
"21032","Neisseria_oralis","Alloprevotella_tannerae",1
"21033","Lactobacillus_ruminis","Alloprevotella_tannerae",1
"21040","Slackia_exigua","Alloprevotella_tannerae",1
"21043","Desulfovibrio_fairfieldensis","Alloprevotella_tannerae",1
"21047","Desulfobulbus_propionicus","Alloprevotella_tannerae",1
"21050","Prevotella_pleuritidis","Alloprevotella_tannerae",1
"21052","Howardella_ureilytica","Alloprevotella_tannerae",1
"21054","Clostridium_hathewayi","Alloprevotella_tannerae",1
"21058","Prevotella_falsenii","Alloprevotella_tannerae",1
"21059","Streptobacillus_moniliformis","Alloprevotella_tannerae",1
"21062","Eubacterium_sulci","Alloprevotella_tannerae",1
"21064","Desulfobulbus_rhabdoformis","Alloprevotella_tannerae",1
"21065","Lactobacillus_mucosae","Alloprevotella_tannerae",1
"21066","Streptococcus_parasanguinis","Alloprevotella_tannerae",-1
"21072","Paraprevotella_clara","Alloprevotella_tannerae",1
"21077","Anaerovorax_odorimutans","Alloprevotella_tannerae",1
"21080","Treponema_amylovorum","Alloprevotella_tannerae",1
"21081","Prevotella_nanceiensis","Alloprevotella_tannerae",1
"21082","Wolinella_succinogenes","Alloprevotella_tannerae",1
"21084","Shuttleworthia_satelles","Alloprevotella_tannerae",1
"21085","Treponema_lecithinolyticum","Alloprevotella_tannerae",1
"21089","Treponema_socranskii","Alloprevotella_tannerae",1
"21090","Pyramidobacter_piscolens","Alloprevotella_tannerae",1
"21093","Peptostreptococcus_stomatis","Alloprevotella_tannerae",1
"21096","Mycoplasma_salivarium","Alloprevotella_tannerae",1
"21097","Mobiluncus_curtisii","Alloprevotella_tannerae",1
"21099","Actinomyces_oricola","Alloprevotella_tannerae",1
"21100","Barnesiella_viscericola","Alloprevotella_tannerae",1
"21101","Prevotella_aurantiaca","Alloprevotella_tannerae",1
"21102","Leptotrichia_amnionii","Alloprevotella_tannerae",1
"21103","Leptotrichia_shahii","Alloprevotella_tannerae",1
"21104","Capnocytophaga_ochracea","Alloprevotella_tannerae",1
"21105","Prevotella_ruminicola","Alloprevotella_tannerae",1
"21107","Conchiformibius_steedae","Alloprevotella_tannerae",1
"21108","Prevotella_intermedia","Alloprevotella_tannerae",1
"21109","Porphyromonas_uenonis","Alloprevotella_tannerae",1
"21110","Prevotella_fusca","Alloprevotella_tannerae",1
"21111","Selenomonas_sputigena","Alloprevotella_tannerae",1
"21114","Bulleidia_extructa","Alloprevotella_tannerae",1
"21124","Leptotrichia_buccalis","Alkaliphilus_crotonatoxidans",1
"21136","Eubacterium_yurii","Alkaliphilus_crotonatoxidans",1
"21180","Peptococcus_niger","Alkaliphilus_crotonatoxidans",1
"21221","Leptotrichia_hofstadii","Alkaliphilus_crotonatoxidans",1
"21267","Eubacterium_sulci","Alkaliphilus_crotonatoxidans",1
"21276","Alloprevotella_rava","Alkaliphilus_crotonatoxidans",1
"21294","Treponema_socranskii","Alkaliphilus_crotonatoxidans",1
"21323","Rothia_aeria","Actinomyces_georgiae",1
"21326","Streptococcus_vestibularis","Actinomyces_georgiae",1
"21327","Veillonella_dispar","Actinomyces_georgiae",1
"21328","Acinetobacter_johnsonii","Actinomyces_georgiae",1
"21330","Leptotrichia_buccalis","Actinomyces_georgiae",1
"21331","Clostridium_ruminantium","Actinomyces_georgiae",1
"21332","Actinomyces_odontolyticus","Actinomyces_georgiae",1
"21333","Bradyrhizobium_elkanii","Actinomyces_georgiae",1
"21336","Prevotella_baroniae","Actinomyces_georgiae",1
"21339","Treponema_denticola","Actinomyces_georgiae",1
"21340","Eubacterium_brachy","Actinomyces_georgiae",1
"21341","Porphyromonas_endodontalis","Actinomyces_georgiae",1
"21342","Eubacterium_yurii","Actinomyces_georgiae",1
"21344","Actinomyces_howellii","Actinomyces_georgiae",1
"21345","Prevotella_denticola","Actinomyces_georgiae",1
"21349","Actinomyces_oris","Actinomyces_georgiae",1
"21351","Dialister_invisus","Actinomyces_georgiae",1
"21353","Prevotella_enoeca","Actinomyces_georgiae",1
"21363","Actinomyces_meyeri","Actinomyces_georgiae",1
"21364","Bergeyella_zoohelcum","Actinomyces_georgiae",1
"21365","Actinomyces_bowdenii","Actinomyces_georgiae",1
"21367","Actinobaculum_massiliense","Actinomyces_georgiae",1
"21369","Eubacterium_nodatum","Actinomyces_georgiae",1
"21371","Ornatilinea_apprima","Actinomyces_georgiae",1
"21373","Anaeroglobus_geminatus","Actinomyces_georgiae",1
"21376","Prevotella_veroralis","Actinomyces_georgiae",1
"21377","Dialister_propionicifaciens","Actinomyces_georgiae",1
"21378","Rothia_dentocariosa","Actinomyces_georgiae",1
"21379","Mycoplasma_faucium","Actinomyces_georgiae",1
"21380","Mycoplasma_hyosynoviae","Actinomyces_georgiae",1
"21386","Peptococcus_niger","Actinomyces_georgiae",1
"21389","Treponema_pedis","Actinomyces_georgiae",1
"21393","Streptococcus_pneumoniae","Actinomyces_georgiae",1
"21395","Actinomyces_hyovaginalis","Actinomyces_georgiae",1
"21397","Treponema_parvum","Actinomyces_georgiae",1
"21398","Lautropia_mirabilis","Actinomyces_georgiae",1
"21401","Actinomyces_gerencseriae","Actinomyces_georgiae",1
"21404","Selenomonas_noxia","Actinomyces_georgiae",1
"21405","Bifidobacterium_dentium","Actinomyces_georgiae",1
"21415","Treponema_bryantii","Actinomyces_georgiae",1
"21417","Filifactor_alocis","Actinomyces_georgiae",1
"21422","Lachnoanaerobaculum_saburreum","Actinomyces_georgiae",1
"21424","Brachymonas_denitrificans","Actinomyces_georgiae",1
"21426","Streptococcus_gordonii","Actinomyces_georgiae",1
"21427","Leptotrichia_hofstadii","Actinomyces_georgiae",1
"21429","Natranaerovirga_hydrolytica","Actinomyces_georgiae",1
"21433","Streptococcus_sanguinis","Actinomyces_georgiae",1
"21438","Desulfomicrobium_orale","Actinomyces_georgiae",1
"21440","Tannerella_forsythia","Actinomyces_georgiae",1
"21442","Capnocytophaga_granulosa","Actinomyces_georgiae",1
"21447","Leptotrichia_hongkongensis","Actinomyces_georgiae",1
"21451","Slackia_exigua","Actinomyces_georgiae",1
"21453","Streptococcus_oralis","Actinomyces_georgiae",1
"21459","Cardiobacterium_valvarum","Actinomyces_georgiae",1
"21460","Corynebacterium_tuberculostearicum","Actinomyces_georgiae",1
"21461","Prevotella_pleuritidis","Actinomyces_georgiae",1
"21463","Howardella_ureilytica","Actinomyces_georgiae",1
"21466","Propionibacterium_acidifaciens","Actinomyces_georgiae",1
"21468","Parascardovia_denticolens","Actinomyces_georgiae",1
"21475","Desulfobulbus_rhabdoformis","Actinomyces_georgiae",1
"21476","Lactobacillus_mucosae","Actinomyces_georgiae",1
"21480","Prevotella_oralis","Actinomyces_georgiae",1
"21491","Treponema_amylovorum","Actinomyces_georgiae",1
"21495","Shuttleworthia_satelles","Actinomyces_georgiae",1
"21500","Treponema_socranskii","Actinomyces_georgiae",1
"21502","Dialister_pneumosintes","Actinomyces_georgiae",1
"21503","Selenomonas_flueggei","Actinomyces_georgiae",1
"21510","Actinomyces_oricola","Actinomyces_georgiae",1
"21514","Leptotrichia_shahii","Actinomyces_georgiae",1
"21515","Capnocytophaga_ochracea","Actinomyces_georgiae",1
"21522","Selenomonas_sputigena","Actinomyces_georgiae",1
"21525","Bulleidia_extructa","Actinomyces_georgiae",1
"21528","Alkaliphilus_crotonatoxidans","Actinomyces_georgiae",1
"21738","Rothia_aeria","Streptococcus_oligofermentans",1
"21767","Granulicatella_adiacens","Streptococcus_oligofermentans",1
"21769","Streptococcus_cristatus","Streptococcus_oligofermentans",1
"21784","Eubacterium_nodatum","Streptococcus_oligofermentans",1
"21793","Rothia_dentocariosa","Streptococcus_oligofermentans",1
"21808","Streptococcus_pneumoniae","Streptococcus_oligofermentans",1
"21837","Lachnoanaerobaculum_saburreum","Streptococcus_oligofermentans",1
"21841","Streptococcus_gordonii","Streptococcus_oligofermentans",1
"21848","Streptococcus_sanguinis","Streptococcus_oligofermentans",1
"21863","Gemella_haemolysans","Streptococcus_oligofermentans",1
"21868","Streptococcus_oralis","Streptococcus_oligofermentans",1
"21892","Streptococcus_parasanguinis","Streptococcus_oligofermentans",1
"21932","Gemella_sanguinis","Streptococcus_oligofermentans",1
"21949","Butyrivibrio_hungatei","Actinomyces_lingnae",1
"21950","Streptococcus_vestibularis","Actinomyces_lingnae",1
"21951","Veillonella_dispar","Actinomyces_lingnae",1
"21956","Actinomyces_odontolyticus","Actinomyces_lingnae",1
"21962","Prevotella_pallens","Actinomyces_lingnae",1
"21968","Actinomyces_howellii","Actinomyces_lingnae",1
"21976","Granulicatella_adiacens","Actinomyces_lingnae",1
"21981","Lachnoanaerobaculum_orale","Actinomyces_lingnae",1
"21982","Bacillus_pumilus","Actinomyces_lingnae",1
"21983","Orientia_tsutsugamushi","Actinomyces_lingnae",1
"21986","Mogibacterium_diversum","Actinomyces_lingnae",1
"21990","Prevotella_salivae","Actinomyces_lingnae",1
"22000","Prevotella_veroralis","Actinomyces_lingnae",1
"22002","Rothia_dentocariosa","Actinomyces_lingnae",1
"22019","Actinomyces_hyovaginalis","Actinomyces_lingnae",1
"22045","Rothia_mucilaginosa","Actinomyces_lingnae",1
"22054","Mogibacterium_neglectum","Actinomyces_lingnae",1
"22056","Peptoniphilus_lacrimalis","Actinomyces_lingnae",1
"22075","Slackia_exigua","Actinomyces_lingnae",1
"22086","Corynebacterium_argentoratense","Actinomyces_lingnae",1
"22091","Gardnerella_vaginalis","Actinomyces_lingnae",1
"22097","Eubacterium_sulci","Actinomyces_lingnae",1
"22101","Streptococcus_parasanguinis","Actinomyces_lingnae",1
"22105","Actinomyces_graevenitzii","Actinomyces_lingnae",1
"22110","Atopobium_parvulum","Actinomyces_lingnae",1
"22118","Lactobacillus_frumenti","Actinomyces_lingnae",1
"22132","Mobiluncus_curtisii","Actinomyces_lingnae",1
"22141","Gemella_sanguinis","Actinomyces_lingnae",1
"22147","Veillonella_rodentium","Actinomyces_lingnae",1
"22371","Streptococcus_vestibularis","Lactobacillus_salivarius",1
"22372","Veillonella_dispar","Lactobacillus_salivarius",1
"22423","Rothia_dentocariosa","Lactobacillus_salivarius",1
"22450","Bifidobacterium_dentium","Lactobacillus_salivarius",1
"22468","Acinetobacter_lwoffii","Lactobacillus_salivarius",1
"22480","Fusobacterium_periodonticum","Lactobacillus_salivarius",-1
"22489","Lactobacillus_ruminis","Lactobacillus_salivarius",1
"22492","Leptotrichia_hongkongensis","Lactobacillus_salivarius",1
"22508","Howardella_ureilytica","Lactobacillus_salivarius",1
"22518","Eubacterium_sulci","Lactobacillus_salivarius",-1
"22531","Atopobium_parvulum","Lactobacillus_salivarius",1
"22584","Veillonella_dispar","Lactobacillus_crispatus",1
"22602","Prevotella_denticola","Lactobacillus_crispatus",1
"22608","Dialister_invisus","Lactobacillus_crispatus",1
"22631","Olsenella_uli","Lactobacillus_crispatus",1
"22635","Rothia_dentocariosa","Lactobacillus_crispatus",1
"22662","Bifidobacterium_dentium","Lactobacillus_crispatus",1
"22683","Streptococcus_gordonii","Lactobacillus_crispatus",1
"22720","Howardella_ureilytica","Lactobacillus_crispatus",1
"22725","Parascardovia_denticolens","Lactobacillus_crispatus",1
"22734","Streptococcus_parasanguinis","Lactobacillus_crispatus",1
"22737","Prevotella_oralis","Lactobacillus_crispatus",1
"22743","Atopobium_parvulum","Lactobacillus_crispatus",1
"22748","Treponema_amylovorum","Lactobacillus_crispatus",1
"22752","Shuttleworthia_satelles","Lactobacillus_crispatus",1
"22756","Streptococcus_intermedius","Lactobacillus_crispatus",1
"22762","Lactobacillus_reuteri","Lactobacillus_crispatus",1
"22791","Lactobacillus_salivarius","Lactobacillus_crispatus",1
"22799","Eubacterium_saphenum","Prevotella_maculosa",1
"22807","Capnocytophaga_leadbetteri","Prevotella_maculosa",1
"22809","Treponema_denticola","Prevotella_maculosa",1
"22810","Eubacterium_brachy","Prevotella_maculosa",1
"22811","Porphyromonas_endodontalis","Prevotella_maculosa",1
"22815","Prevotella_denticola","Prevotella_maculosa",1
"22819","Actinomyces_oris","Prevotella_maculosa",1
"22821","Dialister_invisus","Prevotella_maculosa",1
"22823","Prevotella_enoeca","Prevotella_maculosa",1
"22826","Moraxella_lacunata","Prevotella_maculosa",1
"22831","Propionigenium_maris","Prevotella_maculosa",1
"22833","Actinomyces_meyeri","Prevotella_maculosa",1
"22834","Bergeyella_zoohelcum","Prevotella_maculosa",1
"22835","Actinomyces_bowdenii","Prevotella_maculosa",1
"22837","Actinobaculum_massiliense","Prevotella_maculosa",1
"22838","Mannheimia_granulomatis","Prevotella_maculosa",1
"22839","Eubacterium_nodatum","Prevotella_maculosa",1
"22841","Ornatilinea_apprima","Prevotella_maculosa",1
"22844","Olsenella_uli","Prevotella_maculosa",1
"22846","Prevotella_veroralis","Prevotella_maculosa",1
"22847","Dialister_propionicifaciens","Prevotella_maculosa",1
"22849","Mycoplasma_faucium","Prevotella_maculosa",1
"22850","Mycoplasma_hyosynoviae","Prevotella_maculosa",1
"22851","Azospira_oryzae","Prevotella_maculosa",1
"22852","Alysiella_crassa","Prevotella_maculosa",1
"22853","Prevotella_dentalis","Prevotella_maculosa",1
"22856","Peptococcus_niger","Prevotella_maculosa",1
"22857","Acinetobacter_baumannii","Prevotella_maculosa",1
"22859","Treponema_pedis","Prevotella_maculosa",1
"22860","Campylobacter_curvus","Prevotella_maculosa",1
"22864","Schwartzia_succinivorans","Prevotella_maculosa",1
"22865","Actinomyces_hyovaginalis","Prevotella_maculosa",1
"22867","Treponema_parvum","Prevotella_maculosa",1
"22871","Actinomyces_gerencseriae","Prevotella_maculosa",1
"22873","Neisseria_shayeganii","Prevotella_maculosa",1
"22875","Bifidobacterium_dentium","Prevotella_maculosa",1
"22878","Porphyromonas_gingivalis","Prevotella_maculosa",1
"22883","Prevotella_amnii","Prevotella_maculosa",1
"22885","Treponema_bryantii","Prevotella_maculosa",1
"22886","Bacteroides_intestinalis","Prevotella_maculosa",1
"22887","Filifactor_alocis","Prevotella_maculosa",1
"22889","Odoribacter_denticanis","Prevotella_maculosa",1
"22890","Bacteroides_heparinolyticus","Prevotella_maculosa",1
"22892","Lachnoanaerobaculum_saburreum","Prevotella_maculosa",1
"22894","Brachymonas_denitrificans","Prevotella_maculosa",1
"22895","Prevotella_paludivivens","Prevotella_maculosa",1
"22896","Streptococcus_gordonii","Prevotella_maculosa",1
"22898","Bacteroides_zoogleoformans","Prevotella_maculosa",1
"22899","Natranaerovirga_hydrolytica","Prevotella_maculosa",1
"22900","Mogibacterium_neglectum","Prevotella_maculosa",1
"22903","Streptococcus_sanguinis","Prevotella_maculosa",1
"22907","Sporanaerobacter_acetigenes","Prevotella_maculosa",1
"22908","Desulfomicrobium_orale","Prevotella_maculosa",1
"22909","Campylobacter_showae","Prevotella_maculosa",1
"22910","Tannerella_forsythia","Prevotella_maculosa",1
"22911","Kingella_potus","Prevotella_maculosa",1
"22913","Neisseria_oralis","Prevotella_maculosa",1
"22917","Leptotrichia_hongkongensis","Prevotella_maculosa",1
"22920","Bacillus_cereus","Prevotella_maculosa",1
"22921","Slackia_exigua","Prevotella_maculosa",1
"22925","Prevotella_multisaccharivorax","Prevotella_maculosa",1
"22926","Streptococcus_sinensis","Prevotella_maculosa",1
"22928","Desulfobulbus_propionicus","Prevotella_maculosa",1
"22931","Prevotella_pleuritidis","Prevotella_maculosa",1
"22933","Howardella_ureilytica","Prevotella_maculosa",1
"22938","Parascardovia_denticolens","Prevotella_maculosa",1
"22939","Prevotella_falsenii","Prevotella_maculosa",1
"22940","Streptobacillus_moniliformis","Prevotella_maculosa",1
"22942","Selenomonas_ruminantium","Prevotella_maculosa",1
"22945","Desulfobulbus_rhabdoformis","Prevotella_maculosa",1
"22946","Lactobacillus_mucosae","Prevotella_maculosa",1
"22949","Ralstonia_solanacearum","Prevotella_maculosa",1
"22950","Prevotella_oralis","Prevotella_maculosa",1
"22952","Alloprevotella_rava","Prevotella_maculosa",1
"22953","Paraprevotella_clara","Prevotella_maculosa",1
"22960","Pasteurella_pneumotropica","Prevotella_maculosa",1
"22961","Treponema_amylovorum","Prevotella_maculosa",1
"22963","Wolinella_succinogenes","Prevotella_maculosa",1
"22965","Shuttleworthia_satelles","Prevotella_maculosa",1
"22969","Streptococcus_intermedius","Prevotella_maculosa",1
"22971","Pyramidobacter_piscolens","Prevotella_maculosa",1
"22972","Dialister_pneumosintes","Prevotella_maculosa",1
"22974","Peptostreptococcus_stomatis","Prevotella_maculosa",1
"22977","Mycoplasma_salivarium","Prevotella_maculosa",1
"22980","Actinomyces_oricola","Prevotella_maculosa",1
"22981","Barnesiella_viscericola","Prevotella_maculosa",1
"22983","Leptotrichia_amnionii","Prevotella_maculosa",1
"22984","Leptotrichia_shahii","Prevotella_maculosa",1
"22986","Prevotella_ruminicola","Prevotella_maculosa",1
"22989","Prevotella_intermedia","Prevotella_maculosa",1
"22991","Prevotella_fusca","Prevotella_maculosa",1
"22992","Selenomonas_sputigena","Prevotella_maculosa",1
"22995","Bulleidia_extructa","Prevotella_maculosa",1
"22997","Alloprevotella_tannerae","Prevotella_maculosa",1
"22998","Alkaliphilus_crotonatoxidans","Prevotella_maculosa",1
"22999","Actinomyces_georgiae","Prevotella_maculosa",1
"23007","Rothia_aeria","Haemophilus_influenzae",1
"23018","Neisseria_cinerea","Haemophilus_influenzae",1
"23021","Capnocytophaga_leadbetteri","Haemophilus_influenzae",1
"23026","Eubacterium_yurii","Haemophilus_influenzae",1
"23030","Actinobacillus_minor","Haemophilus_influenzae",1
"23031","Haemophilus_haemoglobinophilus","Haemophilus_influenzae",1
"23040","Moraxella_lacunata","Haemophilus_influenzae",1
"23042","Bacillus_pumilus","Haemophilus_influenzae",1
"23052","Mannheimia_granulomatis","Haemophilus_influenzae",1
"23054","Planobacterium_taklimakanense","Haemophilus_influenzae",1
"23056","Neisseria_pharyngis","Haemophilus_influenzae",1
"23065","Azospira_oryzae","Haemophilus_influenzae",1
"23068","Acidithiobacillus_thiooxidans","Haemophilus_influenzae",1
"23070","Peptococcus_niger","Haemophilus_influenzae",1
"23073","Treponema_pedis","Haemophilus_influenzae",1
"23076","Mycoplasma_feliminutum","Haemophilus_influenzae",1
"23077","Streptococcus_pneumoniae","Haemophilus_influenzae",1
"23082","Lautropia_mirabilis","Haemophilus_influenzae",1
"23084","Actinobacillus_rossii","Haemophilus_influenzae",1
"23087","Neisseria_shayeganii","Haemophilus_influenzae",1
"23091","Haemophilus_parainfluenzae","Haemophilus_influenzae",1
"23096","Bacteroides_acidifaciens","Haemophilus_influenzae",1
"23100","Bacteroides_intestinalis","Haemophilus_influenzae",1
"23108","Brachymonas_denitrificans","Haemophilus_influenzae",1
"23117","Streptococcus_sanguinis","Haemophilus_influenzae",1
"23118","Eubacterium_rectale","Haemophilus_influenzae",1
"23127","Neisseria_oralis","Haemophilus_influenzae",1
"23130","Soonwooa_buanensis","Haemophilus_influenzae",1
"23132","Gemella_haemolysans","Haemophilus_influenzae",1
"23137","Streptococcus_oralis","Haemophilus_influenzae",1
"23141","Gemella_cuniculi","Haemophilus_influenzae",1
"23149","Clostridium_hathewayi","Haemophilus_influenzae",1
"23153","Prevotella_falsenii","Haemophilus_influenzae",1
"23154","Streptobacillus_moniliformis","Haemophilus_influenzae",1
"23158","Veillonella_ratti","Haemophilus_influenzae",1
"23162","Eubacterium_ramulus","Haemophilus_influenzae",1
"23168","Actinobacillus_porcinus","Haemophilus_influenzae",1
"23176","Prevotella_nanceiensis","Haemophilus_influenzae",1
"23181","Neisseria_macacae","Haemophilus_influenzae",1
"23199","Capnocytophaga_ochracea","Haemophilus_influenzae",1
"23210","Haemophilus_parahaemolyticus","Haemophilus_influenzae",1
"23212","Alkaliphilus_crotonatoxidans","Haemophilus_influenzae",1
"23215","Streptococcus_oligofermentans","Haemophilus_influenzae",1
"23236","Capnocytophaga_leadbetteri","Moraxella_bovoculi",1
"23240","Porphyromonas_endodontalis","Moraxella_bovoculi",1
"23252","Prevotella_enoeca","Moraxella_bovoculi",1
"23280","Azospira_oryzae","Moraxella_bovoculi",1
"23281","Alysiella_crassa","Moraxella_bovoculi",1
"23287","Treponema_refringens","Moraxella_bovoculi",1
"23302","Neisseria_shayeganii","Moraxella_bovoculi",1
"23311","Bacteroides_acidifaciens","Moraxella_bovoculi",1
"23315","Bacteroides_intestinalis","Moraxella_bovoculi",1
"23334","Fusobacterium_periodonticum","Moraxella_bovoculi",1
"23341","Capnocytophaga_granulosa","Moraxella_bovoculi",1
"23360","Prevotella_pleuritidis","Moraxella_bovoculi",1
"23363","Snodgrassella_alvi","Moraxella_bovoculi",1
"23369","Streptobacillus_moniliformis","Moraxella_bovoculi",1
"23381","Alloprevotella_rava","Moraxella_bovoculi",1
"23387","Anaerovorax_odorimutans","Moraxella_bovoculi",1
"23391","Prevotella_nanceiensis","Moraxella_bovoculi",1
"23396","Neisseria_macacae","Moraxella_bovoculi",1
"23403","Peptostreptococcus_stomatis","Moraxella_bovoculi",1
"23408","Simonsiella_muelleri","Moraxella_bovoculi",1
"23411","Prevotella_aurantiaca","Moraxella_bovoculi",1
"23414","Capnocytophaga_ochracea","Moraxella_bovoculi",1
"23418","Prevotella_intermedia","Moraxella_bovoculi",1
"23420","Prevotella_fusca","Moraxella_bovoculi",1
"23442","Veillonella_dispar","Atopobium_minutum",1
"23447","Actinomyces_odontolyticus","Atopobium_minutum",1
"23481","Prevotella_salivae","Atopobium_minutum",1
"23484","Eubacterium_nodatum","Atopobium_minutum",1
"23489","Olsenella_uli","Atopobium_minutum",1
"23492","Dialister_propionicifaciens","Atopobium_minutum",1
"23547","Peptoniphilus_lacrimalis","Atopobium_minutum",1
"23578","Howardella_ureilytica","Atopobium_minutum",1
"23592","Streptococcus_parasanguinis","Atopobium_minutum",1
"23596","Actinomyces_graevenitzii","Atopobium_minutum",1
"23601","Atopobium_parvulum","Atopobium_minutum",1
"23622","Mycoplasma_salivarium","Atopobium_minutum",1
"23635","Porphyromonas_uenonis","Atopobium_minutum",1
"23636","Prevotella_fusca","Atopobium_minutum",1
"23647","Actinomyces_lingnae","Atopobium_minutum",1
"23655","Rothia_aeria","Capnocytophaga_haemolytica",1
"23669","Capnocytophaga_leadbetteri","Capnocytophaga_haemolytica",1
"23677","Prevotella_denticola","Capnocytophaga_haemolytica",1
"23679","Haemophilus_haemoglobinophilus","Capnocytophaga_haemolytica",1
"23699","Actinobaculum_massiliense","Capnocytophaga_haemolytica",1
"23713","Azospira_oryzae","Capnocytophaga_haemolytica",1
"23730","Lautropia_mirabilis","Capnocytophaga_haemolytica",1
"23736","Selenomonas_noxia","Capnocytophaga_haemolytica",1
"23754","Lachnoanaerobaculum_saburreum","Capnocytophaga_haemolytica",1
"23756","Brachymonas_denitrificans","Capnocytophaga_haemolytica",1
"23759","Leptotrichia_hofstadii","Capnocytophaga_haemolytica",1
"23765","Streptococcus_sanguinis","Capnocytophaga_haemolytica",1
"23773","Kingella_potus","Capnocytophaga_haemolytica",1
"23774","Capnocytophaga_granulosa","Capnocytophaga_haemolytica",1
"23775","Neisseria_oralis","Capnocytophaga_haemolytica",1
"23778","Soonwooa_buanensis","Capnocytophaga_haemolytica",1
"23779","Leptotrichia_hongkongensis","Capnocytophaga_haemolytica",1
"23791","Cardiobacterium_valvarum","Capnocytophaga_haemolytica",1
"23828","Treponema_lecithinolyticum","Capnocytophaga_haemolytica",1
"23832","Treponema_socranskii","Capnocytophaga_haemolytica",1
"23835","Selenomonas_flueggei","Capnocytophaga_haemolytica",1
"23846","Leptotrichia_shahii","Capnocytophaga_haemolytica",1
"23847","Capnocytophaga_ochracea","Capnocytophaga_haemolytica",1
"23861","Actinomyces_georgiae","Capnocytophaga_haemolytica",1
"23868","Prevotella_maculosa","Capnocytophaga_haemolytica",1
"23872","Veillonella_rogosae","Clostridium_aminobutyricum",1
"23873","Rothia_aeria","Clostridium_aminobutyricum",1
"23879","Eubacterium_saphenum","Clostridium_aminobutyricum",1
"23886","Prevotella_baroniae","Clostridium_aminobutyricum",1
"23889","Treponema_denticola","Clostridium_aminobutyricum",1
"23890","Eubacterium_brachy","Clostridium_aminobutyricum",1
"23891","Porphyromonas_endodontalis","Clostridium_aminobutyricum",1
"23892","Eubacterium_yurii","Clostridium_aminobutyricum",1
"23893","Prevotella_shahii","Clostridium_aminobutyricum",1
"23901","Dialister_invisus","Clostridium_aminobutyricum",1
"23903","Prevotella_enoeca","Clostridium_aminobutyricum",1
"23919","Eubacterium_nodatum","Clostridium_aminobutyricum",1
"23922","Neisseria_pharyngis","Clostridium_aminobutyricum",1
"23929","Mycoplasma_faucium","Clostridium_aminobutyricum",1
"23931","Azospira_oryzae","Clostridium_aminobutyricum",1
"23934","Acidithiobacillus_thiooxidans","Clostridium_aminobutyricum",1
"23936","Peptococcus_niger","Clostridium_aminobutyricum",1
"23944","Schwartzia_succinivorans","Clostridium_aminobutyricum",1
"23958","Porphyromonas_gingivalis","Clostridium_aminobutyricum",1
"23966","Bacteroides_intestinalis","Clostridium_aminobutyricum",1
"23967","Filifactor_alocis","Clostridium_aminobutyricum",1
"23975","Prevotella_paludivivens","Clostridium_aminobutyricum",1
"23978","Bacteroides_zoogleoformans","Clostridium_aminobutyricum",1
"23979","Natranaerovirga_hydrolytica","Clostridium_aminobutyricum",1
"23985","Fusobacterium_periodonticum","Clostridium_aminobutyricum",1
"23989","Campylobacter_showae","Clostridium_aminobutyricum",1
"23990","Tannerella_forsythia","Clostridium_aminobutyricum",1
"23993","Neisseria_oralis","Clostridium_aminobutyricum",1
"23996","Soonwooa_buanensis","Clostridium_aminobutyricum",1
"24009","Cardiobacterium_valvarum","Clostridium_aminobutyricum",1
"24020","Streptobacillus_moniliformis","Clostridium_aminobutyricum",1
"24029","Ralstonia_solanacearum","Clostridium_aminobutyricum",1
"24030","Prevotella_oralis","Clostridium_aminobutyricum",1
"24032","Alloprevotella_rava","Clostridium_aminobutyricum",1
"24041","Treponema_amylovorum","Clostridium_aminobutyricum",1
"24042","Prevotella_nanceiensis","Clostridium_aminobutyricum",1
"24045","Shuttleworthia_satelles","Clostridium_aminobutyricum",1
"24046","Treponema_lecithinolyticum","Clostridium_aminobutyricum",1
"24052","Dialister_pneumosintes","Clostridium_aminobutyricum",1
"24054","Peptostreptococcus_stomatis","Clostridium_aminobutyricum",1
"24062","Prevotella_aurantiaca","Clostridium_aminobutyricum",1
"24067","Gemella_sanguinis","Clostridium_aminobutyricum",1
"24069","Prevotella_intermedia","Clostridium_aminobutyricum",1
"24072","Selenomonas_sputigena","Clostridium_aminobutyricum",1
"24075","Bulleidia_extructa","Clostridium_aminobutyricum",1
"24076","Haemophilus_parahaemolyticus","Clostridium_aminobutyricum",1
"24077","Alloprevotella_tannerae","Clostridium_aminobutyricum",1
"24087","Haemophilus_influenzae","Clostridium_aminobutyricum",1
"24098","Eubacterium_saphenum","Porphyromonas_gulae",1
"24099","Leptotrichia_buccalis","Porphyromonas_gulae",1
"24105","Prevotella_baroniae","Porphyromonas_gulae",1
"24106","Capnocytophaga_leadbetteri","Porphyromonas_gulae",1
"24108","Treponema_denticola","Porphyromonas_gulae",1
"24109","Eubacterium_brachy","Porphyromonas_gulae",1
"24110","Porphyromonas_endodontalis","Porphyromonas_gulae",1
"24111","Eubacterium_yurii","Porphyromonas_gulae",1
"24122","Prevotella_enoeca","Porphyromonas_gulae",1
"24125","Moraxella_lacunata","Porphyromonas_gulae",1
"24140","Ornatilinea_apprima","Porphyromonas_gulae",1
"24143","Olsenella_uli","Porphyromonas_gulae",1
"24148","Mycoplasma_faucium","Porphyromonas_gulae",1
"24161","Mycoplasma_feliminutum","Porphyromonas_gulae",1
"24163","Schwartzia_succinivorans","Porphyromonas_gulae",1
"24186","Filifactor_alocis","Porphyromonas_gulae",1
"24194","Prevotella_paludivivens","Porphyromonas_gulae",1
"24198","Natranaerovirga_hydrolytica","Porphyromonas_gulae",1
"24206","Sporanaerobacter_acetigenes","Porphyromonas_gulae",1
"24209","Tannerella_forsythia","Porphyromonas_gulae",1
"24228","Cardiobacterium_valvarum","Porphyromonas_gulae",1
"24230","Prevotella_pleuritidis","Porphyromonas_gulae",1
"24243","Veillonella_ratti","Porphyromonas_gulae",1
"24244","Desulfobulbus_rhabdoformis","Porphyromonas_gulae",1
"24264","Shuttleworthia_satelles","Porphyromonas_gulae",1
"24269","Treponema_socranskii","Porphyromonas_gulae",1
"24271","Dialister_pneumosintes","Porphyromonas_gulae",1
"24273","Peptostreptococcus_stomatis","Porphyromonas_gulae",1
"24291","Selenomonas_sputigena","Porphyromonas_gulae",1
"24294","Bulleidia_extructa","Porphyromonas_gulae",1
"24296","Alloprevotella_tannerae","Porphyromonas_gulae",1
"24305","Prevotella_maculosa","Porphyromonas_gulae",1
"24306","Haemophilus_influenzae","Porphyromonas_gulae",1
"24307","Moraxella_bovoculi","Porphyromonas_gulae",1
"24536","Streptococcus_vestibularis","Veillonella_parvula",1
"24555","Prevotella_denticola","Veillonella_parvula",1
"24557","Haemophilus_haemoglobinophilus","Veillonella_parvula",1
"24560","Megasphaera_elsdenii","Veillonella_parvula",1
"24565","Veillonella_montpellierensis","Veillonella_parvula",1
"24574","Bergeyella_zoohelcum","Veillonella_parvula",1
"24609","Barnesiella_intestinihominis","Veillonella_parvula",1
"24610","Actinobacillus_rossii","Veillonella_parvula",1
"24611","Actinomyces_gerencseriae","Veillonella_parvula",1
"24614","Selenomonas_noxia","Veillonella_parvula",1
"24636","Streptococcus_gordonii","Veillonella_parvula",1
"24654","Lactobacillus_ruminis","Veillonella_parvula",1
"24657","Leptotrichia_hongkongensis","Veillonella_parvula",1
"24663","Streptococcus_oralis","Veillonella_parvula",1
"24670","Corynebacterium_tuberculostearicum","Veillonella_parvula",1
"24679","Prevotella_falsenii","Veillonella_parvula",1
"24686","Lactobacillus_mucosae","Veillonella_parvula",1
"24704","Lactobacillus_frumenti","Veillonella_parvula",1
"24733","Veillonella_rodentium","Veillonella_parvula",1
"24743","Streptococcus_equinus","Veillonella_parvula",1
"24745","Lactobacillus_crispatus","Veillonella_parvula",1
"24753","Saccharofermentans_acetigenes","Veillonella_parvula",1
"24762","Leptotrichia_buccalis","Actinomyces_cardiffensis",1
"24768","Prevotella_baroniae","Actinomyces_cardiffensis",1
"24771","Treponema_denticola","Actinomyces_cardiffensis",1
"24772","Eubacterium_brachy","Actinomyces_cardiffensis",1
"24773","Porphyromonas_endodontalis","Actinomyces_cardiffensis",1
"24774","Eubacterium_yurii","Actinomyces_cardiffensis",1
"24777","Prevotella_denticola","Actinomyces_cardiffensis",1
"24783","Dialister_invisus","Actinomyces_cardiffensis",1
"24785","Prevotella_enoeca","Actinomyces_cardiffensis",1
"24795","Actinomyces_meyeri","Actinomyces_cardiffensis",1
"24799","Actinobaculum_massiliense","Actinomyces_cardiffensis",1
"24800","Mannheimia_granulomatis","Actinomyces_cardiffensis",1
"24801","Eubacterium_nodatum","Actinomyces_cardiffensis",1
"24803","Ornatilinea_apprima","Actinomyces_cardiffensis",1
"24805","Anaeroglobus_geminatus","Actinomyces_cardiffensis",1
"24811","Mycoplasma_faucium","Actinomyces_cardiffensis",1
"24818","Peptococcus_niger","Actinomyces_cardiffensis",1
"24824","Mycoplasma_feliminutum","Actinomyces_cardiffensis",1
"24826","Schwartzia_succinivorans","Actinomyces_cardiffensis",1
"24827","Actinomyces_hyovaginalis","Actinomyces_cardiffensis",1
"24833","Actinomyces_gerencseriae","Actinomyces_cardiffensis",1
"24840","Porphyromonas_gingivalis","Actinomyces_cardiffensis",1
"24849","Filifactor_alocis","Actinomyces_cardiffensis",1
"24854","Lachnoanaerobaculum_saburreum","Actinomyces_cardiffensis",1
"24859","Leptotrichia_hofstadii","Actinomyces_cardiffensis",1
"24860","Bacteroides_zoogleoformans","Actinomyces_cardiffensis",1
"24861","Natranaerovirga_hydrolytica","Actinomyces_cardiffensis",1
"24869","Sporanaerobacter_acetigenes","Actinomyces_cardiffensis",1
"24872","Tannerella_forsythia","Actinomyces_cardiffensis",1
"24883","Slackia_exigua","Actinomyces_cardiffensis",1
"24888","Streptococcus_sinensis","Actinomyces_cardiffensis",1
"24889","Gemella_cuniculi","Actinomyces_cardiffensis",1
"24890","Desulfobulbus_propionicus","Actinomyces_cardiffensis",1
"24891","Cardiobacterium_valvarum","Actinomyces_cardiffensis",1
"24893","Prevotella_pleuritidis","Actinomyces_cardiffensis",1
"24895","Howardella_ureilytica","Actinomyces_cardiffensis",1
"24897","Clostridium_hathewayi","Actinomyces_cardiffensis",1
"24902","Streptobacillus_moniliformis","Actinomyces_cardiffensis",1
"24912","Prevotella_oralis","Actinomyces_cardiffensis",1
"24920","Anaerovorax_odorimutans","Actinomyces_cardiffensis",1
"24927","Shuttleworthia_satelles","Actinomyces_cardiffensis",1
"24928","Treponema_lecithinolyticum","Actinomyces_cardiffensis",1
"24929","Neisseria_macacae","Actinomyces_cardiffensis",1
"24932","Treponema_socranskii","Actinomyces_cardiffensis",1
"24933","Pyramidobacter_piscolens","Actinomyces_cardiffensis",1
"24936","Peptostreptococcus_stomatis","Actinomyces_cardiffensis",1
"24939","Mycoplasma_salivarium","Actinomyces_cardiffensis",1
"24942","Actinomyces_oricola","Actinomyces_cardiffensis",1
"24945","Leptotrichia_amnionii","Actinomyces_cardiffensis",1
"24947","Capnocytophaga_ochracea","Actinomyces_cardiffensis",1
"24951","Prevotella_intermedia","Actinomyces_cardiffensis",1
"24954","Selenomonas_sputigena","Actinomyces_cardiffensis",1
"24959","Alloprevotella_tannerae","Actinomyces_cardiffensis",1
"24960","Alkaliphilus_crotonatoxidans","Actinomyces_cardiffensis",1
"24961","Actinomyces_georgiae","Actinomyces_cardiffensis",1
"24968","Prevotella_maculosa","Actinomyces_cardiffensis",1
"24973","Clostridium_aminobutyricum","Actinomyces_cardiffensis",1
"24975","Saccharofermentans_acetigenes","Actinomyces_cardiffensis",1
"25202","Rothia_aeria","Capnocytophaga_sputigena",1
"25209","Leptotrichia_buccalis","Capnocytophaga_sputigena",1
"25214","Neisseria_sicca","Capnocytophaga_sputigena",1
"25216","Capnocytophaga_leadbetteri","Capnocytophaga_sputigena",1
"25221","Eubacterium_yurii","Capnocytophaga_sputigena",1
"25222","Prevotella_shahii","Capnocytophaga_sputigena",1
"25226","Haemophilus_haemoglobinophilus","Capnocytophaga_sputigena",1
"25235","Moraxella_lacunata","Capnocytophaga_sputigena",1
"25243","Bergeyella_zoohelcum","Capnocytophaga_sputigena",1
"25245","Prevotella_salivae","Capnocytophaga_sputigena",-1
"25247","Mannheimia_granulomatis","Capnocytophaga_sputigena",1
"25249","Planobacterium_taklimakanense","Capnocytophaga_sputigena",1
"25251","Neisseria_pharyngis","Capnocytophaga_sputigena",1
"25260","Azospira_oryzae","Capnocytophaga_sputigena",1
"25263","Acidithiobacillus_thiooxidans","Capnocytophaga_sputigena",1
"25267","Treponema_refringens","Capnocytophaga_sputigena",1
"25277","Lautropia_mirabilis","Capnocytophaga_sputigena",1
"25279","Actinobacillus_rossii","Capnocytophaga_sputigena",1
"25282","Neisseria_shayeganii","Capnocytophaga_sputigena",1
"25286","Haemophilus_parainfluenzae","Capnocytophaga_sputigena",1
"25295","Bacteroides_intestinalis","Capnocytophaga_sputigena",1
"25303","Brachymonas_denitrificans","Capnocytophaga_sputigena",1
"25312","Streptococcus_sanguinis","Capnocytophaga_sputigena",1
"25314","Fusobacterium_periodonticum","Capnocytophaga_sputigena",1
"25318","Campylobacter_showae","Capnocytophaga_sputigena",1
"25319","Tannerella_forsythia","Capnocytophaga_sputigena",1
"25320","Kingella_potus","Capnocytophaga_sputigena",1
"25321","Capnocytophaga_granulosa","Capnocytophaga_sputigena",1
"25322","Neisseria_oralis","Capnocytophaga_sputigena",1
"25325","Soonwooa_buanensis","Capnocytophaga_sputigena",1
"25326","Leptotrichia_hongkongensis","Capnocytophaga_sputigena",1
"25338","Cardiobacterium_valvarum","Capnocytophaga_sputigena",1
"25358","Ralstonia_solanacearum","Capnocytophaga_sputigena",1
"25363","Actinobacillus_porcinus","Capnocytophaga_sputigena",1
"25365","Atopobium_parvulum","Capnocytophaga_sputigena",-1
"25371","Prevotella_nanceiensis","Capnocytophaga_sputigena",1
"25376","Neisseria_macacae","Capnocytophaga_sputigena",1
"25391","Prevotella_aurantiaca","Capnocytophaga_sputigena",1
"25393","Leptotrichia_shahii","Capnocytophaga_sputigena",1
"25394","Capnocytophaga_ochracea","Capnocytophaga_sputigena",1
"25397","Conchiformibius_steedae","Capnocytophaga_sputigena",1
"25416","Haemophilus_influenzae","Capnocytophaga_sputigena",1
"25417","Moraxella_bovoculi","Capnocytophaga_sputigena",1
"25419","Capnocytophaga_haemolytica","Capnocytophaga_sputigena",1
"25437","Bradyrhizobium_elkanii","Propionibacterium_acnes",1
"25502","Lautropia_mirabilis","Propionibacterium_acnes",1
"25527","Acinetobacter_lwoffii","Propionibacterium_acnes",1
"25537","Streptococcus_sanguinis","Propionibacterium_acnes",1
"25564","Corynebacterium_tuberculostearicum","Propionibacterium_acnes",1
"25662","Actinomyces_odontolyticus","Mobiluncus_mulieris",1
"25668","Prevotella_pallens","Mobiluncus_mulieris",1
"25669","Treponema_denticola","Mobiluncus_mulieris",1
"25671","Porphyromonas_endodontalis","Mobiluncus_mulieris",1
"25673","Prevotella_shahii","Mobiluncus_mulieris",1
"25681","Dialister_invisus","Mobiluncus_mulieris",1
"25693","Actinomyces_meyeri","Mobiluncus_mulieris",1
"25696","Prevotella_salivae","Mobiluncus_mulieris",1
"25706","Prevotella_veroralis","Mobiluncus_mulieris",1
"25714","Acidithiobacillus_thiooxidans","Mobiluncus_mulieris",1
"25716","Peptococcus_niger","Mobiluncus_mulieris",1
"25718","Treponema_refringens","Mobiluncus_mulieris",1
"25723","Streptococcus_pneumoniae","Mobiluncus_mulieris",1
"25724","Schwartzia_succinivorans","Mobiluncus_mulieris",1
"25728","Lautropia_mirabilis","Mobiluncus_mulieris",1
"25734","Selenomonas_noxia","Mobiluncus_mulieris",1
"25761","Campylobacter_mucosalis","Mobiluncus_mulieris",1
"25770","Tannerella_forsythia","Mobiluncus_mulieris",1
"25781","Slackia_exigua","Mobiluncus_mulieris",1
"25803","Eubacterium_sulci","Mobiluncus_mulieris",1
"25811","Actinomyces_graevenitzii","Mobiluncus_mulieris",1
"25812","Alloprevotella_rava","Mobiluncus_mulieris",1
"25816","Atopobium_parvulum","Mobiluncus_mulieris",1
"25826","Treponema_lecithinolyticum","Mobiluncus_mulieris",1
"25834","Peptostreptococcus_stomatis","Mobiluncus_mulieris",1
"25836","Butyrivibrio_fibrisolvens","Mobiluncus_mulieris",1
"25852","Selenomonas_sputigena","Mobiluncus_mulieris",1
"25857","Alloprevotella_tannerae","Mobiluncus_mulieris",1
"25862","Actinomyces_lingnae","Mobiluncus_mulieris",1
"26111","Streptococcus_vestibularis","Lactobacillus_vaginalis",1
"26112","Veillonella_dispar","Lactobacillus_vaginalis",1
"26130","Prevotella_denticola","Lactobacillus_vaginalis",1
"26136","Dialister_invisus","Lactobacillus_vaginalis",1
"26159","Olsenella_uli","Lactobacillus_vaginalis",1
"26163","Rothia_dentocariosa","Lactobacillus_vaginalis",1
"26190","Bifidobacterium_dentium","Lactobacillus_vaginalis",1
"26220","Fusobacterium_periodonticum","Lactobacillus_vaginalis",-1
"26229","Lactobacillus_ruminis","Lactobacillus_vaginalis",1
"26232","Leptotrichia_hongkongensis","Lactobacillus_vaginalis",1
"26271","Atopobium_parvulum","Lactobacillus_vaginalis",1
"26280","Shuttleworthia_satelles","Lactobacillus_vaginalis",1
"26287","Dialister_pneumosintes","Lactobacillus_vaginalis",1
"26292","Mycoplasma_salivarium","Lactobacillus_vaginalis",1
"26307","Selenomonas_sputigena","Lactobacillus_vaginalis",1
"26338","Aggregatibacter_actinomycetemcomitans","Mycoplasma_orale",1
"26339","Butyrivibrio_hungatei","Mycoplasma_orale",1
"26343","Eubacterium_saphenum","Mycoplasma_orale",1
"26344","Leptotrichia_buccalis","Mycoplasma_orale",1
"26346","Actinomyces_odontolyticus","Mycoplasma_orale",1
"26350","Prevotella_baroniae","Mycoplasma_orale",1
"26351","Capnocytophaga_leadbetteri","Mycoplasma_orale",1
"26352","Prevotella_pallens","Mycoplasma_orale",1
"26353","Treponema_denticola","Mycoplasma_orale",1
"26355","Porphyromonas_endodontalis","Mycoplasma_orale",1
"26356","Eubacterium_yurii","Mycoplasma_orale",1
"26357","Prevotella_shahii","Mycoplasma_orale",1
"26362","Prevotella_scopos","Mycoplasma_orale",1
"26365","Dialister_invisus","Mycoplasma_orale",1
"26367","Prevotella_enoeca","Mycoplasma_orale",1
"26383","Eubacterium_nodatum","Mycoplasma_orale",1
"26395","Azospira_oryzae","Mycoplasma_orale",1
"26400","Peptococcus_niger","Mycoplasma_orale",1
"26403","Treponema_pedis","Mycoplasma_orale",1
"26407","Streptococcus_pneumoniae","Mycoplasma_orale",1
"26410","Prevotella_marshii","Mycoplasma_orale",1
"26421","Haemophilus_parainfluenzae","Mycoplasma_orale",1
"26422","Porphyromonas_gingivalis","Mycoplasma_orale",1
"26431","Filifactor_alocis","Mycoplasma_orale",1
"26449","Fusobacterium_periodonticum","Mycoplasma_orale",1
"26453","Campylobacter_showae","Mycoplasma_orale",1
"26454","Tannerella_forsythia","Mycoplasma_orale",1
"26456","Capnocytophaga_granulosa","Mycoplasma_orale",1
"26457","Neisseria_oralis","Mycoplasma_orale",1
"26460","Soonwooa_buanensis","Mycoplasma_orale",1
"26470","Streptococcus_sinensis","Mycoplasma_orale",1
"26478","Snodgrassella_alvi","Mycoplasma_orale",1
"26484","Streptobacillus_moniliformis","Mycoplasma_orale",1
"26487","Eubacterium_sulci","Mycoplasma_orale",1
"26496","Alloprevotella_rava","Mycoplasma_orale",1
"26502","Anaerovorax_odorimutans","Mycoplasma_orale",1
"26505","Treponema_amylovorum","Mycoplasma_orale",1
"26506","Prevotella_nanceiensis","Mycoplasma_orale",1
"26510","Treponema_lecithinolyticum","Mycoplasma_orale",1
"26514","Treponema_socranskii","Mycoplasma_orale",1
"26516","Dialister_pneumosintes","Mycoplasma_orale",1
"26518","Peptostreptococcus_stomatis","Mycoplasma_orale",1
"26526","Prevotella_aurantiaca","Mycoplasma_orale",1
"26528","Leptotrichia_shahii","Mycoplasma_orale",1
"26529","Capnocytophaga_ochracea","Mycoplasma_orale",1
"26531","Gemella_sanguinis","Mycoplasma_orale",1
"26532","Conchiformibius_steedae","Mycoplasma_orale",1
"26533","Prevotella_intermedia","Mycoplasma_orale",1
"26536","Selenomonas_sputigena","Mycoplasma_orale",1
"26541","Alloprevotella_tannerae","Mycoplasma_orale",1
"26554","Capnocytophaga_haemolytica","Mycoplasma_orale",1
"26555","Clostridium_aminobutyricum","Mycoplasma_orale",1
"26561","Capnocytophaga_sputigena","Mycoplasma_orale",1
"26563","Mobiluncus_mulieris","Mycoplasma_orale",1
"26573","Eubacterium_saphenum","Treponema_medium",1
"26574","Leptotrichia_buccalis","Treponema_medium",1
"26577","Bradyrhizobium_elkanii","Treponema_medium",1
"26580","Prevotella_baroniae","Treponema_medium",1
"26581","Capnocytophaga_leadbetteri","Treponema_medium",1
"26583","Treponema_denticola","Treponema_medium",1
"26584","Eubacterium_brachy","Treponema_medium",1
"26585","Porphyromonas_endodontalis","Treponema_medium",1
"26586","Eubacterium_yurii","Treponema_medium",1
"26589","Prevotella_denticola","Treponema_medium",1
"26590","Actinobacillus_minor","Treponema_medium",1
"26595","Dialister_invisus","Treponema_medium",1
"26597","Prevotella_enoeca","Treponema_medium",1
"26607","Actinomyces_meyeri","Treponema_medium",1
"26608","Bergeyella_zoohelcum","Treponema_medium",1
"26609","Actinomyces_bowdenii","Treponema_medium",1
"26611","Actinobaculum_massiliense","Treponema_medium",1
"26612","Mannheimia_granulomatis","Treponema_medium",1
"26613","Eubacterium_nodatum","Treponema_medium",1
"26615","Ornatilinea_apprima","Treponema_medium",1
"26618","Olsenella_uli","Treponema_medium",1
"26623","Mycoplasma_faucium","Treponema_medium",1
"26624","Mycoplasma_hyosynoviae","Treponema_medium",1
"26626","Alysiella_crassa","Treponema_medium",1
"26633","Treponema_pedis","Treponema_medium",1
"26634","Campylobacter_curvus","Treponema_medium",1
"26636","Mycoplasma_feliminutum","Treponema_medium",1
"26641","Treponema_parvum","Treponema_medium",1
"26645","Actinomyces_gerencseriae","Treponema_medium",1
"26646","Bacteroides_stercoris","Treponema_medium",1
"26648","Selenomonas_noxia","Treponema_medium",1
"26652","Porphyromonas_gingivalis","Treponema_medium",1
"26659","Treponema_bryantii","Treponema_medium",1
"26660","Bacteroides_intestinalis","Treponema_medium",1
"26663","Odoribacter_denticanis","Treponema_medium",1
"26664","Bacteroides_heparinolyticus","Treponema_medium",1
"26666","Lachnoanaerobaculum_saburreum","Treponema_medium",1
"26667","Acinetobacter_lwoffii","Treponema_medium",1
"26669","Prevotella_paludivivens","Treponema_medium",1
"26671","Leptotrichia_hofstadii","Treponema_medium",1
"26672","Bacteroides_zoogleoformans","Treponema_medium",1
"26673","Natranaerovirga_hydrolytica","Treponema_medium",1
"26677","Streptococcus_sanguinis","Treponema_medium",1
"26680","Eubacterium_minutum","Treponema_medium",1
"26681","Sporanaerobacter_acetigenes","Treponema_medium",1
"26682","Desulfomicrobium_orale","Treponema_medium",1
"26683","Campylobacter_showae","Treponema_medium",1
"26684","Tannerella_forsythia","Treponema_medium",1
"26685","Kingella_potus","Treponema_medium",1
"26686","Capnocytophaga_granulosa","Treponema_medium",1
"26687","Neisseria_oralis","Treponema_medium",1
"26691","Leptotrichia_hongkongensis","Treponema_medium",1
"26695","Slackia_exigua","Treponema_medium",1
"26698","Desulfovibrio_fairfieldensis","Treponema_medium",1
"26702","Desulfobulbus_propionicus","Treponema_medium",1
"26703","Cardiobacterium_valvarum","Treponema_medium",1
"26707","Howardella_ureilytica","Treponema_medium",1
"26713","Prevotella_falsenii","Treponema_medium",1
"26714","Streptobacillus_moniliformis","Treponema_medium",1
"26718","Veillonella_ratti","Treponema_medium",1
"26719","Desulfobulbus_rhabdoformis","Treponema_medium",1
"26720","Lactobacillus_mucosae","Treponema_medium",1
"26722","Eubacterium_ramulus","Treponema_medium",1
"26737","Wolinella_succinogenes","Treponema_medium",1
"26740","Treponema_lecithinolyticum","Treponema_medium",1
"26744","Treponema_socranskii","Treponema_medium",1
"26745","Pyramidobacter_piscolens","Treponema_medium",1
"26746","Dialister_pneumosintes","Treponema_medium",1
"26748","Peptostreptococcus_stomatis","Treponema_medium",1
"26751","Mycoplasma_salivarium","Treponema_medium",1
"26754","Actinomyces_oricola","Treponema_medium",1
"26755","Barnesiella_viscericola","Treponema_medium",1
"26757","Leptotrichia_amnionii","Treponema_medium",1
"26758","Leptotrichia_shahii","Treponema_medium",1
"26759","Capnocytophaga_ochracea","Treponema_medium",1
"26760","Prevotella_ruminicola","Treponema_medium",1
"26763","Prevotella_intermedia","Treponema_medium",1
"26764","Porphyromonas_uenonis","Treponema_medium",1
"26765","Prevotella_fusca","Treponema_medium",1
"26766","Selenomonas_sputigena","Treponema_medium",1
"26769","Bulleidia_extructa","Treponema_medium",1
"26771","Alloprevotella_tannerae","Treponema_medium",1
"26772","Alkaliphilus_crotonatoxidans","Treponema_medium",1
"26773","Actinomyces_georgiae","Treponema_medium",1
"26780","Prevotella_maculosa","Treponema_medium",1
"26781","Haemophilus_influenzae","Treponema_medium",1
"26782","Moraxella_bovoculi","Treponema_medium",1
"26785","Clostridium_aminobutyricum","Treponema_medium",1
"26786","Porphyromonas_gulae","Treponema_medium",1
"26787","Saccharofermentans_acetigenes","Treponema_medium",1
"26789","Actinomyces_cardiffensis","Treponema_medium",1
"26791","Capnocytophaga_sputigena","Treponema_medium",1
"26796","Mycoplasma_orale","Treponema_medium",1
"26805","Leptotrichia_buccalis","Selenomonas_infelix",1
"26806","Clostridium_ruminantium","Selenomonas_infelix",1
"26808","Bradyrhizobium_elkanii","Selenomonas_infelix",1
"26811","Prevotella_baroniae","Selenomonas_infelix",1
"26812","Capnocytophaga_leadbetteri","Selenomonas_infelix",1
"26814","Treponema_denticola","Selenomonas_infelix",1
"26815","Eubacterium_brachy","Selenomonas_infelix",1
"26816","Porphyromonas_endodontalis","Selenomonas_infelix",1
"26820","Prevotella_denticola","Selenomonas_infelix",1
"26824","Actinomyces_oris","Selenomonas_infelix",1
"26826","Dialister_invisus","Selenomonas_infelix",1
"26839","Bergeyella_zoohelcum","Selenomonas_infelix",1
"26840","Actinomyces_bowdenii","Selenomonas_infelix",1
"26842","Actinobaculum_massiliense","Selenomonas_infelix",1
"26843","Mannheimia_granulomatis","Selenomonas_infelix",1
"26844","Eubacterium_nodatum","Selenomonas_infelix",1
"26846","Ornatilinea_apprima","Selenomonas_infelix",1
"26847","Neisseria_pharyngis","Selenomonas_infelix",1
"26848","Anaeroglobus_geminatus","Selenomonas_infelix",1
"26849","Olsenella_uli","Selenomonas_infelix",1
"26851","Prevotella_veroralis","Selenomonas_infelix",1
"26852","Dialister_propionicifaciens","Selenomonas_infelix",1
"26854","Mycoplasma_faucium","Selenomonas_infelix",1
"26855","Mycoplasma_hyosynoviae","Selenomonas_infelix",1
"26856","Azospira_oryzae","Selenomonas_infelix",1
"26857","Alysiella_crassa","Selenomonas_infelix",1
"26858","Prevotella_dentalis","Selenomonas_infelix",1
"26861","Peptococcus_niger","Selenomonas_infelix",1
"26864","Treponema_pedis","Selenomonas_infelix",1
"26865","Campylobacter_curvus","Selenomonas_infelix",1
"26867","Mycoplasma_feliminutum","Selenomonas_infelix",1
"26870","Actinomyces_hyovaginalis","Selenomonas_infelix",1
"26871","Prevotella_marshii","Selenomonas_infelix",1
"26872","Treponema_parvum","Selenomonas_infelix",1
"26873","Lautropia_mirabilis","Selenomonas_infelix",1
"26874","Barnesiella_intestinihominis","Selenomonas_infelix",1
"26877","Bacteroides_stercoris","Selenomonas_infelix",1
"26878","Neisseria_shayeganii","Selenomonas_infelix",1
"26880","Bifidobacterium_dentium","Selenomonas_infelix",1
"26883","Porphyromonas_gingivalis","Selenomonas_infelix",1
"26890","Treponema_bryantii","Selenomonas_infelix",1
"26892","Filifactor_alocis","Selenomonas_infelix",1
"26894","Odoribacter_denticanis","Selenomonas_infelix",1
"26895","Bacteroides_heparinolyticus","Selenomonas_infelix",1
"26897","Lachnoanaerobaculum_saburreum","Selenomonas_infelix",1
"26898","Acinetobacter_lwoffii","Selenomonas_infelix",1
"26900","Prevotella_paludivivens","Selenomonas_infelix",1
"26902","Leptotrichia_hofstadii","Selenomonas_infelix",1
"26903","Bacteroides_zoogleoformans","Selenomonas_infelix",1
"26904","Natranaerovirga_hydrolytica","Selenomonas_infelix",1
"26905","Mogibacterium_neglectum","Selenomonas_infelix",1
"26908","Streptococcus_sanguinis","Selenomonas_infelix",1
"26911","Eubacterium_minutum","Selenomonas_infelix",1
"26912","Sporanaerobacter_acetigenes","Selenomonas_infelix",1
"26913","Desulfomicrobium_orale","Selenomonas_infelix",1
"26914","Campylobacter_showae","Selenomonas_infelix",1
"26915","Tannerella_forsythia","Selenomonas_infelix",1
"26916","Kingella_potus","Selenomonas_infelix",1
"26917","Capnocytophaga_granulosa","Selenomonas_infelix",1
"26918","Neisseria_oralis","Selenomonas_infelix",1
"26921","Soonwooa_buanensis","Selenomonas_infelix",1
"26922","Leptotrichia_hongkongensis","Selenomonas_infelix",1
"26926","Slackia_exigua","Selenomonas_infelix",1
"26929","Desulfovibrio_fairfieldensis","Selenomonas_infelix",1
"26933","Desulfobulbus_propionicus","Selenomonas_infelix",1
"26934","Cardiobacterium_valvarum","Selenomonas_infelix",1
"26936","Prevotella_pleuritidis","Selenomonas_infelix",1
"26938","Howardella_ureilytica","Selenomonas_infelix",1
"26940","Clostridium_hathewayi","Selenomonas_infelix",1
"26945","Streptobacillus_moniliformis","Selenomonas_infelix",1
"26947","Selenomonas_ruminantium","Selenomonas_infelix",1
"26949","Veillonella_ratti","Selenomonas_infelix",1
"26950","Desulfobulbus_rhabdoformis","Selenomonas_infelix",1
"26955","Prevotella_oralis","Selenomonas_infelix",1
"26965","Pasteurella_pneumotropica","Selenomonas_infelix",1
"26968","Wolinella_succinogenes","Selenomonas_infelix",1
"26969","Lactobacillus_frumenti","Selenomonas_infelix",1
"26970","Shuttleworthia_satelles","Selenomonas_infelix",1
"26971","Treponema_lecithinolyticum","Selenomonas_infelix",1
"26972","Neisseria_macacae","Selenomonas_infelix",1
"26973","Moraxella_osloensis","Selenomonas_infelix",1
"26975","Treponema_socranskii","Selenomonas_infelix",1
"26976","Pyramidobacter_piscolens","Selenomonas_infelix",1
"26977","Dialister_pneumosintes","Selenomonas_infelix",1
"26978","Selenomonas_flueggei","Selenomonas_infelix",1
"26979","Peptostreptococcus_stomatis","Selenomonas_infelix",1
"26982","Mycoplasma_salivarium","Selenomonas_infelix",1
"26985","Actinomyces_oricola","Selenomonas_infelix",1
"26986","Barnesiella_viscericola","Selenomonas_infelix",1
"26989","Leptotrichia_shahii","Selenomonas_infelix",1
"26990","Capnocytophaga_ochracea","Selenomonas_infelix",1
"26993","Conchiformibius_steedae","Selenomonas_infelix",1
"26994","Prevotella_intermedia","Selenomonas_infelix",1
"26997","Selenomonas_sputigena","Selenomonas_infelix",1
"27000","Bulleidia_extructa","Selenomonas_infelix",1
"27002","Alloprevotella_tannerae","Selenomonas_infelix",1
"27003","Alkaliphilus_crotonatoxidans","Selenomonas_infelix",1
"27004","Actinomyces_georgiae","Selenomonas_infelix",1
"27005","Bilophila_wadsworthia","Selenomonas_infelix",1
"27011","Prevotella_maculosa","Selenomonas_infelix",1
"27013","Moraxella_bovoculi","Selenomonas_infelix",1
"27017","Porphyromonas_gulae","Selenomonas_infelix",1
"27018","Saccharofermentans_acetigenes","Selenomonas_infelix",1
"27019","Veillonella_parvula","Selenomonas_infelix",1
"27020","Actinomyces_cardiffensis","Selenomonas_infelix",1
"27022","Capnocytophaga_sputigena","Selenomonas_infelix",1
"27028","Treponema_medium","Selenomonas_infelix",1
"27036","Eubacterium_saphenum","Prevotella_corporis",1
"27037","Leptotrichia_buccalis","Prevotella_corporis",1
"27043","Prevotella_baroniae","Prevotella_corporis",1
"27046","Treponema_denticola","Prevotella_corporis",1
"27047","Eubacterium_brachy","Prevotella_corporis",1
"27048","Porphyromonas_endodontalis","Prevotella_corporis",1
"27049","Eubacterium_yurii","Prevotella_corporis",1
"27052","Prevotella_denticola","Prevotella_corporis",1
"27058","Dialister_invisus","Prevotella_corporis",1
"27060","Prevotella_enoeca","Prevotella_corporis",1
"27061","Streptococcus_cristatus","Prevotella_corporis",1
"27074","Actinobaculum_massiliense","Prevotella_corporis",1
"27076","Eubacterium_nodatum","Prevotella_corporis",1
"27079","Neisseria_pharyngis","Prevotella_corporis",1
"27081","Olsenella_uli","Prevotella_corporis",1
"27086","Mycoplasma_faucium","Prevotella_corporis",1
"27090","Prevotella_dentalis","Prevotella_corporis",1
"27093","Peptococcus_niger","Prevotella_corporis",1
"27097","Campylobacter_curvus","Prevotella_corporis",1
"27099","Mycoplasma_feliminutum","Prevotella_corporis",1
"27101","Schwartzia_succinivorans","Prevotella_corporis",1
"27103","Prevotella_marshii","Prevotella_corporis",1
"27111","Selenomonas_noxia","Prevotella_corporis",1
"27115","Porphyromonas_gingivalis","Prevotella_corporis",1
"27124","Filifactor_alocis","Prevotella_corporis",1
"27126","Odoribacter_denticanis","Prevotella_corporis",1
"27132","Prevotella_paludivivens","Prevotella_corporis",1
"27133","Streptococcus_gordonii","Prevotella_corporis",1
"27136","Natranaerovirga_hydrolytica","Prevotella_corporis",1
"27139","Peptoniphilus_lacrimalis","Prevotella_corporis",1
"27143","Eubacterium_minutum","Prevotella_corporis",1
"27145","Desulfomicrobium_orale","Prevotella_corporis",1
"27147","Tannerella_forsythia","Prevotella_corporis",1
"27150","Neisseria_oralis","Prevotella_corporis",1
"27153","Soonwooa_buanensis","Prevotella_corporis",1
"27158","Slackia_exigua","Prevotella_corporis",1
"27165","Desulfobulbus_propionicus","Prevotella_corporis",1
"27166","Cardiobacterium_valvarum","Prevotella_corporis",1
"27168","Prevotella_pleuritidis","Prevotella_corporis",1
"27170","Howardella_ureilytica","Prevotella_corporis",1
"27175","Parascardovia_denticolens","Prevotella_corporis",1
"27177","Streptobacillus_moniliformis","Prevotella_corporis",1
"27182","Desulfobulbus_rhabdoformis","Prevotella_corporis",1
"27183","Lactobacillus_mucosae","Prevotella_corporis",1
"27192","Pseudomonas_aeruginosa","Prevotella_corporis",1
"27198","Treponema_amylovorum","Prevotella_corporis",1
"27203","Treponema_lecithinolyticum","Prevotella_corporis",1
"27204","Neisseria_macacae","Prevotella_corporis",1
"27207","Treponema_socranskii","Prevotella_corporis",1
"27210","Selenomonas_flueggei","Prevotella_corporis",1
"27222","Capnocytophaga_ochracea","Prevotella_corporis",1
"27223","Prevotella_ruminicola","Prevotella_corporis",1
"27226","Prevotella_intermedia","Prevotella_corporis",1
"27227","Porphyromonas_uenonis","Prevotella_corporis",1
"27228","Prevotella_fusca","Prevotella_corporis",1
"27229","Selenomonas_sputigena","Prevotella_corporis",1
"27230","Veillonella_rodentium","Prevotella_corporis",1
"27234","Alloprevotella_tannerae","Prevotella_corporis",1
"27243","Prevotella_maculosa","Prevotella_corporis",1
"27248","Clostridium_aminobutyricum","Prevotella_corporis",1
"27249","Porphyromonas_gulae","Prevotella_corporis",1
"27252","Actinomyces_cardiffensis","Prevotella_corporis",1
"27258","Lactobacillus_vaginalis","Prevotella_corporis",1
"27260","Treponema_medium","Prevotella_corporis",1
"27261","Selenomonas_infelix","Prevotella_corporis",1
"27265","Butyrivibrio_hungatei","Leptotrichia_goodfellowii",1
"27270","Leptotrichia_buccalis","Leptotrichia_goodfellowii",1
"27272","Actinomyces_odontolyticus","Leptotrichia_goodfellowii",1
"27278","Prevotella_pallens","Leptotrichia_goodfellowii",1
"27288","Prevotella_scopos","Leptotrichia_goodfellowii",1
"27297","Lachnoanaerobaculum_orale","Leptotrichia_goodfellowii",1
"27299","Orientia_tsutsugamushi","Leptotrichia_goodfellowii",1
"27301","Propionigenium_maris","Leptotrichia_goodfellowii",1
"27304","Bergeyella_zoohelcum","Leptotrichia_goodfellowii",1
"27306","Prevotella_salivae","Leptotrichia_goodfellowii",1
"27316","Prevotella_veroralis","Leptotrichia_goodfellowii",1
"27341","Actinomyces_gerencseriae","Leptotrichia_goodfellowii",1
"27362","Lachnoanaerobaculum_saburreum","Leptotrichia_goodfellowii",1
"27363","Acinetobacter_lwoffii","Leptotrichia_goodfellowii",1
"27367","Leptotrichia_hofstadii","Leptotrichia_goodfellowii",1
"27371","Campylobacter_mucosalis","Leptotrichia_goodfellowii",1
"27382","Capnocytophaga_granulosa","Leptotrichia_goodfellowii",1
"27383","Neisseria_oralis","Leptotrichia_goodfellowii",1
"27387","Leptotrichia_hongkongensis","Leptotrichia_goodfellowii",1
"27399","Cardiobacterium_valvarum","Leptotrichia_goodfellowii",1
"27410","Streptobacillus_moniliformis","Leptotrichia_goodfellowii",1
"27412","Selenomonas_ruminantium","Leptotrichia_goodfellowii",1
"27413","Eubacterium_sulci","Leptotrichia_goodfellowii",1
"27416","Lactobacillus_mucosae","Leptotrichia_goodfellowii",1
"27421","Actinomyces_graevenitzii","Leptotrichia_goodfellowii",1
"27422","Alloprevotella_rava","Leptotrichia_goodfellowii",1
"27426","Atopobium_parvulum","Leptotrichia_goodfellowii",1
"27440","Treponema_socranskii","Leptotrichia_goodfellowii",1
"27443","Selenomonas_flueggei","Leptotrichia_goodfellowii",1
"27454","Leptotrichia_shahii","Leptotrichia_goodfellowii",1
"27455","Capnocytophaga_ochracea","Leptotrichia_goodfellowii",1
"27462","Selenomonas_sputigena","Leptotrichia_goodfellowii",1
"27468","Alkaliphilus_crotonatoxidans","Leptotrichia_goodfellowii",1
"27489","Mobiluncus_mulieris","Leptotrichia_goodfellowii",1
"27499","Butyrivibrio_hungatei","Selenomonas_bovis",1
"27501","Veillonella_dispar","Selenomonas_bovis",1
"27504","Leptotrichia_buccalis","Selenomonas_bovis",1
"27506","Actinomyces_odontolyticus","Selenomonas_bovis",1
"27512","Prevotella_pallens","Selenomonas_bovis",1
"27513","Treponema_denticola","Selenomonas_bovis",1
"27514","Eubacterium_brachy","Selenomonas_bovis",1
"27515","Porphyromonas_endodontalis","Selenomonas_bovis",1
"27519","Prevotella_denticola","Selenomonas_bovis",1
"27525","Dialister_invisus","Selenomonas_bovis",1
"27531","Lachnoanaerobaculum_orale","Selenomonas_bovis",1
"27533","Orientia_tsutsugamushi","Selenomonas_bovis",1
"27540","Prevotella_salivae","Selenomonas_bovis",1
"27543","Eubacterium_nodatum","Selenomonas_bovis",1
"27547","Anaeroglobus_geminatus","Selenomonas_bovis",1
"27550","Prevotella_veroralis","Selenomonas_bovis",1
"27575","Actinomyces_gerencseriae","Selenomonas_bovis",1
"27578","Selenomonas_noxia","Selenomonas_bovis",1
"27579","Bifidobacterium_dentium","Selenomonas_bovis",1
"27591","Filifactor_alocis","Selenomonas_bovis",1
"27596","Lachnoanaerobaculum_saburreum","Selenomonas_bovis",1
"27597","Acinetobacter_lwoffii","Selenomonas_bovis",1
"27601","Leptotrichia_hofstadii","Selenomonas_bovis",1
"27614","Tannerella_forsythia","Selenomonas_bovis",1
"27621","Leptotrichia_hongkongensis","Selenomonas_bovis",1
"27625","Slackia_exigua","Selenomonas_bovis",1
"27635","Prevotella_pleuritidis","Selenomonas_bovis",1
"27648","Veillonella_ratti","Selenomonas_bovis",1
"27650","Lactobacillus_mucosae","Selenomonas_bovis",1
"27654","Prevotella_oralis","Selenomonas_bovis",1
"27655","Actinomyces_graevenitzii","Selenomonas_bovis",1
"27660","Atopobium_parvulum","Selenomonas_bovis",1
"27665","Treponema_amylovorum","Selenomonas_bovis",1
"27669","Shuttleworthia_satelles","Selenomonas_bovis",1
"27674","Treponema_socranskii","Selenomonas_bovis",1
"27677","Selenomonas_flueggei","Selenomonas_bovis",1
"27679","Lactobacillus_reuteri","Selenomonas_bovis",1
"27688","Leptotrichia_shahii","Selenomonas_bovis",1
"27689","Capnocytophaga_ochracea","Selenomonas_bovis",1
"27695","Prevotella_fusca","Selenomonas_bovis",1
"27696","Selenomonas_sputigena","Selenomonas_bovis",1
"27703","Actinomyces_georgiae","Selenomonas_bovis",1
"27708","Lactobacillus_salivarius","Selenomonas_bovis",1
"27710","Prevotella_maculosa","Selenomonas_bovis",1
"27727","Treponema_medium","Selenomonas_bovis",1
"27728","Selenomonas_infelix","Selenomonas_bovis",1
"27729","Prevotella_corporis","Selenomonas_bovis",1
"27730","Leptotrichia_goodfellowii","Selenomonas_bovis",1
"27807","Lautropia_mirabilis","Chryseobacterium_kwangjuense",1
"27836","Leptotrichia_hofstadii","Chryseobacterium_kwangjuense",1
"28180","Lactobacillus_crispatus","Lactobacillus_delbrueckii",1
"28208","Streptococcus_vestibularis","Lactobacillus_fermentum",1
"28209","Veillonella_dispar","Lactobacillus_fermentum",1
"28213","Clostridium_ruminantium","Lactobacillus_fermentum",1
"28260","Rothia_dentocariosa","Lactobacillus_fermentum",1
"28287","Bifidobacterium_dentium","Lactobacillus_fermentum",1
"28305","Acinetobacter_lwoffii","Lactobacillus_fermentum",1
"28308","Streptococcus_gordonii","Lactobacillus_fermentum",1
"28317","Fusobacterium_periodonticum","Lactobacillus_fermentum",-1
"28326","Lactobacillus_ruminis","Lactobacillus_fermentum",1
"28355","Eubacterium_sulci","Lactobacillus_fermentum",-1
"28359","Streptococcus_parasanguinis","Lactobacillus_fermentum",1
"28374","Prevotella_nanceiensis","Lactobacillus_fermentum",-1
"28376","Lactobacillus_frumenti","Lactobacillus_fermentum",1
"28417","Lactobacillus_crispatus","Lactobacillus_fermentum",1
"28429","Capnocytophaga_sputigena","Lactobacillus_fermentum",-1
"28443","Rothia_aeria","Neisseria_elongata",1
"28450","Leptotrichia_buccalis","Neisseria_elongata",1
"28455","Neisseria_sicca","Neisseria_elongata",1
"28457","Capnocytophaga_leadbetteri","Neisseria_elongata",1
"28462","Eubacterium_yurii","Neisseria_elongata",1
"28467","Haemophilus_haemoglobinophilus","Neisseria_elongata",1
"28485","Actinomyces_bowdenii","Neisseria_elongata",1
"28486","Prevotella_salivae","Neisseria_elongata",-1
"28488","Mannheimia_granulomatis","Neisseria_elongata",1
"28490","Planobacterium_taklimakanense","Neisseria_elongata",1
"28492","Neisseria_pharyngis","Neisseria_elongata",1
"28502","Alysiella_crassa","Neisseria_elongata",1
"28504","Acidithiobacillus_thiooxidans","Neisseria_elongata",1
"28505","Corynebacterium_jeikeium","Neisseria_elongata",1
"28509","Treponema_pedis","Neisseria_elongata",1
"28510","Campylobacter_curvus","Neisseria_elongata",1
"28512","Mycoplasma_feliminutum","Neisseria_elongata",1
"28513","Streptococcus_pneumoniae","Neisseria_elongata",1
"28518","Lautropia_mirabilis","Neisseria_elongata",1
"28520","Actinobacillus_rossii","Neisseria_elongata",1
"28522","Bacteroides_stercoris","Neisseria_elongata",1
"28523","Neisseria_shayeganii","Neisseria_elongata",1
"28524","Selenomonas_noxia","Neisseria_elongata",1
"28527","Haemophilus_parainfluenzae","Neisseria_elongata",1
"28535","Treponema_bryantii","Neisseria_elongata",1
"28536","Bacteroides_intestinalis","Neisseria_elongata",1
"28539","Odoribacter_denticanis","Neisseria_elongata",1
"28544","Brachymonas_denitrificans","Neisseria_elongata",1
"28547","Leptotrichia_hofstadii","Neisseria_elongata",1
"28553","Streptococcus_sanguinis","Neisseria_elongata",1
"28558","Desulfomicrobium_orale","Neisseria_elongata",1
"28559","Campylobacter_showae","Neisseria_elongata",1
"28560","Tannerella_forsythia","Neisseria_elongata",1
"28561","Kingella_potus","Neisseria_elongata",1
"28562","Capnocytophaga_granulosa","Neisseria_elongata",1
"28563","Neisseria_oralis","Neisseria_elongata",1
"28566","Soonwooa_buanensis","Neisseria_elongata",1
"28567","Leptotrichia_hongkongensis","Neisseria_elongata",1
"28579","Cardiobacterium_valvarum","Neisseria_elongata",1
"28580","Corynebacterium_tuberculostearicum","Neisseria_elongata",1
"28597","Streptococcus_parasanguinis","Neisseria_elongata",-1
"28606","Atopobium_parvulum","Neisseria_elongata",-1
"28610","Pasteurella_pneumotropica","Neisseria_elongata",1
"28612","Prevotella_nanceiensis","Neisseria_elongata",1
"28617","Neisseria_macacae","Neisseria_elongata",1
"28618","Moraxella_osloensis","Neisseria_elongata",1
"28634","Leptotrichia_shahii","Neisseria_elongata",1
"28635","Capnocytophaga_ochracea","Neisseria_elongata",1
"28638","Conchiformibius_steedae","Neisseria_elongata",1
"28646","Haemophilus_parahaemolyticus","Neisseria_elongata",1
"28649","Actinomyces_georgiae","Neisseria_elongata",1
"28656","Prevotella_maculosa","Neisseria_elongata",1
"28657","Haemophilus_influenzae","Neisseria_elongata",1
"28658","Moraxella_bovoculi","Neisseria_elongata",1
"28667","Capnocytophaga_sputigena","Neisseria_elongata",1
"28674","Selenomonas_infelix","Neisseria_elongata",1
"28684","Butyrivibrio_hungatei","Oribacterium_sinus",1
"28691","Actinomyces_odontolyticus","Oribacterium_sinus",1
"28693","Neisseria_cinerea","Oribacterium_sinus",1
"28697","Prevotella_pallens","Oribacterium_sinus",1
"28701","Eubacterium_yurii","Oribacterium_sinus",1
"28702","Prevotella_shahii","Oribacterium_sinus",1
"28716","Lachnoanaerobaculum_orale","Oribacterium_sinus",1
"28718","Orientia_tsutsugamushi","Oribacterium_sinus",1
"28721","Mogibacterium_diversum","Oribacterium_sinus",1
"28722","Actinomyces_meyeri","Oribacterium_sinus",1
"28725","Prevotella_salivae","Oribacterium_sinus",1
"28745","Peptococcus_niger","Oribacterium_sinus",1
"28763","Selenomonas_noxia","Oribacterium_sinus",1
"28781","Lachnoanaerobaculum_saburreum","Oribacterium_sinus",1
"28789","Mogibacterium_neglectum","Oribacterium_sinus",1
"28790","Campylobacter_mucosalis","Oribacterium_sinus",1
"28794","Fusobacterium_periodonticum","Oribacterium_sinus",1
"28832","Eubacterium_sulci","Oribacterium_sinus",1
"28836","Streptococcus_parasanguinis","Oribacterium_sinus",1
"28840","Actinomyces_graevenitzii","Oribacterium_sinus",1
"28845","Atopobium_parvulum","Oribacterium_sinus",1
"28847","Anaerovorax_odorimutans","Oribacterium_sinus",1
"28863","Peptostreptococcus_stomatis","Oribacterium_sinus",1
"28865","Butyrivibrio_fibrisolvens","Oribacterium_sinus",1
"28867","Mobiluncus_curtisii","Oribacterium_sinus",1
"28873","Leptotrichia_shahii","Oribacterium_sinus",1
"28876","Gemella_sanguinis","Oribacterium_sinus",1
"28881","Selenomonas_sputigena","Oribacterium_sinus",1
"28887","Alkaliphilus_crotonatoxidans","Oribacterium_sinus",1
"28891","Actinomyces_lingnae","Oribacterium_sinus",1
"28900","Clostridium_aminobutyricum","Oribacterium_sinus",1
"28905","Rhodococcus_erythropolis","Oribacterium_sinus",1
"28908","Mobiluncus_mulieris","Oribacterium_sinus",1
"28911","Mycoplasma_orale","Oribacterium_sinus",1
"28915","Leptotrichia_goodfellowii","Oribacterium_sinus",1
"28921","Veillonella_rogosae","Solobacterium_moorei",1
"28924","Butyrivibrio_hungatei","Solobacterium_moorei",1
"28925","Streptococcus_vestibularis","Solobacterium_moorei",1
"28931","Actinomyces_odontolyticus","Solobacterium_moorei",1
"28937","Prevotella_pallens","Solobacterium_moorei",1
"28942","Prevotella_shahii","Solobacterium_moorei",1
"28947","Prevotella_scopos","Solobacterium_moorei",1
"28950","Dialister_invisus","Solobacterium_moorei",1
"28956","Lachnoanaerobaculum_orale","Solobacterium_moorei",1
"28958","Orientia_tsutsugamushi","Solobacterium_moorei",1
"28960","Propionigenium_maris","Solobacterium_moorei",1
"28961","Mogibacterium_diversum","Solobacterium_moorei",1
"28965","Prevotella_salivae","Solobacterium_moorei",1
"28975","Prevotella_veroralis","Solobacterium_moorei",1
"28985","Peptococcus_niger","Solobacterium_moorei",1
"28987","Treponema_refringens","Solobacterium_moorei",1
"29011","Bacteroides_acidifaciens","Solobacterium_moorei",1
"29012","Prevotella_amnii","Solobacterium_moorei",1
"29029","Mogibacterium_neglectum","Solobacterium_moorei",1
"29030","Campylobacter_mucosalis","Solobacterium_moorei",1
"29034","Fusobacterium_periodonticum","Solobacterium_moorei",1
"29050","Slackia_exigua","Solobacterium_moorei",1
"29072","Eubacterium_sulci","Solobacterium_moorei",1
"29080","Actinomyces_graevenitzii","Solobacterium_moorei",1
"29081","Alloprevotella_rava","Solobacterium_moorei",1
"29085","Atopobium_parvulum","Solobacterium_moorei",1
"29087","Anaerovorax_odorimutans","Solobacterium_moorei",1
"29091","Prevotella_nanceiensis","Solobacterium_moorei",1
"29094","Shuttleworthia_satelles","Solobacterium_moorei",1
"29103","Peptostreptococcus_stomatis","Solobacterium_moorei",1
"29105","Butyrivibrio_fibrisolvens","Solobacterium_moorei",1
"29107","Mobiluncus_curtisii","Solobacterium_moorei",1
"29111","Prevotella_aurantiaca","Solobacterium_moorei",1
"29116","Gemella_sanguinis","Solobacterium_moorei",1
"29120","Prevotella_fusca","Solobacterium_moorei",1
"29121","Selenomonas_sputigena","Solobacterium_moorei",1
"29126","Alloprevotella_tannerae","Solobacterium_moorei",1
"29131","Actinomyces_lingnae","Solobacterium_moorei",1
"29138","Atopobium_minutum","Solobacterium_moorei",1
"29140","Clostridium_aminobutyricum","Solobacterium_moorei",1
"29144","Actinomyces_cardiffensis","Solobacterium_moorei",1
"29148","Mobiluncus_mulieris","Solobacterium_moorei",1
"29151","Mycoplasma_orale","Solobacterium_moorei",1
"29155","Leptotrichia_goodfellowii","Solobacterium_moorei",1
"29156","Selenomonas_bovis","Solobacterium_moorei",1
"29161","Oribacterium_sinus","Solobacterium_moorei",1
"29169","Eubacterium_saphenum","Eggerthia_catenaformis",1
"29176","Prevotella_baroniae","Eggerthia_catenaformis",1
"29179","Treponema_denticola","Eggerthia_catenaformis",1
"29180","Eubacterium_brachy","Eggerthia_catenaformis",1
"29181","Porphyromonas_endodontalis","Eggerthia_catenaformis",1
"29185","Prevotella_denticola","Eggerthia_catenaformis",1
"29191","Dialister_invisus","Eggerthia_catenaformis",1
"29203","Actinomyces_meyeri","Eggerthia_catenaformis",1
"29207","Actinobaculum_massiliense","Eggerthia_catenaformis",1
"29209","Eubacterium_nodatum","Eggerthia_catenaformis",1
"29211","Ornatilinea_apprima","Eggerthia_catenaformis",1
"29212","Neisseria_pharyngis","Eggerthia_catenaformis",1
"29213","Anaeroglobus_geminatus","Eggerthia_catenaformis",1
"29214","Olsenella_uli","Eggerthia_catenaformis",1
"29219","Mycoplasma_faucium","Eggerthia_catenaformis",1
"29226","Peptococcus_niger","Eggerthia_catenaformis",1
"29234","Schwartzia_succinivorans","Eggerthia_catenaformis",1
"29236","Prevotella_marshii","Eggerthia_catenaformis",1
"29244","Selenomonas_noxia","Eggerthia_catenaformis",1
"29245","Bifidobacterium_dentium","Eggerthia_catenaformis",1
"29257","Filifactor_alocis","Eggerthia_catenaformis",1
"29266","Streptococcus_gordonii","Eggerthia_catenaformis",1
"29267","Leptotrichia_hofstadii","Eggerthia_catenaformis",1
"29268","Bacteroides_zoogleoformans","Eggerthia_catenaformis",1
"29270","Mogibacterium_neglectum","Eggerthia_catenaformis",1
"29273","Streptococcus_sanguinis","Eggerthia_catenaformis",1
"29277","Sporanaerobacter_acetigenes","Eggerthia_catenaformis",1
"29279","Campylobacter_showae","Eggerthia_catenaformis",1
"29280","Tannerella_forsythia","Eggerthia_catenaformis",1
"29291","Slackia_exigua","Eggerthia_catenaformis",1
"29296","Streptococcus_sinensis","Eggerthia_catenaformis",1
"29298","Desulfobulbus_propionicus","Eggerthia_catenaformis",1
"29299","Cardiobacterium_valvarum","Eggerthia_catenaformis",1
"29301","Prevotella_pleuritidis","Eggerthia_catenaformis",1
"29303","Howardella_ureilytica","Eggerthia_catenaformis",1
"29309","Prevotella_falsenii","Eggerthia_catenaformis",1
"29310","Streptobacillus_moniliformis","Eggerthia_catenaformis",1
"29335","Shuttleworthia_satelles","Eggerthia_catenaformis",1
"29336","Treponema_lecithinolyticum","Eggerthia_catenaformis",1
"29340","Treponema_socranskii","Eggerthia_catenaformis",1
"29341","Pyramidobacter_piscolens","Eggerthia_catenaformis",1
"29342","Dialister_pneumosintes","Eggerthia_catenaformis",1
"29344","Peptostreptococcus_stomatis","Eggerthia_catenaformis",1
"29347","Mycoplasma_salivarium","Eggerthia_catenaformis",1
"29355","Capnocytophaga_ochracea","Eggerthia_catenaformis",1
"29359","Prevotella_intermedia","Eggerthia_catenaformis",1
"29361","Prevotella_fusca","Eggerthia_catenaformis",1
"29362","Selenomonas_sputigena","Eggerthia_catenaformis",1
"29365","Bulleidia_extructa","Eggerthia_catenaformis",1
"29367","Alloprevotella_tannerae","Eggerthia_catenaformis",1
"29368","Alkaliphilus_crotonatoxidans","Eggerthia_catenaformis",1
"29369","Actinomyces_georgiae","Eggerthia_catenaformis",1
"29376","Prevotella_maculosa","Eggerthia_catenaformis",1
"29383","Saccharofermentans_acetigenes","Eggerthia_catenaformis",1
"29385","Actinomyces_cardiffensis","Eggerthia_catenaformis",1
"29386","Rhodococcus_erythropolis","Eggerthia_catenaformis",1
"29393","Treponema_medium","Eggerthia_catenaformis",1
"29394","Selenomonas_infelix","Eggerthia_catenaformis",1
"29395","Prevotella_corporis","Eggerthia_catenaformis",1
"29418","Prevotella_baroniae","Clostridium_ultunense",1
"29421","Treponema_denticola","Clostridium_ultunense",1
"29422","Eubacterium_brachy","Clostridium_ultunense",1
"29423","Porphyromonas_endodontalis","Clostridium_ultunense",1
"29424","Eubacterium_yurii","Clostridium_ultunense",1
"29427","Prevotella_denticola","Clostridium_ultunense",1
"29433","Dialister_invisus","Clostridium_ultunense",1
"29435","Prevotella_enoeca","Clostridium_ultunense",1
"29451","Eubacterium_nodatum","Clostridium_ultunense",1
"29455","Anaeroglobus_geminatus","Clostridium_ultunense",1
"29456","Olsenella_uli","Clostridium_ultunense",1
"29459","Dialister_propionicifaciens","Clostridium_ultunense",1
"29460","Rothia_dentocariosa","Clostridium_ultunense",1
"29461","Mycoplasma_faucium","Clostridium_ultunense",1
"29465","Prevotella_dentalis","Clostridium_ultunense",1
"29468","Peptococcus_niger","Clostridium_ultunense",1
"29471","Treponema_pedis","Clostridium_ultunense",1
"29472","Campylobacter_curvus","Clostridium_ultunense",1
"29475","Streptococcus_pneumoniae","Clostridium_ultunense",1
"29476","Schwartzia_succinivorans","Clostridium_ultunense",1
"29477","Actinomyces_hyovaginalis","Clostridium_ultunense",1
"29478","Prevotella_marshii","Clostridium_ultunense",1
"29479","Treponema_parvum","Clostridium_ultunense",1
"29486","Selenomonas_noxia","Clostridium_ultunense",1
"29490","Porphyromonas_gingivalis","Clostridium_ultunense",1
"29497","Treponema_bryantii","Clostridium_ultunense",1
"29499","Filifactor_alocis","Clostridium_ultunense",1
"29502","Bacteroides_heparinolyticus","Clostridium_ultunense",1
"29506","Brachymonas_denitrificans","Clostridium_ultunense",1
"29507","Prevotella_paludivivens","Clostridium_ultunense",1
"29514","Peptoniphilus_lacrimalis","Clostridium_ultunense",1
"29515","Streptococcus_sanguinis","Clostridium_ultunense",1
"29518","Eubacterium_minutum","Clostridium_ultunense",1
"29522","Tannerella_forsythia","Clostridium_ultunense",1
"29525","Neisseria_oralis","Clostridium_ultunense",1
"29533","Slackia_exigua","Clostridium_ultunense",1
"29537","Prevotella_multisaccharivorax","Clostridium_ultunense",1
"29541","Cardiobacterium_valvarum","Clostridium_ultunense",1
"29543","Prevotella_pleuritidis","Clostridium_ultunense",1
"29545","Howardella_ureilytica","Clostridium_ultunense",1
"29550","Parascardovia_denticolens","Clostridium_ultunense",1
"29562","Prevotella_oralis","Clostridium_ultunense",1
"29572","Pasteurella_pneumotropica","Clostridium_ultunense",1
"29578","Treponema_lecithinolyticum","Clostridium_ultunense",1
"29582","Treponema_socranskii","Clostridium_ultunense",1
"29584","Dialister_pneumosintes","Clostridium_ultunense",1
"29585","Selenomonas_flueggei","Clostridium_ultunense",1
"29586","Peptostreptococcus_stomatis","Clostridium_ultunense",1
"29588","Butyrivibrio_fibrisolvens","Clostridium_ultunense",1
"29589","Mycoplasma_salivarium","Clostridium_ultunense",1
"29596","Leptotrichia_shahii","Clostridium_ultunense",1
"29597","Capnocytophaga_ochracea","Clostridium_ultunense",1
"29601","Prevotella_intermedia","Clostridium_ultunense",1
"29603","Prevotella_fusca","Clostridium_ultunense",1
"29604","Selenomonas_sputigena","Clostridium_ultunense",1
"29606","Klebsiella_pneumoniae","Clostridium_ultunense",1
"29607","Bulleidia_extructa","Clostridium_ultunense",1
"29609","Alloprevotella_tannerae","Clostridium_ultunense",1
"29616","Lactobacillus_salivarius","Clostridium_ultunense",1
"29618","Prevotella_maculosa","Clostridium_ultunense",1
"29620","Moraxella_bovoculi","Clostridium_ultunense",1
"29623","Clostridium_aminobutyricum","Clostridium_ultunense",1
"29624","Porphyromonas_gulae","Clostridium_ultunense",1
"29635","Treponema_medium","Clostridium_ultunense",1
"29636","Selenomonas_infelix","Clostridium_ultunense",1
"29641","Lactobacillus_delbrueckii","Clostridium_ultunense",1
"29648","Rothia_aeria","Granulicatella_elegans",1
"29655","Leptotrichia_buccalis","Granulicatella_elegans",1
"29656","Clostridium_ruminantium","Granulicatella_elegans",1
"29659","Neisseria_cinerea","Granulicatella_elegans",1
"29660","Neisseria_sicca","Granulicatella_elegans",1
"29662","Capnocytophaga_leadbetteri","Granulicatella_elegans",1
"29666","Porphyromonas_endodontalis","Granulicatella_elegans",1
"29667","Eubacterium_yurii","Granulicatella_elegans",1
"29671","Actinobacillus_minor","Granulicatella_elegans",1
"29673","Prevotella_scopos","Granulicatella_elegans",1
"29678","Prevotella_enoeca","Granulicatella_elegans",1
"29680","Veillonella_montpellierensis","Granulicatella_elegans",1
"29681","Moraxella_lacunata","Granulicatella_elegans",1
"29683","Bacillus_pumilus","Granulicatella_elegans",1
"29689","Bergeyella_zoohelcum","Granulicatella_elegans",1
"29691","Prevotella_salivae","Granulicatella_elegans",-1
"29693","Mannheimia_granulomatis","Granulicatella_elegans",1
"29695","Planobacterium_taklimakanense","Granulicatella_elegans",1
"29697","Neisseria_pharyngis","Granulicatella_elegans",1
"29704","Mycoplasma_faucium","Granulicatella_elegans",1
"29706","Azospira_oryzae","Granulicatella_elegans",1
"29707","Alysiella_crassa","Granulicatella_elegans",1
"29709","Acidithiobacillus_thiooxidans","Granulicatella_elegans",1
"29711","Peptococcus_niger","Granulicatella_elegans",1
"29714","Treponema_pedis","Granulicatella_elegans",1
"29717","Mycoplasma_feliminutum","Granulicatella_elegans",1
"29718","Streptococcus_pneumoniae","Granulicatella_elegans",1
"29721","Prevotella_marshii","Granulicatella_elegans",1
"29723","Lautropia_mirabilis","Granulicatella_elegans",1
"29724","Barnesiella_intestinihominis","Granulicatella_elegans",1
"29728","Neisseria_shayeganii","Granulicatella_elegans",1
"29731","Gemmatimonas_aurantiaca","Granulicatella_elegans",1
"29736","Acinetobacter_junii","Granulicatella_elegans",1
"29737","Bacteroides_acidifaciens","Granulicatella_elegans",1
"29738","Prevotella_amnii","Granulicatella_elegans",1
"29741","Bacteroides_intestinalis","Granulicatella_elegans",1
"29744","Odoribacter_denticanis","Granulicatella_elegans",1
"29749","Brachymonas_denitrificans","Granulicatella_elegans",1
"29759","Eubacterium_rectale","Granulicatella_elegans",1
"29762","Sporanaerobacter_acetigenes","Granulicatella_elegans",1
"29768","Neisseria_oralis","Granulicatella_elegans",1
"29771","Soonwooa_buanensis","Granulicatella_elegans",1
"29778","Streptococcus_oralis","Granulicatella_elegans",1
"29781","Streptococcus_sinensis","Granulicatella_elegans",1
"29782","Gemella_cuniculi","Granulicatella_elegans",1
"29786","Prevotella_pleuritidis","Granulicatella_elegans",1
"29795","Streptobacillus_moniliformis","Granulicatella_elegans",1
"29796","Gemella_bergeri","Granulicatella_elegans",1
"29799","Veillonella_ratti","Granulicatella_elegans",1
"29802","Streptococcus_parasanguinis","Granulicatella_elegans",-1
"29803","Eubacterium_ramulus","Granulicatella_elegans",1
"29804","Ralstonia_solanacearum","Granulicatella_elegans",1
"29807","Alloprevotella_rava","Granulicatella_elegans",1
"29809","Actinobacillus_porcinus","Granulicatella_elegans",1
"29812","Stenotrophomonas_maltophilia","Granulicatella_elegans",1
"29815","Pasteurella_pneumotropica","Granulicatella_elegans",1
"29816","Treponema_amylovorum","Granulicatella_elegans",1
"29817","Prevotella_nanceiensis","Granulicatella_elegans",1
"29818","Wolinella_succinogenes","Granulicatella_elegans",1
"29820","Shuttleworthia_satelles","Granulicatella_elegans",1
"29821","Treponema_lecithinolyticum","Granulicatella_elegans",1
"29822","Neisseria_macacae","Granulicatella_elegans",1
"29834","Simonsiella_muelleri","Granulicatella_elegans",1
"29839","Leptotrichia_shahii","Granulicatella_elegans",1
"29840","Capnocytophaga_ochracea","Granulicatella_elegans",1
"29844","Prevotella_intermedia","Granulicatella_elegans",1
"29851","Haemophilus_parahaemolyticus","Granulicatella_elegans",1
"29853","Alkaliphilus_crotonatoxidans","Granulicatella_elegans",1
"29856","Streptococcus_oligofermentans","Granulicatella_elegans",1
"29862","Haemophilus_influenzae","Granulicatella_elegans",1
"29863","Moraxella_bovoculi","Granulicatella_elegans",1
"29867","Porphyromonas_gulae","Granulicatella_elegans",1
"29868","Saccharofermentans_acetigenes","Granulicatella_elegans",1
"29878","Treponema_medium","Granulicatella_elegans",1
"29883","Chryseobacterium_kwangjuense","Granulicatella_elegans",1
"29886","Neisseria_elongata","Granulicatella_elegans",1
"29890","Clostridium_ultunense","Granulicatella_elegans",1
"29904","Neisseria_sicca","Neisseria_subflava",1
"29911","Eubacterium_yurii","Neisseria_subflava",1
"29912","Prevotella_shahii","Neisseria_subflava",1
"29937","Mannheimia_granulomatis","Neisseria_subflava",1
"29941","Neisseria_pharyngis","Neisseria_subflava",1
"29953","Acidithiobacillus_thiooxidans","Neisseria_subflava",1
"29955","Peptococcus_niger","Neisseria_subflava",1
"29957","Treponema_refringens","Neisseria_subflava",1
"29967","Lautropia_mirabilis","Neisseria_subflava",1
"29976","Haemophilus_parainfluenzae","Neisseria_subflava",1
"29985","Bacteroides_intestinalis","Neisseria_subflava",1
"30004","Fusobacterium_periodonticum","Neisseria_subflava",1
"30008","Campylobacter_showae","Neisseria_subflava",1
"30012","Neisseria_oralis","Neisseria_subflava",1
"30015","Soonwooa_buanensis","Neisseria_subflava",1
"30057","Anaerovorax_odorimutans","Neisseria_subflava",1
"30061","Prevotella_nanceiensis","Neisseria_subflava",1
"30081","Prevotella_aurantiaca","Neisseria_subflava",1
"30116","Capnocytophaga_sputigena","Neisseria_subflava",1
"30121","Mycoplasma_orale","Neisseria_subflava",1
"30139","Butyrivibrio_hungatei","Campylobacter_concisus",1
"30140","Streptococcus_vestibularis","Campylobacter_concisus",1
"30141","Veillonella_dispar","Campylobacter_concisus",1
"30142","Acinetobacter_johnsonii","Campylobacter_concisus",1
"30146","Actinomyces_odontolyticus","Campylobacter_concisus",1
"30152","Prevotella_pallens","Campylobacter_concisus",1
"30171","Lachnoanaerobaculum_orale","Campylobacter_concisus",1
"30173","Orientia_tsutsugamushi","Campylobacter_concisus",1
"30175","Propionigenium_maris","Campylobacter_concisus",1
"30180","Prevotella_salivae","Campylobacter_concisus",1
"30190","Prevotella_veroralis","Campylobacter_concisus",1
"30201","Acinetobacter_baumannii","Campylobacter_concisus",1
"30204","Campylobacter_curvus","Campylobacter_concisus",1
"30218","Selenomonas_noxia","Campylobacter_concisus",1
"30226","Bacteroides_acidifaciens","Campylobacter_concisus",1
"30236","Lachnoanaerobaculum_saburreum","Campylobacter_concisus",1
"30244","Mogibacterium_neglectum","Campylobacter_concisus",1
"30245","Campylobacter_mucosalis","Campylobacter_concisus",1
"30249","Fusobacterium_periodonticum","Campylobacter_concisus",1
"30253","Campylobacter_showae","Campylobacter_concisus",1
"30276","Corynebacterium_argentoratense","Campylobacter_concisus",1
"30287","Eubacterium_sulci","Campylobacter_concisus",1
"30291","Streptococcus_parasanguinis","Campylobacter_concisus",1
"30295","Actinomyces_graevenitzii","Campylobacter_concisus",1
"30296","Alloprevotella_rava","Campylobacter_concisus",1
"30299","Pseudomonas_aeruginosa","Campylobacter_concisus",1
"30300","Atopobium_parvulum","Campylobacter_concisus",1
"30312","Moraxella_osloensis","Campylobacter_concisus",1
"30317","Selenomonas_flueggei","Campylobacter_concisus",1
"30320","Butyrivibrio_fibrisolvens","Campylobacter_concisus",1
"30322","Mobiluncus_curtisii","Campylobacter_concisus",1
"30336","Selenomonas_sputigena","Campylobacter_concisus",1
"30342","Alkaliphilus_crotonatoxidans","Campylobacter_concisus",1
"30346","Actinomyces_lingnae","Campylobacter_concisus",1
"30360","Rhodococcus_erythropolis","Campylobacter_concisus",1
"30363","Mobiluncus_mulieris","Campylobacter_concisus",1
"30370","Leptotrichia_goodfellowii","Campylobacter_concisus",1
"30376","Oribacterium_sinus","Campylobacter_concisus",1
"30377","Solobacterium_moorei","Campylobacter_concisus",1
"30382","Veillonella_rogosae","Prevotella_melaninogenica",1
"30385","Butyrivibrio_hungatei","Prevotella_melaninogenica",1
"30387","Veillonella_dispar","Prevotella_melaninogenica",1
"30392","Actinomyces_odontolyticus","Prevotella_melaninogenica",1
"30398","Prevotella_pallens","Prevotella_melaninogenica",1
"30408","Prevotella_scopos","Prevotella_melaninogenica",1
"30417","Lachnoanaerobaculum_orale","Prevotella_melaninogenica",1
"30419","Orientia_tsutsugamushi","Prevotella_melaninogenica",1
"30422","Mogibacterium_diversum","Prevotella_melaninogenica",1
"30426","Prevotella_salivae","Prevotella_melaninogenica",1
"30428","Mannheimia_granulomatis","Prevotella_melaninogenica",1
"30436","Prevotella_veroralis","Prevotella_melaninogenica",1
"30458","Lautropia_mirabilis","Prevotella_melaninogenica",-1
"30472","Bacteroides_acidifaciens","Prevotella_melaninogenica",1
"30491","Campylobacter_mucosalis","Prevotella_melaninogenica",1
"30522","Corynebacterium_argentoratense","Prevotella_melaninogenica",1
"30533","Eubacterium_sulci","Prevotella_melaninogenica",1
"30541","Actinomyces_graevenitzii","Prevotella_melaninogenica",1
"30542","Alloprevotella_rava","Prevotella_melaninogenica",1
"30546","Atopobium_parvulum","Prevotella_melaninogenica",1
"30552","Prevotella_nanceiensis","Prevotella_melaninogenica",1
"30566","Butyrivibrio_fibrisolvens","Prevotella_melaninogenica",1
"30592","Actinomyces_lingnae","Prevotella_melaninogenica",1
"30609","Mobiluncus_mulieris","Prevotella_melaninogenica",1
"30612","Mycoplasma_orale","Prevotella_melaninogenica",1
"30622","Oribacterium_sinus","Prevotella_melaninogenica",1
"30623","Solobacterium_moorei","Prevotella_melaninogenica",1
"30628","Campylobacter_concisus","Prevotella_melaninogenica",1
"30632","Butyrivibrio_hungatei","Megasphaera_micronuciformis",1
"30634","Veillonella_dispar","Megasphaera_micronuciformis",1
"30639","Actinomyces_odontolyticus","Megasphaera_micronuciformis",1
"30645","Prevotella_pallens","Megasphaera_micronuciformis",1
"30651","Actinomyces_howellii","Megasphaera_micronuciformis",1
"30655","Prevotella_scopos","Megasphaera_micronuciformis",1
"30657","Megasphaera_elsdenii","Megasphaera_micronuciformis",1
"30658","Dialister_invisus","Megasphaera_micronuciformis",1
"30662","Veillonella_montpellierensis","Megasphaera_micronuciformis",1
"30664","Lachnoanaerobaculum_orale","Megasphaera_micronuciformis",1
"30666","Orientia_tsutsugamushi","Megasphaera_micronuciformis",1
"30668","Propionigenium_maris","Megasphaera_micronuciformis",1
"30673","Prevotella_salivae","Megasphaera_micronuciformis",1
"30680","Anaeroglobus_geminatus","Megasphaera_micronuciformis",1
"30683","Prevotella_veroralis","Megasphaera_micronuciformis",1
"30684","Dialister_propionicifaciens","Megasphaera_micronuciformis",1
"30705","Lautropia_mirabilis","Megasphaera_micronuciformis",-1
"30729","Lachnoanaerobaculum_saburreum","Megasphaera_micronuciformis",1
"30737","Mogibacterium_neglectum","Megasphaera_micronuciformis",1
"30738","Campylobacter_mucosalis","Megasphaera_micronuciformis",1
"30758","Slackia_exigua","Megasphaera_micronuciformis",1
"30779","Selenomonas_ruminantium","Megasphaera_micronuciformis",1
"30780","Eubacterium_sulci","Megasphaera_micronuciformis",1
"30783","Lactobacillus_mucosae","Megasphaera_micronuciformis",1
"30784","Streptococcus_parasanguinis","Megasphaera_micronuciformis",1
"30788","Actinomyces_graevenitzii","Megasphaera_micronuciformis",1
"30789","Alloprevotella_rava","Megasphaera_micronuciformis",1
"30793","Atopobium_parvulum","Megasphaera_micronuciformis",1
"30801","Lactobacillus_frumenti","Megasphaera_micronuciformis",1
"30810","Selenomonas_flueggei","Megasphaera_micronuciformis",1
"30815","Mobiluncus_curtisii","Megasphaera_micronuciformis",1
"30827","Porphyromonas_uenonis","Megasphaera_micronuciformis",1
"30829","Selenomonas_sputigena","Megasphaera_micronuciformis",1
"30830","Veillonella_rodentium","Megasphaera_micronuciformis",1
"30839","Actinomyces_lingnae","Megasphaera_micronuciformis",1
"30846","Atopobium_minutum","Megasphaera_micronuciformis",1
"30856","Mobiluncus_mulieris","Megasphaera_micronuciformis",1
"30864","Selenomonas_bovis","Megasphaera_micronuciformis",1
"30867","Lactobacillus_fermentum","Megasphaera_micronuciformis",1
"30869","Oribacterium_sinus","Megasphaera_micronuciformis",1
"30870","Solobacterium_moorei","Megasphaera_micronuciformis",1
"30874","Neisseria_subflava","Megasphaera_micronuciformis",-1
"30875","Campylobacter_concisus","Megasphaera_micronuciformis",1
"30876","Prevotella_melaninogenica","Megasphaera_micronuciformis",1
"30881","Streptococcus_vestibularis","Cryptobacterium_curtum",1
"30882","Veillonella_dispar","Cryptobacterium_curtum",1
"30884","Eubacterium_saphenum","Cryptobacterium_curtum",1
"30886","Clostridium_ruminantium","Cryptobacterium_curtum",1
"30891","Prevotella_baroniae","Cryptobacterium_curtum",1
"30894","Treponema_denticola","Cryptobacterium_curtum",1
"30895","Eubacterium_brachy","Cryptobacterium_curtum",1
"30896","Porphyromonas_endodontalis","Cryptobacterium_curtum",1
"30900","Prevotella_denticola","Cryptobacterium_curtum",1
"30904","Actinomyces_oris","Cryptobacterium_curtum",1
"30905","Megasphaera_elsdenii","Cryptobacterium_curtum",1
"30906","Dialister_invisus","Cryptobacterium_curtum",1
"30918","Actinomyces_meyeri","Cryptobacterium_curtum",1
"30921","Prevotella_salivae","Cryptobacterium_curtum",1
"30922","Actinobaculum_massiliense","Cryptobacterium_curtum",1
"30924","Eubacterium_nodatum","Cryptobacterium_curtum",1
"30931","Prevotella_veroralis","Cryptobacterium_curtum",1
"30933","Rothia_dentocariosa","Cryptobacterium_curtum",1
"30935","Mycoplasma_hyosynoviae","Cryptobacterium_curtum",1
"30952","Treponema_parvum","Cryptobacterium_curtum",1
"30956","Actinomyces_gerencseriae","Cryptobacterium_curtum",1
"30959","Selenomonas_noxia","Cryptobacterium_curtum",1
"30964","Streptococcus_sobrinus","Cryptobacterium_curtum",1
"30974","Odoribacter_denticanis","Cryptobacterium_curtum",1
"30977","Lachnoanaerobaculum_saburreum","Cryptobacterium_curtum",1
"30981","Streptococcus_gordonii","Cryptobacterium_curtum",1
"30982","Leptotrichia_hofstadii","Cryptobacterium_curtum",1
"30987","Peptoniphilus_lacrimalis","Cryptobacterium_curtum",1
"30993","Desulfomicrobium_orale","Cryptobacterium_curtum",1
"30999","Lactobacillus_ruminis","Cryptobacterium_curtum",1
"31002","Leptotrichia_hongkongensis","Cryptobacterium_curtum",1
"31006","Slackia_exigua","Cryptobacterium_curtum",1
"31010","Prevotella_multisaccharivorax","Cryptobacterium_curtum",1
"31016","Prevotella_pleuritidis","Cryptobacterium_curtum",1
"31021","Propionibacterium_acidifaciens","Cryptobacterium_curtum",1
"31027","Selenomonas_ruminantium","Cryptobacterium_curtum",1
"31030","Desulfobulbus_rhabdoformis","Cryptobacterium_curtum",1
"31031","Lactobacillus_mucosae","Cryptobacterium_curtum",1
"31032","Streptococcus_parasanguinis","Cryptobacterium_curtum",1
"31035","Prevotella_oralis","Cryptobacterium_curtum",1
"31036","Actinomyces_graevenitzii","Cryptobacterium_curtum",1
"31041","Atopobium_parvulum","Cryptobacterium_curtum",1
"31046","Treponema_amylovorum","Cryptobacterium_curtum",1
"31049","Lactobacillus_frumenti","Cryptobacterium_curtum",1
"31050","Shuttleworthia_satelles","Cryptobacterium_curtum",1
"31055","Treponema_socranskii","Cryptobacterium_curtum",1
"31057","Dialister_pneumosintes","Cryptobacterium_curtum",1
"31060","Lactobacillus_reuteri","Cryptobacterium_curtum",1
"31062","Mycoplasma_salivarium","Cryptobacterium_curtum",1
"31069","Leptotrichia_shahii","Cryptobacterium_curtum",1
"31070","Capnocytophaga_ochracea","Cryptobacterium_curtum",1
"31077","Selenomonas_sputigena","Cryptobacterium_curtum",1
"31080","Bulleidia_extructa","Cryptobacterium_curtum",1
"31084","Actinomyces_georgiae","Cryptobacterium_curtum",1
"31087","Actinomyces_lingnae","Cryptobacterium_curtum",1
"31091","Prevotella_maculosa","Cryptobacterium_curtum",1
"31094","Atopobium_minutum","Cryptobacterium_curtum",1
"31101","Rhodococcus_erythropolis","Cryptobacterium_curtum",1
"31109","Selenomonas_infelix","Cryptobacterium_curtum",1
"31110","Prevotella_corporis","Cryptobacterium_curtum",1
"31112","Selenomonas_bovis","Cryptobacterium_curtum",1
"31125","Megasphaera_micronuciformis","Cryptobacterium_curtum",1
"31178","Olsenella_uli","Prevotella_timonensis",1
"31190","Peptococcus_niger","Prevotella_timonensis",1
"31202","Lautropia_mirabilis","Prevotella_timonensis",1
"31221","Filifactor_alocis","Prevotella_timonensis",1
"31244","Tannerella_forsythia","Prevotella_timonensis",1
"31265","Prevotella_pleuritidis","Prevotella_timonensis",1
"31271","Gardnerella_vaginalis","Prevotella_timonensis",1
"31299","Shuttleworthia_satelles","Prevotella_timonensis",1
"31301","Neisseria_macacae","Prevotella_timonensis",1
"31306","Dialister_pneumosintes","Prevotella_timonensis",1
"31319","Capnocytophaga_ochracea","Prevotella_timonensis",1
"31323","Prevotella_intermedia","Prevotella_timonensis",1
"31331","Alloprevotella_tannerae","Prevotella_timonensis",1
"31383","Eubacterium_saphenum","Atopobium_vaginae",1
"31390","Prevotella_baroniae","Atopobium_vaginae",1
"31393","Treponema_denticola","Atopobium_vaginae",1
"31394","Eubacterium_brachy","Atopobium_vaginae",1
"31395","Porphyromonas_endodontalis","Atopobium_vaginae",1
"31405","Dialister_invisus","Atopobium_vaginae",1
"31423","Eubacterium_nodatum","Atopobium_vaginae",1
"31427","Anaeroglobus_geminatus","Atopobium_vaginae",1
"31428","Olsenella_uli","Atopobium_vaginae",1
"31433","Mycoplasma_faucium","Atopobium_vaginae",1
"31448","Schwartzia_succinivorans","Atopobium_vaginae",1
"31462","Porphyromonas_gingivalis","Atopobium_vaginae",1
"31471","Filifactor_alocis","Atopobium_vaginae",1
"31517","Howardella_ureilytica","Atopobium_vaginae",1
"31529","Desulfobulbus_rhabdoformis","Atopobium_vaginae",1
"31534","Prevotella_oralis","Atopobium_vaginae",1
"31549","Shuttleworthia_satelles","Atopobium_vaginae",1
"31554","Treponema_socranskii","Atopobium_vaginae",1
"31556","Dialister_pneumosintes","Atopobium_vaginae",1
"31557","Selenomonas_flueggei","Atopobium_vaginae",1
"31573","Prevotella_intermedia","Atopobium_vaginae",1
"31579","Bulleidia_extructa","Atopobium_vaginae",1
"31607","Treponema_medium","Atopobium_vaginae",1
"31608","Selenomonas_infelix","Atopobium_vaginae",1
"31609","Prevotella_corporis","Atopobium_vaginae",1
"31625","Cryptobacterium_curtum","Atopobium_vaginae",1
"31880","Rothia_aeria","Abiotrophia_defectiva",1
"31885","Acinetobacter_johnsonii","Abiotrophia_defectiva",1
"31892","Neisseria_sicca","Abiotrophia_defectiva",1
"31894","Capnocytophaga_leadbetteri","Abiotrophia_defectiva",1
"31903","Actinobacillus_minor","Abiotrophia_defectiva",1
"31913","Moraxella_lacunata","Abiotrophia_defectiva",1
"31921","Bergeyella_zoohelcum","Abiotrophia_defectiva",1
"31924","Actinobaculum_massiliense","Abiotrophia_defectiva",1
"31925","Mannheimia_granulomatis","Abiotrophia_defectiva",1
"31927","Planobacterium_taklimakanense","Abiotrophia_defectiva",1
"31929","Neisseria_pharyngis","Abiotrophia_defectiva",1
"31938","Azospira_oryzae","Abiotrophia_defectiva",1
"31941","Acidithiobacillus_thiooxidans","Abiotrophia_defectiva",1
"31950","Streptococcus_pneumoniae","Abiotrophia_defectiva",1
"31955","Lautropia_mirabilis","Abiotrophia_defectiva",1
"31960","Neisseria_shayeganii","Abiotrophia_defectiva",1
"31967","Pseudomonas_stutzeri","Abiotrophia_defectiva",1
"31973","Bacteroides_intestinalis","Abiotrophia_defectiva",1
"31980","Acinetobacter_lwoffii","Abiotrophia_defectiva",1
"31981","Brachymonas_denitrificans","Abiotrophia_defectiva",1
"31983","Streptococcus_gordonii","Abiotrophia_defectiva",1
"31990","Streptococcus_sanguinis","Abiotrophia_defectiva",1
"31991","Eubacterium_rectale","Abiotrophia_defectiva",1
"31998","Kingella_potus","Abiotrophia_defectiva",1
"31999","Capnocytophaga_granulosa","Abiotrophia_defectiva",1
"32000","Neisseria_oralis","Abiotrophia_defectiva",1
"32003","Soonwooa_buanensis","Abiotrophia_defectiva",1
"32004","Leptotrichia_hongkongensis","Abiotrophia_defectiva",1
"32005","Gemella_haemolysans","Abiotrophia_defectiva",1
"32010","Streptococcus_oralis","Abiotrophia_defectiva",1
"32014","Gemella_cuniculi","Abiotrophia_defectiva",1
"32016","Cardiobacterium_valvarum","Abiotrophia_defectiva",1
"32027","Streptobacillus_moniliformis","Abiotrophia_defectiva",1
"32031","Veillonella_ratti","Abiotrophia_defectiva",1
"32036","Ralstonia_solanacearum","Abiotrophia_defectiva",1
"32047","Pasteurella_pneumotropica","Abiotrophia_defectiva",1
"32054","Neisseria_macacae","Abiotrophia_defectiva",1
"32071","Leptotrichia_shahii","Abiotrophia_defectiva",1
"32072","Capnocytophaga_ochracea","Abiotrophia_defectiva",1
"32075","Conchiformibius_steedae","Abiotrophia_defectiva",1
"32085","Alkaliphilus_crotonatoxidans","Abiotrophia_defectiva",1
"32088","Streptococcus_oligofermentans","Abiotrophia_defectiva",1
"32094","Haemophilus_influenzae","Abiotrophia_defectiva",1
"32095","Moraxella_bovoculi","Abiotrophia_defectiva",1
"32104","Capnocytophaga_sputigena","Abiotrophia_defectiva",1
"32112","Prevotella_corporis","Abiotrophia_defectiva",1
"32115","Chryseobacterium_kwangjuense","Abiotrophia_defectiva",1
"32118","Neisseria_elongata","Abiotrophia_defectiva",1
"32123","Granulicatella_elegans","Abiotrophia_defectiva",1
"32125","Campylobacter_concisus","Abiotrophia_defectiva",-1
"32133","Rothia_aeria","Gemella_morbillorum",1
"32139","Eubacterium_saphenum","Gemella_morbillorum",1
"32140","Leptotrichia_buccalis","Gemella_morbillorum",1
"32147","Capnocytophaga_leadbetteri","Gemella_morbillorum",1
"32149","Treponema_denticola","Gemella_morbillorum",1
"32150","Eubacterium_brachy","Gemella_morbillorum",1
"32152","Eubacterium_yurii","Gemella_morbillorum",1
"32161","Dialister_invisus","Gemella_morbillorum",1
"32162","Granulicatella_adiacens","Gemella_morbillorum",1
"32164","Streptococcus_cristatus","Gemella_morbillorum",1
"32166","Moraxella_lacunata","Gemella_morbillorum",1
"32174","Bergeyella_zoohelcum","Gemella_morbillorum",1
"32177","Actinobaculum_massiliense","Gemella_morbillorum",1
"32178","Mannheimia_granulomatis","Gemella_morbillorum",1
"32179","Eubacterium_nodatum","Gemella_morbillorum",1
"32180","Planobacterium_taklimakanense","Gemella_morbillorum",1
"32183","Anaeroglobus_geminatus","Gemella_morbillorum",1
"32191","Azospira_oryzae","Gemella_morbillorum",1
"32196","Peptococcus_niger","Gemella_morbillorum",1
"32202","Mycoplasma_feliminutum","Gemella_morbillorum",1
"32203","Streptococcus_pneumoniae","Gemella_morbillorum",1
"32204","Schwartzia_succinivorans","Gemella_morbillorum",1
"32206","Prevotella_marshii","Gemella_morbillorum",1
"32208","Lautropia_mirabilis","Gemella_morbillorum",1
"32213","Neisseria_shayeganii","Gemella_morbillorum",1
"32218","Porphyromonas_gingivalis","Gemella_morbillorum",1
"32225","Treponema_bryantii","Gemella_morbillorum",1
"32227","Filifactor_alocis","Gemella_morbillorum",1
"32229","Odoribacter_denticanis","Gemella_morbillorum",1
"32230","Bacteroides_heparinolyticus","Gemella_morbillorum",1
"32234","Brachymonas_denitrificans","Gemella_morbillorum",1
"32236","Streptococcus_gordonii","Gemella_morbillorum",1
"32237","Leptotrichia_hofstadii","Gemella_morbillorum",1
"32239","Natranaerovirga_hydrolytica","Gemella_morbillorum",1
"32243","Streptococcus_sanguinis","Gemella_morbillorum",1
"32245","Fusobacterium_periodonticum","Gemella_morbillorum",1
"32246","Eubacterium_minutum","Gemella_morbillorum",1
"32247","Sporanaerobacter_acetigenes","Gemella_morbillorum",1
"32248","Desulfomicrobium_orale","Gemella_morbillorum",1
"32249","Campylobacter_showae","Gemella_morbillorum",1
"32250","Tannerella_forsythia","Gemella_morbillorum",1
"32251","Kingella_potus","Gemella_morbillorum",1
"32252","Capnocytophaga_granulosa","Gemella_morbillorum",1
"32253","Neisseria_oralis","Gemella_morbillorum",1
"32256","Soonwooa_buanensis","Gemella_morbillorum",1
"32258","Gemella_haemolysans","Gemella_morbillorum",1
"32263","Streptococcus_oralis","Gemella_morbillorum",1
"32266","Streptococcus_sinensis","Gemella_morbillorum",1
"32269","Cardiobacterium_valvarum","Gemella_morbillorum",1
"32280","Streptobacillus_moniliformis","Gemella_morbillorum",1
"32284","Veillonella_ratti","Gemella_morbillorum",1
"32285","Desulfobulbus_rhabdoformis","Gemella_morbillorum",1
"32299","Megamonas_funiformis","Gemella_morbillorum",1
"32301","Treponema_amylovorum","Gemella_morbillorum",1
"32305","Shuttleworthia_satelles","Gemella_morbillorum",1
"32306","Treponema_lecithinolyticum","Gemella_morbillorum",1
"32307","Neisseria_macacae","Gemella_morbillorum",1
"32310","Treponema_socranskii","Gemella_morbillorum",1
"32311","Pyramidobacter_piscolens","Gemella_morbillorum",1
"32314","Peptostreptococcus_stomatis","Gemella_morbillorum",1
"32317","Mycoplasma_salivarium","Gemella_morbillorum",1
"32320","Actinomyces_oricola","Gemella_morbillorum",1
"32321","Barnesiella_viscericola","Gemella_morbillorum",1
"32324","Leptotrichia_shahii","Gemella_morbillorum",1
"32325","Capnocytophaga_ochracea","Gemella_morbillorum",1
"32327","Gemella_sanguinis","Gemella_morbillorum",1
"32337","Alloprevotella_tannerae","Gemella_morbillorum",1
"32338","Alkaliphilus_crotonatoxidans","Gemella_morbillorum",1
"32339","Actinomyces_georgiae","Gemella_morbillorum",1
"32341","Streptococcus_oligofermentans","Gemella_morbillorum",1
"32346","Prevotella_maculosa","Gemella_morbillorum",1
"32347","Haemophilus_influenzae","Gemella_morbillorum",1
"32351","Clostridium_aminobutyricum","Gemella_morbillorum",1
"32353","Saccharofermentans_acetigenes","Gemella_morbillorum",1
"32355","Actinomyces_cardiffensis","Gemella_morbillorum",1
"32357","Capnocytophaga_sputigena","Gemella_morbillorum",1
"32362","Mycoplasma_orale","Gemella_morbillorum",1
"32363","Treponema_medium","Gemella_morbillorum",1
"32364","Selenomonas_infelix","Gemella_morbillorum",1
"32365","Prevotella_corporis","Gemella_morbillorum",1
"32368","Chryseobacterium_kwangjuense","Gemella_morbillorum",1
"32371","Neisseria_elongata","Gemella_morbillorum",1
"32376","Granulicatella_elegans","Gemella_morbillorum",1
"32385","Abiotrophia_defectiva","Gemella_morbillorum",1
"32395","Clostridium_ruminantium","Lactococcus_lactis",1
"32397","Bradyrhizobium_elkanii","Lactococcus_lactis",1
"32443","Mycoplasma_faucium","Lactococcus_lactis",1
"32470","Gemmatimonas_aurantiaca","Lactococcus_lactis",1
"32474","Pseudomonas_stutzeri","Lactococcus_lactis",1
"32475","Acinetobacter_junii","Lactococcus_lactis",1
"32487","Acinetobacter_lwoffii","Lactococcus_lactis",1
"32641","Veillonella_rogosae","Haemophilus_sputorum",1
"32642","Rothia_aeria","Haemophilus_sputorum",1
"32661","Eubacterium_yurii","Haemophilus_sputorum",1
"32665","Actinobacillus_minor","Haemophilus_sputorum",1
"32667","Prevotella_scopos","Haemophilus_sputorum",1
"32687","Mannheimia_granulomatis","Haemophilus_sputorum",1
"32689","Planobacterium_taklimakanense","Haemophilus_sputorum",1
"32701","Alysiella_crassa","Haemophilus_sputorum",1
"32712","Streptococcus_pneumoniae","Haemophilus_sputorum",1
"32717","Lautropia_mirabilis","Haemophilus_sputorum",1
"32719","Actinobacillus_rossii","Haemophilus_sputorum",1
"32722","Neisseria_shayeganii","Haemophilus_sputorum",1
"32726","Haemophilus_parainfluenzae","Haemophilus_sputorum",1
"32730","Acinetobacter_junii","Haemophilus_sputorum",1
"32743","Brachymonas_denitrificans","Haemophilus_sputorum",1
"32752","Streptococcus_sanguinis","Haemophilus_sputorum",1
"32754","Fusobacterium_periodonticum","Haemophilus_sputorum",1
"32762","Neisseria_oralis","Haemophilus_sputorum",1
"32765","Soonwooa_buanensis","Haemophilus_sputorum",1
"32767","Gemella_haemolysans","Haemophilus_sputorum",1
"32772","Streptococcus_oralis","Haemophilus_sputorum",1
"32778","Cardiobacterium_valvarum","Haemophilus_sputorum",1
"32783","Snodgrassella_alvi","Haemophilus_sputorum",1
"32789","Streptobacillus_moniliformis","Haemophilus_sputorum",1
"32803","Actinobacillus_porcinus","Haemophilus_sputorum",1
"32809","Pasteurella_pneumotropica","Haemophilus_sputorum",1
"32810","Treponema_amylovorum","Haemophilus_sputorum",1
"32811","Prevotella_nanceiensis","Haemophilus_sputorum",1
"32828","Simonsiella_muelleri","Haemophilus_sputorum",1
"32831","Prevotella_aurantiaca","Haemophilus_sputorum",1
"32834","Capnocytophaga_ochracea","Haemophilus_sputorum",1
"32836","Gemella_sanguinis","Haemophilus_sputorum",1
"32845","Haemophilus_parahaemolyticus","Haemophilus_sputorum",1
"32856","Haemophilus_influenzae","Haemophilus_sputorum",1
"32859","Capnocytophaga_haemolytica","Haemophilus_sputorum",1
"32866","Capnocytophaga_sputigena","Haemophilus_sputorum",1
"32880","Neisseria_elongata","Haemophilus_sputorum",1
"32885","Granulicatella_elegans","Haemophilus_sputorum",1
"32898","Rothia_aeria","Veillonella_atypica",-1
"32900","Butyrivibrio_hungatei","Veillonella_atypica",1
"32901","Streptococcus_vestibularis","Veillonella_atypica",1
"32902","Veillonella_dispar","Veillonella_atypica",1
"32907","Actinomyces_odontolyticus","Veillonella_atypica",1
"32912","Capnocytophaga_leadbetteri","Veillonella_atypica",-1
"32913","Prevotella_pallens","Veillonella_atypica",1
"32917","Eubacterium_yurii","Veillonella_atypica",-1
"32918","Prevotella_shahii","Veillonella_atypica",-1
"32932","Lachnoanaerobaculum_orale","Veillonella_atypica",1
"32936","Propionigenium_maris","Veillonella_atypica",1
"32941","Prevotella_salivae","Veillonella_atypica",1
"32951","Prevotella_veroralis","Veillonella_atypica",1
"32973","Lautropia_mirabilis","Veillonella_atypica",-1
"32980","Bifidobacterium_dentium","Veillonella_atypica",1
"32982","Haemophilus_parainfluenzae","Veillonella_atypica",-1
"33015","Tannerella_forsythia","Veillonella_atypica",-1
"33034","Cardiobacterium_valvarum","Veillonella_atypica",-1
"33043","Parascardovia_denticolens","Veillonella_atypica",1
"33052","Streptococcus_parasanguinis","Veillonella_atypica",1
"33053","Eubacterium_ramulus","Veillonella_atypica",1
"33056","Actinomyces_graevenitzii","Veillonella_atypica",1
"33061","Atopobium_parvulum","Veillonella_atypica",1
"33069","Lactobacillus_frumenti","Veillonella_atypica",1
"33078","Selenomonas_flueggei","Veillonella_atypica",1
"33080","Lactobacillus_reuteri","Veillonella_atypica",1
"33098","Veillonella_rodentium","Veillonella_atypica",1
"33107","Actinomyces_lingnae","Veillonella_atypica",1
"33109","Lactobacillus_salivarius","Veillonella_atypica",1
"33110","Lactobacillus_crispatus","Veillonella_atypica",1
"33119","Veillonella_parvula","Veillonella_atypica",1
"33126","Lactobacillus_vaginalis","Veillonella_atypica",1
"33131","Leptotrichia_goodfellowii","Veillonella_atypica",1
"33132","Selenomonas_bovis","Veillonella_atypica",1
"33135","Lactobacillus_fermentum","Veillonella_atypica",1
"33136","Neisseria_elongata","Veillonella_atypica",-1
"33143","Campylobacter_concisus","Veillonella_atypica",1
"33144","Prevotella_melaninogenica","Veillonella_atypica",1
"33145","Megasphaera_micronuciformis","Veillonella_atypica",1
"33146","Cryptobacterium_curtum","Veillonella_atypica",1
"33150","Abiotrophia_defectiva","Veillonella_atypica",-1
"33163","Clostridium_ruminantium","Intestinimonas_butyriciproducens",1
"33419","Eubacterium_saphenum","Actinomyces_timonensis",1
"33420","Leptotrichia_buccalis","Actinomyces_timonensis",1
"33421","Clostridium_ruminantium","Actinomyces_timonensis",1
"33426","Prevotella_baroniae","Actinomyces_timonensis",1
"33427","Capnocytophaga_leadbetteri","Actinomyces_timonensis",1
"33429","Treponema_denticola","Actinomyces_timonensis",1
"33430","Eubacterium_brachy","Actinomyces_timonensis",1
"33431","Porphyromonas_endodontalis","Actinomyces_timonensis",1
"33432","Eubacterium_yurii","Actinomyces_timonensis",1
"33441","Dialister_invisus","Actinomyces_timonensis",1
"33446","Moraxella_lacunata","Actinomyces_timonensis",1
"33453","Actinomyces_meyeri","Actinomyces_timonensis",1
"33459","Eubacterium_nodatum","Actinomyces_timonensis",1
"33463","Anaeroglobus_geminatus","Actinomyces_timonensis",1
"33464","Olsenella_uli","Actinomyces_timonensis",1
"33469","Mycoplasma_faucium","Actinomyces_timonensis",1
"33470","Mycoplasma_hyosynoviae","Actinomyces_timonensis",1
"33476","Peptococcus_niger","Actinomyces_timonensis",1
"33484","Schwartzia_succinivorans","Actinomyces_timonensis",1
"33486","Prevotella_marshii","Actinomyces_timonensis",1
"33488","Lautropia_mirabilis","Actinomyces_timonensis",1
"33491","Actinomyces_gerencseriae","Actinomyces_timonensis",1
"33505","Treponema_bryantii","Actinomyces_timonensis",1
"33507","Filifactor_alocis","Actinomyces_timonensis",1
"33519","Natranaerovirga_hydrolytica","Actinomyces_timonensis",1
"33523","Streptococcus_sanguinis","Actinomyces_timonensis",1
"33527","Sporanaerobacter_acetigenes","Actinomyces_timonensis",1
"33528","Desulfomicrobium_orale","Actinomyces_timonensis",1
"33529","Campylobacter_showae","Actinomyces_timonensis",1
"33530","Tannerella_forsythia","Actinomyces_timonensis",1
"33541","Slackia_exigua","Actinomyces_timonensis",1
"33549","Cardiobacterium_valvarum","Actinomyces_timonensis",1
"33551","Prevotella_pleuritidis","Actinomyces_timonensis",1
"33559","Prevotella_falsenii","Actinomyces_timonensis",1
"33570","Prevotella_oralis","Actinomyces_timonensis",1
"33590","Treponema_socranskii","Actinomyces_timonensis",1
"33592","Dialister_pneumosintes","Actinomyces_timonensis",1
"33594","Peptostreptococcus_stomatis","Actinomyces_timonensis",1
"33605","Capnocytophaga_ochracea","Actinomyces_timonensis",1
"33609","Prevotella_intermedia","Actinomyces_timonensis",1
"33612","Selenomonas_sputigena","Actinomyces_timonensis",1
"33615","Bulleidia_extructa","Actinomyces_timonensis",1
"33617","Alloprevotella_tannerae","Actinomyces_timonensis",1
"33618","Alkaliphilus_crotonatoxidans","Actinomyces_timonensis",1
"33619","Actinomyces_georgiae","Actinomyces_timonensis",1
"33626","Prevotella_maculosa","Actinomyces_timonensis",1
"33627","Haemophilus_influenzae","Actinomyces_timonensis",1
"33634","Veillonella_parvula","Actinomyces_timonensis",1
"33637","Capnocytophaga_sputigena","Actinomyces_timonensis",1
"33643","Treponema_medium","Actinomyces_timonensis",1
"33644","Selenomonas_infelix","Actinomyces_timonensis",1
"33655","Clostridium_ultunense","Actinomyces_timonensis",1
"33665","Abiotrophia_defectiva","Actinomyces_timonensis",1
"33666","Gemella_morbillorum","Actinomyces_timonensis",1
"33676","Veillonella_dispar","Campylobacter_gracilis",1
"33678","Eubacterium_saphenum","Campylobacter_gracilis",1
"33679","Leptotrichia_buccalis","Campylobacter_gracilis",1
"33680","Clostridium_ruminantium","Campylobacter_gracilis",1
"33682","Bradyrhizobium_elkanii","Campylobacter_gracilis",1
"33685","Prevotella_baroniae","Campylobacter_gracilis",1
"33686","Capnocytophaga_leadbetteri","Campylobacter_gracilis",1
"33688","Treponema_denticola","Campylobacter_gracilis",1
"33690","Porphyromonas_endodontalis","Campylobacter_gracilis",1
"33691","Eubacterium_yurii","Campylobacter_gracilis",1
"33694","Prevotella_denticola","Campylobacter_gracilis",1
"33698","Actinomyces_oris","Campylobacter_gracilis",1
"33700","Dialister_invisus","Campylobacter_gracilis",1
"33702","Prevotella_enoeca","Campylobacter_gracilis",1
"33712","Actinomyces_meyeri","Campylobacter_gracilis",1
"33713","Bergeyella_zoohelcum","Campylobacter_gracilis",1
"33714","Actinomyces_bowdenii","Campylobacter_gracilis",1
"33716","Actinobaculum_massiliense","Campylobacter_gracilis",1
"33718","Eubacterium_nodatum","Campylobacter_gracilis",1
"33720","Ornatilinea_apprima","Campylobacter_gracilis",1
"33721","Neisseria_pharyngis","Campylobacter_gracilis",1
"33723","Olsenella_uli","Campylobacter_gracilis",1
"33725","Prevotella_veroralis","Campylobacter_gracilis",1
"33726","Dialister_propionicifaciens","Campylobacter_gracilis",1
"33727","Rothia_dentocariosa","Campylobacter_gracilis",1
"33728","Mycoplasma_faucium","Campylobacter_gracilis",1
"33729","Mycoplasma_hyosynoviae","Campylobacter_gracilis",1
"33730","Azospira_oryzae","Campylobacter_gracilis",1
"33732","Prevotella_dentalis","Campylobacter_gracilis",1
"33734","Corynebacterium_jeikeium","Campylobacter_gracilis",1
"33736","Acinetobacter_baumannii","Campylobacter_gracilis",1
"33738","Treponema_pedis","Campylobacter_gracilis",1
"33739","Campylobacter_curvus","Campylobacter_gracilis",1
"33741","Mycoplasma_feliminutum","Campylobacter_gracilis",1
"33743","Schwartzia_succinivorans","Campylobacter_gracilis",1
"33745","Prevotella_marshii","Campylobacter_gracilis",1
"33746","Treponema_parvum","Campylobacter_gracilis",1
"33750","Actinomyces_gerencseriae","Campylobacter_gracilis",1
"33754","Bifidobacterium_dentium","Campylobacter_gracilis",1
"33757","Porphyromonas_gingivalis","Campylobacter_gracilis",1
"33764","Treponema_bryantii","Campylobacter_gracilis",1
"33766","Filifactor_alocis","Campylobacter_gracilis",1
"33768","Odoribacter_denticanis","Campylobacter_gracilis",1
"33769","Bacteroides_heparinolyticus","Campylobacter_gracilis",1
"33773","Brachymonas_denitrificans","Campylobacter_gracilis",1
"33774","Prevotella_paludivivens","Campylobacter_gracilis",1
"33776","Leptotrichia_hofstadii","Campylobacter_gracilis",1
"33777","Bacteroides_zoogleoformans","Campylobacter_gracilis",1
"33778","Natranaerovirga_hydrolytica","Campylobacter_gracilis",1
"33781","Peptoniphilus_lacrimalis","Campylobacter_gracilis",1
"33782","Streptococcus_sanguinis","Campylobacter_gracilis",1
"33784","Fusobacterium_periodonticum","Campylobacter_gracilis",-1
"33785","Eubacterium_minutum","Campylobacter_gracilis",1
"33786","Sporanaerobacter_acetigenes","Campylobacter_gracilis",1
"33787","Desulfomicrobium_orale","Campylobacter_gracilis",1
"33788","Campylobacter_showae","Campylobacter_gracilis",1
"33789","Tannerella_forsythia","Campylobacter_gracilis",1
"33791","Capnocytophaga_granulosa","Campylobacter_gracilis",1
"33792","Neisseria_oralis","Campylobacter_gracilis",1
"33795","Soonwooa_buanensis","Campylobacter_gracilis",1
"33796","Leptotrichia_hongkongensis","Campylobacter_gracilis",1
"33803","Desulfovibrio_fairfieldensis","Campylobacter_gracilis",1
"33804","Prevotella_multisaccharivorax","Campylobacter_gracilis",1
"33807","Desulfobulbus_propionicus","Campylobacter_gracilis",1
"33808","Cardiobacterium_valvarum","Campylobacter_gracilis",1
"33810","Prevotella_pleuritidis","Campylobacter_gracilis",1
"33812","Howardella_ureilytica","Campylobacter_gracilis",1
"33815","Propionibacterium_acidifaciens","Campylobacter_gracilis",1
"33817","Parascardovia_denticolens","Campylobacter_gracilis",1
"33821","Selenomonas_ruminantium","Campylobacter_gracilis",1
"33824","Desulfobulbus_rhabdoformis","Campylobacter_gracilis",1
"33825","Lactobacillus_mucosae","Campylobacter_gracilis",1
"33829","Prevotella_oralis","Campylobacter_gracilis",1
"33834","Pseudomonas_aeruginosa","Campylobacter_gracilis",1
"33840","Treponema_amylovorum","Campylobacter_gracilis",1
"33842","Wolinella_succinogenes","Campylobacter_gracilis",1
"33844","Shuttleworthia_satelles","Campylobacter_gracilis",1
"33845","Treponema_lecithinolyticum","Campylobacter_gracilis",1
"33848","Streptococcus_intermedius","Campylobacter_gracilis",1
"33850","Pyramidobacter_piscolens","Campylobacter_gracilis",1
"33851","Dialister_pneumosintes","Campylobacter_gracilis",1
"33854","Lactobacillus_reuteri","Campylobacter_gracilis",1
"33856","Mycoplasma_salivarium","Campylobacter_gracilis",1
"33859","Actinomyces_oricola","Campylobacter_gracilis",1
"33860","Barnesiella_viscericola","Campylobacter_gracilis",1
"33862","Leptotrichia_amnionii","Campylobacter_gracilis",1
"33863","Leptotrichia_shahii","Campylobacter_gracilis",1
"33864","Capnocytophaga_ochracea","Campylobacter_gracilis",1
"33867","Conchiformibius_steedae","Campylobacter_gracilis",1
"33868","Prevotella_intermedia","Campylobacter_gracilis",1
"33870","Prevotella_fusca","Campylobacter_gracilis",1
"33871","Selenomonas_sputigena","Campylobacter_gracilis",1
"33876","Alloprevotella_tannerae","Campylobacter_gracilis",1
"33878","Actinomyces_georgiae","Campylobacter_gracilis",1
"33879","Bilophila_wadsworthia","Campylobacter_gracilis",1
"33882","Streptococcus_equinus","Campylobacter_gracilis",1
"33883","Lactobacillus_salivarius","Campylobacter_gracilis",1
"33884","Lactobacillus_crispatus","Campylobacter_gracilis",1
"33890","Clostridium_aminobutyricum","Campylobacter_gracilis",1
"33892","Saccharofermentans_acetigenes","Campylobacter_gracilis",1
"33894","Actinomyces_cardiffensis","Campylobacter_gracilis",1
"33897","Propionibacterium_acnes","Campylobacter_gracilis",1
"33900","Lactobacillus_vaginalis","Campylobacter_gracilis",1
"33902","Treponema_medium","Campylobacter_gracilis",1
"33904","Prevotella_corporis","Campylobacter_gracilis",1
"33905","Leptotrichia_goodfellowii","Campylobacter_gracilis",1
"33906","Selenomonas_bovis","Campylobacter_gracilis",1
"33913","Eggerthia_catenaformis","Campylobacter_gracilis",1
"33914","Clostridium_ultunense","Campylobacter_gracilis",1
"33917","Campylobacter_concisus","Campylobacter_gracilis",1
"33920","Cryptobacterium_curtum","Campylobacter_gracilis",1
"33923","Sediminibacterium_salmoneum","Campylobacter_gracilis",1
"33929","Intestinimonas_butyriciproducens","Campylobacter_gracilis",1
"33941","Actinomyces_odontolyticus","Streptococcus_australis",1
"34016","Haemophilus_parainfluenzae","Streptococcus_australis",1
"34030","Rothia_mucilaginosa","Streptococcus_australis",1
"34086","Streptococcus_parasanguinis","Streptococcus_australis",1
"34126","Gemella_sanguinis","Streptococcus_australis",1
"34141","Actinomyces_lingnae","Streptococcus_australis",1
"34171","Oribacterium_sinus","Streptococcus_australis",1
"34198","Acinetobacter_johnsonii","Phocaeicola_abscessus",1
"34199","Eubacterium_saphenum","Phocaeicola_abscessus",1
"34203","Bradyrhizobium_elkanii","Phocaeicola_abscessus",1
"34206","Prevotella_baroniae","Phocaeicola_abscessus",1
"34209","Treponema_denticola","Phocaeicola_abscessus",1
"34210","Eubacterium_brachy","Phocaeicola_abscessus",1
"34211","Porphyromonas_endodontalis","Phocaeicola_abscessus",1
"34212","Eubacterium_yurii","Phocaeicola_abscessus",1
"34215","Prevotella_denticola","Phocaeicola_abscessus",1
"34221","Dialister_invisus","Phocaeicola_abscessus",1
"34223","Prevotella_enoeca","Phocaeicola_abscessus",1
"34239","Eubacterium_nodatum","Phocaeicola_abscessus",1
"34241","Ornatilinea_apprima","Phocaeicola_abscessus",1
"34243","Anaeroglobus_geminatus","Phocaeicola_abscessus",1
"34246","Prevotella_veroralis","Phocaeicola_abscessus",1
"34249","Mycoplasma_faucium","Phocaeicola_abscessus",1
"34251","Azospira_oryzae","Phocaeicola_abscessus",1
"34256","Peptococcus_niger","Phocaeicola_abscessus",1
"34259","Treponema_pedis","Phocaeicola_abscessus",1
"34262","Mycoplasma_feliminutum","Phocaeicola_abscessus",1
"34266","Prevotella_marshii","Phocaeicola_abscessus",1
"34269","Barnesiella_intestinihominis","Phocaeicola_abscessus",1
"34271","Actinomyces_gerencseriae","Phocaeicola_abscessus",1
"34274","Selenomonas_noxia","Phocaeicola_abscessus",1
"34278","Porphyromonas_gingivalis","Phocaeicola_abscessus",1
"34287","Filifactor_alocis","Phocaeicola_abscessus",1
"34290","Bacteroides_heparinolyticus","Phocaeicola_abscessus",1
"34292","Lachnoanaerobaculum_saburreum","Phocaeicola_abscessus",1
"34293","Acinetobacter_lwoffii","Phocaeicola_abscessus",1
"34297","Leptotrichia_hofstadii","Phocaeicola_abscessus",1
"34298","Bacteroides_zoogleoformans","Phocaeicola_abscessus",1
"34299","Natranaerovirga_hydrolytica","Phocaeicola_abscessus",1
"34307","Sporanaerobacter_acetigenes","Phocaeicola_abscessus",1
"34308","Desulfomicrobium_orale","Phocaeicola_abscessus",1
"34309","Campylobacter_showae","Phocaeicola_abscessus",1
"34310","Tannerella_forsythia","Phocaeicola_abscessus",1
"34312","Capnocytophaga_granulosa","Phocaeicola_abscessus",1
"34317","Leptotrichia_hongkongensis","Phocaeicola_abscessus",1
"34321","Slackia_exigua","Phocaeicola_abscessus",1
"34329","Cardiobacterium_valvarum","Phocaeicola_abscessus",1
"34331","Prevotella_pleuritidis","Phocaeicola_abscessus",1
"34346","Lactobacillus_mucosae","Phocaeicola_abscessus",1
"34350","Prevotella_oralis","Phocaeicola_abscessus",1
"34361","Treponema_amylovorum","Phocaeicola_abscessus",1
"34364","Lactobacillus_frumenti","Phocaeicola_abscessus",1
"34365","Shuttleworthia_satelles","Phocaeicola_abscessus",1
"34366","Treponema_lecithinolyticum","Phocaeicola_abscessus",1
"34368","Moraxella_osloensis","Phocaeicola_abscessus",1
"34370","Treponema_socranskii","Phocaeicola_abscessus",1
"34372","Dialister_pneumosintes","Phocaeicola_abscessus",1
"34373","Selenomonas_flueggei","Phocaeicola_abscessus",1
"34374","Peptostreptococcus_stomatis","Phocaeicola_abscessus",1
"34377","Mycoplasma_salivarium","Phocaeicola_abscessus",1
"34380","Actinomyces_oricola","Phocaeicola_abscessus",1
"34383","Leptotrichia_amnionii","Phocaeicola_abscessus",1
"34384","Leptotrichia_shahii","Phocaeicola_abscessus",1
"34385","Capnocytophaga_ochracea","Phocaeicola_abscessus",1
"34389","Prevotella_intermedia","Phocaeicola_abscessus",1
"34391","Prevotella_fusca","Phocaeicola_abscessus",1
"34392","Selenomonas_sputigena","Phocaeicola_abscessus",1
"34394","Klebsiella_pneumoniae","Phocaeicola_abscessus",1
"34397","Alloprevotella_tannerae","Phocaeicola_abscessus",1
"34398","Alkaliphilus_crotonatoxidans","Phocaeicola_abscessus",1
"34399","Actinomyces_georgiae","Phocaeicola_abscessus",1
"34406","Prevotella_maculosa","Phocaeicola_abscessus",1
"34408","Moraxella_bovoculi","Phocaeicola_abscessus",1
"34411","Clostridium_aminobutyricum","Phocaeicola_abscessus",1
"34413","Saccharofermentans_acetigenes","Phocaeicola_abscessus",1
"34423","Treponema_medium","Phocaeicola_abscessus",1
"34424","Selenomonas_infelix","Phocaeicola_abscessus",1
"34425","Prevotella_corporis","Phocaeicola_abscessus",1
"34435","Clostridium_ultunense","Phocaeicola_abscessus",1
"34443","Atopobium_vaginae","Phocaeicola_abscessus",1
"34450","Intestinimonas_butyriciproducens","Phocaeicola_abscessus",1
"34452","Campylobacter_gracilis","Phocaeicola_abscessus",1
"34725","Leptotrichia_buccalis","Campylobacter_rectus",1
"34727","Actinomyces_odontolyticus","Campylobacter_rectus",-1
"34732","Capnocytophaga_leadbetteri","Campylobacter_rectus",1
"34736","Porphyromonas_endodontalis","Campylobacter_rectus",1
"34737","Eubacterium_yurii","Campylobacter_rectus",1
"34740","Prevotella_denticola","Campylobacter_rectus",1
"34746","Dialister_invisus","Campylobacter_rectus",1
"34759","Bergeyella_zoohelcum","Campylobacter_rectus",1
"34760","Actinomyces_bowdenii","Campylobacter_rectus",1
"34764","Eubacterium_nodatum","Campylobacter_rectus",1
"34765","Planobacterium_taklimakanense","Campylobacter_rectus",1
"34767","Neisseria_pharyngis","Campylobacter_rectus",1
"34768","Anaeroglobus_geminatus","Campylobacter_rectus",1
"34772","Dialister_propionicifaciens","Campylobacter_rectus",1
"34774","Mycoplasma_faucium","Campylobacter_rectus",1
"34776","Azospira_oryzae","Campylobacter_rectus",1
"34781","Peptococcus_niger","Campylobacter_rectus",1
"34784","Treponema_pedis","Campylobacter_rectus",1
"34787","Mycoplasma_feliminutum","Campylobacter_rectus",1
"34793","Lautropia_mirabilis","Campylobacter_rectus",1
"34799","Selenomonas_noxia","Campylobacter_rectus",1
"34803","Porphyromonas_gingivalis","Campylobacter_rectus",1
"34810","Treponema_bryantii","Campylobacter_rectus",1
"34811","Bacteroides_intestinalis","Campylobacter_rectus",1
"34814","Odoribacter_denticanis","Campylobacter_rectus",1
"34819","Brachymonas_denitrificans","Campylobacter_rectus",1
"34828","Streptococcus_sanguinis","Campylobacter_rectus",1
"34831","Eubacterium_minutum","Campylobacter_rectus",1
"34832","Sporanaerobacter_acetigenes","Campylobacter_rectus",1
"34835","Tannerella_forsythia","Campylobacter_rectus",1
"34837","Capnocytophaga_granulosa","Campylobacter_rectus",1
"34838","Neisseria_oralis","Campylobacter_rectus",1
"34841","Soonwooa_buanensis","Campylobacter_rectus",1
"34842","Leptotrichia_hongkongensis","Campylobacter_rectus",1
"34849","Desulfovibrio_fairfieldensis","Campylobacter_rectus",1
"34854","Cardiobacterium_valvarum","Campylobacter_rectus",1
"34855","Corynebacterium_tuberculostearicum","Campylobacter_rectus",1
"34856","Prevotella_pleuritidis","Campylobacter_rectus",1
"34870","Desulfobulbus_rhabdoformis","Campylobacter_rectus",1
"34875","Prevotella_oralis","Campylobacter_rectus",1
"34886","Treponema_amylovorum","Campylobacter_rectus",1
"34896","Pyramidobacter_piscolens","Campylobacter_rectus",1
"34897","Dialister_pneumosintes","Campylobacter_rectus",1
"34905","Actinomyces_oricola","Campylobacter_rectus",1
"34909","Leptotrichia_shahii","Campylobacter_rectus",1
"34910","Capnocytophaga_ochracea","Campylobacter_rectus",1
"34913","Conchiformibius_steedae","Campylobacter_rectus",1
"34914","Prevotella_intermedia","Campylobacter_rectus",1
"34917","Selenomonas_sputigena","Campylobacter_rectus",1
"34920","Bulleidia_extructa","Campylobacter_rectus",1
"34922","Alloprevotella_tannerae","Campylobacter_rectus",1
"34924","Actinomyces_georgiae","Campylobacter_rectus",1
"34931","Prevotella_maculosa","Campylobacter_rectus",1
"34942","Capnocytophaga_sputigena","Campylobacter_rectus",1
"34948","Treponema_medium","Campylobacter_rectus",1
"34959","Eggerthia_catenaformis","Campylobacter_rectus",1
"34960","Clostridium_ultunense","Campylobacter_rectus",1
"34964","Prevotella_melaninogenica","Campylobacter_rectus",-1
"34977","Campylobacter_gracilis","Campylobacter_rectus",1
"34979","Phocaeicola_abscessus","Campylobacter_rectus",1
"34986","Veillonella_dispar","Corynebacterium_kroppenstedtii",1
"35008","Actinomyces_oris","Corynebacterium_kroppenstedtii",1
"35037","Rothia_dentocariosa","Corynebacterium_kroppenstedtii",1
"35038","Mycoplasma_faucium","Corynebacterium_kroppenstedtii",1
"35046","Acinetobacter_baumannii","Corynebacterium_kroppenstedtii",1
"35052","Streptococcus_pneumoniae","Corynebacterium_kroppenstedtii",1
"35081","Lachnoanaerobaculum_saburreum","Corynebacterium_kroppenstedtii",1
"35092","Streptococcus_sanguinis","Corynebacterium_kroppenstedtii",1
"35093","Eubacterium_rectale","Corynebacterium_kroppenstedtii",1
"35095","Eubacterium_minutum","Corynebacterium_kroppenstedtii",1
"35099","Tannerella_forsythia","Corynebacterium_kroppenstedtii",1
"35101","Capnocytophaga_granulosa","Corynebacterium_kroppenstedtii",1
"35112","Streptococcus_oralis","Corynebacterium_kroppenstedtii",1
"35127","Parascardovia_denticolens","Corynebacterium_kroppenstedtii",1
"35134","Desulfobulbus_rhabdoformis","Corynebacterium_kroppenstedtii",1
"35139","Prevotella_oralis","Corynebacterium_kroppenstedtii",1
"35144","Pseudomonas_aeruginosa","Corynebacterium_kroppenstedtii",1
"35156","Neisseria_macacae","Corynebacterium_kroppenstedtii",1
"35159","Treponema_socranskii","Corynebacterium_kroppenstedtii",1
"35186","Alloprevotella_tannerae","Corynebacterium_kroppenstedtii",1
"35191","Actinomyces_lingnae","Corynebacterium_kroppenstedtii",1
"35207","Propionibacterium_acnes","Corynebacterium_kroppenstedtii",1
"35209","Escherichia_coli","Corynebacterium_kroppenstedtii",1
"35219","Lactobacillus_fermentum","Corynebacterium_kroppenstedtii",1
"35239","Intestinimonas_butyriciproducens","Corynebacterium_kroppenstedtii",1
"35241","Campylobacter_gracilis","Corynebacterium_kroppenstedtii",1
"35243","Phocaeicola_abscessus","Corynebacterium_kroppenstedtii",1
"35250","Streptococcus_vestibularis","Streptococcus_constellatus",1
"35260","Prevotella_baroniae","Streptococcus_constellatus",1
"35263","Treponema_denticola","Streptococcus_constellatus",1
"35264","Eubacterium_brachy","Streptococcus_constellatus",1
"35265","Porphyromonas_endodontalis","Streptococcus_constellatus",1
"35269","Prevotella_denticola","Streptococcus_constellatus",1
"35273","Actinomyces_oris","Streptococcus_constellatus",1
"35275","Dialister_invisus","Streptococcus_constellatus",1
"35277","Prevotella_enoeca","Streptococcus_constellatus",1
"35278","Streptococcus_cristatus","Streptococcus_constellatus",1
"35289","Actinomyces_bowdenii","Streptococcus_constellatus",1
"35295","Ornatilinea_apprima","Streptococcus_constellatus",1
"35297","Anaeroglobus_geminatus","Streptococcus_constellatus",1
"35302","Rothia_dentocariosa","Streptococcus_constellatus",1
"35304","Mycoplasma_hyosynoviae","Streptococcus_constellatus",1
"35310","Peptococcus_niger","Streptococcus_constellatus",1
"35313","Treponema_pedis","Streptococcus_constellatus",1
"35314","Campylobacter_curvus","Streptococcus_constellatus",1
"35318","Schwartzia_succinivorans","Streptococcus_constellatus",1
"35320","Prevotella_marshii","Streptococcus_constellatus",1
"35328","Selenomonas_noxia","Streptococcus_constellatus",1
"35329","Bifidobacterium_dentium","Streptococcus_constellatus",1
"35332","Porphyromonas_gingivalis","Streptococcus_constellatus",1
"35339","Treponema_bryantii","Streptococcus_constellatus",1
"35341","Filifactor_alocis","Streptococcus_constellatus",1
"35344","Bacteroides_heparinolyticus","Streptococcus_constellatus",1
"35346","Lachnoanaerobaculum_saburreum","Streptococcus_constellatus",1
"35350","Streptococcus_gordonii","Streptococcus_constellatus",1
"35351","Leptotrichia_hofstadii","Streptococcus_constellatus",1
"35352","Bacteroides_zoogleoformans","Streptococcus_constellatus",1
"35353","Natranaerovirga_hydrolytica","Streptococcus_constellatus",1
"35357","Streptococcus_sanguinis","Streptococcus_constellatus",1
"35358","Eubacterium_rectale","Streptococcus_constellatus",1
"35360","Eubacterium_minutum","Streptococcus_constellatus",1
"35362","Desulfomicrobium_orale","Streptococcus_constellatus",1
"35364","Tannerella_forsythia","Streptococcus_constellatus",1
"35377","Streptococcus_oralis","Streptococcus_constellatus",1
"35379","Prevotella_multisaccharivorax","Streptococcus_constellatus",1
"35380","Streptococcus_sinensis","Streptococcus_constellatus",1
"35381","Gemella_cuniculi","Streptococcus_constellatus",1
"35382","Desulfobulbus_propionicus","Streptococcus_constellatus",1
"35385","Prevotella_pleuritidis","Streptococcus_constellatus",1
"35392","Parascardovia_denticolens","Streptococcus_constellatus",1
"35395","Gemella_bergeri","Streptococcus_constellatus",1
"35400","Lactobacillus_mucosae","Streptococcus_constellatus",1
"35404","Prevotella_oralis","Streptococcus_constellatus",1
"35414","Pasteurella_pneumotropica","Streptococcus_constellatus",1
"35415","Treponema_amylovorum","Streptococcus_constellatus",1
"35418","Lactobacillus_frumenti","Streptococcus_constellatus",1
"35419","Shuttleworthia_satelles","Streptococcus_constellatus",1
"35420","Treponema_lecithinolyticum","Streptococcus_constellatus",1
"35423","Streptococcus_intermedius","Streptococcus_constellatus",1
"35424","Treponema_socranskii","Streptococcus_constellatus",1
"35425","Pyramidobacter_piscolens","Streptococcus_constellatus",1
"35426","Dialister_pneumosintes","Streptococcus_constellatus",1
"35427","Selenomonas_flueggei","Streptococcus_constellatus",1
"35428","Peptostreptococcus_stomatis","Streptococcus_constellatus",1
"35431","Mycoplasma_salivarium","Streptococcus_constellatus",1
"35435","Barnesiella_viscericola","Streptococcus_constellatus",1
"35438","Leptotrichia_shahii","Streptococcus_constellatus",1
"35439","Capnocytophaga_ochracea","Streptococcus_constellatus",1
"35443","Prevotella_intermedia","Streptococcus_constellatus",1
"35446","Selenomonas_sputigena","Streptococcus_constellatus",1
"35449","Bulleidia_extructa","Streptococcus_constellatus",1
"35451","Alloprevotella_tannerae","Streptococcus_constellatus",1
"35453","Actinomyces_georgiae","Streptococcus_constellatus",1
"35459","Lactobacillus_crispatus","Streptococcus_constellatus",1
"35460","Prevotella_maculosa","Streptococcus_constellatus",1
"35467","Saccharofermentans_acetigenes","Streptococcus_constellatus",1
"35477","Treponema_medium","Streptococcus_constellatus",1
"35478","Selenomonas_infelix","Streptococcus_constellatus",1
"35488","Eggerthia_catenaformis","Streptococcus_constellatus",1
"35489","Clostridium_ultunense","Streptococcus_constellatus",1
"35495","Cryptobacterium_curtum","Streptococcus_constellatus",1
"35496","Prevotella_timonensis","Streptococcus_constellatus",1
"35497","Atopobium_vaginae","Streptococcus_constellatus",1
"35506","Campylobacter_gracilis","Streptococcus_constellatus",1
"35508","Phocaeicola_abscessus","Streptococcus_constellatus",1
"35509","Acinetobacter_calcoaceticus","Streptococcus_constellatus",1
"35520","Leptotrichia_buccalis","Prevotella_nigrescens",1
"35522","Actinomyces_odontolyticus","Prevotella_nigrescens",-1
"35526","Prevotella_baroniae","Prevotella_nigrescens",1
"35529","Treponema_denticola","Prevotella_nigrescens",1
"35530","Eubacterium_brachy","Prevotella_nigrescens",1
"35531","Porphyromonas_endodontalis","Prevotella_nigrescens",1
"35532","Eubacterium_yurii","Prevotella_nigrescens",1
"35536","Actinobacillus_minor","Prevotella_nigrescens",1
"35537","Haemophilus_haemoglobinophilus","Prevotella_nigrescens",1
"35539","Actinomyces_oris","Prevotella_nigrescens",1
"35540","Megasphaera_elsdenii","Prevotella_nigrescens",1
"35541","Dialister_invisus","Prevotella_nigrescens",1
"35543","Prevotella_enoeca","Prevotella_nigrescens",1
"35554","Bergeyella_zoohelcum","Prevotella_nigrescens",1
"35557","Actinobaculum_massiliense","Prevotella_nigrescens",1
"35559","Eubacterium_nodatum","Prevotella_nigrescens",1
"35561","Ornatilinea_apprima","Prevotella_nigrescens",1
"35562","Neisseria_pharyngis","Prevotella_nigrescens",1
"35563","Anaeroglobus_geminatus","Prevotella_nigrescens",1
"35564","Olsenella_uli","Prevotella_nigrescens",1
"35566","Prevotella_veroralis","Prevotella_nigrescens",1
"35567","Dialister_propionicifaciens","Prevotella_nigrescens",1
"35569","Mycoplasma_faucium","Prevotella_nigrescens",1
"35570","Mycoplasma_hyosynoviae","Prevotella_nigrescens",1
"35573","Prevotella_dentalis","Prevotella_nigrescens",1
"35576","Peptococcus_niger","Prevotella_nigrescens",1
"35579","Treponema_pedis","Prevotella_nigrescens",1
"35580","Campylobacter_curvus","Prevotella_nigrescens",1
"35584","Schwartzia_succinivorans","Prevotella_nigrescens",1
"35586","Prevotella_marshii","Prevotella_nigrescens",1
"35587","Treponema_parvum","Prevotella_nigrescens",1
"35591","Actinomyces_gerencseriae","Prevotella_nigrescens",1
"35594","Selenomonas_noxia","Prevotella_nigrescens",1
"35595","Bifidobacterium_dentium","Prevotella_nigrescens",1
"35605","Treponema_bryantii","Prevotella_nigrescens",1
"35607","Filifactor_alocis","Prevotella_nigrescens",1
"35610","Bacteroides_heparinolyticus","Prevotella_nigrescens",1
"35612","Lachnoanaerobaculum_saburreum","Prevotella_nigrescens",1
"35614","Brachymonas_denitrificans","Prevotella_nigrescens",1
"35615","Prevotella_paludivivens","Prevotella_nigrescens",1
"35617","Leptotrichia_hofstadii","Prevotella_nigrescens",1
"35618","Bacteroides_zoogleoformans","Prevotella_nigrescens",1
"35619","Natranaerovirga_hydrolytica","Prevotella_nigrescens",1
"35620","Mogibacterium_neglectum","Prevotella_nigrescens",1
"35622","Peptoniphilus_lacrimalis","Prevotella_nigrescens",1
"35626","Eubacterium_minutum","Prevotella_nigrescens",1
"35627","Sporanaerobacter_acetigenes","Prevotella_nigrescens",1
"35628","Desulfomicrobium_orale","Prevotella_nigrescens",1
"35630","Tannerella_forsythia","Prevotella_nigrescens",1
"35632","Capnocytophaga_granulosa","Prevotella_nigrescens",1
"35633","Neisseria_oralis","Prevotella_nigrescens",1
"35637","Leptotrichia_hongkongensis","Prevotella_nigrescens",1
"35641","Slackia_exigua","Prevotella_nigrescens",1
"35645","Prevotella_multisaccharivorax","Prevotella_nigrescens",1
"35648","Desulfobulbus_propionicus","Prevotella_nigrescens",1
"35649","Cardiobacterium_valvarum","Prevotella_nigrescens",1
"35651","Prevotella_pleuritidis","Prevotella_nigrescens",1
"35653","Howardella_ureilytica","Prevotella_nigrescens",1
"35656","Propionibacterium_acidifaciens","Prevotella_nigrescens",1
"35658","Parascardovia_denticolens","Prevotella_nigrescens",1
"35664","Veillonella_ratti","Prevotella_nigrescens",1
"35665","Desulfobulbus_rhabdoformis","Prevotella_nigrescens",1
"35666","Lactobacillus_mucosae","Prevotella_nigrescens",1
"35670","Prevotella_oralis","Prevotella_nigrescens",1
"35673","Paraprevotella_clara","Prevotella_nigrescens",1
"35680","Pasteurella_pneumotropica","Prevotella_nigrescens",1
"35681","Treponema_amylovorum","Prevotella_nigrescens",1
"35683","Wolinella_succinogenes","Prevotella_nigrescens",1
"35684","Lactobacillus_frumenti","Prevotella_nigrescens",1
"35685","Shuttleworthia_satelles","Prevotella_nigrescens",1
"35686","Treponema_lecithinolyticum","Prevotella_nigrescens",1
"35689","Streptococcus_intermedius","Prevotella_nigrescens",1
"35690","Treponema_socranskii","Prevotella_nigrescens",1
"35691","Pyramidobacter_piscolens","Prevotella_nigrescens",1
"35692","Dialister_pneumosintes","Prevotella_nigrescens",1
"35693","Selenomonas_flueggei","Prevotella_nigrescens",1
"35694","Peptostreptococcus_stomatis","Prevotella_nigrescens",1
"35695","Lactobacillus_reuteri","Prevotella_nigrescens",1
"35697","Mycoplasma_salivarium","Prevotella_nigrescens",1
"35700","Actinomyces_oricola","Prevotella_nigrescens",1
"35701","Barnesiella_viscericola","Prevotella_nigrescens",1
"35703","Leptotrichia_amnionii","Prevotella_nigrescens",1
"35704","Leptotrichia_shahii","Prevotella_nigrescens",1
"35705","Capnocytophaga_ochracea","Prevotella_nigrescens",1
"35710","Porphyromonas_uenonis","Prevotella_nigrescens",1
"35711","Prevotella_fusca","Prevotella_nigrescens",1
"35712","Selenomonas_sputigena","Prevotella_nigrescens",1
"35715","Bulleidia_extructa","Prevotella_nigrescens",1
"35717","Alloprevotella_tannerae","Prevotella_nigrescens",1
"35718","Alkaliphilus_crotonatoxidans","Prevotella_nigrescens",1
"35719","Actinomyces_georgiae","Prevotella_nigrescens",1
"35725","Lactobacillus_crispatus","Prevotella_nigrescens",1
"35726","Prevotella_maculosa","Prevotella_nigrescens",1
"35735","Actinomyces_cardiffensis","Prevotella_nigrescens",1
"35741","Lactobacillus_vaginalis","Prevotella_nigrescens",1
"35744","Selenomonas_infelix","Prevotella_nigrescens",1
"35745","Prevotella_corporis","Prevotella_nigrescens",1
"35747","Selenomonas_bovis","Prevotella_nigrescens",1
"35754","Eggerthia_catenaformis","Prevotella_nigrescens",1
"35755","Clostridium_ultunense","Prevotella_nigrescens",1
"35761","Cryptobacterium_curtum","Prevotella_nigrescens",1
"35764","Sediminibacterium_salmoneum","Prevotella_nigrescens",1
"35766","Gemella_morbillorum","Prevotella_nigrescens",1
"35772","Campylobacter_gracilis","Prevotella_nigrescens",1
"35774","Phocaeicola_abscessus","Prevotella_nigrescens",1
"35776","Campylobacter_rectus","Prevotella_nigrescens",1
"35778","Streptococcus_constellatus","Prevotella_nigrescens",1
"35780","Rothia_aeria","Corynebacterium_matruchotii",1
"35787","Leptotrichia_buccalis","Corynebacterium_matruchotii",1
"35788","Clostridium_ruminantium","Corynebacterium_matruchotii",1
"35794","Capnocytophaga_leadbetteri","Corynebacterium_matruchotii",1
"35796","Treponema_denticola","Corynebacterium_matruchotii",1
"35797","Eubacterium_brachy","Corynebacterium_matruchotii",1
"35801","Actinomyces_howellii","Corynebacterium_matruchotii",1
"35802","Prevotella_denticola","Corynebacterium_matruchotii",1
"35803","Actinobacillus_minor","Corynebacterium_matruchotii",1
"35808","Dialister_invisus","Corynebacterium_matruchotii",1
"35811","Streptococcus_cristatus","Corynebacterium_matruchotii",1
"35818","Propionigenium_maris","Corynebacterium_matruchotii",1
"35821","Bergeyella_zoohelcum","Corynebacterium_matruchotii",1
"35822","Actinomyces_bowdenii","Corynebacterium_matruchotii",1
"35824","Actinobaculum_massiliense","Corynebacterium_matruchotii",1
"35829","Neisseria_pharyngis","Corynebacterium_matruchotii",1
"35830","Anaeroglobus_geminatus","Corynebacterium_matruchotii",1
"35831","Olsenella_uli","Corynebacterium_matruchotii",1
"35834","Dialister_propionicifaciens","Corynebacterium_matruchotii",1
"35835","Rothia_dentocariosa","Corynebacterium_matruchotii",1
"35836","Mycoplasma_faucium","Corynebacterium_matruchotii",1
"35837","Mycoplasma_hyosynoviae","Corynebacterium_matruchotii",1
"35838","Azospira_oryzae","Corynebacterium_matruchotii",1
"35840","Prevotella_dentalis","Corynebacterium_matruchotii",1
"35841","Acidithiobacillus_thiooxidans","Corynebacterium_matruchotii",1
"35842","Corynebacterium_jeikeium","Corynebacterium_matruchotii",1
"35844","Acinetobacter_baumannii","Corynebacterium_matruchotii",1
"35846","Treponema_pedis","Corynebacterium_matruchotii",1
"35847","Campylobacter_curvus","Corynebacterium_matruchotii",1
"35849","Mycoplasma_feliminutum","Corynebacterium_matruchotii",1
"35850","Streptococcus_pneumoniae","Corynebacterium_matruchotii",1
"35851","Schwartzia_succinivorans","Corynebacterium_matruchotii",1
"35853","Prevotella_marshii","Corynebacterium_matruchotii",1
"35854","Treponema_parvum","Corynebacterium_matruchotii",1
"35855","Lautropia_mirabilis","Corynebacterium_matruchotii",1
"35858","Actinomyces_gerencseriae","Corynebacterium_matruchotii",1
"35859","Bacteroides_stercoris","Corynebacterium_matruchotii",1
"35860","Neisseria_shayeganii","Corynebacterium_matruchotii",1
"35861","Selenomonas_noxia","Corynebacterium_matruchotii",1
"35863","Gemmatimonas_aurantiaca","Corynebacterium_matruchotii",1
"35868","Acinetobacter_junii","Corynebacterium_matruchotii",1
"35872","Treponema_bryantii","Corynebacterium_matruchotii",1
"35876","Odoribacter_denticanis","Corynebacterium_matruchotii",1
"35879","Lachnoanaerobaculum_saburreum","Corynebacterium_matruchotii",1
"35880","Acinetobacter_lwoffii","Corynebacterium_matruchotii",1
"35881","Brachymonas_denitrificans","Corynebacterium_matruchotii",1
"35883","Streptococcus_gordonii","Corynebacterium_matruchotii",1
"35884","Leptotrichia_hofstadii","Corynebacterium_matruchotii",1
"35885","Bacteroides_zoogleoformans","Corynebacterium_matruchotii",1
"35890","Streptococcus_sanguinis","Corynebacterium_matruchotii",1
"35891","Eubacterium_rectale","Corynebacterium_matruchotii",1
"35895","Desulfomicrobium_orale","Corynebacterium_matruchotii",1
"35897","Tannerella_forsythia","Corynebacterium_matruchotii",1
"35898","Kingella_potus","Corynebacterium_matruchotii",1
"35899","Capnocytophaga_granulosa","Corynebacterium_matruchotii",1
"35903","Soonwooa_buanensis","Corynebacterium_matruchotii",1
"35904","Leptotrichia_hongkongensis","Corynebacterium_matruchotii",1
"35908","Slackia_exigua","Corynebacterium_matruchotii",1
"35909","Actinomyces_viscosus","Corynebacterium_matruchotii",1
"35912","Prevotella_multisaccharivorax","Corynebacterium_matruchotii",1
"35913","Streptococcus_sinensis","Corynebacterium_matruchotii",1
"35915","Desulfobulbus_propionicus","Corynebacterium_matruchotii",1
"35916","Cardiobacterium_valvarum","Corynebacterium_matruchotii",1
"35917","Corynebacterium_tuberculostearicum","Corynebacterium_matruchotii",1
"35918","Prevotella_pleuritidis","Corynebacterium_matruchotii",1
"35919","Corynebacterium_argentoratense","Corynebacterium_matruchotii",1
"35923","Propionibacterium_acidifaciens","Corynebacterium_matruchotii",1
"35925","Parascardovia_denticolens","Corynebacterium_matruchotii",1
"35932","Desulfobulbus_rhabdoformis","Corynebacterium_matruchotii",1
"35933","Lactobacillus_mucosae","Corynebacterium_matruchotii",1
"35935","Eubacterium_ramulus","Corynebacterium_matruchotii",1
"35937","Prevotella_oralis","Corynebacterium_matruchotii",1
"35948","Treponema_amylovorum","Corynebacterium_matruchotii",1
"35951","Lactobacillus_frumenti","Corynebacterium_matruchotii",1
"35952","Shuttleworthia_satelles","Corynebacterium_matruchotii",1
"35953","Treponema_lecithinolyticum","Corynebacterium_matruchotii",1
"35955","Moraxella_osloensis","Corynebacterium_matruchotii",1
"35956","Streptococcus_intermedius","Corynebacterium_matruchotii",1
"35957","Treponema_socranskii","Corynebacterium_matruchotii",1
"35958","Pyramidobacter_piscolens","Corynebacterium_matruchotii",1
"35959","Dialister_pneumosintes","Corynebacterium_matruchotii",1
"35960","Selenomonas_flueggei","Corynebacterium_matruchotii",1
"35964","Mycoplasma_salivarium","Corynebacterium_matruchotii",1
"35967","Actinomyces_oricola","Corynebacterium_matruchotii",1
"35968","Barnesiella_viscericola","Corynebacterium_matruchotii",1
"35970","Leptotrichia_amnionii","Corynebacterium_matruchotii",1
"35971","Leptotrichia_shahii","Corynebacterium_matruchotii",1
"35972","Capnocytophaga_ochracea","Corynebacterium_matruchotii",1
"35975","Conchiformibius_steedae","Corynebacterium_matruchotii",1
"35979","Selenomonas_sputigena","Corynebacterium_matruchotii",1
"35986","Actinomyces_georgiae","Corynebacterium_matruchotii",1
"35988","Streptococcus_oligofermentans","Corynebacterium_matruchotii",1
"35990","Streptococcus_equinus","Corynebacterium_matruchotii",1
"35991","Lactobacillus_salivarius","Corynebacterium_matruchotii",1
"35993","Prevotella_maculosa","Corynebacterium_matruchotii",1
"35997","Capnocytophaga_haemolytica","Corynebacterium_matruchotii",1
"36000","Saccharofermentans_acetigenes","Corynebacterium_matruchotii",1
"36010","Treponema_medium","Corynebacterium_matruchotii",1
"36011","Selenomonas_infelix","Corynebacterium_matruchotii",1
"36012","Prevotella_corporis","Corynebacterium_matruchotii",1
"36013","Leptotrichia_goodfellowii","Corynebacterium_matruchotii",1
"36014","Selenomonas_bovis","Corynebacterium_matruchotii",1
"36015","Chryseobacterium_kwangjuense","Corynebacterium_matruchotii",1
"36018","Neisseria_elongata","Corynebacterium_matruchotii",1
"36021","Eggerthia_catenaformis","Corynebacterium_matruchotii",1
"36022","Clostridium_ultunense","Corynebacterium_matruchotii",1
"36026","Prevotella_melaninogenica","Corynebacterium_matruchotii",-1
"36028","Cryptobacterium_curtum","Corynebacterium_matruchotii",1
"36032","Abiotrophia_defectiva","Corynebacterium_matruchotii",1
"36033","Gemella_morbillorum","Corynebacterium_matruchotii",1
"36037","Intestinimonas_butyriciproducens","Corynebacterium_matruchotii",1
"36039","Campylobacter_gracilis","Corynebacterium_matruchotii",1
"36041","Phocaeicola_abscessus","Corynebacterium_matruchotii",1
"36042","Acinetobacter_calcoaceticus","Corynebacterium_matruchotii",1
"36043","Campylobacter_rectus","Corynebacterium_matruchotii",1
"36044","Corynebacterium_kroppenstedtii","Corynebacterium_matruchotii",1
"36045","Streptococcus_constellatus","Corynebacterium_matruchotii",1
"36046","Prevotella_nigrescens","Corynebacterium_matruchotii",1
"36047","Veillonella_rogosae","Eikenella_corrodens",1
"36048","Rothia_aeria","Eikenella_corrodens",1
"36055","Leptotrichia_buccalis","Eikenella_corrodens",1
"36058","Bradyrhizobium_elkanii","Eikenella_corrodens",1
"36060","Neisseria_sicca","Eikenella_corrodens",1
"36062","Capnocytophaga_leadbetteri","Eikenella_corrodens",1
"36064","Treponema_denticola","Eikenella_corrodens",1
"36065","Eubacterium_brachy","Eikenella_corrodens",1
"36067","Eubacterium_yurii","Eikenella_corrodens",1
"36068","Prevotella_shahii","Eikenella_corrodens",1
"36076","Dialister_invisus","Eikenella_corrodens",1
"36081","Moraxella_lacunata","Eikenella_corrodens",1
"36089","Bergeyella_zoohelcum","Eikenella_corrodens",1
"36091","Prevotella_salivae","Eikenella_corrodens",-1
"36093","Mannheimia_granulomatis","Eikenella_corrodens",1
"36095","Planobacterium_taklimakanense","Eikenella_corrodens",1
"36097","Neisseria_pharyngis","Eikenella_corrodens",1
"36104","Mycoplasma_faucium","Eikenella_corrodens",1
"36106","Azospira_oryzae","Eikenella_corrodens",1
"36111","Peptococcus_niger","Eikenella_corrodens",1
"36114","Treponema_pedis","Eikenella_corrodens",1
"36115","Campylobacter_curvus","Eikenella_corrodens",1
"36117","Mycoplasma_feliminutum","Eikenella_corrodens",1
"36118","Streptococcus_pneumoniae","Eikenella_corrodens",1
"36121","Prevotella_marshii","Eikenella_corrodens",1
"36123","Lautropia_mirabilis","Eikenella_corrodens",1
"36125","Actinobacillus_rossii","Eikenella_corrodens",1
"36127","Bacteroides_stercoris","Eikenella_corrodens",1
"36128","Neisseria_shayeganii","Eikenella_corrodens",1
"36132","Haemophilus_parainfluenzae","Eikenella_corrodens",1
"36133","Porphyromonas_gingivalis","Eikenella_corrodens",1
"36140","Treponema_bryantii","Eikenella_corrodens",1
"36141","Bacteroides_intestinalis","Eikenella_corrodens",1
"36142","Filifactor_alocis","Eikenella_corrodens",1
"36144","Odoribacter_denticanis","Eikenella_corrodens",1
"36145","Bacteroides_heparinolyticus","Eikenella_corrodens",1
"36148","Acinetobacter_lwoffii","Eikenella_corrodens",1
"36149","Brachymonas_denitrificans","Eikenella_corrodens",1
"36152","Leptotrichia_hofstadii","Eikenella_corrodens",1
"36154","Natranaerovirga_hydrolytica","Eikenella_corrodens",1
"36158","Streptococcus_sanguinis","Eikenella_corrodens",1
"36160","Fusobacterium_periodonticum","Eikenella_corrodens",1
"36163","Desulfomicrobium_orale","Eikenella_corrodens",1
"36164","Campylobacter_showae","Eikenella_corrodens",1
"36165","Tannerella_forsythia","Eikenella_corrodens",1
"36166","Kingella_potus","Eikenella_corrodens",1
"36167","Capnocytophaga_granulosa","Eikenella_corrodens",1
"36168","Neisseria_oralis","Eikenella_corrodens",1
"36171","Soonwooa_buanensis","Eikenella_corrodens",1
"36172","Leptotrichia_hongkongensis","Eikenella_corrodens",1
"36173","Gemella_haemolysans","Eikenella_corrodens",1
"36174","Gemella_palaticanis","Eikenella_corrodens",1
"36183","Desulfobulbus_propionicus","Eikenella_corrodens",1
"36189","Snodgrassella_alvi","Eikenella_corrodens",1
"36190","Clostridium_hathewayi","Eikenella_corrodens",1
"36194","Prevotella_falsenii","Eikenella_corrodens",1
"36200","Desulfobulbus_rhabdoformis","Eikenella_corrodens",1
"36202","Streptococcus_parasanguinis","Eikenella_corrodens",-1
"36204","Ralstonia_solanacearum","Eikenella_corrodens",1
"36205","Prevotella_oralis","Eikenella_corrodens",1
"36211","Atopobium_parvulum","Eikenella_corrodens",-1
"36215","Pasteurella_pneumotropica","Eikenella_corrodens",1
"36216","Treponema_amylovorum","Eikenella_corrodens",1
"36218","Wolinella_succinogenes","Eikenella_corrodens",1
"36222","Neisseria_macacae","Eikenella_corrodens",1
"36225","Treponema_socranskii","Eikenella_corrodens",1
"36226","Pyramidobacter_piscolens","Eikenella_corrodens",1
"36227","Dialister_pneumosintes","Eikenella_corrodens",1
"36239","Leptotrichia_shahii","Eikenella_corrodens",1
"36240","Capnocytophaga_ochracea","Eikenella_corrodens",1
"36241","Prevotella_ruminicola","Eikenella_corrodens",1
"36242","Gemella_sanguinis","Eikenella_corrodens",1
"36243","Conchiformibius_steedae","Eikenella_corrodens",1
"36252","Alloprevotella_tannerae","Eikenella_corrodens",1
"36253","Alkaliphilus_crotonatoxidans","Eikenella_corrodens",1
"36254","Actinomyces_georgiae","Eikenella_corrodens",1
"36261","Prevotella_maculosa","Eikenella_corrodens",1
"36262","Haemophilus_influenzae","Eikenella_corrodens",1
"36263","Moraxella_bovoculi","Eikenella_corrodens",1
"36270","Actinomyces_cardiffensis","Eikenella_corrodens",1
"36271","Rhodococcus_erythropolis","Eikenella_corrodens",1
"36272","Capnocytophaga_sputigena","Eikenella_corrodens",1
"36277","Mycoplasma_orale","Eikenella_corrodens",1
"36278","Treponema_medium","Eikenella_corrodens",1
"36279","Selenomonas_infelix","Eikenella_corrodens",1
"36283","Chryseobacterium_kwangjuense","Eikenella_corrodens",1
"36286","Neisseria_elongata","Eikenella_corrodens",1
"36289","Eggerthia_catenaformis","Eikenella_corrodens",1
"36291","Granulicatella_elegans","Eikenella_corrodens",1
"36300","Abiotrophia_defectiva","Eikenella_corrodens",1
"36301","Gemella_morbillorum","Eikenella_corrodens",1
"36304","Veillonella_atypica","Eikenella_corrodens",-1
"36305","Intestinimonas_butyriciproducens","Eikenella_corrodens",1
"36306","Actinomyces_timonensis","Eikenella_corrodens",1
"36307","Campylobacter_gracilis","Eikenella_corrodens",1
"36309","Phocaeicola_abscessus","Eikenella_corrodens",1
"36310","Acinetobacter_calcoaceticus","Eikenella_corrodens",1
"36311","Campylobacter_rectus","Eikenella_corrodens",1
"36313","Streptococcus_constellatus","Eikenella_corrodens",1
"36314","Prevotella_nigrescens","Eikenella_corrodens",1
"36315","Corynebacterium_matruchotii","Eikenella_corrodens",1
"36316","Veillonella_rogosae","Parvimonas_micra",1
"36321","Veillonella_dispar","Parvimonas_micra",-1
"36324","Leptotrichia_buccalis","Parvimonas_micra",1
"36330","Prevotella_baroniae","Parvimonas_micra",1
"36331","Capnocytophaga_leadbetteri","Parvimonas_micra",1
"36333","Treponema_denticola","Parvimonas_micra",1
"36335","Porphyromonas_endodontalis","Parvimonas_micra",1
"36336","Eubacterium_yurii","Parvimonas_micra",1
"36337","Prevotella_shahii","Parvimonas_micra",1
"36339","Prevotella_denticola","Parvimonas_micra",1
"36345","Dialister_invisus","Parvimonas_micra",1
"36347","Prevotella_enoeca","Parvimonas_micra",1
"36350","Moraxella_lacunata","Parvimonas_micra",1
"36358","Bergeyella_zoohelcum","Parvimonas_micra",1
"36361","Actinobaculum_massiliense","Parvimonas_micra",1
"36362","Mannheimia_granulomatis","Parvimonas_micra",1
"36364","Planobacterium_taklimakanense","Parvimonas_micra",1
"36365","Ornatilinea_apprima","Parvimonas_micra",1
"36366","Neisseria_pharyngis","Parvimonas_micra",1
"36367","Anaeroglobus_geminatus","Parvimonas_micra",1
"36368","Olsenella_uli","Parvimonas_micra",1
"36373","Mycoplasma_faucium","Parvimonas_micra",1
"36374","Mycoplasma_hyosynoviae","Parvimonas_micra",1
"36375","Azospira_oryzae","Parvimonas_micra",1
"36376","Alysiella_crassa","Parvimonas_micra",1
"36377","Prevotella_dentalis","Parvimonas_micra",1
"36380","Peptococcus_niger","Parvimonas_micra",1
"36382","Treponema_refringens","Parvimonas_micra",1
"36383","Treponema_pedis","Parvimonas_micra",1
"36386","Mycoplasma_feliminutum","Parvimonas_micra",1
"36388","Schwartzia_succinivorans","Parvimonas_micra",1
"36389","Actinomyces_hyovaginalis","Parvimonas_micra",1
"36390","Prevotella_marshii","Parvimonas_micra",1
"36391","Treponema_parvum","Parvimonas_micra",1
"36402","Porphyromonas_gingivalis","Parvimonas_micra",1
"36407","Prevotella_amnii","Parvimonas_micra",1
"36409","Treponema_bryantii","Parvimonas_micra",1
"36410","Bacteroides_intestinalis","Parvimonas_micra",1
"36411","Filifactor_alocis","Parvimonas_micra",1
"36413","Odoribacter_denticanis","Parvimonas_micra",1
"36414","Bacteroides_heparinolyticus","Parvimonas_micra",1
"36419","Prevotella_paludivivens","Parvimonas_micra",1
"36422","Bacteroides_zoogleoformans","Parvimonas_micra",1
"36423","Natranaerovirga_hydrolytica","Parvimonas_micra",1
"36424","Mogibacterium_neglectum","Parvimonas_micra",1
"36426","Peptoniphilus_lacrimalis","Parvimonas_micra",1
"36429","Fusobacterium_periodonticum","Parvimonas_micra",1
"36430","Eubacterium_minutum","Parvimonas_micra",1
"36431","Sporanaerobacter_acetigenes","Parvimonas_micra",1
"36432","Desulfomicrobium_orale","Parvimonas_micra",1
"36433","Campylobacter_showae","Parvimonas_micra",1
"36434","Tannerella_forsythia","Parvimonas_micra",1
"36436","Capnocytophaga_granulosa","Parvimonas_micra",1
"36440","Soonwooa_buanensis","Parvimonas_micra",1
"36442","Gemella_haemolysans","Parvimonas_micra",1
"36443","Gemella_palaticanis","Parvimonas_micra",1
"36445","Slackia_exigua","Parvimonas_micra",1
"36448","Desulfovibrio_fairfieldensis","Parvimonas_micra",1
"36451","Gemella_cuniculi","Parvimonas_micra",1
"36452","Desulfobulbus_propionicus","Parvimonas_micra",1
"36455","Prevotella_pleuritidis","Parvimonas_micra",1
"36457","Howardella_ureilytica","Parvimonas_micra",1
"36458","Snodgrassella_alvi","Parvimonas_micra",1
"36463","Prevotella_falsenii","Parvimonas_micra",1
"36464","Streptobacillus_moniliformis","Parvimonas_micra",1
"36465","Gemella_bergeri","Parvimonas_micra",1
"36467","Eubacterium_sulci","Parvimonas_micra",1
"36469","Desulfobulbus_rhabdoformis","Parvimonas_micra",1
"36474","Prevotella_oralis","Parvimonas_micra",1
"36482","Anaerovorax_odorimutans","Parvimonas_micra",1
"36485","Treponema_amylovorum","Parvimonas_micra",1
"36487","Wolinella_succinogenes","Parvimonas_micra",1
"36489","Shuttleworthia_satelles","Parvimonas_micra",1
"36490","Treponema_lecithinolyticum","Parvimonas_micra",1
"36495","Pyramidobacter_piscolens","Parvimonas_micra",1
"36498","Peptostreptococcus_stomatis","Parvimonas_micra",1
"36501","Mycoplasma_salivarium","Parvimonas_micra",1
"36504","Actinomyces_oricola","Parvimonas_micra",1
"36505","Barnesiella_viscericola","Parvimonas_micra",1
"36506","Prevotella_aurantiaca","Parvimonas_micra",1
"36507","Leptotrichia_amnionii","Parvimonas_micra",1
"36509","Capnocytophaga_ochracea","Parvimonas_micra",1
"36510","Prevotella_ruminicola","Parvimonas_micra",1
"36511","Gemella_sanguinis","Parvimonas_micra",1
"36512","Conchiformibius_steedae","Parvimonas_micra",1
"36513","Prevotella_intermedia","Parvimonas_micra",1
"36514","Porphyromonas_uenonis","Parvimonas_micra",1
"36516","Selenomonas_sputigena","Parvimonas_micra",1
"36519","Bulleidia_extructa","Parvimonas_micra",1
"36521","Alloprevotella_tannerae","Parvimonas_micra",1
"36522","Alkaliphilus_crotonatoxidans","Parvimonas_micra",1
"36530","Prevotella_maculosa","Parvimonas_micra",1
"36532","Moraxella_bovoculi","Parvimonas_micra",1
"36533","Atopobium_minutum","Parvimonas_micra",1
"36535","Clostridium_aminobutyricum","Parvimonas_micra",1
"36536","Porphyromonas_gulae","Parvimonas_micra",1
"36537","Saccharofermentans_acetigenes","Parvimonas_micra",1
"36539","Actinomyces_cardiffensis","Parvimonas_micra",1
"36541","Capnocytophaga_sputigena","Parvimonas_micra",1
"36546","Mycoplasma_orale","Parvimonas_micra",1
"36547","Treponema_medium","Parvimonas_micra",1
"36548","Selenomonas_infelix","Parvimonas_micra",1
"36549","Prevotella_corporis","Parvimonas_micra",1
"36558","Eggerthia_catenaformis","Parvimonas_micra",1
"36559","Clostridium_ultunense","Parvimonas_micra",1
"36560","Granulicatella_elegans","Parvimonas_micra",1
"36569","Abiotrophia_defectiva","Parvimonas_micra",1
"36570","Gemella_morbillorum","Parvimonas_micra",1
"36573","Veillonella_atypica","Parvimonas_micra",-1
"36574","Intestinimonas_butyriciproducens","Parvimonas_micra",1
"36575","Actinomyces_timonensis","Parvimonas_micra",1
"36576","Campylobacter_gracilis","Parvimonas_micra",1
"36578","Phocaeicola_abscessus","Parvimonas_micra",1
"36580","Campylobacter_rectus","Parvimonas_micra",1
"36582","Streptococcus_constellatus","Parvimonas_micra",1
"36583","Prevotella_nigrescens","Parvimonas_micra",1
"36585","Eikenella_corrodens","Parvimonas_micra",1
"36862","Veillonella_dispar","Scardovia_wiggsiae",1
"36880","Prevotella_denticola","Scardovia_wiggsiae",1
"36884","Actinomyces_oris","Scardovia_wiggsiae",1
"36886","Dialister_invisus","Scardovia_wiggsiae",1
"36900","Actinomyces_bowdenii","Scardovia_wiggsiae",1
"36902","Actinobaculum_massiliense","Scardovia_wiggsiae",1
"36908","Anaeroglobus_geminatus","Scardovia_wiggsiae",1
"36909","Olsenella_uli","Scardovia_wiggsiae",1
"36910","Lactobacillus_johnsonii","Scardovia_wiggsiae",1
"36911","Prevotella_veroralis","Scardovia_wiggsiae",1
"36913","Rothia_dentocariosa","Scardovia_wiggsiae",1
"36915","Mycoplasma_hyosynoviae","Scardovia_wiggsiae",1
"36929","Schwartzia_succinivorans","Scardovia_wiggsiae",1
"36937","Bacteroides_stercoris","Scardovia_wiggsiae",1
"36939","Selenomonas_noxia","Scardovia_wiggsiae",1
"36940","Bifidobacterium_dentium","Scardovia_wiggsiae",1
"36944","Streptococcus_sobrinus","Scardovia_wiggsiae",1
"36950","Treponema_bryantii","Scardovia_wiggsiae",1
"36957","Lachnoanaerobaculum_saburreum","Scardovia_wiggsiae",1
"36958","Acinetobacter_lwoffii","Scardovia_wiggsiae",1
"36961","Streptococcus_gordonii","Scardovia_wiggsiae",1
"36979","Lactobacillus_ruminis","Scardovia_wiggsiae",1
"36982","Leptotrichia_hongkongensis","Scardovia_wiggsiae",1
"36986","Slackia_exigua","Scardovia_wiggsiae",1
"36990","Prevotella_multisaccharivorax","Scardovia_wiggsiae",1
"36998","Howardella_ureilytica","Scardovia_wiggsiae",1
"37003","Parascardovia_denticolens","Scardovia_wiggsiae",1
"37009","Veillonella_ratti","Scardovia_wiggsiae",1
"37011","Lactobacillus_mucosae","Scardovia_wiggsiae",1
"37012","Streptococcus_parasanguinis","Scardovia_wiggsiae",1
"37013","Eubacterium_ramulus","Scardovia_wiggsiae",1
"37015","Prevotella_oralis","Scardovia_wiggsiae",1
"37021","Atopobium_parvulum","Scardovia_wiggsiae",1
"37029","Lactobacillus_frumenti","Scardovia_wiggsiae",1
"37034","Streptococcus_intermedius","Scardovia_wiggsiae",1
"37035","Treponema_socranskii","Scardovia_wiggsiae",1
"37037","Dialister_pneumosintes","Scardovia_wiggsiae",1
"37040","Lactobacillus_reuteri","Scardovia_wiggsiae",1
"37042","Mycoplasma_salivarium","Scardovia_wiggsiae",1
"37050","Capnocytophaga_ochracea","Scardovia_wiggsiae",1
"37057","Selenomonas_sputigena","Scardovia_wiggsiae",1
"37064","Actinomyces_georgiae","Scardovia_wiggsiae",1
"37068","Streptococcus_equinus","Scardovia_wiggsiae",1
"37069","Lactobacillus_salivarius","Scardovia_wiggsiae",1
"37070","Lactobacillus_crispatus","Scardovia_wiggsiae",1
"37071","Prevotella_maculosa","Scardovia_wiggsiae",1
"37074","Atopobium_minutum","Scardovia_wiggsiae",1
"37081","Rhodococcus_erythropolis","Scardovia_wiggsiae",1
"37090","Prevotella_corporis","Scardovia_wiggsiae",1
"37095","Lactobacillus_fermentum","Scardovia_wiggsiae",1
"37106","Cryptobacterium_curtum","Scardovia_wiggsiae",1
"37117","Campylobacter_gracilis","Scardovia_wiggsiae",1
"37123","Streptococcus_constellatus","Scardovia_wiggsiae",1
"37124","Prevotella_nigrescens","Scardovia_wiggsiae",1
"37125","Corynebacterium_matruchotii","Scardovia_wiggsiae",1
"37130","Rothia_aeria","Fusobacterium_nucleatum",1
"37131","Aggregatibacter_actinomycetemcomitans","Fusobacterium_nucleatum",1
"37136","Eubacterium_saphenum","Fusobacterium_nucleatum",1
"37137","Leptotrichia_buccalis","Fusobacterium_nucleatum",1
"37139","Actinomyces_odontolyticus","Fusobacterium_nucleatum",-1
"37142","Neisseria_sicca","Fusobacterium_nucleatum",1
"37143","Prevotella_baroniae","Fusobacterium_nucleatum",1
"37144","Capnocytophaga_leadbetteri","Fusobacterium_nucleatum",1
"37146","Treponema_denticola","Fusobacterium_nucleatum",1
"37147","Eubacterium_brachy","Fusobacterium_nucleatum",1
"37148","Porphyromonas_endodontalis","Fusobacterium_nucleatum",1
"37149","Eubacterium_yurii","Fusobacterium_nucleatum",1
"37152","Prevotella_denticola","Fusobacterium_nucleatum",1
"37156","Actinomyces_oris","Fusobacterium_nucleatum",1
"37158","Dialister_invisus","Fusobacterium_nucleatum",1
"37160","Prevotella_enoeca","Fusobacterium_nucleatum",1
"37163","Moraxella_lacunata","Fusobacterium_nucleatum",1
"37170","Actinomyces_meyeri","Fusobacterium_nucleatum",1
"37171","Bergeyella_zoohelcum","Fusobacterium_nucleatum",1
"37172","Actinomyces_bowdenii","Fusobacterium_nucleatum",1
"37174","Actinobaculum_massiliense","Fusobacterium_nucleatum",1
"37175","Mannheimia_granulomatis","Fusobacterium_nucleatum",1
"37176","Eubacterium_nodatum","Fusobacterium_nucleatum",1
"37177","Planobacterium_taklimakanense","Fusobacterium_nucleatum",1
"37178","Ornatilinea_apprima","Fusobacterium_nucleatum",1
"37180","Anaeroglobus_geminatus","Fusobacterium_nucleatum",1
"37181","Olsenella_uli","Fusobacterium_nucleatum",1
"37184","Dialister_propionicifaciens","Fusobacterium_nucleatum",1
"37185","Rothia_dentocariosa","Fusobacterium_nucleatum",1
"37186","Mycoplasma_faucium","Fusobacterium_nucleatum",1
"37187","Mycoplasma_hyosynoviae","Fusobacterium_nucleatum",1
"37189","Alysiella_crassa","Fusobacterium_nucleatum",1
"37190","Prevotella_dentalis","Fusobacterium_nucleatum",1
"37192","Corynebacterium_jeikeium","Fusobacterium_nucleatum",1
"37193","Peptococcus_niger","Fusobacterium_nucleatum",1
"37194","Acinetobacter_baumannii","Fusobacterium_nucleatum",1
"37196","Treponema_pedis","Fusobacterium_nucleatum",1
"37197","Campylobacter_curvus","Fusobacterium_nucleatum",1
"37199","Mycoplasma_feliminutum","Fusobacterium_nucleatum",1
"37201","Schwartzia_succinivorans","Fusobacterium_nucleatum",1
"37202","Actinomyces_hyovaginalis","Fusobacterium_nucleatum",1
"37203","Prevotella_marshii","Fusobacterium_nucleatum",1
"37204","Treponema_parvum","Fusobacterium_nucleatum",1
"37205","Lautropia_mirabilis","Fusobacterium_nucleatum",1
"37206","Barnesiella_intestinihominis","Fusobacterium_nucleatum",1
"37208","Actinomyces_gerencseriae","Fusobacterium_nucleatum",1
"37211","Selenomonas_noxia","Fusobacterium_nucleatum",1
"37212","Bifidobacterium_dentium","Fusobacterium_nucleatum",1
"37215","Porphyromonas_gingivalis","Fusobacterium_nucleatum",1
"37216","Streptococcus_sobrinus","Fusobacterium_nucleatum",1
"37217","Pseudomonas_stutzeri","Fusobacterium_nucleatum",1
"37222","Treponema_bryantii","Fusobacterium_nucleatum",1
"37224","Filifactor_alocis","Fusobacterium_nucleatum",1
"37226","Odoribacter_denticanis","Fusobacterium_nucleatum",1
"37227","Bacteroides_heparinolyticus","Fusobacterium_nucleatum",1
"37229","Lachnoanaerobaculum_saburreum","Fusobacterium_nucleatum",1
"37231","Brachymonas_denitrificans","Fusobacterium_nucleatum",1
"37232","Prevotella_paludivivens","Fusobacterium_nucleatum",1
"37233","Streptococcus_gordonii","Fusobacterium_nucleatum",1
"37235","Bacteroides_zoogleoformans","Fusobacterium_nucleatum",1
"37236","Natranaerovirga_hydrolytica","Fusobacterium_nucleatum",1
"37239","Peptoniphilus_lacrimalis","Fusobacterium_nucleatum",1
"37240","Streptococcus_sanguinis","Fusobacterium_nucleatum",1
"37241","Eubacterium_rectale","Fusobacterium_nucleatum",1
"37243","Eubacterium_minutum","Fusobacterium_nucleatum",1
"37244","Sporanaerobacter_acetigenes","Fusobacterium_nucleatum",1
"37245","Desulfomicrobium_orale","Fusobacterium_nucleatum",1
"37246","Campylobacter_showae","Fusobacterium_nucleatum",1
"37247","Tannerella_forsythia","Fusobacterium_nucleatum",1
"37248","Kingella_potus","Fusobacterium_nucleatum",1
"37249","Capnocytophaga_granulosa","Fusobacterium_nucleatum",1
"37250","Neisseria_oralis","Fusobacterium_nucleatum",1
"37253","Soonwooa_buanensis","Fusobacterium_nucleatum",1
"37254","Leptotrichia_hongkongensis","Fusobacterium_nucleatum",1
"37258","Slackia_exigua","Fusobacterium_nucleatum",1
"37259","Actinomyces_viscosus","Fusobacterium_nucleatum",1
"37261","Desulfovibrio_fairfieldensis","Fusobacterium_nucleatum",1
"37262","Prevotella_multisaccharivorax","Fusobacterium_nucleatum",1
"37263","Streptococcus_sinensis","Fusobacterium_nucleatum",1
"37265","Desulfobulbus_propionicus","Fusobacterium_nucleatum",1
"37266","Cardiobacterium_valvarum","Fusobacterium_nucleatum",1
"37268","Prevotella_pleuritidis","Fusobacterium_nucleatum",1
"37270","Howardella_ureilytica","Fusobacterium_nucleatum",1
"37272","Clostridium_hathewayi","Fusobacterium_nucleatum",1
"37275","Parascardovia_denticolens","Fusobacterium_nucleatum",1
"37276","Prevotella_falsenii","Fusobacterium_nucleatum",1
"37277","Streptobacillus_moniliformis","Fusobacterium_nucleatum",1
"37281","Veillonella_ratti","Fusobacterium_nucleatum",1
"37282","Desulfobulbus_rhabdoformis","Fusobacterium_nucleatum",1
"37283","Lactobacillus_mucosae","Fusobacterium_nucleatum",1
"37287","Prevotella_oralis","Fusobacterium_nucleatum",1
"37295","Anaerovorax_odorimutans","Fusobacterium_nucleatum",1
"37297","Pasteurella_pneumotropica","Fusobacterium_nucleatum",1
"37298","Treponema_amylovorum","Fusobacterium_nucleatum",1
"37300","Wolinella_succinogenes","Fusobacterium_nucleatum",1
"37301","Lactobacillus_frumenti","Fusobacterium_nucleatum",1
"37302","Shuttleworthia_satelles","Fusobacterium_nucleatum",1
"37303","Treponema_lecithinolyticum","Fusobacterium_nucleatum",1
"37305","Moraxella_osloensis","Fusobacterium_nucleatum",1
"37306","Streptococcus_intermedius","Fusobacterium_nucleatum",1
"37307","Treponema_socranskii","Fusobacterium_nucleatum",1
"37308","Pyramidobacter_piscolens","Fusobacterium_nucleatum",1
"37309","Dialister_pneumosintes","Fusobacterium_nucleatum",1
"37310","Selenomonas_flueggei","Fusobacterium_nucleatum",1
"37311","Peptostreptococcus_stomatis","Fusobacterium_nucleatum",1
"37312","Lactobacillus_reuteri","Fusobacterium_nucleatum",1
"37314","Mycoplasma_salivarium","Fusobacterium_nucleatum",1
"37317","Actinomyces_oricola","Fusobacterium_nucleatum",1
"37318","Barnesiella_viscericola","Fusobacterium_nucleatum",1
"37320","Leptotrichia_amnionii","Fusobacterium_nucleatum",1
"37321","Leptotrichia_shahii","Fusobacterium_nucleatum",1
"37325","Conchiformibius_steedae","Fusobacterium_nucleatum",1
"37326","Prevotella_intermedia","Fusobacterium_nucleatum",1
"37328","Prevotella_fusca","Fusobacterium_nucleatum",1
"37329","Selenomonas_sputigena","Fusobacterium_nucleatum",1
"37332","Bulleidia_extructa","Fusobacterium_nucleatum",1
"37334","Alloprevotella_tannerae","Fusobacterium_nucleatum",1
"37335","Alkaliphilus_crotonatoxidans","Fusobacterium_nucleatum",1
"37336","Actinomyces_georgiae","Fusobacterium_nucleatum",1
"37343","Prevotella_maculosa","Fusobacterium_nucleatum",1
"37344","Haemophilus_influenzae","Fusobacterium_nucleatum",1
"37346","Atopobium_minutum","Fusobacterium_nucleatum",1
"37348","Clostridium_aminobutyricum","Fusobacterium_nucleatum",1
"37349","Porphyromonas_gulae","Fusobacterium_nucleatum",1
"37350","Saccharofermentans_acetigenes","Fusobacterium_nucleatum",1
"37352","Actinomyces_cardiffensis","Fusobacterium_nucleatum",1
"37354","Capnocytophaga_sputigena","Fusobacterium_nucleatum",1
"37355","Propionibacterium_acnes","Fusobacterium_nucleatum",1
"37360","Treponema_medium","Fusobacterium_nucleatum",1
"37361","Selenomonas_infelix","Fusobacterium_nucleatum",1
"37362","Prevotella_corporis","Fusobacterium_nucleatum",1
"37364","Selenomonas_bovis","Fusobacterium_nucleatum",1
"37365","Chryseobacterium_kwangjuense","Fusobacterium_nucleatum",1
"37368","Neisseria_elongata","Fusobacterium_nucleatum",1
"37371","Eggerthia_catenaformis","Fusobacterium_nucleatum",1
"37372","Clostridium_ultunense","Fusobacterium_nucleatum",1
"37376","Prevotella_melaninogenica","Fusobacterium_nucleatum",-1
"37378","Cryptobacterium_curtum","Fusobacterium_nucleatum",1
"37379","Prevotella_timonensis","Fusobacterium_nucleatum",1
"37381","Sediminibacterium_salmoneum","Fusobacterium_nucleatum",1
"37383","Gemella_morbillorum","Fusobacterium_nucleatum",1
"37388","Actinomyces_timonensis","Fusobacterium_nucleatum",1
"37389","Campylobacter_gracilis","Fusobacterium_nucleatum",1
"37391","Phocaeicola_abscessus","Fusobacterium_nucleatum",1
"37393","Campylobacter_rectus","Fusobacterium_nucleatum",1
"37394","Corynebacterium_kroppenstedtii","Fusobacterium_nucleatum",1
"37395","Streptococcus_constellatus","Fusobacterium_nucleatum",1
"37396","Prevotella_nigrescens","Fusobacterium_nucleatum",1
"37398","Eikenella_corrodens","Fusobacterium_nucleatum",1
"37399","Parvimonas_micra","Fusobacterium_nucleatum",1
"37400","Streptococcus_pyogenes","Fusobacterium_nucleatum",1
"37401","Scardovia_wiggsiae","Fusobacterium_nucleatum",1
"37403","Rothia_aeria","Prevotella_saccharolytica",1
"37409","Eubacterium_saphenum","Prevotella_saccharolytica",1
"37410","Leptotrichia_buccalis","Prevotella_saccharolytica",1
"37417","Capnocytophaga_leadbetteri","Prevotella_saccharolytica",1
"37419","Treponema_denticola","Prevotella_saccharolytica",1
"37420","Eubacterium_brachy","Prevotella_saccharolytica",1
"37421","Porphyromonas_endodontalis","Prevotella_saccharolytica",1
"37423","Prevotella_shahii","Prevotella_saccharolytica",1
"37425","Prevotella_denticola","Prevotella_saccharolytica",1
"37428","Prevotella_scopos","Prevotella_saccharolytica",1
"37431","Dialister_invisus","Prevotella_saccharolytica",1
"37444","Bergeyella_zoohelcum","Prevotella_saccharolytica",1
"37445","Actinomyces_bowdenii","Prevotella_saccharolytica",1
"37447","Actinobaculum_massiliense","Prevotella_saccharolytica",1
"37448","Mannheimia_granulomatis","Prevotella_saccharolytica",1
"37450","Planobacterium_taklimakanense","Prevotella_saccharolytica",1
"37451","Ornatilinea_apprima","Prevotella_saccharolytica",1
"37453","Anaeroglobus_geminatus","Prevotella_saccharolytica",1
"37454","Olsenella_uli","Prevotella_saccharolytica",1
"37457","Dialister_propionicifaciens","Prevotella_saccharolytica",1
"37459","Mycoplasma_faucium","Prevotella_saccharolytica",1
"37461","Azospira_oryzae","Prevotella_saccharolytica",1
"37462","Alysiella_crassa","Prevotella_saccharolytica",1
"37466","Peptococcus_niger","Prevotella_saccharolytica",1
"37469","Treponema_pedis","Prevotella_saccharolytica",1
"37470","Campylobacter_curvus","Prevotella_saccharolytica",1
"37474","Schwartzia_succinivorans","Prevotella_saccharolytica",1
"37477","Treponema_parvum","Prevotella_saccharolytica",1
"37478","Lautropia_mirabilis","Prevotella_saccharolytica",1
"37481","Actinomyces_gerencseriae","Prevotella_saccharolytica",1
"37483","Neisseria_shayeganii","Prevotella_saccharolytica",1
"37484","Selenomonas_noxia","Prevotella_saccharolytica",1
"37488","Porphyromonas_gingivalis","Prevotella_saccharolytica",1
"37491","Acinetobacter_junii","Prevotella_saccharolytica",1
"37495","Treponema_bryantii","Prevotella_saccharolytica",1
"37496","Bacteroides_intestinalis","Prevotella_saccharolytica",1
"37497","Filifactor_alocis","Prevotella_saccharolytica",1
"37499","Odoribacter_denticanis","Prevotella_saccharolytica",1
"37500","Bacteroides_heparinolyticus","Prevotella_saccharolytica",1
"37502","Lachnoanaerobaculum_saburreum","Prevotella_saccharolytica",1
"37504","Brachymonas_denitrificans","Prevotella_saccharolytica",1
"37505","Prevotella_paludivivens","Prevotella_saccharolytica",1
"37507","Leptotrichia_hofstadii","Prevotella_saccharolytica",1
"37513","Streptococcus_sanguinis","Prevotella_saccharolytica",1
"37517","Sporanaerobacter_acetigenes","Prevotella_saccharolytica",1
"37518","Desulfomicrobium_orale","Prevotella_saccharolytica",1
"37519","Campylobacter_showae","Prevotella_saccharolytica",1
"37520","Tannerella_forsythia","Prevotella_saccharolytica",1
"37521","Kingella_potus","Prevotella_saccharolytica",1
"37522","Capnocytophaga_granulosa","Prevotella_saccharolytica",1
"37523","Neisseria_oralis","Prevotella_saccharolytica",1
"37526","Soonwooa_buanensis","Prevotella_saccharolytica",1
"37527","Leptotrichia_hongkongensis","Prevotella_saccharolytica",1
"37531","Slackia_exigua","Prevotella_saccharolytica",1
"37534","Desulfovibrio_fairfieldensis","Prevotella_saccharolytica",1
"37536","Streptococcus_sinensis","Prevotella_saccharolytica",1
"37538","Desulfobulbus_propionicus","Prevotella_saccharolytica",1
"37543","Howardella_ureilytica","Prevotella_saccharolytica",1
"37550","Streptobacillus_moniliformis","Prevotella_saccharolytica",1
"37555","Desulfobulbus_rhabdoformis","Prevotella_saccharolytica",1
"37570","Pasteurella_pneumotropica","Prevotella_saccharolytica",1
"37571","Treponema_amylovorum","Prevotella_saccharolytica",1
"37573","Wolinella_succinogenes","Prevotella_saccharolytica",1
"37575","Shuttleworthia_satelles","Prevotella_saccharolytica",1
"37576","Treponema_lecithinolyticum","Prevotella_saccharolytica",1
"37577","Neisseria_macacae","Prevotella_saccharolytica",1
"37580","Treponema_socranskii","Prevotella_saccharolytica",1
"37581","Pyramidobacter_piscolens","Prevotella_saccharolytica",1
"37582","Dialister_pneumosintes","Prevotella_saccharolytica",1
"37583","Selenomonas_flueggei","Prevotella_saccharolytica",1
"37584","Peptostreptococcus_stomatis","Prevotella_saccharolytica",1
"37587","Mycoplasma_salivarium","Prevotella_saccharolytica",1
"37591","Barnesiella_viscericola","Prevotella_saccharolytica",1
"37594","Leptotrichia_shahii","Prevotella_saccharolytica",1
"37595","Capnocytophaga_ochracea","Prevotella_saccharolytica",1
"37598","Conchiformibius_steedae","Prevotella_saccharolytica",1
"37599","Prevotella_intermedia","Prevotella_saccharolytica",1
"37602","Selenomonas_sputigena","Prevotella_saccharolytica",1
"37607","Alloprevotella_tannerae","Prevotella_saccharolytica",1
"37616","Prevotella_maculosa","Prevotella_saccharolytica",1
"37618","Moraxella_bovoculi","Prevotella_saccharolytica",1
"37620","Capnocytophaga_haemolytica","Prevotella_saccharolytica",1
"37621","Clostridium_aminobutyricum","Prevotella_saccharolytica",1
"37627","Capnocytophaga_sputigena","Prevotella_saccharolytica",1
"37632","Mycoplasma_orale","Prevotella_saccharolytica",1
"37634","Selenomonas_infelix","Prevotella_saccharolytica",1
"37636","Leptotrichia_goodfellowii","Prevotella_saccharolytica",1
"37641","Neisseria_elongata","Prevotella_saccharolytica",1
"37645","Clostridium_ultunense","Prevotella_saccharolytica",1
"37646","Granulicatella_elegans","Prevotella_saccharolytica",1
"37647","Neisseria_subflava","Prevotella_saccharolytica",1
"37656","Gemella_morbillorum","Prevotella_saccharolytica",1
"37661","Actinomyces_timonensis","Prevotella_saccharolytica",1
"37662","Campylobacter_gracilis","Prevotella_saccharolytica",1
"37664","Phocaeicola_abscessus","Prevotella_saccharolytica",1
"37666","Campylobacter_rectus","Prevotella_saccharolytica",1
"37668","Streptococcus_constellatus","Prevotella_saccharolytica",1
"37669","Prevotella_nigrescens","Prevotella_saccharolytica",1
"37670","Corynebacterium_matruchotii","Prevotella_saccharolytica",1
"37671","Eikenella_corrodens","Prevotella_saccharolytica",1
"37672","Parvimonas_micra","Prevotella_saccharolytica",1
"37675","Fusobacterium_nucleatum","Prevotella_saccharolytica",1
"37676","Veillonella_rogosae","Catonella_morbi",1
"37679","Butyrivibrio_hungatei","Catonella_morbi",1
"37683","Eubacterium_saphenum","Catonella_morbi",1
"37684","Leptotrichia_buccalis","Catonella_morbi",1
"37687","Bradyrhizobium_elkanii","Catonella_morbi",1
"37688","Neisseria_cinerea","Catonella_morbi",1
"37691","Capnocytophaga_leadbetteri","Catonella_morbi",1
"37693","Treponema_denticola","Catonella_morbi",1
"37694","Eubacterium_brachy","Catonella_morbi",1
"37695","Porphyromonas_endodontalis","Catonella_morbi",1
"37696","Eubacterium_yurii","Catonella_morbi",1
"37697","Prevotella_shahii","Catonella_morbi",1
"37699","Prevotella_denticola","Catonella_morbi",1
"37705","Dialister_invisus","Catonella_morbi",1
"37707","Prevotella_enoeca","Catonella_morbi",1
"37710","Moraxella_lacunata","Catonella_morbi",1
"37713","Orientia_tsutsugamushi","Catonella_morbi",1
"37716","Mogibacterium_diversum","Catonella_morbi",1
"37717","Actinomyces_meyeri","Catonella_morbi",1
"37718","Bergeyella_zoohelcum","Catonella_morbi",1
"37723","Eubacterium_nodatum","Catonella_morbi",1
"37725","Ornatilinea_apprima","Catonella_morbi",1
"37727","Anaeroglobus_geminatus","Catonella_morbi",1
"37733","Mycoplasma_faucium","Catonella_morbi",1
"37734","Mycoplasma_hyosynoviae","Catonella_morbi",1
"37736","Alysiella_crassa","Catonella_morbi",1
"37737","Prevotella_dentalis","Catonella_morbi",1
"37740","Peptococcus_niger","Catonella_morbi",1
"37742","Treponema_refringens","Catonella_morbi",1
"37743","Treponema_pedis","Catonella_morbi",1
"37744","Campylobacter_curvus","Catonella_morbi",1
"37746","Mycoplasma_feliminutum","Catonella_morbi",1
"37748","Schwartzia_succinivorans","Catonella_morbi",1
"37750","Prevotella_marshii","Catonella_morbi",1
"37751","Treponema_parvum","Catonella_morbi",1
"37752","Lautropia_mirabilis","Catonella_morbi",1
"37755","Actinomyces_gerencseriae","Catonella_morbi",1
"37758","Selenomonas_noxia","Catonella_morbi",1
"37760","Gemmatimonas_aurantiaca","Catonella_morbi",1
"37762","Porphyromonas_gingivalis","Catonella_morbi",1
"37767","Prevotella_amnii","Catonella_morbi",1
"37769","Treponema_bryantii","Catonella_morbi",1
"37770","Bacteroides_intestinalis","Catonella_morbi",1
"37771","Filifactor_alocis","Catonella_morbi",1
"37773","Odoribacter_denticanis","Catonella_morbi",1
"37774","Bacteroides_heparinolyticus","Catonella_morbi",1
"37776","Lachnoanaerobaculum_saburreum","Catonella_morbi",1
"37778","Brachymonas_denitrificans","Catonella_morbi",1
"37779","Prevotella_paludivivens","Catonella_morbi",1
"37781","Leptotrichia_hofstadii","Catonella_morbi",1
"37782","Bacteroides_zoogleoformans","Catonella_morbi",1
"37783","Natranaerovirga_hydrolytica","Catonella_morbi",1
"37784","Mogibacterium_neglectum","Catonella_morbi",1
"37785","Campylobacter_mucosalis","Catonella_morbi",1
"37789","Fusobacterium_periodonticum","Catonella_morbi",1
"37790","Eubacterium_minutum","Catonella_morbi",1
"37791","Sporanaerobacter_acetigenes","Catonella_morbi",1
"37793","Campylobacter_showae","Catonella_morbi",1
"37794","Tannerella_forsythia","Catonella_morbi",1
"37796","Capnocytophaga_granulosa","Catonella_morbi",1
"37797","Neisseria_oralis","Catonella_morbi",1
"37805","Slackia_exigua","Catonella_morbi",1
"37815","Prevotella_pleuritidis","Catonella_morbi",1
"37818","Snodgrassella_alvi","Catonella_morbi",1
"37819","Clostridium_hathewayi","Catonella_morbi",1
"37824","Streptobacillus_moniliformis","Catonella_morbi",1
"37827","Eubacterium_sulci","Catonella_morbi",1
"37829","Desulfobulbus_rhabdoformis","Catonella_morbi",1
"37833","Ralstonia_solanacearum","Catonella_morbi",1
"37834","Prevotella_oralis","Catonella_morbi",1
"37836","Alloprevotella_rava","Catonella_morbi",1
"37839","Pseudomonas_aeruginosa","Catonella_morbi",1
"37842","Anaerovorax_odorimutans","Catonella_morbi",1
"37845","Treponema_amylovorum","Catonella_morbi",1
"37847","Wolinella_succinogenes","Catonella_morbi",1
"37849","Shuttleworthia_satelles","Catonella_morbi",1
"37850","Treponema_lecithinolyticum","Catonella_morbi",1
"37852","Moraxella_osloensis","Catonella_morbi",1
"37854","Treponema_socranskii","Catonella_morbi",1
"37858","Peptostreptococcus_stomatis","Catonella_morbi",1
"37860","Butyrivibrio_fibrisolvens","Catonella_morbi",1
"37861","Mycoplasma_salivarium","Catonella_morbi",1
"37862","Mobiluncus_curtisii","Catonella_morbi",1
"37864","Actinomyces_oricola","Catonella_morbi",1
"37865","Barnesiella_viscericola","Catonella_morbi",1
"37866","Prevotella_aurantiaca","Catonella_morbi",1
"37867","Leptotrichia_amnionii","Catonella_morbi",1
"37868","Leptotrichia_shahii","Catonella_morbi",1
"37869","Capnocytophaga_ochracea","Catonella_morbi",1
"37873","Prevotella_intermedia","Catonella_morbi",1
"37874","Porphyromonas_uenonis","Catonella_morbi",1
"37876","Selenomonas_sputigena","Catonella_morbi",1
"37879","Bulleidia_extructa","Catonella_morbi",1
"37881","Alloprevotella_tannerae","Catonella_morbi",1
"37882","Alkaliphilus_crotonatoxidans","Catonella_morbi",1
"37883","Actinomyces_georgiae","Catonella_morbi",1
"37892","Moraxella_bovoculi","Catonella_morbi",1
"37895","Clostridium_aminobutyricum","Catonella_morbi",1
"37896","Porphyromonas_gulae","Catonella_morbi",1
"37901","Capnocytophaga_sputigena","Catonella_morbi",1
"37903","Mobiluncus_mulieris","Catonella_morbi",1
"37906","Mycoplasma_orale","Catonella_morbi",1
"37908","Selenomonas_infelix","Catonella_morbi",1
"37909","Prevotella_corporis","Catonella_morbi",1
"37910","Leptotrichia_goodfellowii","Catonella_morbi",1
"37911","Selenomonas_bovis","Catonella_morbi",1
"37916","Oribacterium_sinus","Catonella_morbi",1
"37917","Solobacterium_moorei","Catonella_morbi",1
"37918","Eggerthia_catenaformis","Catonella_morbi",1
"37919","Clostridium_ultunense","Catonella_morbi",1
"37922","Campylobacter_concisus","Catonella_morbi",1
"37930","Gemella_morbillorum","Catonella_morbi",1
"37934","Intestinimonas_butyriciproducens","Catonella_morbi",1
"37935","Actinomyces_timonensis","Catonella_morbi",1
"37936","Campylobacter_gracilis","Catonella_morbi",1
"37938","Phocaeicola_abscessus","Catonella_morbi",1
"37940","Campylobacter_rectus","Catonella_morbi",1
"37942","Streptococcus_constellatus","Catonella_morbi",1
"37943","Prevotella_nigrescens","Catonella_morbi",1
"37944","Corynebacterium_matruchotii","Catonella_morbi",1
"37945","Eikenella_corrodens","Catonella_morbi",1
"37946","Parvimonas_micra","Catonella_morbi",1
"37949","Fusobacterium_nucleatum","Catonella_morbi",1
"37950","Prevotella_saccharolytica","Catonella_morbi",1
"37958","Eubacterium_saphenum","Moraxella_boevrei",1
"37959","Leptotrichia_buccalis","Moraxella_boevrei",1
"37964","Neisseria_sicca","Moraxella_boevrei",1
"37968","Treponema_denticola","Moraxella_boevrei",1
"37969","Eubacterium_brachy","Moraxella_boevrei",1
"37970","Porphyromonas_endodontalis","Moraxella_boevrei",1
"37971","Eubacterium_yurii","Moraxella_boevrei",1
"37972","Prevotella_shahii","Moraxella_boevrei",1
"37977","Prevotella_scopos","Moraxella_boevrei",1
"37980","Dialister_invisus","Moraxella_boevrei",1
"37985","Moraxella_lacunata","Moraxella_boevrei",1
"38008","Mycoplasma_faucium","Moraxella_boevrei",1
"38018","Treponema_pedis","Moraxella_boevrei",1
"38022","Streptococcus_pneumoniae","Moraxella_boevrei",1
"38023","Schwartzia_succinivorans","Moraxella_boevrei",1
"38027","Lautropia_mirabilis","Moraxella_boevrei",1
"38037","Porphyromonas_gingivalis","Moraxella_boevrei",1
"38045","Bacteroides_intestinalis","Moraxella_boevrei",1
"38046","Filifactor_alocis","Moraxella_boevrei",1
"38057","Bacteroides_zoogleoformans","Moraxella_boevrei",1
"38064","Fusobacterium_periodonticum","Moraxella_boevrei",1
"38068","Campylobacter_showae","Moraxella_boevrei",1
"38069","Tannerella_forsythia","Moraxella_boevrei",1
"38088","Cardiobacterium_valvarum","Moraxella_boevrei",1
"38099","Streptobacillus_moniliformis","Moraxella_boevrei",1
"38103","Veillonella_ratti","Moraxella_boevrei",1
"38108","Ralstonia_solanacearum","Moraxella_boevrei",1
"38113","Actinobacillus_porcinus","Moraxella_boevrei",1
"38119","Pasteurella_pneumotropica","Moraxella_boevrei",1
"38120","Treponema_amylovorum","Moraxella_boevrei",1
"38121","Prevotella_nanceiensis","Moraxella_boevrei",1
"38125","Treponema_lecithinolyticum","Moraxella_boevrei",1
"38129","Treponema_socranskii","Moraxella_boevrei",1
"38133","Peptostreptococcus_stomatis","Moraxella_boevrei",1
"38138","Simonsiella_muelleri","Moraxella_boevrei",1
"38144","Capnocytophaga_ochracea","Moraxella_boevrei",1
"38148","Prevotella_intermedia","Moraxella_boevrei",1
"38155","Haemophilus_parahaemolyticus","Moraxella_boevrei",1
"38156","Alloprevotella_tannerae","Moraxella_boevrei",1
"38166","Haemophilus_influenzae","Moraxella_boevrei",1
"38171","Porphyromonas_gulae","Moraxella_boevrei",1
"38182","Treponema_medium","Moraxella_boevrei",1
"38183","Selenomonas_infelix","Moraxella_boevrei",1
"38185","Leptotrichia_goodfellowii","Moraxella_boevrei",1
"38195","Granulicatella_elegans","Moraxella_boevrei",1
"38196","Neisseria_subflava","Moraxella_boevrei",1
"38205","Gemella_morbillorum","Moraxella_boevrei",1
"38207","Haemophilus_sputorum","Moraxella_boevrei",1
"38211","Campylobacter_gracilis","Moraxella_boevrei",1
"38219","Corynebacterium_matruchotii","Moraxella_boevrei",1
"38221","Parvimonas_micra","Moraxella_boevrei",1
"38224","Fusobacterium_nucleatum","Moraxella_boevrei",1
"38225","Prevotella_saccharolytica","Moraxella_boevrei",1
"38226","Catonella_morbi","Moraxella_boevrei",1
"38283","Rothia_dentocariosa","Micrococcus_luteus",1
"38326","Rothia_mucilaginosa","Micrococcus_luteus",1
"38505","Rothia_aeria","Morococcus_cerebrosus",1
"38580","Lautropia_mirabilis","Morococcus_cerebrosus",1
"38615","Streptococcus_sanguinis","Morococcus_cerebrosus",1
"38652","Streptobacillus_moniliformis","Morococcus_cerebrosus",1
"38679","Neisseria_macacae","Morococcus_cerebrosus",1
"38757","Abiotrophia_defectiva","Morococcus_cerebrosus",1
"38783","Rothia_aeria","Actinomyces_massiliensis",1
"38790","Leptotrichia_buccalis","Actinomyces_massiliensis",1
"38792","Actinomyces_odontolyticus","Actinomyces_massiliensis",1
"38797","Capnocytophaga_leadbetteri","Actinomyces_massiliensis",1
"38800","Eubacterium_brachy","Actinomyces_massiliensis",1
"38806","Actinobacillus_minor","Actinomyces_massiliensis",1
"38809","Actinomyces_oris","Actinomyces_massiliensis",1
"38811","Dialister_invisus","Actinomyces_massiliensis",1
"38823","Actinomyces_meyeri","Actinomyces_massiliensis",1
"38824","Bergeyella_zoohelcum","Actinomyces_massiliensis",1
"38825","Actinomyces_bowdenii","Actinomyces_massiliensis",1
"38827","Actinobaculum_massiliense","Actinomyces_massiliensis",1
"38828","Mannheimia_granulomatis","Actinomyces_massiliensis",1
"38838","Rothia_dentocariosa","Actinomyces_massiliensis",1
"38844","Acidithiobacillus_thiooxidans","Actinomyces_massiliensis",1
"38845","Corynebacterium_jeikeium","Actinomyces_massiliensis",1
"38854","Schwartzia_succinivorans","Actinomyces_massiliensis",1
"38858","Lautropia_mirabilis","Actinomyces_massiliensis",1
"38864","Selenomonas_noxia","Actinomyces_massiliensis",1
"38881","Rothia_mucilaginosa","Actinomyces_massiliensis",1
"38882","Lachnoanaerobaculum_saburreum","Actinomyces_massiliensis",1
"38884","Brachymonas_denitrificans","Actinomyces_massiliensis",1
"38886","Streptococcus_gordonii","Actinomyces_massiliensis",1
"38887","Leptotrichia_hofstadii","Actinomyces_massiliensis",1
"38893","Streptococcus_sanguinis","Actinomyces_massiliensis",1
"38900","Tannerella_forsythia","Actinomyces_massiliensis",1
"38901","Kingella_potus","Actinomyces_massiliensis",1
"38902","Capnocytophaga_granulosa","Actinomyces_massiliensis",1
"38903","Neisseria_oralis","Actinomyces_massiliensis",1
"38907","Leptotrichia_hongkongensis","Actinomyces_massiliensis",1
"38911","Slackia_exigua","Actinomyces_massiliensis",1
"38912","Actinomyces_viscosus","Actinomyces_massiliensis",1
"38913","Streptococcus_oralis","Actinomyces_massiliensis",1
"38919","Cardiobacterium_valvarum","Actinomyces_massiliensis",1
"38935","Desulfobulbus_rhabdoformis","Actinomyces_massiliensis",1
"38950","Pasteurella_pneumotropica","Actinomyces_massiliensis",1
"38967","Mycoplasma_salivarium","Actinomyces_massiliensis",1
"38971","Barnesiella_viscericola","Actinomyces_massiliensis",1
"38974","Leptotrichia_shahii","Actinomyces_massiliensis",1
"38975","Capnocytophaga_ochracea","Actinomyces_massiliensis",1
"38982","Selenomonas_sputigena","Actinomyces_massiliensis",1
"39000","Capnocytophaga_haemolytica","Actinomyces_massiliensis",1
"39008","Propionibacterium_acnes","Actinomyces_massiliensis",1
"39014","Selenomonas_infelix","Actinomyces_massiliensis",1
"39016","Leptotrichia_goodfellowii","Actinomyces_massiliensis",1
"39021","Neisseria_elongata","Actinomyces_massiliensis",1
"39036","Gemella_morbillorum","Actinomyces_massiliensis",1
"39041","Actinomyces_timonensis","Actinomyces_massiliensis",1
"39049","Prevotella_nigrescens","Actinomyces_massiliensis",1
"39050","Corynebacterium_matruchotii","Actinomyces_massiliensis",1
"39055","Fusobacterium_nucleatum","Actinomyces_massiliensis",1
"39056","Prevotella_saccharolytica","Actinomyces_massiliensis",1
"39065","Streptococcus_vestibularis","Streptococcus_salivarius",1
"39066","Veillonella_dispar","Streptococcus_salivarius",1
"39071","Actinomyces_odontolyticus","Streptococcus_salivarius",1
"39082","Prevotella_shahii","Streptococcus_salivarius",-1
"39096","Lachnoanaerobaculum_orale","Streptococcus_salivarius",1
"39105","Prevotella_salivae","Streptococcus_salivarius",1
"39117","Rothia_dentocariosa","Streptococcus_salivarius",1
"39140","Actinomyces_gerencseriae","Streptococcus_salivarius",1
"39144","Bifidobacterium_dentium","Streptococcus_salivarius",1
"39160","Rothia_mucilaginosa","Streptococcus_salivarius",1
"39165","Streptococcus_gordonii","Streptococcus_salivarius",1
"39174","Fusobacterium_periodonticum","Streptococcus_salivarius",-1
"39179","Tannerella_forsythia","Streptococcus_salivarius",-1
"39183","Lactobacillus_ruminis","Streptococcus_salivarius",1
"39186","Leptotrichia_hongkongensis","Streptococcus_salivarius",1
"39207","Parascardovia_denticolens","Streptococcus_salivarius",1
"39215","Lactobacillus_mucosae","Streptococcus_salivarius",1
"39216","Streptococcus_parasanguinis","Streptococcus_salivarius",1
"39220","Actinomyces_graevenitzii","Streptococcus_salivarius",1
"39225","Atopobium_parvulum","Streptococcus_salivarius",1
"39243","Peptostreptococcus_stomatis","Streptococcus_salivarius",-1
"39244","Lactobacillus_reuteri","Streptococcus_salivarius",1
"39271","Actinomyces_lingnae","Streptococcus_salivarius",1
"39273","Lactobacillus_salivarius","Streptococcus_salivarius",1
"39283","Veillonella_parvula","Streptococcus_salivarius",1
"39299","Lactobacillus_fermentum","Streptococcus_salivarius",1
"39307","Campylobacter_concisus","Streptococcus_salivarius",1
"39309","Megasphaera_micronuciformis","Streptococcus_salivarius",1
"39318","Veillonella_atypica","Streptococcus_salivarius",1
"39330","Eikenella_corrodens","Streptococcus_salivarius",-1
"39333","Scardovia_wiggsiae","Streptococcus_salivarius",1
"39629","Eubacterium_saphenum","Prevotella_buccae",1
"39630","Leptotrichia_buccalis","Prevotella_buccae",1
"39633","Bradyrhizobium_elkanii","Prevotella_buccae",1
"39636","Prevotella_baroniae","Prevotella_buccae",1
"39639","Treponema_denticola","Prevotella_buccae",1
"39640","Eubacterium_brachy","Prevotella_buccae",1
"39641","Porphyromonas_endodontalis","Prevotella_buccae",1
"39642","Eubacterium_yurii","Prevotella_buccae",1
"39645","Prevotella_denticola","Prevotella_buccae",1
"39646","Actinobacillus_minor","Prevotella_buccae",1
"39651","Dialister_invisus","Prevotella_buccae",1
"39671","Ornatilinea_apprima","Prevotella_buccae",1
"39673","Anaeroglobus_geminatus","Prevotella_buccae",1
"39676","Prevotella_veroralis","Prevotella_buccae",1
"39677","Dialister_propionicifaciens","Prevotella_buccae",1
"39679","Mycoplasma_faucium","Prevotella_buccae",1
"39680","Mycoplasma_hyosynoviae","Prevotella_buccae",1
"39686","Peptococcus_niger","Prevotella_buccae",1
"39689","Treponema_pedis","Prevotella_buccae",1
"39690","Campylobacter_curvus","Prevotella_buccae",1
"39695","Actinomyces_hyovaginalis","Prevotella_buccae",1
"39701","Actinomyces_gerencseriae","Prevotella_buccae",1
"39704","Selenomonas_noxia","Prevotella_buccae",1
"39708","Porphyromonas_gingivalis","Prevotella_buccae",1
"39715","Treponema_bryantii","Prevotella_buccae",1
"39716","Bacteroides_intestinalis","Prevotella_buccae",1
"39717","Filifactor_alocis","Prevotella_buccae",1
"39722","Lachnoanaerobaculum_saburreum","Prevotella_buccae",1
"39724","Brachymonas_denitrificans","Prevotella_buccae",1
"39725","Prevotella_paludivivens","Prevotella_buccae",1
"39728","Bacteroides_zoogleoformans","Prevotella_buccae",1
"39729","Natranaerovirga_hydrolytica","Prevotella_buccae",1
"39730","Mogibacterium_neglectum","Prevotella_buccae",1
"39732","Peptoniphilus_lacrimalis","Prevotella_buccae",1
"39734","Eubacterium_rectale","Prevotella_buccae",1
"39736","Eubacterium_minutum","Prevotella_buccae",1
"39737","Sporanaerobacter_acetigenes","Prevotella_buccae",1
"39740","Tannerella_forsythia","Prevotella_buccae",1
"39746","Soonwooa_buanensis","Prevotella_buccae",1
"39751","Slackia_exigua","Prevotella_buccae",1
"39754","Desulfovibrio_fairfieldensis","Prevotella_buccae",1
"39755","Prevotella_multisaccharivorax","Prevotella_buccae",1
"39758","Desulfobulbus_propionicus","Prevotella_buccae",1
"39759","Cardiobacterium_valvarum","Prevotella_buccae",1
"39761","Prevotella_pleuritidis","Prevotella_buccae",1
"39768","Parascardovia_denticolens","Prevotella_buccae",1
"39775","Desulfobulbus_rhabdoformis","Prevotella_buccae",1
"39776","Lactobacillus_mucosae","Prevotella_buccae",1
"39782","Alloprevotella_rava","Prevotella_buccae",1
"39783","Paraprevotella_clara","Prevotella_buccae",1
"39790","Pasteurella_pneumotropica","Prevotella_buccae",1
"39791","Treponema_amylovorum","Prevotella_buccae",1
"39793","Wolinella_succinogenes","Prevotella_buccae",1
"39794","Lactobacillus_frumenti","Prevotella_buccae",1
"39796","Treponema_lecithinolyticum","Prevotella_buccae",1
"39798","Moraxella_osloensis","Prevotella_buccae",1
"39799","Streptococcus_intermedius","Prevotella_buccae",1
"39800","Treponema_socranskii","Prevotella_buccae",1
"39802","Dialister_pneumosintes","Prevotella_buccae",1
"39803","Selenomonas_flueggei","Prevotella_buccae",1
"39807","Mycoplasma_salivarium","Prevotella_buccae",1
"39810","Actinomyces_oricola","Prevotella_buccae",1
"39811","Barnesiella_viscericola","Prevotella_buccae",1
"39814","Leptotrichia_shahii","Prevotella_buccae",1
"39815","Capnocytophaga_ochracea","Prevotella_buccae",1
"39818","Conchiformibius_steedae","Prevotella_buccae",1
"39819","Prevotella_intermedia","Prevotella_buccae",1
"39821","Prevotella_fusca","Prevotella_buccae",1
"39822","Selenomonas_sputigena","Prevotella_buccae",1
"39827","Alloprevotella_tannerae","Prevotella_buccae",1
"39835","Lactobacillus_crispatus","Prevotella_buccae",1
"39836","Prevotella_maculosa","Prevotella_buccae",1
"39842","Porphyromonas_gulae","Prevotella_buccae",1
"39854","Selenomonas_infelix","Prevotella_buccae",1
"39857","Selenomonas_bovis","Prevotella_buccae",1
"39865","Clostridium_ultunense","Prevotella_buccae",1
"39874","Sediminibacterium_salmoneum","Prevotella_buccae",1
"39882","Campylobacter_gracilis","Prevotella_buccae",1
"39884","Phocaeicola_abscessus","Prevotella_buccae",1
"39886","Campylobacter_rectus","Prevotella_buccae",1
"39889","Prevotella_nigrescens","Prevotella_buccae",1
"39890","Corynebacterium_matruchotii","Prevotella_buccae",1
"39891","Eikenella_corrodens","Prevotella_buccae",1
"39892","Parvimonas_micra","Prevotella_buccae",1
"39894","Scardovia_wiggsiae","Prevotella_buccae",1
"39895","Fusobacterium_nucleatum","Prevotella_buccae",1
"39916","Neisseria_cinerea","Fusobacterium_russii",1
"39923","Porphyromonas_endodontalis","Fusobacterium_russii",1
"39924","Eubacterium_yurii","Fusobacterium_russii",1
"39938","Moraxella_lacunata","Fusobacterium_russii",1
"39954","Neisseria_pharyngis","Fusobacterium_russii",1
"39961","Mycoplasma_faucium","Fusobacterium_russii",1
"39966","Acidithiobacillus_thiooxidans","Fusobacterium_russii",1
"39968","Peptococcus_niger","Fusobacterium_russii",1
"39999","Filifactor_alocis","Fusobacterium_russii",1
"40009","Leptotrichia_hofstadii","Fusobacterium_russii",1
"40017","Fusobacterium_periodonticum","Fusobacterium_russii",1
"40022","Tannerella_forsythia","Fusobacterium_russii",1
"40025","Neisseria_oralis","Fusobacterium_russii",1
"40028","Soonwooa_buanensis","Fusobacterium_russii",1
"40043","Prevotella_pleuritidis","Fusobacterium_russii",1
"40051","Prevotella_falsenii","Fusobacterium_russii",1
"40052","Streptobacillus_moniliformis","Fusobacterium_russii",1
"40064","Alloprevotella_rava","Fusobacterium_russii",1
"40073","Treponema_amylovorum","Fusobacterium_russii",1
"40074","Prevotella_nanceiensis","Fusobacterium_russii",1
"40079","Neisseria_macacae","Fusobacterium_russii",1
"40082","Treponema_socranskii","Fusobacterium_russii",1
"40084","Dialister_pneumosintes","Fusobacterium_russii",1
"40095","Leptotrichia_amnionii","Fusobacterium_russii",1
"40097","Capnocytophaga_ochracea","Fusobacterium_russii",1
"40101","Prevotella_intermedia","Fusobacterium_russii",1
"40108","Haemophilus_parahaemolyticus","Fusobacterium_russii",1
"40109","Alloprevotella_tannerae","Fusobacterium_russii",1
"40110","Alkaliphilus_crotonatoxidans","Fusobacterium_russii",1
"40119","Haemophilus_influenzae","Fusobacterium_russii",1
"40120","Moraxella_bovoculi","Fusobacterium_russii",1
"40129","Capnocytophaga_sputigena","Fusobacterium_russii",1
"40135","Treponema_medium","Fusobacterium_russii",1
"40137","Prevotella_corporis","Fusobacterium_russii",1
"40138","Leptotrichia_goodfellowii","Fusobacterium_russii",1
"40148","Granulicatella_elegans","Fusobacterium_russii",1
"40157","Abiotrophia_defectiva","Fusobacterium_russii",1
"40162","Intestinimonas_butyriciproducens","Fusobacterium_russii",1
"40164","Campylobacter_gracilis","Fusobacterium_russii",1
"40171","Prevotella_nigrescens","Fusobacterium_russii",1
"40172","Corynebacterium_matruchotii","Fusobacterium_russii",1
"40174","Parvimonas_micra","Fusobacterium_russii",1
"40175","Streptococcus_pyogenes","Fusobacterium_russii",1
"40177","Fusobacterium_nucleatum","Fusobacterium_russii",1
"40178","Prevotella_saccharolytica","Fusobacterium_russii",1
"40179","Catonella_morbi","Fusobacterium_russii",1
"40182","Morococcus_cerebrosus","Fusobacterium_russii",1
"40185","Elizabethkingia_meningoseptica","Fusobacterium_russii",1
"40187","Veillonella_rogosae","Neisseria_meningitidis",1
"40188","Rothia_aeria","Neisseria_meningitidis",1
"40199","Neisseria_cinerea","Neisseria_meningitidis",1
"40202","Capnocytophaga_leadbetteri","Neisseria_meningitidis",1
"40221","Moraxella_lacunata","Neisseria_meningitidis",1
"40237","Neisseria_pharyngis","Neisseria_meningitidis",1
"40244","Mycoplasma_faucium","Neisseria_meningitidis",1
"40263","Lautropia_mirabilis","Neisseria_meningitidis",1
"40272","Haemophilus_parainfluenzae","Neisseria_meningitidis",1
"40286","Rothia_mucilaginosa","Neisseria_meningitidis",1
"40298","Streptococcus_sanguinis","Neisseria_meningitidis",1
"40300","Fusobacterium_periodonticum","Neisseria_meningitidis",1
"40302","Sporanaerobacter_acetigenes","Neisseria_meningitidis",1
"40304","Campylobacter_showae","Neisseria_meningitidis",1
"40311","Soonwooa_buanensis","Neisseria_meningitidis",1
"40334","Prevotella_falsenii","Neisseria_meningitidis",1
"40344","Ralstonia_solanacearum","Neisseria_meningitidis",1
"40357","Prevotella_nanceiensis","Neisseria_meningitidis",1
"40391","Haemophilus_parahaemolyticus","Neisseria_meningitidis",1
"40403","Moraxella_bovoculi","Neisseria_meningitidis",1
"40412","Capnocytophaga_sputigena","Neisseria_meningitidis",1
"40426","Neisseria_elongata","Neisseria_meningitidis",1
"40443","Haemophilus_sputorum","Neisseria_meningitidis",1
"40456","Eikenella_corrodens","Neisseria_meningitidis",1
"40468","Elizabethkingia_meningoseptica","Neisseria_meningitidis",1
"40474","Butyrivibrio_hungatei","Alloscardovia_omnicolens",1
"40475","Streptococcus_vestibularis","Alloscardovia_omnicolens",1
"40476","Veillonella_dispar","Alloscardovia_omnicolens",1
"40481","Actinomyces_odontolyticus","Alloscardovia_omnicolens",1
"40506","Lachnoanaerobaculum_orale","Alloscardovia_omnicolens",1
"40515","Prevotella_salivae","Alloscardovia_omnicolens",1
"40525","Prevotella_veroralis","Alloscardovia_omnicolens",1
"40527","Rothia_dentocariosa","Alloscardovia_omnicolens",1
"40528","Mycoplasma_faucium","Alloscardovia_omnicolens",1
"40554","Bifidobacterium_dentium","Alloscardovia_omnicolens",1
"40556","Haemophilus_parainfluenzae","Alloscardovia_omnicolens",-1
"40571","Lachnoanaerobaculum_saburreum","Alloscardovia_omnicolens",1
"40584","Fusobacterium_periodonticum","Alloscardovia_omnicolens",-1
"40612","Howardella_ureilytica","Alloscardovia_omnicolens",1
"40626","Streptococcus_parasanguinis","Alloscardovia_omnicolens",1
"40630","Actinomyces_graevenitzii","Alloscardovia_omnicolens",1
"40635","Atopobium_parvulum","Alloscardovia_omnicolens",1
"40652","Selenomonas_flueggei","Alloscardovia_omnicolens",1
"40671","Selenomonas_sputigena","Alloscardovia_omnicolens",1
"40681","Actinomyces_lingnae","Alloscardovia_omnicolens",1
"40688","Atopobium_minutum","Alloscardovia_omnicolens",1
"40695","Rhodococcus_erythropolis","Alloscardovia_omnicolens",1
"40706","Selenomonas_bovis","Alloscardovia_omnicolens",1
"40719","Megasphaera_micronuciformis","Alloscardovia_omnicolens",1
"40720","Cryptobacterium_curtum","Alloscardovia_omnicolens",1
"40728","Veillonella_atypica","Alloscardovia_omnicolens",1
"40751","Streptococcus_salivarius","Alloscardovia_omnicolens",1
"40762","Acinetobacter_johnsonii","Staphylococcus_epidermidis",1
"40867","Streptococcus_sanguinis","Staphylococcus_epidermidis",1
"41055","Neisseria_sicca","Neisseria_lactamica",1
"41061","Porphyromonas_endodontalis","Neisseria_lactamica",1
"41065","Prevotella_denticola","Neisseria_lactamica",1
"41108","Treponema_refringens","Neisseria_lactamica",1
"41153","Streptococcus_sanguinis","Neisseria_lactamica",1
"41163","Neisseria_oralis","Neisseria_lactamica",1
"41190","Streptobacillus_moniliformis","Neisseria_lactamica",1
"41246","Haemophilus_parahaemolyticus","Neisseria_lactamica",1
"41257","Haemophilus_influenzae","Neisseria_lactamica",1
"41260","Capnocytophaga_haemolytica","Neisseria_lactamica",1
"41267","Capnocytophaga_sputigena","Neisseria_lactamica",1
"41315","Fusobacterium_nucleatum","Neisseria_lactamica",1
"41325","Fusobacterium_russii","Neisseria_lactamica",1
"41624","Eubacterium_saphenum","Pseudoramibacter_alactolyticus",1
"41631","Prevotella_baroniae","Pseudoramibacter_alactolyticus",1
"41634","Treponema_denticola","Pseudoramibacter_alactolyticus",1
"41635","Eubacterium_brachy","Pseudoramibacter_alactolyticus",1
"41636","Porphyromonas_endodontalis","Pseudoramibacter_alactolyticus",1
"41640","Prevotella_denticola","Pseudoramibacter_alactolyticus",1
"41646","Dialister_invisus","Pseudoramibacter_alactolyticus",1
"41648","Prevotella_enoeca","Pseudoramibacter_alactolyticus",1
"41664","Eubacterium_nodatum","Pseudoramibacter_alactolyticus",1
"41666","Ornatilinea_apprima","Pseudoramibacter_alactolyticus",1
"41668","Anaeroglobus_geminatus","Pseudoramibacter_alactolyticus",1
"41673","Rothia_dentocariosa","Pseudoramibacter_alactolyticus",1
"41674","Mycoplasma_faucium","Pseudoramibacter_alactolyticus",1
"41675","Mycoplasma_hyosynoviae","Pseudoramibacter_alactolyticus",1
"41684","Treponema_pedis","Pseudoramibacter_alactolyticus",1
"41689","Schwartzia_succinivorans","Pseudoramibacter_alactolyticus",1
"41691","Prevotella_marshii","Pseudoramibacter_alactolyticus",1
"41696","Actinomyces_gerencseriae","Pseudoramibacter_alactolyticus",1
"41699","Selenomonas_noxia","Pseudoramibacter_alactolyticus",1
"41700","Bifidobacterium_dentium","Pseudoramibacter_alactolyticus",1
"41703","Porphyromonas_gingivalis","Pseudoramibacter_alactolyticus",1
"41706","Acinetobacter_junii","Pseudoramibacter_alactolyticus",1
"41712","Filifactor_alocis","Pseudoramibacter_alactolyticus",1
"41714","Odoribacter_denticanis","Pseudoramibacter_alactolyticus",1
"41715","Bacteroides_heparinolyticus","Pseudoramibacter_alactolyticus",1
"41717","Lachnoanaerobaculum_saburreum","Pseudoramibacter_alactolyticus",1
"41718","Acinetobacter_lwoffii","Pseudoramibacter_alactolyticus",1
"41720","Prevotella_paludivivens","Pseudoramibacter_alactolyticus",1
"41721","Streptococcus_gordonii","Pseudoramibacter_alactolyticus",1
"41722","Leptotrichia_hofstadii","Pseudoramibacter_alactolyticus",1
"41723","Bacteroides_zoogleoformans","Pseudoramibacter_alactolyticus",1
"41724","Natranaerovirga_hydrolytica","Pseudoramibacter_alactolyticus",1
"41729","Eubacterium_rectale","Pseudoramibacter_alactolyticus",1
"41731","Eubacterium_minutum","Pseudoramibacter_alactolyticus",1
"41732","Sporanaerobacter_acetigenes","Pseudoramibacter_alactolyticus",1
"41735","Tannerella_forsythia","Pseudoramibacter_alactolyticus",1
"41742","Leptotrichia_hongkongensis","Pseudoramibacter_alactolyticus",1
"41746","Slackia_exigua","Pseudoramibacter_alactolyticus",1
"41749","Desulfovibrio_fairfieldensis","Pseudoramibacter_alactolyticus",1
"41756","Prevotella_pleuritidis","Pseudoramibacter_alactolyticus",1
"41758","Howardella_ureilytica","Pseudoramibacter_alactolyticus",1
"41770","Desulfobulbus_rhabdoformis","Pseudoramibacter_alactolyticus",1
"41775","Prevotella_oralis","Pseudoramibacter_alactolyticus",1
"41786","Treponema_amylovorum","Pseudoramibacter_alactolyticus",1
"41789","Lactobacillus_frumenti","Pseudoramibacter_alactolyticus",1
"41790","Shuttleworthia_satelles","Pseudoramibacter_alactolyticus",1
"41794","Streptococcus_intermedius","Pseudoramibacter_alactolyticus",1
"41795","Treponema_socranskii","Pseudoramibacter_alactolyticus",1
"41797","Dialister_pneumosintes","Pseudoramibacter_alactolyticus",1
"41802","Mycoplasma_salivarium","Pseudoramibacter_alactolyticus",1
"41805","Actinomyces_oricola","Pseudoramibacter_alactolyticus",1
"41810","Capnocytophaga_ochracea","Pseudoramibacter_alactolyticus",1
"41814","Prevotella_intermedia","Pseudoramibacter_alactolyticus",1
"41817","Selenomonas_sputigena","Pseudoramibacter_alactolyticus",1
"41820","Bulleidia_extructa","Pseudoramibacter_alactolyticus",1
"41822","Alloprevotella_tannerae","Pseudoramibacter_alactolyticus",1
"41824","Actinomyces_georgiae","Pseudoramibacter_alactolyticus",1
"41828","Streptococcus_equinus","Pseudoramibacter_alactolyticus",1
"41831","Prevotella_maculosa","Pseudoramibacter_alactolyticus",1
"41848","Treponema_medium","Pseudoramibacter_alactolyticus",1
"41849","Selenomonas_infelix","Pseudoramibacter_alactolyticus",1
"41850","Prevotella_corporis","Pseudoramibacter_alactolyticus",1
"41860","Clostridium_ultunense","Pseudoramibacter_alactolyticus",1
"41866","Cryptobacterium_curtum","Pseudoramibacter_alactolyticus",1
"41875","Intestinimonas_butyriciproducens","Pseudoramibacter_alactolyticus",1
"41877","Campylobacter_gracilis","Pseudoramibacter_alactolyticus",1
"41879","Phocaeicola_abscessus","Pseudoramibacter_alactolyticus",1
"41883","Streptococcus_constellatus","Pseudoramibacter_alactolyticus",1
"41884","Prevotella_nigrescens","Pseudoramibacter_alactolyticus",1
"41885","Corynebacterium_matruchotii","Pseudoramibacter_alactolyticus",1
"41887","Parvimonas_micra","Pseudoramibacter_alactolyticus",1
"41889","Scardovia_wiggsiae","Pseudoramibacter_alactolyticus",1
"41890","Fusobacterium_nucleatum","Pseudoramibacter_alactolyticus",1
"41899","Prevotella_buccae","Pseudoramibacter_alactolyticus",1
"41923","Treponema_denticola","Mogibacterium_timidum",1
"41925","Porphyromonas_endodontalis","Mogibacterium_timidum",1
"41929","Prevotella_denticola","Mogibacterium_timidum",1
"41935","Dialister_invisus","Mogibacterium_timidum",1
"41937","Prevotella_enoeca","Mogibacterium_timidum",1
"41949","Actinomyces_bowdenii","Mogibacterium_timidum",1
"41951","Actinobaculum_massiliense","Mogibacterium_timidum",1
"41955","Ornatilinea_apprima","Mogibacterium_timidum",1
"41956","Neisseria_pharyngis","Mogibacterium_timidum",1
"41957","Anaeroglobus_geminatus","Mogibacterium_timidum",1
"41961","Dialister_propionicifaciens","Mogibacterium_timidum",1
"41962","Rothia_dentocariosa","Mogibacterium_timidum",1
"41963","Mycoplasma_faucium","Mogibacterium_timidum",1
"41964","Mycoplasma_hyosynoviae","Mogibacterium_timidum",1
"41967","Prevotella_dentalis","Mogibacterium_timidum",1
"41970","Peptococcus_niger","Mogibacterium_timidum",1
"41978","Schwartzia_succinivorans","Mogibacterium_timidum",1
"41979","Actinomyces_hyovaginalis","Mogibacterium_timidum",1
"41981","Treponema_parvum","Mogibacterium_timidum",1
"41985","Actinomyces_gerencseriae","Mogibacterium_timidum",1
"41988","Selenomonas_noxia","Mogibacterium_timidum",1
"41989","Bifidobacterium_dentium","Mogibacterium_timidum",1
"41992","Porphyromonas_gingivalis","Mogibacterium_timidum",1
"41999","Treponema_bryantii","Mogibacterium_timidum",1
"42001","Filifactor_alocis","Mogibacterium_timidum",1
"42003","Odoribacter_denticanis","Mogibacterium_timidum",1
"42004","Bacteroides_heparinolyticus","Mogibacterium_timidum",1
"42006","Lachnoanaerobaculum_saburreum","Mogibacterium_timidum",1
"42007","Acinetobacter_lwoffii","Mogibacterium_timidum",1
"42011","Leptotrichia_hofstadii","Mogibacterium_timidum",1
"42013","Natranaerovirga_hydrolytica","Mogibacterium_timidum",1
"42014","Mogibacterium_neglectum","Mogibacterium_timidum",1
"42020","Eubacterium_minutum","Mogibacterium_timidum",1
"42021","Sporanaerobacter_acetigenes","Mogibacterium_timidum",1
"42022","Desulfomicrobium_orale","Mogibacterium_timidum",1
"42024","Tannerella_forsythia","Mogibacterium_timidum",1
"42031","Leptotrichia_hongkongensis","Mogibacterium_timidum",1
"42035","Slackia_exigua","Mogibacterium_timidum",1
"42036","Actinomyces_viscosus","Mogibacterium_timidum",1
"42038","Desulfovibrio_fairfieldensis","Mogibacterium_timidum",1
"42039","Prevotella_multisaccharivorax","Mogibacterium_timidum",1
"42045","Prevotella_pleuritidis","Mogibacterium_timidum",1
"42058","Veillonella_ratti","Mogibacterium_timidum",1
"42064","Prevotella_oralis","Mogibacterium_timidum",1
"42075","Treponema_amylovorum","Mogibacterium_timidum",1
"42077","Wolinella_succinogenes","Mogibacterium_timidum",1
"42079","Shuttleworthia_satelles","Mogibacterium_timidum",1
"42083","Streptococcus_intermedius","Mogibacterium_timidum",1
"42084","Treponema_socranskii","Mogibacterium_timidum",1
"42086","Dialister_pneumosintes","Mogibacterium_timidum",1
"42088","Peptostreptococcus_stomatis","Mogibacterium_timidum",1
"42089","Lactobacillus_reuteri","Mogibacterium_timidum",1
"42091","Mycoplasma_salivarium","Mogibacterium_timidum",1
"42094","Actinomyces_oricola","Mogibacterium_timidum",1
"42095","Barnesiella_viscericola","Mogibacterium_timidum",1
"42099","Capnocytophaga_ochracea","Mogibacterium_timidum",1
"42103","Prevotella_intermedia","Mogibacterium_timidum",1
"42106","Selenomonas_sputigena","Mogibacterium_timidum",1
"42111","Alloprevotella_tannerae","Mogibacterium_timidum",1
"42113","Actinomyces_georgiae","Mogibacterium_timidum",1
"42114","Bilophila_wadsworthia","Mogibacterium_timidum",1
"42120","Prevotella_maculosa","Mogibacterium_timidum",1
"42125","Clostridium_aminobutyricum","Mogibacterium_timidum",1
"42127","Saccharofermentans_acetigenes","Mogibacterium_timidum",1
"42138","Selenomonas_infelix","Mogibacterium_timidum",1
"42139","Prevotella_corporis","Mogibacterium_timidum",1
"42155","Cryptobacterium_curtum","Mogibacterium_timidum",1
"42157","Atopobium_vaginae","Mogibacterium_timidum",1
"42165","Actinomyces_timonensis","Mogibacterium_timidum",1
"42166","Campylobacter_gracilis","Mogibacterium_timidum",1
"42173","Prevotella_nigrescens","Mogibacterium_timidum",1
"42174","Corynebacterium_matruchotii","Mogibacterium_timidum",1
"42176","Parvimonas_micra","Mogibacterium_timidum",1
"42177","Streptococcus_pyogenes","Mogibacterium_timidum",1
"42178","Scardovia_wiggsiae","Mogibacterium_timidum",1
"42179","Fusobacterium_nucleatum","Mogibacterium_timidum",1
"42181","Catonella_morbi","Mogibacterium_timidum",1
"42200","Streptococcus_vestibularis","Streptococcus_mutans",1
"42201","Veillonella_dispar","Streptococcus_mutans",1
"42219","Prevotella_denticola","Streptococcus_mutans",1
"42223","Actinomyces_oris","Streptococcus_mutans",1
"42225","Dialister_invisus","Streptococcus_mutans",1
"42241","Actinobaculum_massiliense","Streptococcus_mutans",1
"42249","Lactobacillus_johnsonii","Streptococcus_mutans",1
"42250","Prevotella_veroralis","Streptococcus_mutans",1
"42252","Rothia_dentocariosa","Streptococcus_mutans",1
"42253","Mycoplasma_faucium","Streptococcus_mutans",1
"42268","Schwartzia_succinivorans","Streptococcus_mutans",1
"42278","Selenomonas_noxia","Streptococcus_mutans",1
"42280","Gemmatimonas_aurantiaca","Streptococcus_mutans",1
"42289","Treponema_bryantii","Streptococcus_mutans",1
"42296","Lachnoanaerobaculum_saburreum","Streptococcus_mutans",1
"42297","Acinetobacter_lwoffii","Streptococcus_mutans",1
"42300","Streptococcus_gordonii","Streptococcus_mutans",1
"42301","Leptotrichia_hofstadii","Streptococcus_mutans",1
"42307","Streptococcus_sanguinis","Streptococcus_mutans",1
"42309","Fusobacterium_periodonticum","Streptococcus_mutans",-1
"42318","Lactobacillus_ruminis","Streptococcus_mutans",1
"42321","Leptotrichia_hongkongensis","Streptococcus_mutans",1
"42329","Prevotella_multisaccharivorax","Streptococcus_mutans",1
"42340","Propionibacterium_acidifaciens","Streptococcus_mutans",1
"42348","Veillonella_ratti","Streptococcus_mutans",1
"42350","Lactobacillus_mucosae","Streptococcus_mutans",1
"42368","Lactobacillus_frumenti","Streptococcus_mutans",1
"42369","Shuttleworthia_satelles","Streptococcus_mutans",1
"42377","Selenomonas_flueggei","Streptococcus_mutans",1
"42379","Lactobacillus_reuteri","Streptococcus_mutans",1
"42388","Leptotrichia_shahii","Streptococcus_mutans",1
"42389","Capnocytophaga_ochracea","Streptococcus_mutans",1
"42396","Selenomonas_sputigena","Streptococcus_mutans",1
"42403","Actinomyces_georgiae","Streptococcus_mutans",1
"42408","Lactobacillus_salivarius","Streptococcus_mutans",1
"42409","Lactobacillus_crispatus","Streptococcus_mutans",1
"42417","Saccharofermentans_acetigenes","Streptococcus_mutans",1
"42418","Veillonella_parvula","Streptococcus_mutans",1
"42420","Rhodococcus_erythropolis","Streptococcus_mutans",1
"42425","Lactobacillus_vaginalis","Streptococcus_mutans",1
"42434","Lactobacillus_fermentum","Streptococcus_mutans",1
"42445","Cryptobacterium_curtum","Streptococcus_mutans",1
"42448","Sediminibacterium_salmoneum","Streptococcus_mutans",1
"42453","Veillonella_atypica","Streptococcus_mutans",1
"42456","Campylobacter_gracilis","Streptococcus_mutans",1
"42462","Streptococcus_constellatus","Streptococcus_mutans",1
"42464","Corynebacterium_matruchotii","Streptococcus_mutans",1
"42468","Scardovia_wiggsiae","Streptococcus_mutans",1
"42469","Fusobacterium_nucleatum","Streptococcus_mutans",1
"42476","Streptococcus_salivarius","Streptococcus_mutans",1
"42485","Pseudoramibacter_alactolyticus","Streptococcus_mutans",1
"42491","Streptococcus_vestibularis","Streptococcus_thermophilus",1
"42492","Veillonella_dispar","Streptococcus_thermophilus",1
"42493","Acinetobacter_johnsonii","Streptococcus_thermophilus",1
"42497","Actinomyces_odontolyticus","Streptococcus_thermophilus",1
"42498","Bradyrhizobium_elkanii","Streptococcus_thermophilus",1
"42507","Eubacterium_yurii","Streptococcus_thermophilus",-1
"42509","Actinomyces_howellii","Streptococcus_thermophilus",1
"42522","Lachnoanaerobaculum_orale","Streptococcus_thermophilus",1
"42531","Prevotella_salivae","Streptococcus_thermophilus",1
"42540","Lactobacillus_johnsonii","Streptococcus_thermophilus",1
"42543","Rothia_dentocariosa","Streptococcus_thermophilus",1
"42550","Corynebacterium_jeikeium","Streptococcus_thermophilus",1
"42551","Peptococcus_niger","Streptococcus_thermophilus",-1
"42566","Actinomyces_gerencseriae","Streptococcus_thermophilus",1
"42570","Bifidobacterium_dentium","Streptococcus_thermophilus",1
"42572","Haemophilus_parainfluenzae","Streptococcus_thermophilus",-1
"42576","Acinetobacter_junii","Streptococcus_thermophilus",1
"42579","Streptococcus_agalactiae","Streptococcus_thermophilus",1
"42586","Rothia_mucilaginosa","Streptococcus_thermophilus",1
"42588","Acinetobacter_lwoffii","Streptococcus_thermophilus",1
"42591","Streptococcus_gordonii","Streptococcus_thermophilus",1
"42598","Streptococcus_sanguinis","Streptococcus_thermophilus",1
"42600","Fusobacterium_periodonticum","Streptococcus_thermophilus",-1
"42612","Leptotrichia_hongkongensis","Streptococcus_thermophilus",1
"42633","Parascardovia_denticolens","Streptococcus_thermophilus",1
"42641","Lactobacillus_mucosae","Streptococcus_thermophilus",1
"42642","Streptococcus_parasanguinis","Streptococcus_thermophilus",1
"42646","Actinomyces_graevenitzii","Streptococcus_thermophilus",1
"42651","Atopobium_parvulum","Streptococcus_thermophilus",1
"42659","Lactobacillus_frumenti","Streptococcus_thermophilus",1
"42663","Moraxella_osloensis","Streptococcus_thermophilus",1
"42664","Streptococcus_intermedius","Streptococcus_thermophilus",1
"42670","Lactobacillus_reuteri","Streptococcus_thermophilus",1
"42697","Actinomyces_lingnae","Streptococcus_thermophilus",1
"42698","Streptococcus_equinus","Streptococcus_thermophilus",1
"42700","Lactobacillus_crispatus","Streptococcus_thermophilus",1
"42704","Atopobium_minutum","Streptococcus_thermophilus",1
"42716","Lactobacillus_vaginalis","Streptococcus_thermophilus",1
"42725","Lactobacillus_fermentum","Streptococcus_thermophilus",1
"42733","Campylobacter_concisus","Streptococcus_thermophilus",1
"42735","Megasphaera_micronuciformis","Streptococcus_thermophilus",1
"42736","Cryptobacterium_curtum","Streptococcus_thermophilus",1
"42744","Veillonella_atypica","Streptococcus_thermophilus",1
"42750","Acinetobacter_calcoaceticus","Streptococcus_thermophilus",1
"42756","Eikenella_corrodens","Streptococcus_thermophilus",-1
"42759","Scardovia_wiggsiae","Streptococcus_thermophilus",1
"42767","Streptococcus_salivarius","Streptococcus_thermophilus",1
"42772","Alloscardovia_omnicolens","Streptococcus_thermophilus",1
"42778","Streptococcus_mutans","Streptococcus_thermophilus",1
"42780","Rothia_aeria","Propionibacterium_propionicum",1
"42787","Leptotrichia_buccalis","Propionibacterium_propionicum",1
"42792","Neisseria_sicca","Propionibacterium_propionicum",1
"42794","Capnocytophaga_leadbetteri","Propionibacterium_propionicum",1
"42796","Treponema_denticola","Propionibacterium_propionicum",1
"42797","Eubacterium_brachy","Propionibacterium_propionicum",1
"42798","Porphyromonas_endodontalis","Propionibacterium_propionicum",1
"42799","Eubacterium_yurii","Propionibacterium_propionicum",1
"42822","Actinomyces_bowdenii","Propionibacterium_propionicum",1
"42823","Prevotella_salivae","Propionibacterium_propionicum",-1
"42824","Actinobaculum_massiliense","Propionibacterium_propionicum",1
"42825","Mannheimia_granulomatis","Propionibacterium_propionicum",1
"42827","Planobacterium_taklimakanense","Propionibacterium_propionicum",1
"42836","Mycoplasma_faucium","Propionibacterium_propionicum",1
"42843","Peptococcus_niger","Propionibacterium_propionicum",1
"42851","Schwartzia_succinivorans","Propionibacterium_propionicum",1
"42855","Lautropia_mirabilis","Propionibacterium_propionicum",1
"42858","Actinomyces_gerencseriae","Propionibacterium_propionicum",1
"42860","Neisseria_shayeganii","Propionibacterium_propionicum",1
"42861","Selenomonas_noxia","Propionibacterium_propionicum",1
"42874","Filifactor_alocis","Propionibacterium_propionicum",1
"42879","Lachnoanaerobaculum_saburreum","Propionibacterium_propionicum",1
"42881","Brachymonas_denitrificans","Propionibacterium_propionicum",1
"42884","Leptotrichia_hofstadii","Propionibacterium_propionicum",1
"42890","Streptococcus_sanguinis","Propionibacterium_propionicum",1
"42891","Eubacterium_rectale","Propionibacterium_propionicum",1
"42897","Tannerella_forsythia","Propionibacterium_propionicum",1
"42899","Capnocytophaga_granulosa","Propionibacterium_propionicum",1
"42900","Neisseria_oralis","Propionibacterium_propionicum",1
"42904","Leptotrichia_hongkongensis","Propionibacterium_propionicum",1
"42905","Gemella_haemolysans","Propionibacterium_propionicum",1
"42910","Streptococcus_oralis","Propionibacterium_propionicum",1
"42931","Veillonella_ratti","Propionibacterium_propionicum",1
"42936","Ralstonia_solanacearum","Propionibacterium_propionicum",1
"42937","Prevotella_oralis","Propionibacterium_propionicum",1
"42956","Streptococcus_intermedius","Propionibacterium_propionicum",1
"42957","Treponema_socranskii","Propionibacterium_propionicum",1
"42964","Mycoplasma_salivarium","Propionibacterium_propionicum",1
"42971","Leptotrichia_shahii","Propionibacterium_propionicum",1
"42972","Capnocytophaga_ochracea","Propionibacterium_propionicum",1
"42979","Selenomonas_sputigena","Propionibacterium_propionicum",1
"42993","Prevotella_maculosa","Propionibacterium_propionicum",1
"42994","Haemophilus_influenzae","Propionibacterium_propionicum",1
"43004","Capnocytophaga_sputigena","Propionibacterium_propionicum",1
"43011","Selenomonas_infelix","Propionibacterium_propionicum",1
"43018","Neisseria_elongata","Propionibacterium_propionicum",1
"43023","Granulicatella_elegans","Propionibacterium_propionicum",1
"43032","Abiotrophia_defectiva","Propionibacterium_propionicum",1
"43033","Gemella_morbillorum","Propionibacterium_propionicum",1
"43035","Haemophilus_sputorum","Propionibacterium_propionicum",1
"43047","Corynebacterium_matruchotii","Propionibacterium_propionicum",1
"43052","Fusobacterium_nucleatum","Propionibacterium_propionicum",1
"43053","Prevotella_saccharolytica","Propionibacterium_propionicum",1
"43063","Neisseria_meningitidis","Propionibacterium_propionicum",1
"43066","Neisseria_lactamica","Propionibacterium_propionicum",1
"43182","Peptoniphilus_lacrimalis","Porphyromonas_asaccharolytica",1
"43250","Treponema_socranskii","Porphyromonas_asaccharolytica",1
"43252","Dialister_pneumosintes","Porphyromonas_asaccharolytica",1
"43270","Porphyromonas_uenonis","Porphyromonas_asaccharolytica",1
"43339","Prevotella_nigrescens","Porphyromonas_asaccharolytica",1
"43373","Eubacterium_saphenum","Treponema_pectinovorum",1
"43374","Leptotrichia_buccalis","Treponema_pectinovorum",1
"43379","Neisseria_sicca","Treponema_pectinovorum",1
"43380","Prevotella_baroniae","Treponema_pectinovorum",1
"43383","Treponema_denticola","Treponema_pectinovorum",1
"43384","Eubacterium_brachy","Treponema_pectinovorum",1
"43385","Porphyromonas_endodontalis","Treponema_pectinovorum",1
"43386","Eubacterium_yurii","Treponema_pectinovorum",1
"43389","Prevotella_denticola","Treponema_pectinovorum",1
"43392","Prevotella_scopos","Treponema_pectinovorum",1
"43395","Dialister_invisus","Treponema_pectinovorum",1
"43408","Bergeyella_zoohelcum","Treponema_pectinovorum",1
"43413","Eubacterium_nodatum","Treponema_pectinovorum",1
"43416","Neisseria_pharyngis","Treponema_pectinovorum",1
"43417","Anaeroglobus_geminatus","Treponema_pectinovorum",1
"43418","Olsenella_uli","Treponema_pectinovorum",1
"43420","Prevotella_veroralis","Treponema_pectinovorum",1
"43423","Mycoplasma_faucium","Treponema_pectinovorum",1
"43427","Prevotella_dentalis","Treponema_pectinovorum",1
"43430","Peptococcus_niger","Treponema_pectinovorum",1
"43440","Prevotella_marshii","Treponema_pectinovorum",1
"43448","Selenomonas_noxia","Treponema_pectinovorum",1
"43449","Bifidobacterium_dentium","Treponema_pectinovorum",1
"43460","Bacteroides_intestinalis","Treponema_pectinovorum",1
"43461","Filifactor_alocis","Treponema_pectinovorum",1
"43469","Prevotella_paludivivens","Treponema_pectinovorum",1
"43473","Natranaerovirga_hydrolytica","Treponema_pectinovorum",1
"43484","Tannerella_forsythia","Treponema_pectinovorum",1
"43485","Kingella_potus","Treponema_pectinovorum",1
"43486","Capnocytophaga_granulosa","Treponema_pectinovorum",1
"43487","Neisseria_oralis","Treponema_pectinovorum",1
"43491","Leptotrichia_hongkongensis","Treponema_pectinovorum",1
"43495","Slackia_exigua","Treponema_pectinovorum",1
"43503","Cardiobacterium_valvarum","Treponema_pectinovorum",1
"43505","Prevotella_pleuritidis","Treponema_pectinovorum",1
"43507","Howardella_ureilytica","Treponema_pectinovorum",1
"43513","Prevotella_falsenii","Treponema_pectinovorum",1
"43514","Streptobacillus_moniliformis","Treponema_pectinovorum",1
"43519","Desulfobulbus_rhabdoformis","Treponema_pectinovorum",1
"43524","Prevotella_oralis","Treponema_pectinovorum",1
"43526","Alloprevotella_rava","Treponema_pectinovorum",1
"43535","Treponema_amylovorum","Treponema_pectinovorum",1
"43539","Shuttleworthia_satelles","Treponema_pectinovorum",1
"43540","Treponema_lecithinolyticum","Treponema_pectinovorum",1
"43544","Treponema_socranskii","Treponema_pectinovorum",1
"43546","Dialister_pneumosintes","Treponema_pectinovorum",1
"43547","Selenomonas_flueggei","Treponema_pectinovorum",1
"43548","Peptostreptococcus_stomatis","Treponema_pectinovorum",1
"43551","Mycoplasma_salivarium","Treponema_pectinovorum",1
"43555","Barnesiella_viscericola","Treponema_pectinovorum",1
"43559","Capnocytophaga_ochracea","Treponema_pectinovorum",1
"43563","Prevotella_intermedia","Treponema_pectinovorum",1
"43565","Prevotella_fusca","Treponema_pectinovorum",1
"43566","Selenomonas_sputigena","Treponema_pectinovorum",1
"43569","Bulleidia_extructa","Treponema_pectinovorum",1
"43571","Alloprevotella_tannerae","Treponema_pectinovorum",1
"43573","Actinomyces_georgiae","Treponema_pectinovorum",1
"43580","Prevotella_maculosa","Treponema_pectinovorum",1
"43581","Haemophilus_influenzae","Treponema_pectinovorum",1
"43585","Clostridium_aminobutyricum","Treponema_pectinovorum",1
"43589","Actinomyces_cardiffensis","Treponema_pectinovorum",1
"43591","Capnocytophaga_sputigena","Treponema_pectinovorum",1
"43597","Treponema_medium","Treponema_pectinovorum",1
"43598","Selenomonas_infelix","Treponema_pectinovorum",1
"43601","Selenomonas_bovis","Treponema_pectinovorum",1
"43609","Clostridium_ultunense","Treponema_pectinovorum",1
"43626","Campylobacter_gracilis","Treponema_pectinovorum",1
"43630","Campylobacter_rectus","Treponema_pectinovorum",1
"43632","Streptococcus_constellatus","Treponema_pectinovorum",1
"43633","Prevotella_nigrescens","Treponema_pectinovorum",1
"43634","Corynebacterium_matruchotii","Treponema_pectinovorum",1
"43635","Eikenella_corrodens","Treponema_pectinovorum",1
"43636","Parvimonas_micra","Treponema_pectinovorum",1
"43639","Fusobacterium_nucleatum","Treponema_pectinovorum",1
"43640","Prevotella_saccharolytica","Treponema_pectinovorum",1
"43641","Catonella_morbi","Treponema_pectinovorum",1
"43648","Prevotella_buccae","Treponema_pectinovorum",1
"43656","Mogibacterium_timidum","Treponema_pectinovorum",1
"43661","Veillonella_rogosae","Neisseria_flavescens",1
"43662","Rothia_aeria","Neisseria_flavescens",1
"43666","Veillonella_dispar","Neisseria_flavescens",-1
"43674","Neisseria_sicca","Neisseria_flavescens",1
"43676","Capnocytophaga_leadbetteri","Neisseria_flavescens",1
"43681","Eubacterium_yurii","Neisseria_flavescens",1
"43682","Prevotella_shahii","Neisseria_flavescens",1
"43685","Actinobacillus_minor","Neisseria_flavescens",1
"43686","Haemophilus_haemoglobinophilus","Neisseria_flavescens",1
"43695","Moraxella_lacunata","Neisseria_flavescens",1
"43697","Bacillus_pumilus","Neisseria_flavescens",1
"43703","Bergeyella_zoohelcum","Neisseria_flavescens",1
"43705","Prevotella_salivae","Neisseria_flavescens",-1
"43707","Mannheimia_granulomatis","Neisseria_flavescens",1
"43709","Planobacterium_taklimakanense","Neisseria_flavescens",1
"43711","Neisseria_pharyngis","Neisseria_flavescens",1
"43720","Azospira_oryzae","Neisseria_flavescens",1
"43721","Alysiella_crassa","Neisseria_flavescens",1
"43723","Acidithiobacillus_thiooxidans","Neisseria_flavescens",1
"43725","Peptococcus_niger","Neisseria_flavescens",1
"43727","Treponema_refringens","Neisseria_flavescens",1
"43737","Lautropia_mirabilis","Neisseria_flavescens",1
"43739","Actinobacillus_rossii","Neisseria_flavescens",1
"43741","Bacteroides_stercoris","Neisseria_flavescens",1
"43742","Neisseria_shayeganii","Neisseria_flavescens",1
"43746","Haemophilus_parainfluenzae","Neisseria_flavescens",1
"43755","Bacteroides_intestinalis","Neisseria_flavescens",1
"43761","Lachnoanaerobaculum_saburreum","Neisseria_flavescens",-1
"43763","Brachymonas_denitrificans","Neisseria_flavescens",1
"43774","Fusobacterium_periodonticum","Neisseria_flavescens",1
"43778","Campylobacter_showae","Neisseria_flavescens",1
"43781","Capnocytophaga_granulosa","Neisseria_flavescens",1
"43782","Neisseria_oralis","Neisseria_flavescens",1
"43785","Soonwooa_buanensis","Neisseria_flavescens",1
"43801","Corynebacterium_argentoratense","Neisseria_flavescens",1
"43803","Snodgrassella_alvi","Neisseria_flavescens",1
"43816","Streptococcus_parasanguinis","Neisseria_flavescens",-1
"43818","Ralstonia_solanacearum","Neisseria_flavescens",1
"43823","Actinobacillus_porcinus","Neisseria_flavescens",1
"43825","Atopobium_parvulum","Neisseria_flavescens",-1
"43829","Pasteurella_pneumotropica","Neisseria_flavescens",1
"43831","Prevotella_nanceiensis","Neisseria_flavescens",1
"43836","Neisseria_macacae","Neisseria_flavescens",1
"43848","Simonsiella_muelleri","Neisseria_flavescens",1
"43851","Prevotella_aurantiaca","Neisseria_flavescens",1
"43856","Gemella_sanguinis","Neisseria_flavescens",1
"43865","Haemophilus_parahaemolyticus","Neisseria_flavescens",1
"43876","Haemophilus_influenzae","Neisseria_flavescens",1
"43877","Moraxella_bovoculi","Neisseria_flavescens",1
"43886","Capnocytophaga_sputigena","Neisseria_flavescens",1
"43891","Mycoplasma_orale","Neisseria_flavescens",1
"43897","Chryseobacterium_kwangjuense","Neisseria_flavescens",1
"43900","Neisseria_elongata","Neisseria_flavescens",1
"43906","Neisseria_subflava","Neisseria_flavescens",1
"43909","Megasphaera_micronuciformis","Neisseria_flavescens",-1
"43917","Haemophilus_sputorum","Neisseria_flavescens",1
"43930","Eikenella_corrodens","Neisseria_flavescens",1
"43937","Moraxella_boevrei","Neisseria_flavescens",1
"43939","Morococcus_cerebrosus","Neisseria_flavescens",1
"43942","Elizabethkingia_meningoseptica","Neisseria_flavescens",1
"43945","Neisseria_meningitidis","Neisseria_flavescens",1
"43948","Neisseria_lactamica","Neisseria_flavescens",1
"43949","Mannheimia_haemolytica","Neisseria_flavescens",1
"43952","Streptococcus_mutans","Neisseria_flavescens",-1
"43953","Streptococcus_thermophilus","Neisseria_flavescens",-1
"43962","Veillonella_dispar","Streptococcus_anginosus",1
"43964","Eubacterium_saphenum","Streptococcus_anginosus",1
"43966","Clostridium_ruminantium","Streptococcus_anginosus",1
"43968","Bradyrhizobium_elkanii","Streptococcus_anginosus",1
"43971","Prevotella_baroniae","Streptococcus_anginosus",1
"43974","Treponema_denticola","Streptococcus_anginosus",1
"43975","Eubacterium_brachy","Streptococcus_anginosus",1
"43976","Porphyromonas_endodontalis","Streptococcus_anginosus",1
"43980","Prevotella_denticola","Streptococcus_anginosus",1
"43984","Actinomyces_oris","Streptococcus_anginosus",1
"43985","Megasphaera_elsdenii","Streptococcus_anginosus",1
"43986","Dialister_invisus","Streptococcus_anginosus",1
"43988","Prevotella_enoeca","Streptococcus_anginosus",1
"44002","Actinobaculum_massiliense","Streptococcus_anginosus",1
"44004","Eubacterium_nodatum","Streptococcus_anginosus",1
"44006","Ornatilinea_apprima","Streptococcus_anginosus",1
"44008","Anaeroglobus_geminatus","Streptococcus_anginosus",1
"44010","Lactobacillus_johnsonii","Streptococcus_anginosus",1
"44011","Prevotella_veroralis","Streptococcus_anginosus",1
"44012","Dialister_propionicifaciens","Streptococcus_anginosus",1
"44013","Rothia_dentocariosa","Streptococcus_anginosus",1
"44014","Mycoplasma_faucium","Streptococcus_anginosus",1
"44015","Mycoplasma_hyosynoviae","Streptococcus_anginosus",1
"44018","Prevotella_dentalis","Streptococcus_anginosus",1
"44020","Corynebacterium_jeikeium","Streptococcus_anginosus",1
"44024","Treponema_pedis","Streptococcus_anginosus",1
"44025","Campylobacter_curvus","Streptococcus_anginosus",1
"44027","Mycoplasma_feliminutum","Streptococcus_anginosus",1
"44028","Streptococcus_pneumoniae","Streptococcus_anginosus",1
"44029","Schwartzia_succinivorans","Streptococcus_anginosus",1
"44031","Prevotella_marshii","Streptococcus_anginosus",1
"44036","Actinomyces_gerencseriae","Streptococcus_anginosus",1
"44039","Selenomonas_noxia","Streptococcus_anginosus",1
"44040","Bifidobacterium_dentium","Streptococcus_anginosus",1
"44043","Porphyromonas_gingivalis","Streptococcus_anginosus",1
"44044","Streptococcus_sobrinus","Streptococcus_anginosus",1
"44046","Acinetobacter_junii","Streptococcus_anginosus",1
"44050","Treponema_bryantii","Streptococcus_anginosus",1
"44054","Odoribacter_denticanis","Streptococcus_anginosus",1
"44057","Lachnoanaerobaculum_saburreum","Streptococcus_anginosus",1
"44058","Acinetobacter_lwoffii","Streptococcus_anginosus",1
"44061","Streptococcus_gordonii","Streptococcus_anginosus",1
"44062","Leptotrichia_hofstadii","Streptococcus_anginosus",1
"44063","Bacteroides_zoogleoformans","Streptococcus_anginosus",1
"44064","Natranaerovirga_hydrolytica","Streptococcus_anginosus",1
"44068","Streptococcus_sanguinis","Streptococcus_anginosus",1
"44069","Eubacterium_rectale","Streptococcus_anginosus",1
"44071","Eubacterium_minutum","Streptococcus_anginosus",1
"44073","Desulfomicrobium_orale","Streptococcus_anginosus",1
"44075","Tannerella_forsythia","Streptococcus_anginosus",1
"44077","Capnocytophaga_granulosa","Streptococcus_anginosus",1
"44079","Lactobacillus_ruminis","Streptococcus_anginosus",1
"44082","Leptotrichia_hongkongensis","Streptococcus_anginosus",1
"44083","Gemella_haemolysans","Streptococcus_anginosus",1
"44086","Slackia_exigua","Streptococcus_anginosus",1
"44087","Actinomyces_viscosus","Streptococcus_anginosus",1
"44088","Streptococcus_oralis","Streptococcus_anginosus",1
"44090","Prevotella_multisaccharivorax","Streptococcus_anginosus",1
"44091","Streptococcus_sinensis","Streptococcus_anginosus",1
"44092","Gemella_cuniculi","Streptococcus_anginosus",1
"44093","Desulfobulbus_propionicus","Streptococcus_anginosus",1
"44094","Cardiobacterium_valvarum","Streptococcus_anginosus",1
"44095","Corynebacterium_tuberculostearicum","Streptococcus_anginosus",1
"44096","Prevotella_pleuritidis","Streptococcus_anginosus",1
"44098","Howardella_ureilytica","Streptococcus_anginosus",1
"44101","Propionibacterium_acidifaciens","Streptococcus_anginosus",1
"44110","Desulfobulbus_rhabdoformis","Streptococcus_anginosus",1
"44111","Lactobacillus_mucosae","Streptococcus_anginosus",1
"44112","Streptococcus_parasanguinis","Streptococcus_anginosus",1
"44126","Treponema_amylovorum","Streptococcus_anginosus",1
"44128","Wolinella_succinogenes","Streptococcus_anginosus",1
"44129","Lactobacillus_frumenti","Streptococcus_anginosus",1
"44130","Shuttleworthia_satelles","Streptococcus_anginosus",1
"44131","Treponema_lecithinolyticum","Streptococcus_anginosus",1
"44133","Moraxella_osloensis","Streptococcus_anginosus",1
"44134","Streptococcus_intermedius","Streptococcus_anginosus",1
"44135","Treponema_socranskii","Streptococcus_anginosus",1
"44137","Dialister_pneumosintes","Streptococcus_anginosus",1
"44138","Selenomonas_flueggei","Streptococcus_anginosus",1
"44140","Lactobacillus_reuteri","Streptococcus_anginosus",1
"44142","Mycoplasma_salivarium","Streptococcus_anginosus",1
"44145","Actinomyces_oricola","Streptococcus_anginosus",1
"44148","Leptotrichia_amnionii","Streptococcus_anginosus",1
"44149","Leptotrichia_shahii","Streptococcus_anginosus",1
"44150","Capnocytophaga_ochracea","Streptococcus_anginosus",1
"44154","Prevotella_intermedia","Streptococcus_anginosus",1
"44157","Selenomonas_sputigena","Streptococcus_anginosus",1
"44158","Veillonella_rodentium","Streptococcus_anginosus",1
"44159","Klebsiella_pneumoniae","Streptococcus_anginosus",1
"44160","Bulleidia_extructa","Streptococcus_anginosus",1
"44162","Alloprevotella_tannerae","Streptococcus_anginosus",1
"44168","Streptococcus_equinus","Streptococcus_anginosus",1
"44169","Lactobacillus_salivarius","Streptococcus_anginosus",1
"44170","Lactobacillus_crispatus","Streptococcus_anginosus",1
"44171","Prevotella_maculosa","Streptococcus_anginosus",1
"44178","Saccharofermentans_acetigenes","Streptococcus_anginosus",1
"44180","Actinomyces_cardiffensis","Streptococcus_anginosus",1
"44186","Lactobacillus_vaginalis","Streptococcus_anginosus",1
"44188","Treponema_medium","Streptococcus_anginosus",1
"44189","Selenomonas_infelix","Streptococcus_anginosus",1
"44190","Prevotella_corporis","Streptococcus_anginosus",1
"44192","Selenomonas_bovis","Streptococcus_anginosus",1
"44194","Lactobacillus_delbrueckii","Streptococcus_anginosus",1
"44195","Lactobacillus_fermentum","Streptococcus_anginosus",1
"44200","Clostridium_ultunense","Streptococcus_anginosus",1
"44206","Cryptobacterium_curtum","Streptococcus_anginosus",1
"44209","Sediminibacterium_salmoneum","Streptococcus_anginosus",1
"44211","Gemella_morbillorum","Streptococcus_anginosus",1
"44214","Veillonella_atypica","Streptococcus_anginosus",1
"44217","Campylobacter_gracilis","Streptococcus_anginosus",1
"44219","Phocaeicola_abscessus","Streptococcus_anginosus",1
"44220","Acinetobacter_calcoaceticus","Streptococcus_anginosus",1
"44221","Campylobacter_rectus","Streptococcus_anginosus",1
"44223","Streptococcus_constellatus","Streptococcus_anginosus",1
"44224","Prevotella_nigrescens","Streptococcus_anginosus",1
"44225","Corynebacterium_matruchotii","Streptococcus_anginosus",1
"44229","Scardovia_wiggsiae","Streptococcus_anginosus",1
"44230","Fusobacterium_nucleatum","Streptococcus_anginosus",1
"44236","Actinomyces_massiliensis","Streptococcus_anginosus",1
"44237","Streptococcus_salivarius","Streptococcus_anginosus",1
"44239","Prevotella_buccae","Streptococcus_anginosus",1
"44242","Alloscardovia_omnicolens","Streptococcus_anginosus",1
"44246","Pseudoramibacter_alactolyticus","Streptococcus_anginosus",1
"44249","Streptococcus_thermophilus","Streptococcus_anginosus",1
"44251","Porphyromonas_asaccharolytica","Streptococcus_anginosus",1
"44252","Treponema_pectinovorum","Streptococcus_anginosus",1
"44255","Rothia_aeria","Leptotrichia_trevisanii",1
"44256","Aggregatibacter_actinomycetemcomitans","Leptotrichia_trevisanii",1
"44262","Leptotrichia_buccalis","Leptotrichia_trevisanii",1
"44268","Prevotella_baroniae","Leptotrichia_trevisanii",1
"44269","Capnocytophaga_leadbetteri","Leptotrichia_trevisanii",1
"44271","Treponema_denticola","Leptotrichia_trevisanii",1
"44272","Eubacterium_brachy","Leptotrichia_trevisanii",1
"44273","Porphyromonas_endodontalis","Leptotrichia_trevisanii",1
"44274","Eubacterium_yurii","Leptotrichia_trevisanii",1
"44275","Prevotella_shahii","Leptotrichia_trevisanii",1
"44277","Prevotella_denticola","Leptotrichia_trevisanii",1
"44283","Dialister_invisus","Leptotrichia_trevisanii",1
"44285","Prevotella_enoeca","Leptotrichia_trevisanii",1
"44288","Moraxella_lacunata","Leptotrichia_trevisanii",1
"44296","Bergeyella_zoohelcum","Leptotrichia_trevisanii",1
"44300","Mannheimia_granulomatis","Leptotrichia_trevisanii",1
"44301","Eubacterium_nodatum","Leptotrichia_trevisanii",1
"44302","Planobacterium_taklimakanense","Leptotrichia_trevisanii",1
"44303","Ornatilinea_apprima","Leptotrichia_trevisanii",1
"44304","Neisseria_pharyngis","Leptotrichia_trevisanii",1
"44305","Anaeroglobus_geminatus","Leptotrichia_trevisanii",1
"44311","Mycoplasma_faucium","Leptotrichia_trevisanii",1
"44312","Mycoplasma_hyosynoviae","Leptotrichia_trevisanii",1
"44313","Azospira_oryzae","Leptotrichia_trevisanii",1
"44318","Peptococcus_niger","Leptotrichia_trevisanii",1
"44320","Treponema_refringens","Leptotrichia_trevisanii",1
"44321","Treponema_pedis","Leptotrichia_trevisanii",1
"44326","Schwartzia_succinivorans","Leptotrichia_trevisanii",1
"44328","Prevotella_marshii","Leptotrichia_trevisanii",1
"44330","Lautropia_mirabilis","Leptotrichia_trevisanii",1
"44333","Actinomyces_gerencseriae","Leptotrichia_trevisanii",1
"44335","Neisseria_shayeganii","Leptotrichia_trevisanii",1
"44336","Selenomonas_noxia","Leptotrichia_trevisanii",1
"44340","Porphyromonas_gingivalis","Leptotrichia_trevisanii",1
"44347","Treponema_bryantii","Leptotrichia_trevisanii",1
"44348","Bacteroides_intestinalis","Leptotrichia_trevisanii",1
"44349","Filifactor_alocis","Leptotrichia_trevisanii",1
"44352","Bacteroides_heparinolyticus","Leptotrichia_trevisanii",1
"44354","Lachnoanaerobaculum_saburreum","Leptotrichia_trevisanii",1
"44356","Brachymonas_denitrificans","Leptotrichia_trevisanii",1
"44357","Prevotella_paludivivens","Leptotrichia_trevisanii",1
"44359","Leptotrichia_hofstadii","Leptotrichia_trevisanii",1
"44360","Bacteroides_zoogleoformans","Leptotrichia_trevisanii",1
"44361","Natranaerovirga_hydrolytica","Leptotrichia_trevisanii",1
"44365","Streptococcus_sanguinis","Leptotrichia_trevisanii",1
"44367","Fusobacterium_periodonticum","Leptotrichia_trevisanii",1
"44369","Sporanaerobacter_acetigenes","Leptotrichia_trevisanii",1
"44371","Campylobacter_showae","Leptotrichia_trevisanii",1
"44372","Tannerella_forsythia","Leptotrichia_trevisanii",1
"44373","Kingella_potus","Leptotrichia_trevisanii",1
"44374","Capnocytophaga_granulosa","Leptotrichia_trevisanii",1
"44375","Neisseria_oralis","Leptotrichia_trevisanii",1
"44378","Soonwooa_buanensis","Leptotrichia_trevisanii",1
"44379","Leptotrichia_hongkongensis","Leptotrichia_trevisanii",1
"44383","Slackia_exigua","Leptotrichia_trevisanii",1
"44391","Cardiobacterium_valvarum","Leptotrichia_trevisanii",1
"44396","Snodgrassella_alvi","Leptotrichia_trevisanii",1
"44397","Clostridium_hathewayi","Leptotrichia_trevisanii",1
"44401","Prevotella_falsenii","Leptotrichia_trevisanii",1
"44402","Streptobacillus_moniliformis","Leptotrichia_trevisanii",1
"44407","Desulfobulbus_rhabdoformis","Leptotrichia_trevisanii",1
"44408","Lactobacillus_mucosae","Leptotrichia_trevisanii",1
"44412","Prevotella_oralis","Leptotrichia_trevisanii",1
"44422","Pasteurella_pneumotropica","Leptotrichia_trevisanii",1
"44423","Treponema_amylovorum","Leptotrichia_trevisanii",1
"44425","Wolinella_succinogenes","Leptotrichia_trevisanii",1
"44427","Shuttleworthia_satelles","Leptotrichia_trevisanii",1
"44428","Treponema_lecithinolyticum","Leptotrichia_trevisanii",1
"44429","Neisseria_macacae","Leptotrichia_trevisanii",1
"44432","Treponema_socranskii","Leptotrichia_trevisanii",1
"44433","Pyramidobacter_piscolens","Leptotrichia_trevisanii",1
"44434","Dialister_pneumosintes","Leptotrichia_trevisanii",1
"44436","Peptostreptococcus_stomatis","Leptotrichia_trevisanii",1
"44439","Mycoplasma_salivarium","Leptotrichia_trevisanii",1
"44443","Barnesiella_viscericola","Leptotrichia_trevisanii",1
"44446","Leptotrichia_shahii","Leptotrichia_trevisanii",1
"44447","Capnocytophaga_ochracea","Leptotrichia_trevisanii",1
"44450","Conchiformibius_steedae","Leptotrichia_trevisanii",1
"44451","Prevotella_intermedia","Leptotrichia_trevisanii",1
"44454","Selenomonas_sputigena","Leptotrichia_trevisanii",1
"44459","Alloprevotella_tannerae","Leptotrichia_trevisanii",1
"44460","Alkaliphilus_crotonatoxidans","Leptotrichia_trevisanii",1
"44461","Actinomyces_georgiae","Leptotrichia_trevisanii",1
"44468","Prevotella_maculosa","Leptotrichia_trevisanii",1
"44470","Moraxella_bovoculi","Leptotrichia_trevisanii",1
"44473","Clostridium_aminobutyricum","Leptotrichia_trevisanii",1
"44474","Porphyromonas_gulae","Leptotrichia_trevisanii",1
"44477","Actinomyces_cardiffensis","Leptotrichia_trevisanii",1
"44479","Capnocytophaga_sputigena","Leptotrichia_trevisanii",1
"44484","Mycoplasma_orale","Leptotrichia_trevisanii",1
"44485","Treponema_medium","Leptotrichia_trevisanii",1
"44486","Selenomonas_infelix","Leptotrichia_trevisanii",1
"44487","Prevotella_corporis","Leptotrichia_trevisanii",1
"44488","Leptotrichia_goodfellowii","Leptotrichia_trevisanii",1
"44490","Chryseobacterium_kwangjuense","Leptotrichia_trevisanii",1
"44493","Neisseria_elongata","Leptotrichia_trevisanii",1
"44497","Clostridium_ultunense","Leptotrichia_trevisanii",1
"44498","Granulicatella_elegans","Leptotrichia_trevisanii",1
"44507","Abiotrophia_defectiva","Leptotrichia_trevisanii",1
"44508","Gemella_morbillorum","Leptotrichia_trevisanii",1
"44510","Haemophilus_sputorum","Leptotrichia_trevisanii",1
"44512","Intestinimonas_butyriciproducens","Leptotrichia_trevisanii",1
"44513","Actinomyces_timonensis","Leptotrichia_trevisanii",1
"44514","Campylobacter_gracilis","Leptotrichia_trevisanii",1
"44516","Phocaeicola_abscessus","Leptotrichia_trevisanii",1
"44518","Campylobacter_rectus","Leptotrichia_trevisanii",1
"44521","Prevotella_nigrescens","Leptotrichia_trevisanii",1
"44522","Corynebacterium_matruchotii","Leptotrichia_trevisanii",1
"44523","Eikenella_corrodens","Leptotrichia_trevisanii",1
"44524","Parvimonas_micra","Leptotrichia_trevisanii",1
"44527","Fusobacterium_nucleatum","Leptotrichia_trevisanii",1
"44528","Prevotella_saccharolytica","Leptotrichia_trevisanii",1
"44529","Catonella_morbi","Leptotrichia_trevisanii",1
"44532","Morococcus_cerebrosus","Leptotrichia_trevisanii",1
"44533","Actinomyces_massiliensis","Leptotrichia_trevisanii",1
"44535","Elizabethkingia_meningoseptica","Leptotrichia_trevisanii",1
"44536","Prevotella_buccae","Leptotrichia_trevisanii",1
"44537","Fusobacterium_russii","Leptotrichia_trevisanii",1
"44541","Neisseria_lactamica","Leptotrichia_trevisanii",1
"44547","Propionibacterium_propionicum","Leptotrichia_trevisanii",1
"44549","Treponema_pectinovorum","Leptotrichia_trevisanii",1
"44551","Streptococcus_anginosus","Leptotrichia_trevisanii",1
"44559","Eubacterium_saphenum","Treponema_putidum",1
"44560","Leptotrichia_buccalis","Treponema_putidum",1
"44566","Prevotella_baroniae","Treponema_putidum",1
"44567","Capnocytophaga_leadbetteri","Treponema_putidum",1
"44569","Treponema_denticola","Treponema_putidum",1
"44570","Eubacterium_brachy","Treponema_putidum",1
"44571","Porphyromonas_endodontalis","Treponema_putidum",1
"44572","Eubacterium_yurii","Treponema_putidum",1
"44575","Prevotella_denticola","Treponema_putidum",1
"44578","Prevotella_scopos","Treponema_putidum",1
"44581","Dialister_invisus","Treponema_putidum",1
"44583","Prevotella_enoeca","Treponema_putidum",1
"44599","Eubacterium_nodatum","Treponema_putidum",1
"44601","Ornatilinea_apprima","Treponema_putidum",1
"44602","Neisseria_pharyngis","Treponema_putidum",1
"44603","Anaeroglobus_geminatus","Treponema_putidum",1
"44604","Olsenella_uli","Treponema_putidum",1
"44609","Mycoplasma_faucium","Treponema_putidum",1
"44613","Prevotella_dentalis","Treponema_putidum",1
"44616","Peptococcus_niger","Treponema_putidum",1
"44619","Treponema_pedis","Treponema_putidum",1
"44624","Schwartzia_succinivorans","Treponema_putidum",1
"44626","Prevotella_marshii","Treponema_putidum",1
"44634","Selenomonas_noxia","Treponema_putidum",1
"44638","Porphyromonas_gingivalis","Treponema_putidum",1
"44647","Filifactor_alocis","Treponema_putidum",1
"44650","Bacteroides_heparinolyticus","Treponema_putidum",1
"44654","Brachymonas_denitrificans","Treponema_putidum",1
"44657","Leptotrichia_hofstadii","Treponema_putidum",1
"44658","Bacteroides_zoogleoformans","Treponema_putidum",1
"44669","Campylobacter_showae","Treponema_putidum",1
"44670","Tannerella_forsythia","Treponema_putidum",1
"44671","Kingella_potus","Treponema_putidum",1
"44672","Capnocytophaga_granulosa","Treponema_putidum",1
"44673","Neisseria_oralis","Treponema_putidum",1
"44676","Soonwooa_buanensis","Treponema_putidum",1
"44677","Leptotrichia_hongkongensis","Treponema_putidum",1
"44681","Slackia_exigua","Treponema_putidum",1
"44686","Streptococcus_sinensis","Treponema_putidum",1
"44689","Cardiobacterium_valvarum","Treponema_putidum",1
"44691","Prevotella_pleuritidis","Treponema_putidum",1
"44699","Prevotella_falsenii","Treponema_putidum",1
"44700","Streptobacillus_moniliformis","Treponema_putidum",1
"44705","Desulfobulbus_rhabdoformis","Treponema_putidum",1
"44706","Lactobacillus_mucosae","Treponema_putidum",1
"44710","Prevotella_oralis","Treponema_putidum",1
"44720","Pasteurella_pneumotropica","Treponema_putidum",1
"44721","Treponema_amylovorum","Treponema_putidum",1
"44725","Shuttleworthia_satelles","Treponema_putidum",1
"44726","Treponema_lecithinolyticum","Treponema_putidum",1
"44727","Neisseria_macacae","Treponema_putidum",1
"44730","Treponema_socranskii","Treponema_putidum",1
"44732","Dialister_pneumosintes","Treponema_putidum",1
"44733","Selenomonas_flueggei","Treponema_putidum",1
"44734","Peptostreptococcus_stomatis","Treponema_putidum",1
"44737","Mycoplasma_salivarium","Treponema_putidum",1
"44740","Actinomyces_oricola","Treponema_putidum",1
"44744","Leptotrichia_shahii","Treponema_putidum",1
"44745","Capnocytophaga_ochracea","Treponema_putidum",1
"44749","Prevotella_intermedia","Treponema_putidum",1
"44751","Prevotella_fusca","Treponema_putidum",1
"44752","Selenomonas_sputigena","Treponema_putidum",1
"44755","Bulleidia_extructa","Treponema_putidum",1
"44757","Alloprevotella_tannerae","Treponema_putidum",1
"44759","Actinomyces_georgiae","Treponema_putidum",1
"44766","Prevotella_maculosa","Treponema_putidum",1
"44767","Haemophilus_influenzae","Treponema_putidum",1
"44772","Porphyromonas_gulae","Treponema_putidum",1
"44783","Treponema_medium","Treponema_putidum",1
"44784","Selenomonas_infelix","Treponema_putidum",1
"44785","Prevotella_corporis","Treponema_putidum",1
"44791","Neisseria_elongata","Treponema_putidum",1
"44794","Eggerthia_catenaformis","Treponema_putidum",1
"44796","Granulicatella_elegans","Treponema_putidum",1
"44806","Gemella_morbillorum","Treponema_putidum",1
"44812","Campylobacter_gracilis","Treponema_putidum",1
"44814","Phocaeicola_abscessus","Treponema_putidum",1
"44816","Campylobacter_rectus","Treponema_putidum",1
"44818","Streptococcus_constellatus","Treponema_putidum",1
"44819","Prevotella_nigrescens","Treponema_putidum",1
"44820","Corynebacterium_matruchotii","Treponema_putidum",1
"44821","Eikenella_corrodens","Treponema_putidum",1
"44822","Parvimonas_micra","Treponema_putidum",1
"44824","Scardovia_wiggsiae","Treponema_putidum",1
"44825","Fusobacterium_nucleatum","Treponema_putidum",1
"44826","Prevotella_saccharolytica","Treponema_putidum",1
"44827","Catonella_morbi","Treponema_putidum",1
"44834","Prevotella_buccae","Treponema_putidum",1
"44841","Pseudoramibacter_alactolyticus","Treponema_putidum",1
"44842","Mogibacterium_timidum","Treponema_putidum",1
"44846","Porphyromonas_asaccharolytica","Treponema_putidum",1
"44847","Treponema_pectinovorum","Treponema_putidum",1
"44849","Streptococcus_anginosus","Treponema_putidum",1
"44850","Leptotrichia_trevisanii","Treponema_putidum",1
"44854","Butyrivibrio_hungatei","Leptotrichia_wadei",1
"44856","Veillonella_dispar","Leptotrichia_wadei",1
"44859","Leptotrichia_buccalis","Leptotrichia_wadei",1
"44861","Actinomyces_odontolyticus","Leptotrichia_wadei",1
"44867","Prevotella_pallens","Leptotrichia_wadei",1
"44874","Prevotella_denticola","Leptotrichia_wadei",1
"44879","Megasphaera_elsdenii","Leptotrichia_wadei",1
"44880","Dialister_invisus","Leptotrichia_wadei",1
"44886","Lachnoanaerobaculum_orale","Leptotrichia_wadei",1
"44888","Orientia_tsutsugamushi","Leptotrichia_wadei",1
"44890","Propionigenium_maris","Leptotrichia_wadei",1
"44893","Bergeyella_zoohelcum","Leptotrichia_wadei",1
"44895","Prevotella_salivae","Leptotrichia_wadei",1
"44896","Actinobaculum_massiliense","Leptotrichia_wadei",1
"44905","Prevotella_veroralis","Leptotrichia_wadei",1
"44914","Corynebacterium_jeikeium","Leptotrichia_wadei",1
"44933","Selenomonas_noxia","Leptotrichia_wadei",1
"44934","Bifidobacterium_dentium","Leptotrichia_wadei",1
"44952","Acinetobacter_lwoffii","Leptotrichia_wadei",1
"44959","Mogibacterium_neglectum","Leptotrichia_wadei",1
"44960","Campylobacter_mucosalis","Leptotrichia_wadei",1
"44969","Tannerella_forsythia","Leptotrichia_wadei",1
"44976","Leptotrichia_hongkongensis","Leptotrichia_wadei",1
"44980","Slackia_exigua","Leptotrichia_wadei",1
"44984","Prevotella_multisaccharivorax","Leptotrichia_wadei",1
"44995","Propionibacterium_acidifaciens","Leptotrichia_wadei",1
"44997","Parascardovia_denticolens","Leptotrichia_wadei",1
"45001","Selenomonas_ruminantium","Leptotrichia_wadei",1
"45002","Eubacterium_sulci","Leptotrichia_wadei",1
"45005","Lactobacillus_mucosae","Leptotrichia_wadei",1
"45010","Actinomyces_graevenitzii","Leptotrichia_wadei",1
"45015","Atopobium_parvulum","Leptotrichia_wadei",1
"45019","Pasteurella_pneumotropica","Leptotrichia_wadei",1
"45023","Lactobacillus_frumenti","Leptotrichia_wadei",1
"45029","Treponema_socranskii","Leptotrichia_wadei",1
"45032","Selenomonas_flueggei","Leptotrichia_wadei",1
"45035","Butyrivibrio_fibrisolvens","Leptotrichia_wadei",1
"45043","Leptotrichia_shahii","Leptotrichia_wadei",1
"45051","Selenomonas_sputigena","Leptotrichia_wadei",1
"45057","Alkaliphilus_crotonatoxidans","Leptotrichia_wadei",1
"45061","Actinomyces_lingnae","Leptotrichia_wadei",1
"45065","Prevotella_maculosa","Leptotrichia_wadei",1
"45068","Atopobium_minutum","Leptotrichia_wadei",1
"45078","Mobiluncus_mulieris","Leptotrichia_wadei",1
"45083","Selenomonas_infelix","Leptotrichia_wadei",1
"45084","Prevotella_corporis","Leptotrichia_wadei",1
"45085","Leptotrichia_goodfellowii","Leptotrichia_wadei",1
"45086","Selenomonas_bovis","Leptotrichia_wadei",1
"45091","Oribacterium_sinus","Leptotrichia_wadei",1
"45092","Solobacterium_moorei","Leptotrichia_wadei",1
"45097","Campylobacter_concisus","Leptotrichia_wadei",1
"45099","Megasphaera_micronuciformis","Leptotrichia_wadei",1
"45100","Cryptobacterium_curtum","Leptotrichia_wadei",1
"45108","Veillonella_atypica","Leptotrichia_wadei",1
"45109","Intestinimonas_butyriciproducens","Leptotrichia_wadei",1
"45119","Corynebacterium_matruchotii","Leptotrichia_wadei",1
"45136","Alloscardovia_omnicolens","Leptotrichia_wadei",1
"45145","Porphyromonas_asaccharolytica","Leptotrichia_wadei",1
"45149","Leptotrichia_trevisanii","Leptotrichia_wadei",1
"45152","Rothia_aeria","Streptococcus_mitis",1
"45155","Streptococcus_vestibularis","Streptococcus_mitis",1
"45163","Neisseria_cinerea","Streptococcus_mitis",1
"45167","Prevotella_pallens","Streptococcus_mitis",-1
"45175","Actinobacillus_minor","Streptococcus_mitis",1
"45183","Streptococcus_cristatus","Streptococcus_mitis",1
"45187","Bacillus_pumilus","Streptococcus_mitis",1
"45194","Actinomyces_bowdenii","Streptococcus_mitis",1
"45195","Prevotella_salivae","Streptococcus_mitis",-1
"45197","Mannheimia_granulomatis","Streptococcus_mitis",1
"45199","Planobacterium_taklimakanense","Streptococcus_mitis",1
"45201","Neisseria_pharyngis","Streptococcus_mitis",1
"45207","Rothia_dentocariosa","Streptococcus_mitis",1
"45211","Alysiella_crassa","Streptococcus_mitis",1
"45213","Acidithiobacillus_thiooxidans","Streptococcus_mitis",1
"45222","Streptococcus_pneumoniae","Streptococcus_mitis",1
"45229","Actinobacillus_rossii","Streptococcus_mitis",1
"45236","Haemophilus_parainfluenzae","Streptococcus_mitis",1
"45240","Acinetobacter_junii","Streptococcus_mitis",1
"45243","Streptococcus_agalactiae","Streptococcus_mitis",1
"45245","Bacteroides_intestinalis","Streptococcus_mitis",1
"45248","Odoribacter_denticanis","Streptococcus_mitis",1
"45255","Streptococcus_gordonii","Streptococcus_mitis",1
"45262","Streptococcus_sanguinis","Streptococcus_mitis",1
"45272","Neisseria_oralis","Streptococcus_mitis",1
"45275","Soonwooa_buanensis","Streptococcus_mitis",1
"45277","Gemella_haemolysans","Streptococcus_mitis",1
"45282","Streptococcus_oralis","Streptococcus_mitis",1
"45285","Streptococcus_sinensis","Streptococcus_mitis",1
"45299","Streptobacillus_moniliformis","Streptococcus_mitis",1
"45300","Gemella_bergeri","Streptococcus_mitis",1
"45305","Lactobacillus_mucosae","Streptococcus_mitis",1
"45313","Actinobacillus_porcinus","Streptococcus_mitis",1
"45327","Moraxella_osloensis","Streptococcus_mitis",1
"45346","Gemella_sanguinis","Streptococcus_mitis",1
"45355","Haemophilus_parahaemolyticus","Streptococcus_mitis",1
"45360","Streptococcus_oligofermentans","Streptococcus_mitis",1
"45366","Haemophilus_influenzae","Streptococcus_mitis",1
"45395","Granulicatella_elegans","Streptococcus_mitis",1
"45397","Campylobacter_concisus","Streptococcus_mitis",-1
"45404","Abiotrophia_defectiva","Streptococcus_mitis",1
"45405","Gemella_morbillorum","Streptococcus_mitis",1
"45407","Haemophilus_sputorum","Streptococcus_mitis",1
"45422","Streptococcus_pyogenes","Streptococcus_mitis",1
"45432","Elizabethkingia_meningoseptica","Streptococcus_mitis",1
"45435","Neisseria_meningitidis","Streptococcus_mitis",1
"45438","Neisseria_lactamica","Streptococcus_mitis",1
"45439","Mannheimia_haemolytica","Streptococcus_mitis",1
"45448","Streptococcus_anginosus","Streptococcus_mitis",1
"45456","Streptococcus_vestibularis","Dialister_micraerophilus",1
"45457","Veillonella_dispar","Dialister_micraerophilus",1
"45468","Prevotella_pallens","Dialister_micraerophilus",1
"45471","Porphyromonas_endodontalis","Dialister_micraerophilus",1
"45481","Dialister_invisus","Dialister_micraerophilus",1
"45487","Lachnoanaerobaculum_orale","Dialister_micraerophilus",1
"45496","Prevotella_salivae","Dialister_micraerophilus",1
"45503","Anaeroglobus_geminatus","Dialister_micraerophilus",1
"45506","Prevotella_veroralis","Dialister_micraerophilus",1
"45509","Mycoplasma_faucium","Dialister_micraerophilus",1
"45524","Schwartzia_succinivorans","Dialister_micraerophilus",1
"45537","Haemophilus_parainfluenzae","Dialister_micraerophilus",-1
"45552","Lachnoanaerobaculum_saburreum","Dialister_micraerophilus",1
"45574","Lactobacillus_ruminis","Dialister_micraerophilus",1
"45581","Slackia_exigua","Dialister_micraerophilus",1
"45602","Selenomonas_ruminantium","Dialister_micraerophilus",1
"45611","Actinomyces_graevenitzii","Dialister_micraerophilus",1
"45616","Atopobium_parvulum","Dialister_micraerophilus",1
"45624","Lactobacillus_frumenti","Dialister_micraerophilus",1
"45633","Selenomonas_flueggei","Dialister_micraerophilus",1
"45637","Mycoplasma_salivarium","Dialister_micraerophilus",1
"45662","Actinomyces_lingnae","Dialister_micraerophilus",1
"45683","Treponema_medium","Dialister_micraerophilus",1
"45700","Megasphaera_micronuciformis","Dialister_micraerophilus",1
"45701","Cryptobacterium_curtum","Dialister_micraerophilus",1
"45709","Veillonella_atypica","Dialister_micraerophilus",1
"45712","Campylobacter_gracilis","Dialister_micraerophilus",1
"45718","Streptococcus_constellatus","Dialister_micraerophilus",1
"45737","Alloscardovia_omnicolens","Dialister_micraerophilus",1
"45749","Streptococcus_anginosus","Dialister_micraerophilus",1
"45758","Streptococcus_vestibularis","Prevotella_oris",1
"45759","Veillonella_dispar","Prevotella_oris",1
"45762","Leptotrichia_buccalis","Prevotella_oris",1
"45765","Bradyrhizobium_elkanii","Prevotella_oris",1
"45768","Prevotella_baroniae","Prevotella_oris",1
"45772","Eubacterium_brachy","Prevotella_oris",1
"45773","Porphyromonas_endodontalis","Prevotella_oris",1
"45774","Eubacterium_yurii","Prevotella_oris",1
"45777","Prevotella_denticola","Prevotella_oris",1
"45778","Actinobacillus_minor","Prevotella_oris",1
"45779","Haemophilus_haemoglobinophilus","Prevotella_oris",1
"45781","Actinomyces_oris","Prevotella_oris",1
"45783","Dialister_invisus","Prevotella_oris",1
"45785","Prevotella_enoeca","Prevotella_oris",1
"45795","Actinomyces_meyeri","Prevotella_oris",1
"45796","Bergeyella_zoohelcum","Prevotella_oris",1
"45797","Actinomyces_bowdenii","Prevotella_oris",1
"45799","Actinobaculum_massiliense","Prevotella_oris",1
"45801","Eubacterium_nodatum","Prevotella_oris",1
"45803","Ornatilinea_apprima","Prevotella_oris",1
"45805","Anaeroglobus_geminatus","Prevotella_oris",1
"45806","Olsenella_uli","Prevotella_oris",1
"45807","Lactobacillus_johnsonii","Prevotella_oris",1
"45808","Prevotella_veroralis","Prevotella_oris",1
"45809","Dialister_propionicifaciens","Prevotella_oris",1
"45810","Rothia_dentocariosa","Prevotella_oris",1
"45811","Mycoplasma_faucium","Prevotella_oris",1
"45812","Mycoplasma_hyosynoviae","Prevotella_oris",1
"45815","Prevotella_dentalis","Prevotella_oris",1
"45818","Peptococcus_niger","Prevotella_oris",1
"45821","Treponema_pedis","Prevotella_oris",1
"45822","Campylobacter_curvus","Prevotella_oris",1
"45824","Mycoplasma_feliminutum","Prevotella_oris",1
"45826","Schwartzia_succinivorans","Prevotella_oris",1
"45828","Prevotella_marshii","Prevotella_oris",1
"45829","Treponema_parvum","Prevotella_oris",1
"45831","Barnesiella_intestinihominis","Prevotella_oris",1
"45833","Actinomyces_gerencseriae","Prevotella_oris",1
"45836","Selenomonas_noxia","Prevotella_oris",1
"45837","Bifidobacterium_dentium","Prevotella_oris",1
"45841","Streptococcus_sobrinus","Prevotella_oris",1
"45847","Treponema_bryantii","Prevotella_oris",1
"45849","Filifactor_alocis","Prevotella_oris",1
"45852","Bacteroides_heparinolyticus","Prevotella_oris",1
"45854","Lachnoanaerobaculum_saburreum","Prevotella_oris",1
"45857","Prevotella_paludivivens","Prevotella_oris",1
"45858","Streptococcus_gordonii","Prevotella_oris",1
"45859","Leptotrichia_hofstadii","Prevotella_oris",1
"45860","Bacteroides_zoogleoformans","Prevotella_oris",1
"45861","Natranaerovirga_hydrolytica","Prevotella_oris",1
"45862","Mogibacterium_neglectum","Prevotella_oris",1
"45864","Peptoniphilus_lacrimalis","Prevotella_oris",1
"45865","Streptococcus_sanguinis","Prevotella_oris",1
"45866","Eubacterium_rectale","Prevotella_oris",1
"45867","Fusobacterium_periodonticum","Prevotella_oris",-1
"45868","Eubacterium_minutum","Prevotella_oris",1
"45869","Sporanaerobacter_acetigenes","Prevotella_oris",1
"45870","Desulfomicrobium_orale","Prevotella_oris",1
"45874","Capnocytophaga_granulosa","Prevotella_oris",1
"45875","Neisseria_oralis","Prevotella_oris",1
"45876","Lactobacillus_ruminis","Prevotella_oris",1
"45879","Leptotrichia_hongkongensis","Prevotella_oris",1
"45883","Slackia_exigua","Prevotella_oris",1
"45886","Desulfovibrio_fairfieldensis","Prevotella_oris",1
"45887","Prevotella_multisaccharivorax","Prevotella_oris",1
"45889","Gemella_cuniculi","Prevotella_oris",1
"45890","Desulfobulbus_propionicus","Prevotella_oris",1
"45891","Cardiobacterium_valvarum","Prevotella_oris",1
"45895","Howardella_ureilytica","Prevotella_oris",1
"45898","Propionibacterium_acidifaciens","Prevotella_oris",1
"45900","Parascardovia_denticolens","Prevotella_oris",1
"45901","Prevotella_falsenii","Prevotella_oris",1
"45907","Desulfobulbus_rhabdoformis","Prevotella_oris",1
"45908","Lactobacillus_mucosae","Prevotella_oris",1
"45911","Ralstonia_solanacearum","Prevotella_oris",1
"45912","Prevotella_oralis","Prevotella_oris",1
"45923","Treponema_amylovorum","Prevotella_oris",1
"45925","Wolinella_succinogenes","Prevotella_oris",1
"45926","Lactobacillus_frumenti","Prevotella_oris",1
"45927","Shuttleworthia_satelles","Prevotella_oris",1
"45928","Treponema_lecithinolyticum","Prevotella_oris",1
"45930","Moraxella_osloensis","Prevotella_oris",1
"45931","Streptococcus_intermedius","Prevotella_oris",1
"45932","Treponema_socranskii","Prevotella_oris",1
"45933","Pyramidobacter_piscolens","Prevotella_oris",1
"45934","Dialister_pneumosintes","Prevotella_oris",1
"45935","Selenomonas_flueggei","Prevotella_oris",1
"45937","Lactobacillus_reuteri","Prevotella_oris",1
"45939","Mycoplasma_salivarium","Prevotella_oris",1
"45942","Actinomyces_oricola","Prevotella_oris",1
"45943","Barnesiella_viscericola","Prevotella_oris",1
"45945","Leptotrichia_amnionii","Prevotella_oris",1
"45946","Leptotrichia_shahii","Prevotella_oris",1
"45947","Capnocytophaga_ochracea","Prevotella_oris",1
"45951","Prevotella_intermedia","Prevotella_oris",1
"45952","Porphyromonas_uenonis","Prevotella_oris",1
"45953","Prevotella_fusca","Prevotella_oris",1
"45954","Selenomonas_sputigena","Prevotella_oris",1
"45957","Bulleidia_extructa","Prevotella_oris",1
"45959","Alloprevotella_tannerae","Prevotella_oris",1
"45961","Actinomyces_georgiae","Prevotella_oris",1
"45966","Lactobacillus_salivarius","Prevotella_oris",1
"45967","Lactobacillus_crispatus","Prevotella_oris",1
"45968","Prevotella_maculosa","Prevotella_oris",1
"45975","Saccharofermentans_acetigenes","Prevotella_oris",1
"45983","Lactobacillus_vaginalis","Prevotella_oris",1
"45985","Treponema_medium","Prevotella_oris",1
"45986","Selenomonas_infelix","Prevotella_oris",1
"45987","Prevotella_corporis","Prevotella_oris",1
"45989","Selenomonas_bovis","Prevotella_oris",1
"45990","Chryseobacterium_kwangjuense","Prevotella_oris",1
"45992","Lactobacillus_fermentum","Prevotella_oris",1
"45996","Eggerthia_catenaformis","Prevotella_oris",1
"45997","Clostridium_ultunense","Prevotella_oris",1
"46003","Cryptobacterium_curtum","Prevotella_oris",1
"46004","Prevotella_timonensis","Prevotella_oris",1
"46013","Actinomyces_timonensis","Prevotella_oris",1
"46014","Campylobacter_gracilis","Prevotella_oris",1
"46016","Phocaeicola_abscessus","Prevotella_oris",1
"46018","Campylobacter_rectus","Prevotella_oris",1
"46020","Streptococcus_constellatus","Prevotella_oris",1
"46021","Prevotella_nigrescens","Prevotella_oris",1
"46022","Corynebacterium_matruchotii","Prevotella_oris",1
"46024","Parvimonas_micra","Prevotella_oris",1
"46026","Scardovia_wiggsiae","Prevotella_oris",1
"46027","Fusobacterium_nucleatum","Prevotella_oris",1
"46028","Prevotella_saccharolytica","Prevotella_oris",1
"46033","Actinomyces_massiliensis","Prevotella_oris",1
"46035","Elizabethkingia_meningoseptica","Prevotella_oris",1
"46036","Prevotella_buccae","Prevotella_oris",1
"46043","Pseudoramibacter_alactolyticus","Prevotella_oris",1
"46044","Mogibacterium_timidum","Prevotella_oris",1
"46045","Streptococcus_mutans","Prevotella_oris",1
"46048","Porphyromonas_asaccharolytica","Prevotella_oris",1
"46049","Treponema_pectinovorum","Prevotella_oris",1
"46051","Streptococcus_anginosus","Prevotella_oris",1
"46052","Leptotrichia_trevisanii","Prevotella_oris",1
"46053","Treponema_putidum","Prevotella_oris",1
"46128","Streptococcus_pneumoniae","Chryseobacterium_piscicola",1
"46133","Lautropia_mirabilis","Chryseobacterium_piscicola",1
"46142","Haemophilus_parainfluenzae","Chryseobacterium_piscicola",1
"46183","Gemella_haemolysans","Chryseobacterium_piscicola",1
"46217","Alloprevotella_rava","Chryseobacterium_piscicola",1
"46261","Haemophilus_parahaemolyticus","Chryseobacterium_piscicola",1
"46272","Haemophilus_influenzae","Chryseobacterium_piscicola",1
"46282","Capnocytophaga_sputigena","Chryseobacterium_piscicola",1
"46301","Granulicatella_elegans","Chryseobacterium_piscicola",1
"46311","Gemella_morbillorum","Chryseobacterium_piscicola",1
"46361","Veillonella_rogosae","Porphyromonas_catoniae",1
"46362","Rothia_aeria","Porphyromonas_catoniae",1
"46366","Veillonella_dispar","Porphyromonas_catoniae",-1
"46369","Leptotrichia_buccalis","Porphyromonas_catoniae",1
"46374","Neisseria_sicca","Porphyromonas_catoniae",1
"46376","Capnocytophaga_leadbetteri","Porphyromonas_catoniae",1
"46381","Eubacterium_yurii","Porphyromonas_catoniae",1
"46382","Prevotella_shahii","Porphyromonas_catoniae",1
"46386","Haemophilus_haemoglobinophilus","Porphyromonas_catoniae",1
"46391","Granulicatella_adiacens","Porphyromonas_catoniae",1
"46395","Moraxella_lacunata","Porphyromonas_catoniae",1
"46397","Bacillus_pumilus","Porphyromonas_catoniae",1
"46398","Orientia_tsutsugamushi","Porphyromonas_catoniae",1
"46403","Bergeyella_zoohelcum","Porphyromonas_catoniae",1
"46405","Prevotella_salivae","Porphyromonas_catoniae",-1
"46407","Mannheimia_granulomatis","Porphyromonas_catoniae",1
"46409","Planobacterium_taklimakanense","Porphyromonas_catoniae",1
"46411","Neisseria_pharyngis","Porphyromonas_catoniae",1
"46420","Azospira_oryzae","Porphyromonas_catoniae",1
"46421","Alysiella_crassa","Porphyromonas_catoniae",1
"46425","Peptococcus_niger","Porphyromonas_catoniae",1
"46427","Treponema_refringens","Porphyromonas_catoniae",1
"46432","Streptococcus_pneumoniae","Porphyromonas_catoniae",1
"46439","Actinobacillus_rossii","Porphyromonas_catoniae",1
"46442","Neisseria_shayeganii","Porphyromonas_catoniae",1
"46444","Bifidobacterium_dentium","Porphyromonas_catoniae",-1
"46446","Haemophilus_parainfluenzae","Porphyromonas_catoniae",1
"46448","Streptococcus_sobrinus","Porphyromonas_catoniae",-1
"46451","Bacteroides_acidifaciens","Porphyromonas_catoniae",1
"46452","Prevotella_amnii","Porphyromonas_catoniae",1
"46455","Bacteroides_intestinalis","Porphyromonas_catoniae",1
"46463","Brachymonas_denitrificans","Porphyromonas_catoniae",1
"46474","Fusobacterium_periodonticum","Porphyromonas_catoniae",1
"46478","Campylobacter_showae","Porphyromonas_catoniae",1
"46479","Tannerella_forsythia","Porphyromonas_catoniae",1
"46480","Kingella_potus","Porphyromonas_catoniae",1
"46481","Capnocytophaga_granulosa","Porphyromonas_catoniae",1
"46482","Neisseria_oralis","Porphyromonas_catoniae",1
"46485","Soonwooa_buanensis","Porphyromonas_catoniae",1
"46487","Gemella_haemolysans","Porphyromonas_catoniae",1
"46488","Gemella_palaticanis","Porphyromonas_catoniae",1
"46492","Streptococcus_oralis","Porphyromonas_catoniae",1
"46496","Gemella_cuniculi","Porphyromonas_catoniae",1
"46503","Snodgrassella_alvi","Porphyromonas_catoniae",1
"46508","Prevotella_falsenii","Porphyromonas_catoniae",1
"46509","Streptobacillus_moniliformis","Porphyromonas_catoniae",1
"46512","Eubacterium_sulci","Porphyromonas_catoniae",1
"46522","Paraprevotella_clara","Porphyromonas_catoniae",1
"46523","Actinobacillus_porcinus","Porphyromonas_catoniae",1
"46525","Atopobium_parvulum","Porphyromonas_catoniae",-1
"46527","Anaerovorax_odorimutans","Porphyromonas_catoniae",1
"46529","Pasteurella_pneumotropica","Porphyromonas_catoniae",1
"46531","Prevotella_nanceiensis","Porphyromonas_catoniae",1
"46543","Peptostreptococcus_stomatis","Porphyromonas_catoniae",1
"46548","Simonsiella_muelleri","Porphyromonas_catoniae",1
"46551","Prevotella_aurantiaca","Porphyromonas_catoniae",1
"46556","Gemella_sanguinis","Porphyromonas_catoniae",1
"46557","Conchiformibius_steedae","Porphyromonas_catoniae",1
"46565","Haemophilus_parahaemolyticus","Porphyromonas_catoniae",1
"46567","Alkaliphilus_crotonatoxidans","Porphyromonas_catoniae",1
"46573","Lactobacillus_salivarius","Porphyromonas_catoniae",-1
"46576","Haemophilus_influenzae","Porphyromonas_catoniae",1
"46577","Moraxella_bovoculi","Porphyromonas_catoniae",1
"46580","Clostridium_aminobutyricum","Porphyromonas_catoniae",1
"46581","Porphyromonas_gulae","Porphyromonas_catoniae",1
"46586","Capnocytophaga_sputigena","Porphyromonas_catoniae",1
"46591","Mycoplasma_orale","Porphyromonas_catoniae",1
"46600","Neisseria_elongata","Porphyromonas_catoniae",1
"46602","Solobacterium_moorei","Porphyromonas_catoniae",1
"46605","Granulicatella_elegans","Porphyromonas_catoniae",1
"46606","Neisseria_subflava","Porphyromonas_catoniae",1
"46609","Megasphaera_micronuciformis","Porphyromonas_catoniae",-1
"46615","Gemella_morbillorum","Porphyromonas_catoniae",1
"46617","Haemophilus_sputorum","Porphyromonas_catoniae",1
"46631","Parvimonas_micra","Porphyromonas_catoniae",1
"46632","Streptococcus_pyogenes","Porphyromonas_catoniae",1
"46635","Prevotella_saccharolytica","Porphyromonas_catoniae",1
"46637","Moraxella_boevrei","Porphyromonas_catoniae",1
"46641","Streptococcus_salivarius","Porphyromonas_catoniae",-1
"46642","Elizabethkingia_meningoseptica","Porphyromonas_catoniae",1
"46644","Fusobacterium_russii","Porphyromonas_catoniae",1
"46645","Neisseria_meningitidis","Porphyromonas_catoniae",1
"46646","Alloscardovia_omnicolens","Porphyromonas_catoniae",-1
"46649","Mannheimia_haemolytica","Porphyromonas_catoniae",1
"46653","Streptococcus_thermophilus","Porphyromonas_catoniae",-1
"46654","Propionibacterium_propionicum","Porphyromonas_catoniae",1
"46657","Neisseria_flavescens","Porphyromonas_catoniae",1
"46659","Leptotrichia_trevisanii","Porphyromonas_catoniae",1
"46662","Streptococcus_mitis","Porphyromonas_catoniae",1
"46665","Chryseobacterium_piscicola","Porphyromonas_catoniae",1
"46667","Rothia_aeria","Fusobacterium_canifelinum",1
"46674","Leptotrichia_buccalis","Fusobacterium_canifelinum",1
"46681","Capnocytophaga_leadbetteri","Fusobacterium_canifelinum",1
"46684","Eubacterium_brachy","Fusobacterium_canifelinum",1
"46686","Eubacterium_yurii","Fusobacterium_canifelinum",1
"46689","Prevotella_denticola","Fusobacterium_canifelinum",1
"46695","Dialister_invisus","Fusobacterium_canifelinum",1
"46730","Peptococcus_niger","Fusobacterium_canifelinum",1
"46734","Campylobacter_curvus","Fusobacterium_canifelinum",1
"46737","Streptococcus_pneumoniae","Fusobacterium_canifelinum",1
"46742","Lautropia_mirabilis","Fusobacterium_canifelinum",1
"46747","Neisseria_shayeganii","Fusobacterium_canifelinum",1
"46748","Selenomonas_noxia","Fusobacterium_canifelinum",1
"46761","Filifactor_alocis","Fusobacterium_canifelinum",1
"46771","Leptotrichia_hofstadii","Fusobacterium_canifelinum",1
"46779","Fusobacterium_periodonticum","Fusobacterium_canifelinum",1
"46783","Campylobacter_showae","Fusobacterium_canifelinum",1
"46784","Tannerella_forsythia","Fusobacterium_canifelinum",1
"46786","Capnocytophaga_granulosa","Fusobacterium_canifelinum",1
"46791","Leptotrichia_hongkongensis","Fusobacterium_canifelinum",1
"46792","Gemella_haemolysans","Fusobacterium_canifelinum",1
"46814","Streptobacillus_moniliformis","Fusobacterium_canifelinum",1
"46841","Neisseria_macacae","Fusobacterium_canifelinum",1
"46844","Treponema_socranskii","Fusobacterium_canifelinum",1
"46858","Leptotrichia_shahii","Fusobacterium_canifelinum",1
"46859","Capnocytophaga_ochracea","Fusobacterium_canifelinum",1
"46863","Prevotella_intermedia","Fusobacterium_canifelinum",1
"46871","Alloprevotella_tannerae","Fusobacterium_canifelinum",1
"46880","Prevotella_maculosa","Fusobacterium_canifelinum",1
"46891","Capnocytophaga_sputigena","Fusobacterium_canifelinum",1
"46900","Leptotrichia_goodfellowii","Fusobacterium_canifelinum",1
"46905","Neisseria_elongata","Fusobacterium_canifelinum",1
"46910","Granulicatella_elegans","Fusobacterium_canifelinum",1
"46920","Gemella_morbillorum","Fusobacterium_canifelinum",1
"46926","Campylobacter_gracilis","Fusobacterium_canifelinum",1
"46933","Prevotella_nigrescens","Fusobacterium_canifelinum",1
"46934","Corynebacterium_matruchotii","Fusobacterium_canifelinum",1
"46935","Eikenella_corrodens","Fusobacterium_canifelinum",1
"46939","Fusobacterium_nucleatum","Fusobacterium_canifelinum",1
"46941","Catonella_morbi","Fusobacterium_canifelinum",1
"46962","Neisseria_flavescens","Fusobacterium_canifelinum",1
"46967","Streptococcus_mitis","Fusobacterium_canifelinum",1
"46969","Prevotella_oris","Fusobacterium_canifelinum",1
"46971","Porphyromonas_catoniae","Fusobacterium_canifelinum",1
"46973","Rothia_aeria","Aggregatibacter_aphrophilus",1
"46974","Aggregatibacter_actinomycetemcomitans","Aggregatibacter_aphrophilus",1
"46980","Leptotrichia_buccalis","Aggregatibacter_aphrophilus",1
"46983","Bradyrhizobium_elkanii","Aggregatibacter_aphrophilus",1
"46984","Neisseria_cinerea","Aggregatibacter_aphrophilus",1
"46985","Neisseria_sicca","Aggregatibacter_aphrophilus",1
"46987","Capnocytophaga_leadbetteri","Aggregatibacter_aphrophilus",1
"46988","Prevotella_pallens","Aggregatibacter_aphrophilus",-1
"46989","Treponema_denticola","Aggregatibacter_aphrophilus",1
"46990","Eubacterium_brachy","Aggregatibacter_aphrophilus",1
"46991","Porphyromonas_endodontalis","Aggregatibacter_aphrophilus",1
"46992","Eubacterium_yurii","Aggregatibacter_aphrophilus",1
"46996","Actinobacillus_minor","Aggregatibacter_aphrophilus",1
"46997","Haemophilus_haemoglobinophilus","Aggregatibacter_aphrophilus",1
"47001","Dialister_invisus","Aggregatibacter_aphrophilus",1
"47006","Moraxella_lacunata","Aggregatibacter_aphrophilus",1
"47014","Bergeyella_zoohelcum","Aggregatibacter_aphrophilus",1
"47016","Prevotella_salivae","Aggregatibacter_aphrophilus",-1
"47017","Actinobaculum_massiliense","Aggregatibacter_aphrophilus",1
"47018","Mannheimia_granulomatis","Aggregatibacter_aphrophilus",1
"47020","Planobacterium_taklimakanense","Aggregatibacter_aphrophilus",1
"47022","Neisseria_pharyngis","Aggregatibacter_aphrophilus",1
"47029","Mycoplasma_faucium","Aggregatibacter_aphrophilus",1
"47030","Mycoplasma_hyosynoviae","Aggregatibacter_aphrophilus",1
"47031","Azospira_oryzae","Aggregatibacter_aphrophilus",1
"47032","Alysiella_crassa","Aggregatibacter_aphrophilus",1
"47036","Peptococcus_niger","Aggregatibacter_aphrophilus",1
"47039","Treponema_pedis","Aggregatibacter_aphrophilus",1
"47043","Streptococcus_pneumoniae","Aggregatibacter_aphrophilus",1
"47044","Schwartzia_succinivorans","Aggregatibacter_aphrophilus",1
"47048","Lautropia_mirabilis","Aggregatibacter_aphrophilus",1
"47050","Actinobacillus_rossii","Aggregatibacter_aphrophilus",1
"47053","Neisseria_shayeganii","Aggregatibacter_aphrophilus",1
"47057","Haemophilus_parainfluenzae","Aggregatibacter_aphrophilus",1
"47061","Acinetobacter_junii","Aggregatibacter_aphrophilus",1
"47066","Bacteroides_intestinalis","Aggregatibacter_aphrophilus",1
"47067","Filifactor_alocis","Aggregatibacter_aphrophilus",1
"47074","Brachymonas_denitrificans","Aggregatibacter_aphrophilus",1
"47077","Leptotrichia_hofstadii","Aggregatibacter_aphrophilus",1
"47079","Natranaerovirga_hydrolytica","Aggregatibacter_aphrophilus",1
"47083","Streptococcus_sanguinis","Aggregatibacter_aphrophilus",1
"47089","Campylobacter_showae","Aggregatibacter_aphrophilus",1
"47090","Tannerella_forsythia","Aggregatibacter_aphrophilus",1
"47091","Kingella_potus","Aggregatibacter_aphrophilus",1
"47092","Capnocytophaga_granulosa","Aggregatibacter_aphrophilus",1
"47093","Neisseria_oralis","Aggregatibacter_aphrophilus",1
"47096","Soonwooa_buanensis","Aggregatibacter_aphrophilus",1
"47109","Cardiobacterium_valvarum","Aggregatibacter_aphrophilus",1
"47119","Prevotella_falsenii","Aggregatibacter_aphrophilus",1
"47120","Streptobacillus_moniliformis","Aggregatibacter_aphrophilus",1
"47125","Desulfobulbus_rhabdoformis","Aggregatibacter_aphrophilus",1
"47127","Streptococcus_parasanguinis","Aggregatibacter_aphrophilus",-1
"47131","Actinomyces_graevenitzii","Aggregatibacter_aphrophilus",-1
"47136","Atopobium_parvulum","Aggregatibacter_aphrophilus",-1
"47139","Megamonas_funiformis","Aggregatibacter_aphrophilus",1
"47140","Pasteurella_pneumotropica","Aggregatibacter_aphrophilus",1
"47141","Treponema_amylovorum","Aggregatibacter_aphrophilus",1
"47143","Wolinella_succinogenes","Aggregatibacter_aphrophilus",1
"47147","Neisseria_macacae","Aggregatibacter_aphrophilus",1
"47152","Dialister_pneumosintes","Aggregatibacter_aphrophilus",1
"47164","Leptotrichia_shahii","Aggregatibacter_aphrophilus",1
"47165","Capnocytophaga_ochracea","Aggregatibacter_aphrophilus",1
"47168","Conchiformibius_steedae","Aggregatibacter_aphrophilus",1
"47176","Haemophilus_parahaemolyticus","Aggregatibacter_aphrophilus",1
"47178","Alkaliphilus_crotonatoxidans","Aggregatibacter_aphrophilus",1
"47179","Actinomyces_georgiae","Aggregatibacter_aphrophilus",1
"47186","Prevotella_maculosa","Aggregatibacter_aphrophilus",1
"47187","Haemophilus_influenzae","Aggregatibacter_aphrophilus",1
"47188","Moraxella_bovoculi","Aggregatibacter_aphrophilus",1
"47190","Capnocytophaga_haemolytica","Aggregatibacter_aphrophilus",1
"47192","Porphyromonas_gulae","Aggregatibacter_aphrophilus",1
"47193","Saccharofermentans_acetigenes","Aggregatibacter_aphrophilus",1
"47197","Capnocytophaga_sputigena","Aggregatibacter_aphrophilus",1
"47204","Selenomonas_infelix","Aggregatibacter_aphrophilus",1
"47211","Neisseria_elongata","Aggregatibacter_aphrophilus",1
"47216","Granulicatella_elegans","Aggregatibacter_aphrophilus",1
"47219","Prevotella_melaninogenica","Aggregatibacter_aphrophilus",-1
"47220","Megasphaera_micronuciformis","Aggregatibacter_aphrophilus",-1
"47225","Abiotrophia_defectiva","Aggregatibacter_aphrophilus",1
"47228","Haemophilus_sputorum","Aggregatibacter_aphrophilus",1
"47230","Intestinimonas_butyriciproducens","Aggregatibacter_aphrophilus",1
"47232","Campylobacter_gracilis","Aggregatibacter_aphrophilus",1
"47239","Prevotella_nigrescens","Aggregatibacter_aphrophilus",1
"47240","Corynebacterium_matruchotii","Aggregatibacter_aphrophilus",1
"47241","Eikenella_corrodens","Aggregatibacter_aphrophilus",1
"47245","Fusobacterium_nucleatum","Aggregatibacter_aphrophilus",1
"47246","Prevotella_saccharolytica","Aggregatibacter_aphrophilus",1
"47250","Morococcus_cerebrosus","Aggregatibacter_aphrophilus",1
"47255","Fusobacterium_russii","Aggregatibacter_aphrophilus",1
"47256","Neisseria_meningitidis","Aggregatibacter_aphrophilus",1
"47259","Neisseria_lactamica","Aggregatibacter_aphrophilus",1
"47260","Mannheimia_haemolytica","Aggregatibacter_aphrophilus",1
"47265","Propionibacterium_propionicum","Aggregatibacter_aphrophilus",1
"47267","Treponema_pectinovorum","Aggregatibacter_aphrophilus",1
"47268","Neisseria_flavescens","Aggregatibacter_aphrophilus",1
"47270","Leptotrichia_trevisanii","Aggregatibacter_aphrophilus",1
"47273","Streptococcus_mitis","Aggregatibacter_aphrophilus",1
"47276","Chryseobacterium_piscicola","Aggregatibacter_aphrophilus",1
"47277","Porphyromonas_catoniae","Aggregatibacter_aphrophilus",1
"47278","Fusobacterium_canifelinum","Aggregatibacter_aphrophilus",1
"47279","Veillonella_rogosae","Lachnoanaerobaculum_umeaense",1
"47287","Leptotrichia_buccalis","Lachnoanaerobaculum_umeaense",1
"47289","Actinomyces_odontolyticus","Lachnoanaerobaculum_umeaense",1
"47291","Neisseria_cinerea","Lachnoanaerobaculum_umeaense",1
"47294","Capnocytophaga_leadbetteri","Lachnoanaerobaculum_umeaense",1
"47299","Eubacterium_yurii","Lachnoanaerobaculum_umeaense",1
"47300","Prevotella_shahii","Lachnoanaerobaculum_umeaense",1
"47313","Moraxella_lacunata","Lachnoanaerobaculum_umeaense",1
"47316","Orientia_tsutsugamushi","Lachnoanaerobaculum_umeaense",1
"47327","Planobacterium_taklimakanense","Lachnoanaerobaculum_umeaense",1
"47329","Neisseria_pharyngis","Lachnoanaerobaculum_umeaense",1
"47339","Alysiella_crassa","Lachnoanaerobaculum_umeaense",1
"47341","Acidithiobacillus_thiooxidans","Lachnoanaerobaculum_umeaense",1
"47343","Peptococcus_niger","Lachnoanaerobaculum_umeaense",1
"47345","Treponema_refringens","Lachnoanaerobaculum_umeaense",1
"47364","Haemophilus_parainfluenzae","Lachnoanaerobaculum_umeaense",1
"47366","Streptococcus_sobrinus","Lachnoanaerobaculum_umeaense",-1
"47373","Bacteroides_intestinalis","Lachnoanaerobaculum_umeaense",1
"47387","Mogibacterium_neglectum","Lachnoanaerobaculum_umeaense",1
"47392","Fusobacterium_periodonticum","Lachnoanaerobaculum_umeaense",1
"47396","Campylobacter_showae","Lachnoanaerobaculum_umeaense",1
"47425","Parascardovia_denticolens","Lachnoanaerobaculum_umeaense",-1
"47426","Prevotella_falsenii","Lachnoanaerobaculum_umeaense",1
"47430","Eubacterium_sulci","Lachnoanaerobaculum_umeaense",1
"47449","Prevotella_nanceiensis","Lachnoanaerobaculum_umeaense",1
"47461","Peptostreptococcus_stomatis","Lachnoanaerobaculum_umeaense",1
"47469","Prevotella_aurantiaca","Lachnoanaerobaculum_umeaense",1
"47474","Gemella_sanguinis","Lachnoanaerobaculum_umeaense",1
"47485","Alkaliphilus_crotonatoxidans","Lachnoanaerobaculum_umeaense",1
"47498","Clostridium_aminobutyricum","Lachnoanaerobaculum_umeaense",1
"47504","Capnocytophaga_sputigena","Lachnoanaerobaculum_umeaense",1
"47506","Mobiluncus_mulieris","Lachnoanaerobaculum_umeaense",1
"47517","Lactobacillus_fermentum","Lachnoanaerobaculum_umeaense",-1
"47519","Oribacterium_sinus","Lachnoanaerobaculum_umeaense",1
"47520","Solobacterium_moorei","Lachnoanaerobaculum_umeaense",1
"47549","Parvimonas_micra","Lachnoanaerobaculum_umeaense",1
"47554","Catonella_morbi","Lachnoanaerobaculum_umeaense",1
"47555","Moraxella_boevrei","Lachnoanaerobaculum_umeaense",1
"47562","Fusobacterium_russii","Lachnoanaerobaculum_umeaense",1
"47575","Neisseria_flavescens","Lachnoanaerobaculum_umeaense",1
"47577","Leptotrichia_trevisanii","Lachnoanaerobaculum_umeaense",1
"47584","Porphyromonas_catoniae","Lachnoanaerobaculum_umeaense",1
"47594","Eubacterium_saphenum","Eubacterium_infirmum",1
"47595","Leptotrichia_buccalis","Eubacterium_infirmum",1
"47601","Prevotella_baroniae","Eubacterium_infirmum",1
"47605","Eubacterium_brachy","Eubacterium_infirmum",1
"47606","Porphyromonas_endodontalis","Eubacterium_infirmum",1
"47607","Eubacterium_yurii","Eubacterium_infirmum",1
"47610","Prevotella_denticola","Eubacterium_infirmum",1
"47613","Prevotella_scopos","Eubacterium_infirmum",1
"47616","Dialister_invisus","Eubacterium_infirmum",1
"47627","Mogibacterium_diversum","Eubacterium_infirmum",1
"47628","Actinomyces_meyeri","Eubacterium_infirmum",1
"47630","Actinomyces_bowdenii","Eubacterium_infirmum",1
"47634","Eubacterium_nodatum","Eubacterium_infirmum",1
"47636","Ornatilinea_apprima","Eubacterium_infirmum",1
"47638","Anaeroglobus_geminatus","Eubacterium_infirmum",1
"47642","Dialister_propionicifaciens","Eubacterium_infirmum",1
"47644","Mycoplasma_faucium","Eubacterium_infirmum",1
"47648","Prevotella_dentalis","Eubacterium_infirmum",1
"47651","Peptococcus_niger","Eubacterium_infirmum",1
"47654","Treponema_pedis","Eubacterium_infirmum",1
"47655","Campylobacter_curvus","Eubacterium_infirmum",1
"47657","Mycoplasma_feliminutum","Eubacterium_infirmum",1
"47660","Actinomyces_hyovaginalis","Eubacterium_infirmum",1
"47661","Prevotella_marshii","Eubacterium_infirmum",1
"47662","Treponema_parvum","Eubacterium_infirmum",1
"47664","Barnesiella_intestinihominis","Eubacterium_infirmum",1
"47666","Actinomyces_gerencseriae","Eubacterium_infirmum",1
"47670","Bifidobacterium_dentium","Eubacterium_infirmum",1
"47672","Haemophilus_parainfluenzae","Eubacterium_infirmum",-1
"47673","Porphyromonas_gingivalis","Eubacterium_infirmum",1
"47680","Treponema_bryantii","Eubacterium_infirmum",1
"47682","Filifactor_alocis","Eubacterium_infirmum",1
"47684","Odoribacter_denticanis","Eubacterium_infirmum",1
"47685","Bacteroides_heparinolyticus","Eubacterium_infirmum",1
"47687","Lachnoanaerobaculum_saburreum","Eubacterium_infirmum",1
"47690","Prevotella_paludivivens","Eubacterium_infirmum",1
"47691","Streptococcus_gordonii","Eubacterium_infirmum",1
"47693","Bacteroides_zoogleoformans","Eubacterium_infirmum",1
"47701","Eubacterium_minutum","Eubacterium_infirmum",1
"47702","Sporanaerobacter_acetigenes","Eubacterium_infirmum",1
"47703","Desulfomicrobium_orale","Eubacterium_infirmum",1
"47704","Campylobacter_showae","Eubacterium_infirmum",1
"47705","Tannerella_forsythia","Eubacterium_infirmum",1
"47708","Neisseria_oralis","Eubacterium_infirmum",1
"47716","Slackia_exigua","Eubacterium_infirmum",1
"47719","Desulfovibrio_fairfieldensis","Eubacterium_infirmum",1
"47720","Prevotella_multisaccharivorax","Eubacterium_infirmum",1
"47722","Gemella_cuniculi","Eubacterium_infirmum",1
"47723","Desulfobulbus_propionicus","Eubacterium_infirmum",1
"47724","Cardiobacterium_valvarum","Eubacterium_infirmum",1
"47725","Corynebacterium_tuberculostearicum","Eubacterium_infirmum",1
"47728","Howardella_ureilytica","Eubacterium_infirmum",1
"47734","Prevotella_falsenii","Eubacterium_infirmum",1
"47738","Eubacterium_sulci","Eubacterium_infirmum",1
"47741","Lactobacillus_mucosae","Eubacterium_infirmum",1
"47745","Prevotella_oralis","Eubacterium_infirmum",1
"47756","Treponema_amylovorum","Eubacterium_infirmum",1
"47758","Wolinella_succinogenes","Eubacterium_infirmum",1
"47764","Streptococcus_intermedius","Eubacterium_infirmum",1
"47765","Treponema_socranskii","Eubacterium_infirmum",1
"47766","Pyramidobacter_piscolens","Eubacterium_infirmum",1
"47767","Dialister_pneumosintes","Eubacterium_infirmum",1
"47768","Selenomonas_flueggei","Eubacterium_infirmum",1
"47769","Peptostreptococcus_stomatis","Eubacterium_infirmum",1
"47770","Lactobacillus_reuteri","Eubacterium_infirmum",1
"47771","Butyrivibrio_fibrisolvens","Eubacterium_infirmum",1
"47772","Mycoplasma_salivarium","Eubacterium_infirmum",1
"47775","Actinomyces_oricola","Eubacterium_infirmum",1
"47776","Barnesiella_viscericola","Eubacterium_infirmum",1
"47778","Leptotrichia_amnionii","Eubacterium_infirmum",1
"47779","Leptotrichia_shahii","Eubacterium_infirmum",1
"47780","Capnocytophaga_ochracea","Eubacterium_infirmum",1
"47784","Prevotella_intermedia","Eubacterium_infirmum",1
"47787","Selenomonas_sputigena","Eubacterium_infirmum",1
"47792","Alloprevotella_tannerae","Eubacterium_infirmum",1
"47793","Alkaliphilus_crotonatoxidans","Eubacterium_infirmum",1
"47794","Actinomyces_georgiae","Eubacterium_infirmum",1
"47804","Atopobium_minutum","Eubacterium_infirmum",1
"47806","Clostridium_aminobutyricum","Eubacterium_infirmum",1
"47807","Porphyromonas_gulae","Eubacterium_infirmum",1
"47810","Actinomyces_cardiffensis","Eubacterium_infirmum",1
"47814","Mobiluncus_mulieris","Eubacterium_infirmum",1
"47817","Mycoplasma_orale","Eubacterium_infirmum",1
"47819","Selenomonas_infelix","Eubacterium_infirmum",1
"47822","Selenomonas_bovis","Eubacterium_infirmum",1
"47828","Solobacterium_moorei","Eubacterium_infirmum",1
"47830","Clostridium_ultunense","Eubacterium_infirmum",1
"47838","Atopobium_vaginae","Eubacterium_infirmum",1
"47841","Gemella_morbillorum","Eubacterium_infirmum",1
"47845","Intestinimonas_butyriciproducens","Eubacterium_infirmum",1
"47846","Actinomyces_timonensis","Eubacterium_infirmum",1
"47849","Phocaeicola_abscessus","Eubacterium_infirmum",1
"47853","Streptococcus_constellatus","Eubacterium_infirmum",1
"47854","Prevotella_nigrescens","Eubacterium_infirmum",1
"47857","Parvimonas_micra","Eubacterium_infirmum",1
"47858","Streptococcus_pyogenes","Eubacterium_infirmum",1
"47859","Scardovia_wiggsiae","Eubacterium_infirmum",1
"47860","Fusobacterium_nucleatum","Eubacterium_infirmum",1
"47861","Prevotella_saccharolytica","Eubacterium_infirmum",1
"47862","Catonella_morbi","Eubacterium_infirmum",1
"47863","Moraxella_boevrei","Eubacterium_infirmum",1
"47877","Mogibacterium_timidum","Eubacterium_infirmum",1
"47882","Treponema_pectinovorum","Eubacterium_infirmum",1
"47884","Streptococcus_anginosus","Eubacterium_infirmum",1
"47885","Leptotrichia_trevisanii","Eubacterium_infirmum",1
"47886","Treponema_putidum","Eubacterium_infirmum",1
"47890","Prevotella_oris","Eubacterium_infirmum",1
"47905","Clostridium_ruminantium","Neisseria_mucosa",1
"47921","Haemophilus_haemoglobinophilus","Neisseria_mucosa",1
"47944","Planobacterium_taklimakanense","Neisseria_mucosa",1
"47946","Neisseria_pharyngis","Neisseria_mucosa",1
"47953","Mycoplasma_faucium","Neisseria_mucosa",1
"47958","Acidithiobacillus_thiooxidans","Neisseria_mucosa",1
"47967","Streptococcus_pneumoniae","Neisseria_mucosa",1
"47972","Lautropia_mirabilis","Neisseria_mucosa",1
"47976","Bacteroides_stercoris","Neisseria_mucosa",1
"47990","Bacteroides_intestinalis","Neisseria_mucosa",1
"47998","Brachymonas_denitrificans","Neisseria_mucosa",1
"48011","Sporanaerobacter_acetigenes","Neisseria_mucosa",1
"48017","Neisseria_oralis","Neisseria_mucosa",1
"48020","Soonwooa_buanensis","Neisseria_mucosa",1
"48038","Snodgrassella_alvi","Neisseria_mucosa",1
"48043","Prevotella_falsenii","Neisseria_mucosa",1
"48048","Veillonella_ratti","Neisseria_mucosa",1
"48053","Ralstonia_solanacearum","Neisseria_mucosa",1
"48058","Actinobacillus_porcinus","Neisseria_mucosa",1
"48066","Prevotella_nanceiensis","Neisseria_mucosa",1
"48112","Moraxella_bovoculi","Neisseria_mucosa",1
"48117","Saccharofermentans_acetigenes","Neisseria_mucosa",1
"48121","Capnocytophaga_sputigena","Neisseria_mucosa",1
"48129","Prevotella_corporis","Neisseria_mucosa",1
"48139","Clostridium_ultunense","Neisseria_mucosa",1
"48149","Abiotrophia_defectiva","Neisseria_mucosa",1
"48165","Eikenella_corrodens","Neisseria_mucosa",1
"48177","Elizabethkingia_meningoseptica","Neisseria_mucosa",1
"48180","Neisseria_meningitidis","Neisseria_mucosa",1
"48183","Neisseria_lactamica","Neisseria_mucosa",1
"48184","Mannheimia_haemolytica","Neisseria_mucosa",1
"48197","Streptococcus_mitis","Neisseria_mucosa",1
"48202","Fusobacterium_canifelinum","Neisseria_mucosa",1
"48203","Aggregatibacter_aphrophilus","Neisseria_mucosa",1
"48207","Rothia_aeria","Neisseria_dentiae",1
"48214","Leptotrichia_buccalis","Neisseria_dentiae",1
"48219","Neisseria_sicca","Neisseria_dentiae",1
"48221","Capnocytophaga_leadbetteri","Neisseria_dentiae",1
"48229","Prevotella_denticola","Neisseria_dentiae",1
"48231","Haemophilus_haemoglobinophilus","Neisseria_dentiae",1
"48262","Rothia_dentocariosa","Neisseria_dentiae",1
"48277","Streptococcus_pneumoniae","Neisseria_dentiae",1
"48282","Lautropia_mirabilis","Neisseria_dentiae",1
"48284","Actinobacillus_rossii","Neisseria_dentiae",1
"48288","Selenomonas_noxia","Neisseria_dentiae",1
"48306","Lachnoanaerobaculum_saburreum","Neisseria_dentiae",1
"48308","Brachymonas_denitrificans","Neisseria_dentiae",1
"48310","Streptococcus_gordonii","Neisseria_dentiae",1
"48311","Leptotrichia_hofstadii","Neisseria_dentiae",1
"48317","Streptococcus_sanguinis","Neisseria_dentiae",1
"48323","Campylobacter_showae","Neisseria_dentiae",1
"48324","Tannerella_forsythia","Neisseria_dentiae",1
"48326","Capnocytophaga_granulosa","Neisseria_dentiae",1
"48327","Neisseria_oralis","Neisseria_dentiae",1
"48331","Leptotrichia_hongkongensis","Neisseria_dentiae",1
"48343","Cardiobacterium_valvarum","Neisseria_dentiae",1
"48374","Pasteurella_pneumotropica","Neisseria_dentiae",1
"48398","Leptotrichia_shahii","Neisseria_dentiae",1
"48399","Capnocytophaga_ochracea","Neisseria_dentiae",1
"48410","Haemophilus_parahaemolyticus","Neisseria_dentiae",1
"48413","Actinomyces_georgiae","Neisseria_dentiae",1
"48421","Haemophilus_influenzae","Neisseria_dentiae",1
"48431","Capnocytophaga_sputigena","Neisseria_dentiae",1
"48438","Selenomonas_infelix","Neisseria_dentiae",1
"48440","Leptotrichia_goodfellowii","Neisseria_dentiae",1
"48450","Granulicatella_elegans","Neisseria_dentiae",1
"48459","Abiotrophia_defectiva","Neisseria_dentiae",1
"48466","Campylobacter_gracilis","Neisseria_dentiae",1
"48474","Corynebacterium_matruchotii","Neisseria_dentiae",1
"48479","Fusobacterium_nucleatum","Neisseria_dentiae",1
"48480","Prevotella_saccharolytica","Neisseria_dentiae",1
"48485","Actinomyces_massiliensis","Neisseria_dentiae",1
"48493","Neisseria_lactamica","Neisseria_dentiae",1
"48502","Neisseria_flavescens","Neisseria_dentiae",1
"48504","Leptotrichia_trevisanii","Neisseria_dentiae",1
"48507","Streptococcus_mitis","Neisseria_dentiae",1
"48511","Porphyromonas_catoniae","Neisseria_dentiae",1
"48513","Aggregatibacter_aphrophilus","Neisseria_dentiae",1
"48517","Veillonella_rogosae","Haemophilus_pittmaniae",1
"48538","Prevotella_shahii","Haemophilus_pittmaniae",1
"48542","Haemophilus_haemoglobinophilus","Haemophilus_pittmaniae",1
"48563","Mannheimia_granulomatis","Haemophilus_pittmaniae",1
"48565","Planobacterium_taklimakanense","Haemophilus_pittmaniae",1
"48567","Neisseria_pharyngis","Haemophilus_pittmaniae",1
"48579","Acidithiobacillus_thiooxidans","Haemophilus_pittmaniae",1
"48595","Actinobacillus_rossii","Haemophilus_pittmaniae",1
"48602","Haemophilus_parainfluenzae","Haemophilus_pittmaniae",1
"48630","Fusobacterium_periodonticum","Haemophilus_pittmaniae",1
"48641","Soonwooa_buanensis","Haemophilus_pittmaniae",1
"48652","Gemella_cuniculi","Haemophilus_pittmaniae",1
"48659","Snodgrassella_alvi","Haemophilus_pittmaniae",1
"48679","Actinobacillus_porcinus","Haemophilus_pittmaniae",1
"48685","Pasteurella_pneumotropica","Haemophilus_pittmaniae",1
"48687","Prevotella_nanceiensis","Haemophilus_pittmaniae",1
"48707","Prevotella_aurantiaca","Haemophilus_pittmaniae",1
"48712","Gemella_sanguinis","Haemophilus_pittmaniae",1
"48721","Haemophilus_parahaemolyticus","Haemophilus_pittmaniae",1
"48732","Haemophilus_influenzae","Haemophilus_pittmaniae",1
"48756","Neisseria_elongata","Haemophilus_pittmaniae",1
"48762","Neisseria_subflava","Haemophilus_pittmaniae",1
"48773","Haemophilus_sputorum","Haemophilus_pittmaniae",1
"48796","Actinomyces_massiliensis","Haemophilus_pittmaniae",1
"48801","Neisseria_meningitidis","Haemophilus_pittmaniae",1
"48813","Neisseria_flavescens","Haemophilus_pittmaniae",1
"48821","Chryseobacterium_piscicola","Haemophilus_pittmaniae",1
"48824","Aggregatibacter_aphrophilus","Haemophilus_pittmaniae",1
"48827","Neisseria_mucosa","Haemophilus_pittmaniae",1
"48837","Leptotrichia_buccalis","Prevotella_micans",1
"48843","Prevotella_baroniae","Prevotella_micans",1
"48844","Capnocytophaga_leadbetteri","Prevotella_micans",1
"48846","Treponema_denticola","Prevotella_micans",1
"48847","Eubacterium_brachy","Prevotella_micans",1
"48848","Porphyromonas_endodontalis","Prevotella_micans",1
"48849","Eubacterium_yurii","Prevotella_micans",1
"48850","Prevotella_shahii","Prevotella_micans",1
"48852","Prevotella_denticola","Prevotella_micans",1
"48858","Dialister_invisus","Prevotella_micans",1
"48860","Prevotella_enoeca","Prevotella_micans",1
"48863","Moraxella_lacunata","Prevotella_micans",1
"48871","Bergeyella_zoohelcum","Prevotella_micans",1
"48874","Actinobaculum_massiliense","Prevotella_micans",1
"48875","Mannheimia_granulomatis","Prevotella_micans",1
"48876","Eubacterium_nodatum","Prevotella_micans",1
"48877","Planobacterium_taklimakanense","Prevotella_micans",1
"48880","Anaeroglobus_geminatus","Prevotella_micans",1
"48886","Mycoplasma_faucium","Prevotella_micans",1
"48887","Mycoplasma_hyosynoviae","Prevotella_micans",1
"48888","Azospira_oryzae","Prevotella_micans",1
"48889","Alysiella_crassa","Prevotella_micans",1
"48893","Peptococcus_niger","Prevotella_micans",1
"48896","Treponema_pedis","Prevotella_micans",1
"48899","Mycoplasma_feliminutum","Prevotella_micans",1
"48901","Schwartzia_succinivorans","Prevotella_micans",1
"48904","Treponema_parvum","Prevotella_micans",1
"48905","Lautropia_mirabilis","Prevotella_micans",1
"48908","Actinomyces_gerencseriae","Prevotella_micans",1
"48910","Neisseria_shayeganii","Prevotella_micans",1
"48911","Selenomonas_noxia","Prevotella_micans",1
"48915","Porphyromonas_gingivalis","Prevotella_micans",1
"48922","Treponema_bryantii","Prevotella_micans",1
"48923","Bacteroides_intestinalis","Prevotella_micans",1
"48924","Filifactor_alocis","Prevotella_micans",1
"48929","Lachnoanaerobaculum_saburreum","Prevotella_micans",1
"48931","Brachymonas_denitrificans","Prevotella_micans",1
"48932","Prevotella_paludivivens","Prevotella_micans",1
"48934","Leptotrichia_hofstadii","Prevotella_micans",1
"48935","Bacteroides_zoogleoformans","Prevotella_micans",1
"48936","Natranaerovirga_hydrolytica","Prevotella_micans",1
"48940","Streptococcus_sanguinis","Prevotella_micans",1
"48941","Eubacterium_rectale","Prevotella_micans",1
"48944","Sporanaerobacter_acetigenes","Prevotella_micans",1
"48945","Desulfomicrobium_orale","Prevotella_micans",1
"48946","Campylobacter_showae","Prevotella_micans",1
"48947","Tannerella_forsythia","Prevotella_micans",1
"48949","Capnocytophaga_granulosa","Prevotella_micans",1
"48950","Neisseria_oralis","Prevotella_micans",1
"48953","Soonwooa_buanensis","Prevotella_micans",1
"48954","Leptotrichia_hongkongensis","Prevotella_micans",1
"48958","Slackia_exigua","Prevotella_micans",1
"48961","Desulfovibrio_fairfieldensis","Prevotella_micans",1
"48966","Cardiobacterium_valvarum","Prevotella_micans",1
"48968","Prevotella_pleuritidis","Prevotella_micans",1
"48976","Prevotella_falsenii","Prevotella_micans",1
"48977","Streptobacillus_moniliformis","Prevotella_micans",1
"48982","Desulfobulbus_rhabdoformis","Prevotella_micans",1
"48986","Ralstonia_solanacearum","Prevotella_micans",1
"48987","Prevotella_oralis","Prevotella_micans",1
"48997","Pasteurella_pneumotropica","Prevotella_micans",1
"48998","Treponema_amylovorum","Prevotella_micans",1
"49000","Wolinella_succinogenes","Prevotella_micans",1
"49004","Neisseria_macacae","Prevotella_micans",1
"49007","Treponema_socranskii","Prevotella_micans",1
"49009","Dialister_pneumosintes","Prevotella_micans",1
"49011","Peptostreptococcus_stomatis","Prevotella_micans",1
"49014","Mycoplasma_salivarium","Prevotella_micans",1
"49017","Actinomyces_oricola","Prevotella_micans",1
"49018","Barnesiella_viscericola","Prevotella_micans",1
"49021","Leptotrichia_shahii","Prevotella_micans",1
"49022","Capnocytophaga_ochracea","Prevotella_micans",1
"49025","Conchiformibius_steedae","Prevotella_micans",1
"49029","Selenomonas_sputigena","Prevotella_micans",1
"49034","Alloprevotella_tannerae","Prevotella_micans",1
"49035","Alkaliphilus_crotonatoxidans","Prevotella_micans",1
"49036","Actinomyces_georgiae","Prevotella_micans",1
"49043","Prevotella_maculosa","Prevotella_micans",1
"49045","Moraxella_bovoculi","Prevotella_micans",1
"49047","Capnocytophaga_haemolytica","Prevotella_micans",1
"49048","Clostridium_aminobutyricum","Prevotella_micans",1
"49052","Actinomyces_cardiffensis","Prevotella_micans",1
"49054","Capnocytophaga_sputigena","Prevotella_micans",1
"49060","Treponema_medium","Prevotella_micans",1
"49063","Leptotrichia_goodfellowii","Prevotella_micans",1
"49073","Granulicatella_elegans","Prevotella_micans",1
"49082","Abiotrophia_defectiva","Prevotella_micans",1
"49083","Gemella_morbillorum","Prevotella_micans",1
"49088","Actinomyces_timonensis","Prevotella_micans",1
"49089","Campylobacter_gracilis","Prevotella_micans",1
"49093","Campylobacter_rectus","Prevotella_micans",1
"49095","Streptococcus_constellatus","Prevotella_micans",1
"49096","Prevotella_nigrescens","Prevotella_micans",1
"49097","Corynebacterium_matruchotii","Prevotella_micans",1
"49098","Eikenella_corrodens","Prevotella_micans",1
"49099","Parvimonas_micra","Prevotella_micans",1
"49102","Fusobacterium_nucleatum","Prevotella_micans",1
"49103","Prevotella_saccharolytica","Prevotella_micans",1
"49104","Catonella_morbi","Prevotella_micans",1
"49107","Morococcus_cerebrosus","Prevotella_micans",1
"49110","Elizabethkingia_meningoseptica","Prevotella_micans",1
"49112","Fusobacterium_russii","Prevotella_micans",1
"49116","Neisseria_lactamica","Prevotella_micans",1
"49122","Propionibacterium_propionicum","Prevotella_micans",1
"49123","Porphyromonas_asaccharolytica","Prevotella_micans",1
"49124","Treponema_pectinovorum","Prevotella_micans",1
"49126","Streptococcus_anginosus","Prevotella_micans",1
"49127","Leptotrichia_trevisanii","Prevotella_micans",1
"49128","Treponema_putidum","Prevotella_micans",1
"49132","Prevotella_oris","Prevotella_micans",1
"49136","Aggregatibacter_aphrophilus","Prevotella_micans",1
"49138","Eubacterium_infirmum","Prevotella_micans",1
"49140","Neisseria_dentiae","Prevotella_micans",1
"49149","Eubacterium_saphenum","Treponema_succinifaciens",1
"49150","Leptotrichia_buccalis","Treponema_succinifaciens",1
"49153","Bradyrhizobium_elkanii","Treponema_succinifaciens",1
"49156","Prevotella_baroniae","Treponema_succinifaciens",1
"49159","Treponema_denticola","Treponema_succinifaciens",1
"49160","Eubacterium_brachy","Treponema_succinifaciens",1
"49161","Porphyromonas_endodontalis","Treponema_succinifaciens",1
"49162","Eubacterium_yurii","Treponema_succinifaciens",1
"49168","Prevotella_scopos","Treponema_succinifaciens",1
"49171","Dialister_invisus","Treponema_succinifaciens",1
"49173","Prevotella_enoeca","Treponema_succinifaciens",1
"49183","Actinomyces_meyeri","Treponema_succinifaciens",1
"49188","Mannheimia_granulomatis","Treponema_succinifaciens",1
"49189","Eubacterium_nodatum","Treponema_succinifaciens",1
"49191","Ornatilinea_apprima","Treponema_succinifaciens",1
"49193","Anaeroglobus_geminatus","Treponema_succinifaciens",1
"49194","Olsenella_uli","Treponema_succinifaciens",1
"49196","Prevotella_veroralis","Treponema_succinifaciens",1
"49199","Mycoplasma_faucium","Treponema_succinifaciens",1
"49206","Peptococcus_niger","Treponema_succinifaciens",1
"49214","Schwartzia_succinivorans","Treponema_succinifaciens",1
"49216","Prevotella_marshii","Treponema_succinifaciens",1
"49224","Selenomonas_noxia","Treponema_succinifaciens",1
"49228","Porphyromonas_gingivalis","Treponema_succinifaciens",1
"49236","Bacteroides_intestinalis","Treponema_succinifaciens",1
"49237","Filifactor_alocis","Treponema_succinifaciens",1
"49240","Bacteroides_heparinolyticus","Treponema_succinifaciens",1
"49244","Brachymonas_denitrificans","Treponema_succinifaciens",1
"49248","Bacteroides_zoogleoformans","Treponema_succinifaciens",1
"49253","Streptococcus_sanguinis","Treponema_succinifaciens",1
"49258","Desulfomicrobium_orale","Treponema_succinifaciens",1
"49260","Tannerella_forsythia","Treponema_succinifaciens",1
"49263","Neisseria_oralis","Treponema_succinifaciens",1
"49266","Soonwooa_buanensis","Treponema_succinifaciens",1
"49271","Slackia_exigua","Treponema_succinifaciens",1
"49272","Actinomyces_viscosus","Treponema_succinifaciens",1
"49277","Gemella_cuniculi","Treponema_succinifaciens",1
"49278","Desulfobulbus_propionicus","Treponema_succinifaciens",1
"49281","Prevotella_pleuritidis","Treponema_succinifaciens",1
"49283","Howardella_ureilytica","Treponema_succinifaciens",1
"49290","Streptobacillus_moniliformis","Treponema_succinifaciens",1
"49294","Veillonella_ratti","Treponema_succinifaciens",1
"49300","Prevotella_oralis","Treponema_succinifaciens",1
"49302","Alloprevotella_rava","Treponema_succinifaciens",1
"49311","Treponema_amylovorum","Treponema_succinifaciens",1
"49315","Shuttleworthia_satelles","Treponema_succinifaciens",1
"49316","Treponema_lecithinolyticum","Treponema_succinifaciens",1
"49317","Neisseria_macacae","Treponema_succinifaciens",1
"49320","Treponema_socranskii","Treponema_succinifaciens",1
"49322","Dialister_pneumosintes","Treponema_succinifaciens",1
"49324","Peptostreptococcus_stomatis","Treponema_succinifaciens",1
"49327","Mycoplasma_salivarium","Treponema_succinifaciens",1
"49330","Actinomyces_oricola","Treponema_succinifaciens",1
"49335","Capnocytophaga_ochracea","Treponema_succinifaciens",1
"49339","Prevotella_intermedia","Treponema_succinifaciens",1
"49342","Selenomonas_sputigena","Treponema_succinifaciens",1
"49345","Bulleidia_extructa","Treponema_succinifaciens",1
"49347","Alloprevotella_tannerae","Treponema_succinifaciens",1
"49349","Actinomyces_georgiae","Treponema_succinifaciens",1
"49356","Prevotella_maculosa","Treponema_succinifaciens",1
"49357","Haemophilus_influenzae","Treponema_succinifaciens",1
"49358","Moraxella_bovoculi","Treponema_succinifaciens",1
"49365","Actinomyces_cardiffensis","Treponema_succinifaciens",1
"49373","Treponema_medium","Treponema_succinifaciens",1
"49374","Selenomonas_infelix","Treponema_succinifaciens",1
"49375","Prevotella_corporis","Treponema_succinifaciens",1
"49384","Eggerthia_catenaformis","Treponema_succinifaciens",1
"49386","Granulicatella_elegans","Treponema_succinifaciens",1
"49391","Cryptobacterium_curtum","Treponema_succinifaciens",1
"49402","Campylobacter_gracilis","Treponema_succinifaciens",1
"49406","Campylobacter_rectus","Treponema_succinifaciens",1
"49408","Streptococcus_constellatus","Treponema_succinifaciens",1
"49409","Prevotella_nigrescens","Treponema_succinifaciens",1
"49410","Corynebacterium_matruchotii","Treponema_succinifaciens",1
"49411","Eikenella_corrodens","Treponema_succinifaciens",1
"49412","Parvimonas_micra","Treponema_succinifaciens",1
"49415","Fusobacterium_nucleatum","Treponema_succinifaciens",1
"49416","Prevotella_saccharolytica","Treponema_succinifaciens",1
"49417","Catonella_morbi","Treponema_succinifaciens",1
"49424","Prevotella_buccae","Treponema_succinifaciens",1
"49431","Pseudoramibacter_alactolyticus","Treponema_succinifaciens",1
"49432","Mogibacterium_timidum","Treponema_succinifaciens",1
"49439","Streptococcus_anginosus","Treponema_succinifaciens",1
"49445","Prevotella_oris","Treponema_succinifaciens",1
"49448","Fusobacterium_canifelinum","Treponema_succinifaciens",1
"49449","Aggregatibacter_aphrophilus","Treponema_succinifaciens",1
"49451","Eubacterium_infirmum","Treponema_succinifaciens",1
"49455","Prevotella_micans","Treponema_succinifaciens",1
"49457","Rothia_aeria","Kingella_denitrificans",1
"49464","Leptotrichia_buccalis","Kingella_denitrificans",1
"49469","Neisseria_sicca","Kingella_denitrificans",1
"49471","Capnocytophaga_leadbetteri","Kingella_denitrificans",1
"49473","Treponema_denticola","Kingella_denitrificans",1
"49476","Eubacterium_yurii","Kingella_denitrificans",1
"49480","Actinobacillus_minor","Kingella_denitrificans",1
"49486","Granulicatella_adiacens","Kingella_denitrificans",1
"49490","Moraxella_lacunata","Kingella_denitrificans",1
"49499","Actinomyces_bowdenii","Kingella_denitrificans",1
"49501","Actinobaculum_massiliense","Kingella_denitrificans",1
"49502","Mannheimia_granulomatis","Kingella_denitrificans",1
"49504","Planobacterium_taklimakanense","Kingella_denitrificans",1
"49513","Mycoplasma_faucium","Kingella_denitrificans",1
"49519","Corynebacterium_jeikeium","Kingella_denitrificans",1
"49523","Treponema_pedis","Kingella_denitrificans",1
"49527","Streptococcus_pneumoniae","Kingella_denitrificans",1
"49532","Lautropia_mirabilis","Kingella_denitrificans",1
"49535","Actinomyces_gerencseriae","Kingella_denitrificans",1
"49536","Bacteroides_stercoris","Kingella_denitrificans",1
"49549","Treponema_bryantii","Kingella_denitrificans",1
"49550","Bacteroides_intestinalis","Kingella_denitrificans",1
"49552","Prevotella_copri","Kingella_denitrificans",1
"49554","Bacteroides_heparinolyticus","Kingella_denitrificans",1
"49558","Brachymonas_denitrificans","Kingella_denitrificans",1
"49561","Leptotrichia_hofstadii","Kingella_denitrificans",1
"49567","Streptococcus_sanguinis","Kingella_denitrificans",1
"49572","Desulfomicrobium_orale","Kingella_denitrificans",1
"49573","Campylobacter_showae","Kingella_denitrificans",1
"49575","Kingella_potus","Kingella_denitrificans",1
"49576","Capnocytophaga_granulosa","Kingella_denitrificans",1
"49577","Neisseria_oralis","Kingella_denitrificans",1
"49580","Soonwooa_buanensis","Kingella_denitrificans",1
"49581","Leptotrichia_hongkongensis","Kingella_denitrificans",1
"49582","Gemella_haemolysans","Kingella_denitrificans",1
"49593","Cardiobacterium_valvarum","Kingella_denitrificans",1
"49598","Snodgrassella_alvi","Kingella_denitrificans",1
"49604","Streptobacillus_moniliformis","Kingella_denitrificans",1
"49609","Desulfobulbus_rhabdoformis","Kingella_denitrificans",1
"49624","Pasteurella_pneumotropica","Kingella_denitrificans",1
"49625","Treponema_amylovorum","Kingella_denitrificans",1
"49627","Wolinella_succinogenes","Kingella_denitrificans",1
"49631","Neisseria_macacae","Kingella_denitrificans",1
"49634","Treponema_socranskii","Kingella_denitrificans",1
"49643","Simonsiella_muelleri","Kingella_denitrificans",1
"49648","Leptotrichia_shahii","Kingella_denitrificans",1
"49649","Capnocytophaga_ochracea","Kingella_denitrificans",1
"49663","Actinomyces_georgiae","Kingella_denitrificans",1
"49670","Prevotella_maculosa","Kingella_denitrificans",1
"49671","Haemophilus_influenzae","Kingella_denitrificans",1
"49674","Capnocytophaga_haemolytica","Kingella_denitrificans",1
"49676","Porphyromonas_gulae","Kingella_denitrificans",1
"49681","Capnocytophaga_sputigena","Kingella_denitrificans",1
"49687","Treponema_medium","Kingella_denitrificans",1
"49688","Selenomonas_infelix","Kingella_denitrificans",1
"49695","Neisseria_elongata","Kingella_denitrificans",1
"49700","Granulicatella_elegans","Kingella_denitrificans",1
"49710","Gemella_morbillorum","Kingella_denitrificans",1
"49716","Campylobacter_gracilis","Kingella_denitrificans",1
"49720","Campylobacter_rectus","Kingella_denitrificans",1
"49723","Prevotella_nigrescens","Kingella_denitrificans",1
"49724","Corynebacterium_matruchotii","Kingella_denitrificans",1
"49729","Fusobacterium_nucleatum","Kingella_denitrificans",1
"49730","Prevotella_saccharolytica","Kingella_denitrificans",1
"49735","Actinomyces_massiliensis","Kingella_denitrificans",1
"49740","Neisseria_meningitidis","Kingella_denitrificans",1
"49743","Neisseria_lactamica","Kingella_denitrificans",1
"49749","Propionibacterium_propionicum","Kingella_denitrificans",1
"49752","Neisseria_flavescens","Kingella_denitrificans",1
"49753","Streptococcus_anginosus","Kingella_denitrificans",1
"49754","Leptotrichia_trevisanii","Kingella_denitrificans",1
"49755","Treponema_putidum","Kingella_denitrificans",1
"49757","Streptococcus_mitis","Kingella_denitrificans",1
"49760","Chryseobacterium_piscicola","Kingella_denitrificans",1
"49761","Porphyromonas_catoniae","Kingella_denitrificans",1
"49763","Aggregatibacter_aphrophilus","Kingella_denitrificans",1
"49766","Neisseria_mucosa","Kingella_denitrificans",1
"49767","Neisseria_dentiae","Kingella_denitrificans",1
"49794","Prevotella_denticola","Veillonella_denticariosi",1
"49815","Prevotella_salivae","Veillonella_denticariosi",1
"49853","Selenomonas_noxia","Veillonella_denticariosi",1
"49858","Streptococcus_sobrinus","Veillonella_denticariosi",1
"49875","Streptococcus_gordonii","Veillonella_denticariosi",1
"49876","Leptotrichia_hofstadii","Veillonella_denticariosi",1
"49882","Streptococcus_sanguinis","Veillonella_denticariosi",1
"49896","Leptotrichia_hongkongensis","Veillonella_denticariosi",1
"49915","Propionibacterium_acidifaciens","Veillonella_denticariosi",1
"49917","Parascardovia_denticolens","Veillonella_denticariosi",1
"49926","Streptococcus_parasanguinis","Veillonella_denticariosi",1
"49935","Atopobium_parvulum","Veillonella_denticariosi",1
"49945","Treponema_lecithinolyticum","Veillonella_denticariosi",1
"49951","Dialister_pneumosintes","Veillonella_denticariosi",1
"49952","Selenomonas_flueggei","Veillonella_denticariosi",1
"49963","Leptotrichia_shahii","Veillonella_denticariosi",1
"49971","Selenomonas_sputigena","Veillonella_denticariosi",1
"49983","Lactobacillus_salivarius","Veillonella_denticariosi",1
"49993","Veillonella_parvula","Veillonella_denticariosi",1
"50000","Lactobacillus_vaginalis","Veillonella_denticariosi",1
"50003","Selenomonas_infelix","Veillonella_denticariosi",1
"50019","Megasphaera_micronuciformis","Veillonella_denticariosi",1
"50020","Cryptobacterium_curtum","Veillonella_denticariosi",1
"50028","Veillonella_atypica","Veillonella_denticariosi",1
"50035","Campylobacter_rectus","Veillonella_denticariosi",1
"50037","Streptococcus_constellatus","Veillonella_denticariosi",1
"50039","Corynebacterium_matruchotii","Veillonella_denticariosi",1
"50043","Scardovia_wiggsiae","Veillonella_denticariosi",1
"50044","Fusobacterium_nucleatum","Veillonella_denticariosi",1
"50045","Prevotella_saccharolytica","Veillonella_denticariosi",1
"50051","Streptococcus_salivarius","Veillonella_denticariosi",1
"50068","Streptococcus_anginosus","Veillonella_denticariosi",1
"50071","Leptotrichia_wadei","Veillonella_denticariosi",1
"50074","Prevotella_oris","Veillonella_denticariosi",1
"50085","Treponema_succinifaciens","Veillonella_denticariosi",1
"50088","Rothia_aeria","Corynebacterium_durum",1
"50093","Acinetobacter_johnsonii","Corynebacterium_durum",1
"50095","Leptotrichia_buccalis","Corynebacterium_durum",1
"50098","Bradyrhizobium_elkanii","Corynebacterium_durum",1
"50100","Neisseria_sicca","Corynebacterium_durum",1
"50102","Capnocytophaga_leadbetteri","Corynebacterium_durum",1
"50109","Actinomyces_howellii","Corynebacterium_durum",1
"50111","Actinobacillus_minor","Corynebacterium_durum",1
"50114","Actinomyces_oris","Corynebacterium_durum",1
"50117","Granulicatella_adiacens","Corynebacterium_durum",1
"50119","Streptococcus_cristatus","Corynebacterium_durum",1
"50128","Actinomyces_meyeri","Corynebacterium_durum",1
"50129","Bergeyella_zoohelcum","Corynebacterium_durum",1
"50130","Actinomyces_bowdenii","Corynebacterium_durum",1
"50132","Actinobaculum_massiliense","Corynebacterium_durum",1
"50133","Mannheimia_granulomatis","Corynebacterium_durum",1
"50135","Planobacterium_taklimakanense","Corynebacterium_durum",1
"50137","Neisseria_pharyngis","Corynebacterium_durum",1
"50143","Rothia_dentocariosa","Corynebacterium_durum",1
"50149","Acidithiobacillus_thiooxidans","Corynebacterium_durum",1
"50150","Corynebacterium_jeikeium","Corynebacterium_durum",1
"50158","Streptococcus_pneumoniae","Corynebacterium_durum",1
"50163","Lautropia_mirabilis","Corynebacterium_durum",1
"50166","Actinomyces_gerencseriae","Corynebacterium_durum",1
"50168","Neisseria_shayeganii","Corynebacterium_durum",1
"50169","Selenomonas_noxia","Corynebacterium_durum",1
"50189","Brachymonas_denitrificans","Corynebacterium_durum",1
"50191","Streptococcus_gordonii","Corynebacterium_durum",1
"50192","Leptotrichia_hofstadii","Corynebacterium_durum",1
"50198","Streptococcus_sanguinis","Corynebacterium_durum",1
"50206","Kingella_potus","Corynebacterium_durum",1
"50207","Capnocytophaga_granulosa","Corynebacterium_durum",1
"50208","Neisseria_oralis","Corynebacterium_durum",1
"50211","Soonwooa_buanensis","Corynebacterium_durum",1
"50212","Leptotrichia_hongkongensis","Corynebacterium_durum",1
"50213","Gemella_haemolysans","Corynebacterium_durum",1
"50217","Actinomyces_viscosus","Corynebacterium_durum",1
"50218","Streptococcus_oralis","Corynebacterium_durum",1
"50239","Veillonella_ratti","Corynebacterium_durum",1
"50260","Shuttleworthia_satelles","Corynebacterium_durum",1
"50263","Moraxella_osloensis","Corynebacterium_durum",1
"50275","Actinomyces_oricola","Corynebacterium_durum",1
"50276","Barnesiella_viscericola","Corynebacterium_durum",1
"50280","Capnocytophaga_ochracea","Corynebacterium_durum",1
"50283","Conchiformibius_steedae","Corynebacterium_durum",1
"50291","Haemophilus_parahaemolyticus","Corynebacterium_durum",1
"50296","Streptococcus_oligofermentans","Corynebacterium_durum",1
"50302","Haemophilus_influenzae","Corynebacterium_durum",1
"50312","Capnocytophaga_sputigena","Corynebacterium_durum",1
"50326","Neisseria_elongata","Corynebacterium_durum",1
"50331","Granulicatella_elegans","Corynebacterium_durum",1
"50336","Cryptobacterium_curtum","Corynebacterium_durum",1
"50340","Abiotrophia_defectiva","Corynebacterium_durum",1
"50341","Gemella_morbillorum","Corynebacterium_durum",1
"50343","Haemophilus_sputorum","Corynebacterium_durum",1
"50346","Actinomyces_timonensis","Corynebacterium_durum",1
"50355","Corynebacterium_matruchotii","Corynebacterium_durum",1
"50360","Fusobacterium_nucleatum","Corynebacterium_durum",1
"50361","Prevotella_saccharolytica","Corynebacterium_durum",1
"50366","Actinomyces_massiliensis","Corynebacterium_durum",1
"50368","Elizabethkingia_meningoseptica","Corynebacterium_durum",1
"50384","Streptococcus_anginosus","Corynebacterium_durum",1
"50388","Streptococcus_mitis","Corynebacterium_durum",1
"50391","Chryseobacterium_piscicola","Corynebacterium_durum",1
"50393","Fusobacterium_canifelinum","Corynebacterium_durum",1
"50394","Aggregatibacter_aphrophilus","Corynebacterium_durum",1
"50398","Neisseria_dentiae","Corynebacterium_durum",1
"50402","Kingella_denitrificans","Corynebacterium_durum",1
"50427","Prevotella_denticola","Neisseria_bacilliformis",1
"50460","Rothia_dentocariosa","Neisseria_bacilliformis",1
"50461","Mycoplasma_faucium","Neisseria_bacilliformis",1
"50486","Selenomonas_noxia","Neisseria_bacilliformis",1
"50487","Bifidobacterium_dentium","Neisseria_bacilliformis",1
"50515","Streptococcus_sanguinis","Neisseria_bacilliformis",1
"50517","Fusobacterium_periodonticum","Neisseria_bacilliformis",-1
"50524","Capnocytophaga_granulosa","Neisseria_bacilliformis",1
"50529","Leptotrichia_hongkongensis","Neisseria_bacilliformis",1
"50576","Lactobacillus_frumenti","Neisseria_bacilliformis",1
"50589","Mycoplasma_salivarium","Neisseria_bacilliformis",1
"50593","Barnesiella_viscericola","Neisseria_bacilliformis",1
"50597","Capnocytophaga_ochracea","Neisseria_bacilliformis",1
"50628","Rhodococcus_erythropolis","Neisseria_bacilliformis",1
"50656","Sediminibacterium_salmoneum","Neisseria_bacilliformis",1
"50664","Campylobacter_gracilis","Neisseria_bacilliformis",1
"50672","Corynebacterium_matruchotii","Neisseria_bacilliformis",1
"50673","Eikenella_corrodens","Neisseria_bacilliformis",1
"50685","Elizabethkingia_meningoseptica","Neisseria_bacilliformis",1
"50701","Streptococcus_anginosus","Neisseria_bacilliformis",1
"50723","Rothia_aeria","Kingella_oralis",1
"50726","Streptococcus_vestibularis","Kingella_oralis",1
"50727","Veillonella_dispar","Kingella_oralis",1
"50728","Acinetobacter_johnsonii","Kingella_oralis",1
"50733","Bradyrhizobium_elkanii","Kingella_oralis",1
"50744","Actinomyces_howellii","Kingella_oralis",1
"50745","Prevotella_denticola","Kingella_oralis",1
"50747","Haemophilus_haemoglobinophilus","Kingella_oralis",1
"50749","Actinomyces_oris","Kingella_oralis",1
"50752","Granulicatella_adiacens","Kingella_oralis",1
"50764","Bergeyella_zoohelcum","Kingella_oralis",1
"50765","Actinomyces_bowdenii","Kingella_oralis",1
"50767","Actinobaculum_massiliense","Kingella_oralis",1
"50770","Planobacterium_taklimakanense","Kingella_oralis",1
"50778","Rothia_dentocariosa","Kingella_oralis",1
"50779","Mycoplasma_faucium","Kingella_oralis",1
"50780","Mycoplasma_hyosynoviae","Kingella_oralis",1
"50785","Corynebacterium_jeikeium","Kingella_oralis",1
"50794","Schwartzia_succinivorans","Kingella_oralis",1
"50798","Lautropia_mirabilis","Kingella_oralis",1
"50800","Actinobacillus_rossii","Kingella_oralis",1
"50801","Actinomyces_gerencseriae","Kingella_oralis",1
"50802","Bacteroides_stercoris","Kingella_oralis",1
"50804","Selenomonas_noxia","Kingella_oralis",1
"50805","Bifidobacterium_dentium","Kingella_oralis",1
"50807","Haemophilus_parainfluenzae","Kingella_oralis",1
"50811","Acinetobacter_junii","Kingella_oralis",1
"50822","Lachnoanaerobaculum_saburreum","Kingella_oralis",1
"50823","Acinetobacter_lwoffii","Kingella_oralis",1
"50826","Streptococcus_gordonii","Kingella_oralis",1
"50833","Streptococcus_sanguinis","Kingella_oralis",1
"50842","Capnocytophaga_granulosa","Kingella_oralis",1
"50847","Leptotrichia_hongkongensis","Kingella_oralis",1
"50853","Streptococcus_oralis","Kingella_oralis",1
"50860","Corynebacterium_tuberculostearicum","Kingella_oralis",1
"50863","Howardella_ureilytica","Kingella_oralis",1
"50875","Desulfobulbus_rhabdoformis","Kingella_oralis",1
"50876","Lactobacillus_mucosae","Kingella_oralis",1
"50877","Streptococcus_parasanguinis","Kingella_oralis",1
"50880","Prevotella_oralis","Kingella_oralis",1
"50894","Lactobacillus_frumenti","Kingella_oralis",1
"50898","Moraxella_osloensis","Kingella_oralis",1
"50899","Streptococcus_intermedius","Kingella_oralis",1
"50900","Treponema_socranskii","Kingella_oralis",1
"50903","Selenomonas_flueggei","Kingella_oralis",1
"50914","Leptotrichia_shahii","Kingella_oralis",1
"50929","Actinomyces_georgiae","Kingella_oralis",1
"50933","Streptococcus_equinus","Kingella_oralis",1
"50934","Lactobacillus_salivarius","Kingella_oralis",1
"50936","Prevotella_maculosa","Kingella_oralis",1
"50944","Veillonella_parvula","Kingella_oralis",1
"50946","Rhodococcus_erythropolis","Kingella_oralis",1
"50947","Capnocytophaga_sputigena","Kingella_oralis",1
"50954","Selenomonas_infelix","Kingella_oralis",1
"50960","Lactobacillus_fermentum","Kingella_oralis",1
"50974","Sediminibacterium_salmoneum","Kingella_oralis",1
"50982","Campylobacter_gracilis","Kingella_oralis",1
"50985","Acinetobacter_calcoaceticus","Kingella_oralis",1
"50988","Streptococcus_constellatus","Kingella_oralis",1
"50989","Prevotella_nigrescens","Kingella_oralis",1
"50990","Corynebacterium_matruchotii","Kingella_oralis",1
"50991","Eikenella_corrodens","Kingella_oralis",1
"50994","Scardovia_wiggsiae","Kingella_oralis",1
"50995","Fusobacterium_nucleatum","Kingella_oralis",1
"50996","Prevotella_saccharolytica","Kingella_oralis",1
"51002","Streptococcus_salivarius","Kingella_oralis",1
"51003","Elizabethkingia_meningoseptica","Kingella_oralis",1
"51013","Streptococcus_mutans","Kingella_oralis",1
"51014","Streptococcus_thermophilus","Kingella_oralis",1
"51015","Propionibacterium_propionicum","Kingella_oralis",1
"51019","Streptococcus_anginosus","Kingella_oralis",1
"51023","Streptococcus_mitis","Kingella_oralis",1
"51025","Prevotella_oris","Kingella_oralis",1
"51038","Veillonella_denticariosi","Kingella_oralis",1
"51039","Corynebacterium_durum","Kingella_oralis",1
"51040","Neisseria_bacilliformis","Kingella_oralis",1
"51042","Rothia_aeria","Cardiobacterium_hominis",1
"51047","Acinetobacter_johnsonii","Cardiobacterium_hominis",1
"51050","Clostridium_ruminantium","Cardiobacterium_hominis",1
"51052","Bradyrhizobium_elkanii","Cardiobacterium_hominis",1
"51054","Neisseria_sicca","Cardiobacterium_hominis",1
"51056","Capnocytophaga_leadbetteri","Cardiobacterium_hominis",1
"51061","Eubacterium_yurii","Cardiobacterium_hominis",1
"51068","Actinomyces_oris","Cardiobacterium_hominis",1
"51070","Dialister_invisus","Cardiobacterium_hominis",1
"51083","Bergeyella_zoohelcum","Cardiobacterium_hominis",1
"51084","Actinomyces_bowdenii","Cardiobacterium_hominis",1
"51085","Prevotella_salivae","Cardiobacterium_hominis",-1
"51086","Actinobaculum_massiliense","Cardiobacterium_hominis",1
"51087","Mannheimia_granulomatis","Cardiobacterium_hominis",1
"51089","Planobacterium_taklimakanense","Cardiobacterium_hominis",1
"51091","Neisseria_pharyngis","Cardiobacterium_hominis",1
"51092","Anaeroglobus_geminatus","Cardiobacterium_hominis",1
"51097","Rothia_dentocariosa","Cardiobacterium_hominis",1
"51100","Azospira_oryzae","Cardiobacterium_hominis",1
"51103","Acidithiobacillus_thiooxidans","Cardiobacterium_hominis",1
"51104","Corynebacterium_jeikeium","Cardiobacterium_hominis",1
"51105","Peptococcus_niger","Cardiobacterium_hominis",1
"51106","Acinetobacter_baumannii","Cardiobacterium_hominis",1
"51109","Campylobacter_curvus","Cardiobacterium_hominis",1
"51113","Schwartzia_succinivorans","Cardiobacterium_hominis",1
"51117","Lautropia_mirabilis","Cardiobacterium_hominis",1
"51119","Actinobacillus_rossii","Cardiobacterium_hominis",1
"51120","Actinomyces_gerencseriae","Cardiobacterium_hominis",1
"51122","Neisseria_shayeganii","Cardiobacterium_hominis",1
"51125","Gemmatimonas_aurantiaca","Cardiobacterium_hominis",1
"51126","Haemophilus_parainfluenzae","Cardiobacterium_hominis",1
"51130","Acinetobacter_junii","Cardiobacterium_hominis",1
"51135","Bacteroides_intestinalis","Cardiobacterium_hominis",1
"51137","Prevotella_copri","Cardiobacterium_hominis",1
"51141","Lachnoanaerobaculum_saburreum","Cardiobacterium_hominis",1
"51142","Acinetobacter_lwoffii","Cardiobacterium_hominis",1
"51143","Brachymonas_denitrificans","Cardiobacterium_hominis",1
"51152","Streptococcus_sanguinis","Cardiobacterium_hominis",1
"51153","Eubacterium_rectale","Cardiobacterium_hominis",1
"51158","Campylobacter_showae","Cardiobacterium_hominis",1
"51159","Tannerella_forsythia","Cardiobacterium_hominis",1
"51160","Kingella_potus","Cardiobacterium_hominis",1
"51161","Capnocytophaga_granulosa","Cardiobacterium_hominis",1
"51162","Neisseria_oralis","Cardiobacterium_hominis",1
"51165","Soonwooa_buanensis","Cardiobacterium_hominis",1
"51166","Leptotrichia_hongkongensis","Cardiobacterium_hominis",1
"51184","Clostridium_hathewayi","Cardiobacterium_hominis",1
"51194","Desulfobulbus_rhabdoformis","Cardiobacterium_hominis",1
"51198","Ralstonia_solanacearum","Cardiobacterium_hominis",1
"51209","Pasteurella_pneumotropica","Cardiobacterium_hominis",1
"51217","Moraxella_osloensis","Cardiobacterium_hominis",1
"51218","Streptococcus_intermedius","Cardiobacterium_hominis",1
"51219","Treponema_socranskii","Cardiobacterium_hominis",1
"51226","Mycoplasma_salivarium","Cardiobacterium_hominis",1
"51230","Barnesiella_viscericola","Cardiobacterium_hominis",1
"51233","Leptotrichia_shahii","Cardiobacterium_hominis",1
"51237","Conchiformibius_steedae","Cardiobacterium_hominis",1
"51245","Haemophilus_parahaemolyticus","Cardiobacterium_hominis",1
"51247","Alkaliphilus_crotonatoxidans","Cardiobacterium_hominis",1
"51248","Actinomyces_georgiae","Cardiobacterium_hominis",1
"51252","Streptococcus_equinus","Cardiobacterium_hominis",1
"51256","Haemophilus_influenzae","Cardiobacterium_hominis",1
"51259","Capnocytophaga_haemolytica","Cardiobacterium_hominis",1
"51265","Rhodococcus_erythropolis","Cardiobacterium_hominis",1
"51266","Capnocytophaga_sputigena","Cardiobacterium_hominis",1
"51273","Selenomonas_infelix","Cardiobacterium_hominis",1
"51275","Leptotrichia_goodfellowii","Cardiobacterium_hominis",1
"51277","Chryseobacterium_kwangjuense","Cardiobacterium_hominis",1
"51280","Neisseria_elongata","Cardiobacterium_hominis",1
"51286","Neisseria_subflava","Cardiobacterium_hominis",1
"51288","Prevotella_melaninogenica","Cardiobacterium_hominis",-1
"51294","Abiotrophia_defectiva","Cardiobacterium_hominis",1
"51295","Gemella_morbillorum","Cardiobacterium_hominis",1
"51297","Haemophilus_sputorum","Cardiobacterium_hominis",1
"51298","Veillonella_atypica","Cardiobacterium_hominis",-1
"51299","Intestinimonas_butyriciproducens","Cardiobacterium_hominis",1
"51301","Campylobacter_gracilis","Cardiobacterium_hominis",1
"51304","Acinetobacter_calcoaceticus","Cardiobacterium_hominis",1
"51305","Campylobacter_rectus","Cardiobacterium_hominis",1
"51309","Corynebacterium_matruchotii","Cardiobacterium_hominis",1
"51310","Eikenella_corrodens","Cardiobacterium_hominis",1
"51314","Fusobacterium_nucleatum","Cardiobacterium_hominis",1
"51315","Prevotella_saccharolytica","Cardiobacterium_hominis",1
"51322","Elizabethkingia_meningoseptica","Cardiobacterium_hominis",1
"51325","Neisseria_meningitidis","Cardiobacterium_hominis",1
"51327","Staphylococcus_epidermidis","Cardiobacterium_hominis",1
"51328","Neisseria_lactamica","Cardiobacterium_hominis",1
"51334","Propionibacterium_propionicum","Cardiobacterium_hominis",1
"51339","Leptotrichia_trevisanii","Cardiobacterium_hominis",1
"51342","Streptococcus_mitis","Cardiobacterium_hominis",1
"51344","Prevotella_oris","Cardiobacterium_hominis",1
"51345","Chryseobacterium_piscicola","Cardiobacterium_hominis",1
"51346","Porphyromonas_catoniae","Cardiobacterium_hominis",1
"51348","Aggregatibacter_aphrophilus","Cardiobacterium_hominis",1
"51352","Neisseria_dentiae","Cardiobacterium_hominis",1
"51354","Prevotella_micans","Cardiobacterium_hominis",1
"51356","Kingella_denitrificans","Cardiobacterium_hominis",1
"51358","Corynebacterium_durum","Cardiobacterium_hominis",1
"51367","Acinetobacter_johnsonii","Fretibacterium_fastidiosum",1
"51368","Eubacterium_saphenum","Fretibacterium_fastidiosum",1
"51369","Leptotrichia_buccalis","Fretibacterium_fastidiosum",1
"51372","Bradyrhizobium_elkanii","Fretibacterium_fastidiosum",1
"51379","Eubacterium_brachy","Fretibacterium_fastidiosum",1
"51380","Porphyromonas_endodontalis","Fretibacterium_fastidiosum",1
"51381","Eubacterium_yurii","Fretibacterium_fastidiosum",1
"51384","Prevotella_denticola","Fretibacterium_fastidiosum",1
"51390","Dialister_invisus","Fretibacterium_fastidiosum",1
"51402","Actinomyces_meyeri","Fretibacterium_fastidiosum",1
"51404","Actinomyces_bowdenii","Fretibacterium_fastidiosum",1
"51406","Actinobaculum_massiliense","Fretibacterium_fastidiosum",1
"51408","Eubacterium_nodatum","Fretibacterium_fastidiosum",1
"51410","Ornatilinea_apprima","Fretibacterium_fastidiosum",1
"51411","Neisseria_pharyngis","Fretibacterium_fastidiosum",1
"51412","Anaeroglobus_geminatus","Fretibacterium_fastidiosum",1
"51416","Dialister_propionicifaciens","Fretibacterium_fastidiosum",1
"51417","Rothia_dentocariosa","Fretibacterium_fastidiosum",1
"51418","Mycoplasma_faucium","Fretibacterium_fastidiosum",1
"51419","Mycoplasma_hyosynoviae","Fretibacterium_fastidiosum",1
"51425","Peptococcus_niger","Fretibacterium_fastidiosum",1
"51426","Acinetobacter_baumannii","Fretibacterium_fastidiosum",1
"51428","Treponema_pedis","Fretibacterium_fastidiosum",1
"51429","Campylobacter_curvus","Fretibacterium_fastidiosum",1
"51431","Mycoplasma_feliminutum","Fretibacterium_fastidiosum",1
"51433","Schwartzia_succinivorans","Fretibacterium_fastidiosum",1
"51434","Actinomyces_hyovaginalis","Fretibacterium_fastidiosum",1
"51435","Prevotella_marshii","Fretibacterium_fastidiosum",1
"51436","Treponema_parvum","Fretibacterium_fastidiosum",1
"51440","Actinomyces_gerencseriae","Fretibacterium_fastidiosum",1
"51441","Bacteroides_stercoris","Fretibacterium_fastidiosum",1
"51443","Selenomonas_noxia","Fretibacterium_fastidiosum",1
"51444","Bifidobacterium_dentium","Fretibacterium_fastidiosum",1
"51446","Haemophilus_parainfluenzae","Fretibacterium_fastidiosum",-1
"51447","Porphyromonas_gingivalis","Fretibacterium_fastidiosum",1
"51449","Pseudomonas_stutzeri","Fretibacterium_fastidiosum",1
"51450","Acinetobacter_junii","Fretibacterium_fastidiosum",1
"51454","Treponema_bryantii","Fretibacterium_fastidiosum",1
"51458","Odoribacter_denticanis","Fretibacterium_fastidiosum",1
"51461","Lachnoanaerobaculum_saburreum","Fretibacterium_fastidiosum",1
"51463","Brachymonas_denitrificans","Fretibacterium_fastidiosum",1
"51464","Prevotella_paludivivens","Fretibacterium_fastidiosum",1
"51466","Leptotrichia_hofstadii","Fretibacterium_fastidiosum",1
"51467","Bacteroides_zoogleoformans","Fretibacterium_fastidiosum",1
"51468","Natranaerovirga_hydrolytica","Fretibacterium_fastidiosum",1
"51472","Streptococcus_sanguinis","Fretibacterium_fastidiosum",1
"51475","Eubacterium_minutum","Fretibacterium_fastidiosum",1
"51476","Sporanaerobacter_acetigenes","Fretibacterium_fastidiosum",1
"51477","Desulfomicrobium_orale","Fretibacterium_fastidiosum",1
"51478","Campylobacter_showae","Fretibacterium_fastidiosum",1
"51479","Tannerella_forsythia","Fretibacterium_fastidiosum",1
"51481","Capnocytophaga_granulosa","Fretibacterium_fastidiosum",1
"51482","Neisseria_oralis","Fretibacterium_fastidiosum",1
"51485","Soonwooa_buanensis","Fretibacterium_fastidiosum",1
"51486","Leptotrichia_hongkongensis","Fretibacterium_fastidiosum",1
"51493","Desulfovibrio_fairfieldensis","Fretibacterium_fastidiosum",1
"51494","Prevotella_multisaccharivorax","Fretibacterium_fastidiosum",1
"51495","Streptococcus_sinensis","Fretibacterium_fastidiosum",1
"51497","Desulfobulbus_propionicus","Fretibacterium_fastidiosum",1
"51498","Cardiobacterium_valvarum","Fretibacterium_fastidiosum",1
"51499","Corynebacterium_tuberculostearicum","Fretibacterium_fastidiosum",1
"51500","Prevotella_pleuritidis","Fretibacterium_fastidiosum",1
"51502","Howardella_ureilytica","Fretibacterium_fastidiosum",1
"51504","Clostridium_hathewayi","Fretibacterium_fastidiosum",1
"51507","Parascardovia_denticolens","Fretibacterium_fastidiosum",1
"51508","Prevotella_falsenii","Fretibacterium_fastidiosum",1
"51513","Veillonella_ratti","Fretibacterium_fastidiosum",1
"51514","Desulfobulbus_rhabdoformis","Fretibacterium_fastidiosum",1
"51515","Lactobacillus_mucosae","Fretibacterium_fastidiosum",1
"51517","Eubacterium_ramulus","Fretibacterium_fastidiosum",1
"51527","Anaerovorax_odorimutans","Fretibacterium_fastidiosum",1
"51528","Megamonas_funiformis","Fretibacterium_fastidiosum",1
"51529","Pasteurella_pneumotropica","Fretibacterium_fastidiosum",1
"51530","Treponema_amylovorum","Fretibacterium_fastidiosum",1
"51531","Prevotella_nanceiensis","Fretibacterium_fastidiosum",-1
"51532","Wolinella_succinogenes","Fretibacterium_fastidiosum",1
"51534","Shuttleworthia_satelles","Fretibacterium_fastidiosum",1
"51537","Moraxella_osloensis","Fretibacterium_fastidiosum",1
"51538","Streptococcus_intermedius","Fretibacterium_fastidiosum",1
"51540","Pyramidobacter_piscolens","Fretibacterium_fastidiosum",1
"51541","Dialister_pneumosintes","Fretibacterium_fastidiosum",1
"51542","Selenomonas_flueggei","Fretibacterium_fastidiosum",1
"51543","Peptostreptococcus_stomatis","Fretibacterium_fastidiosum",1
"51546","Mycoplasma_salivarium","Fretibacterium_fastidiosum",1
"51549","Actinomyces_oricola","Fretibacterium_fastidiosum",1
"51550","Barnesiella_viscericola","Fretibacterium_fastidiosum",1
"51552","Leptotrichia_amnionii","Fretibacterium_fastidiosum",1
"51553","Leptotrichia_shahii","Fretibacterium_fastidiosum",1
"51554","Capnocytophaga_ochracea","Fretibacterium_fastidiosum",1
"51558","Prevotella_intermedia","Fretibacterium_fastidiosum",1
"51559","Porphyromonas_uenonis","Fretibacterium_fastidiosum",1
"51560","Prevotella_fusca","Fretibacterium_fastidiosum",1
"51561","Selenomonas_sputigena","Fretibacterium_fastidiosum",1
"51566","Alloprevotella_tannerae","Fretibacterium_fastidiosum",1
"51567","Alkaliphilus_crotonatoxidans","Fretibacterium_fastidiosum",1
"51568","Actinomyces_georgiae","Fretibacterium_fastidiosum",1
"51577","Moraxella_bovoculi","Fretibacterium_fastidiosum",1
"51580","Clostridium_aminobutyricum","Fretibacterium_fastidiosum",1
"51581","Porphyromonas_gulae","Fretibacterium_fastidiosum",1
"51582","Saccharofermentans_acetigenes","Fretibacterium_fastidiosum",1
"51584","Actinomyces_cardiffensis","Fretibacterium_fastidiosum",1
"51587","Propionibacterium_acnes","Fretibacterium_fastidiosum",1
"51592","Treponema_medium","Fretibacterium_fastidiosum",1
"51594","Prevotella_corporis","Fretibacterium_fastidiosum",1
"51596","Selenomonas_bovis","Fretibacterium_fastidiosum",1
"51603","Eggerthia_catenaformis","Fretibacterium_fastidiosum",1
"51604","Clostridium_ultunense","Fretibacterium_fastidiosum",1
"51608","Prevotella_melaninogenica","Fretibacterium_fastidiosum",-1
"51612","Atopobium_vaginae","Fretibacterium_fastidiosum",1
"51620","Actinomyces_timonensis","Fretibacterium_fastidiosum",1
"51621","Campylobacter_gracilis","Fretibacterium_fastidiosum",1
"51623","Phocaeicola_abscessus","Fretibacterium_fastidiosum",1
"51624","Acinetobacter_calcoaceticus","Fretibacterium_fastidiosum",1
"51626","Corynebacterium_kroppenstedtii","Fretibacterium_fastidiosum",1
"51627","Streptococcus_constellatus","Fretibacterium_fastidiosum",1
"51628","Prevotella_nigrescens","Fretibacterium_fastidiosum",1
"51629","Corynebacterium_matruchotii","Fretibacterium_fastidiosum",1
"51630","Eikenella_corrodens","Fretibacterium_fastidiosum",1
"51631","Parvimonas_micra","Fretibacterium_fastidiosum",1
"51634","Fusobacterium_nucleatum","Fretibacterium_fastidiosum",1
"51635","Prevotella_saccharolytica","Fretibacterium_fastidiosum",1
"51636","Catonella_morbi","Fretibacterium_fastidiosum",1
"51637","Moraxella_boevrei","Fretibacterium_fastidiosum",1
"51642","Elizabethkingia_meningoseptica","Fretibacterium_fastidiosum",1
"51648","Neisseria_lactamica","Fretibacterium_fastidiosum",1
"51650","Pseudoramibacter_alactolyticus","Fretibacterium_fastidiosum",1
"51651","Mogibacterium_timidum","Fretibacterium_fastidiosum",1
"51654","Propionibacterium_propionicum","Fretibacterium_fastidiosum",1
"51655","Porphyromonas_asaccharolytica","Fretibacterium_fastidiosum",1
"51656","Treponema_pectinovorum","Fretibacterium_fastidiosum",1
"51658","Streptococcus_anginosus","Fretibacterium_fastidiosum",1
"51659","Leptotrichia_trevisanii","Fretibacterium_fastidiosum",1
"51660","Treponema_putidum","Fretibacterium_fastidiosum",1
"51664","Prevotella_oris","Fretibacterium_fastidiosum",1
"51667","Fusobacterium_canifelinum","Fretibacterium_fastidiosum",1
"51670","Eubacterium_infirmum","Fretibacterium_fastidiosum",1
"51674","Prevotella_micans","Fretibacterium_fastidiosum",1
"51675","Treponema_succinifaciens","Fretibacterium_fastidiosum",1
"51680","Kingella_oralis","Fretibacterium_fastidiosum",1
"51681","Cardiobacterium_hominis","Fretibacterium_fastidiosum",1
"51738","Rothia_dentocariosa","Streptococcus_peroris",1
"51753","Streptococcus_pneumoniae","Streptococcus_peroris",1
"51781","Rothia_mucilaginosa","Streptococcus_peroris",1
"51786","Streptococcus_gordonii","Streptococcus_peroris",1
"51808","Gemella_haemolysans","Streptococcus_peroris",1
"51813","Streptococcus_oralis","Streptococcus_peroris",1
"51837","Streptococcus_parasanguinis","Streptococcus_peroris",1
"51877","Gemella_sanguinis","Streptococcus_peroris",1
"52008","Streptococcus_vestibularis","Olsenella_profusa",1
"52011","Eubacterium_saphenum","Olsenella_profusa",1
"52012","Leptotrichia_buccalis","Olsenella_profusa",1
"52013","Clostridium_ruminantium","Olsenella_profusa",1
"52018","Prevotella_baroniae","Olsenella_profusa",1
"52021","Treponema_denticola","Olsenella_profusa",1
"52023","Porphyromonas_endodontalis","Olsenella_profusa",1
"52027","Prevotella_denticola","Olsenella_profusa",1
"52031","Actinomyces_oris","Olsenella_profusa",1
"52033","Dialister_invisus","Olsenella_profusa",1
"52046","Bergeyella_zoohelcum","Olsenella_profusa",1
"52049","Actinobaculum_massiliense","Olsenella_profusa",1
"52051","Eubacterium_nodatum","Olsenella_profusa",1
"52053","Ornatilinea_apprima","Olsenella_profusa",1
"52055","Anaeroglobus_geminatus","Olsenella_profusa",1
"52057","Lactobacillus_johnsonii","Olsenella_profusa",1
"52058","Prevotella_veroralis","Olsenella_profusa",1
"52060","Rothia_dentocariosa","Olsenella_profusa",1
"52061","Mycoplasma_faucium","Olsenella_profusa",1
"52062","Mycoplasma_hyosynoviae","Olsenella_profusa",1
"52065","Prevotella_dentalis","Olsenella_profusa",1
"52067","Corynebacterium_jeikeium","Olsenella_profusa",1
"52068","Peptococcus_niger","Olsenella_profusa",1
"52072","Campylobacter_curvus","Olsenella_profusa",1
"52074","Mycoplasma_feliminutum","Olsenella_profusa",1
"52076","Schwartzia_succinivorans","Olsenella_profusa",1
"52078","Prevotella_marshii","Olsenella_profusa",1
"52079","Treponema_parvum","Olsenella_profusa",1
"52086","Selenomonas_noxia","Olsenella_profusa",1
"52087","Bifidobacterium_dentium","Olsenella_profusa",1
"52090","Porphyromonas_gingivalis","Olsenella_profusa",1
"52097","Treponema_bryantii","Olsenella_profusa",1
"52099","Filifactor_alocis","Olsenella_profusa",1
"52102","Bacteroides_heparinolyticus","Olsenella_profusa",1
"52104","Lachnoanaerobaculum_saburreum","Olsenella_profusa",1
"52109","Leptotrichia_hofstadii","Olsenella_profusa",1
"52110","Bacteroides_zoogleoformans","Olsenella_profusa",1
"52115","Streptococcus_sanguinis","Olsenella_profusa",1
"52117","Fusobacterium_periodonticum","Olsenella_profusa",-1
"52118","Eubacterium_minutum","Olsenella_profusa",1
"52119","Sporanaerobacter_acetigenes","Olsenella_profusa",1
"52120","Desulfomicrobium_orale","Olsenella_profusa",1
"52122","Tannerella_forsythia","Olsenella_profusa",1
"52124","Capnocytophaga_granulosa","Olsenella_profusa",1
"52125","Neisseria_oralis","Olsenella_profusa",1
"52126","Lactobacillus_ruminis","Olsenella_profusa",1
"52128","Soonwooa_buanensis","Olsenella_profusa",1
"52129","Leptotrichia_hongkongensis","Olsenella_profusa",1
"52133","Slackia_exigua","Olsenella_profusa",1
"52140","Desulfobulbus_propionicus","Olsenella_profusa",1
"52141","Cardiobacterium_valvarum","Olsenella_profusa",1
"52143","Prevotella_pleuritidis","Olsenella_profusa",1
"52154","Selenomonas_ruminantium","Olsenella_profusa",1
"52160","Eubacterium_ramulus","Olsenella_profusa",1
"52162","Prevotella_oralis","Olsenella_profusa",1
"52168","Atopobium_parvulum","Olsenella_profusa",1
"52173","Treponema_amylovorum","Olsenella_profusa",1
"52176","Lactobacillus_frumenti","Olsenella_profusa",1
"52177","Shuttleworthia_satelles","Olsenella_profusa",1
"52184","Dialister_pneumosintes","Olsenella_profusa",1
"52185","Selenomonas_flueggei","Olsenella_profusa",1
"52189","Mycoplasma_salivarium","Olsenella_profusa",1
"52192","Actinomyces_oricola","Olsenella_profusa",1
"52193","Barnesiella_viscericola","Olsenella_profusa",1
"52196","Leptotrichia_shahii","Olsenella_profusa",1
"52197","Capnocytophaga_ochracea","Olsenella_profusa",1
"52204","Selenomonas_sputigena","Olsenella_profusa",1
"52209","Alloprevotella_tannerae","Olsenella_profusa",1
"52211","Actinomyces_georgiae","Olsenella_profusa",1
"52226","Veillonella_parvula","Olsenella_profusa",1
"52227","Actinomyces_cardiffensis","Olsenella_profusa",1
"52235","Treponema_medium","Olsenella_profusa",1
"52236","Selenomonas_infelix","Olsenella_profusa",1
"52237","Prevotella_corporis","Olsenella_profusa",1
"52239","Selenomonas_bovis","Olsenella_profusa",1
"52254","Prevotella_timonensis","Olsenella_profusa",1
"52262","Intestinimonas_butyriciproducens","Olsenella_profusa",1
"52264","Campylobacter_gracilis","Olsenella_profusa",1
"52266","Phocaeicola_abscessus","Olsenella_profusa",1
"52270","Streptococcus_constellatus","Olsenella_profusa",1
"52271","Prevotella_nigrescens","Olsenella_profusa",1
"52272","Corynebacterium_matruchotii","Olsenella_profusa",1
"52273","Eikenella_corrodens","Olsenella_profusa",1
"52274","Parvimonas_micra","Olsenella_profusa",1
"52277","Fusobacterium_nucleatum","Olsenella_profusa",1
"52278","Prevotella_saccharolytica","Olsenella_profusa",1
"52283","Actinomyces_massiliensis","Olsenella_profusa",1
"52285","Elizabethkingia_meningoseptica","Olsenella_profusa",1
"52296","Streptococcus_thermophilus","Olsenella_profusa",1
"52301","Streptococcus_anginosus","Olsenella_profusa",1
"52302","Leptotrichia_trevisanii","Olsenella_profusa",1
"52303","Treponema_putidum","Olsenella_profusa",1
"52304","Leptotrichia_wadei","Olsenella_profusa",1
"52307","Prevotella_oris","Olsenella_profusa",1
"52310","Fusobacterium_canifelinum","Olsenella_profusa",1
"52313","Eubacterium_infirmum","Olsenella_profusa",1
"52317","Prevotella_micans","Olsenella_profusa",1
"52318","Treponema_succinifaciens","Olsenella_profusa",1
"52319","Kingella_denitrificans","Olsenella_profusa",1
"52321","Corynebacterium_durum","Olsenella_profusa",1
"52323","Kingella_oralis","Olsenella_profusa",1
"52325","Fretibacterium_fastidiosum","Olsenella_profusa",1
"52656","Veillonella_dispar","Lactobacillus_gasseri",1
"52660","Clostridium_ruminantium","Lactobacillus_gasseri",1
"52672","Prevotella_shahii","Lactobacillus_gasseri",-1
"52674","Prevotella_denticola","Lactobacillus_gasseri",1
"52707","Rothia_dentocariosa","Lactobacillus_gasseri",1
"52734","Bifidobacterium_dentium","Lactobacillus_gasseri",1
"52755","Streptococcus_gordonii","Lactobacillus_gasseri",1
"52764","Fusobacterium_periodonticum","Lactobacillus_gasseri",-1
"52773","Lactobacillus_ruminis","Lactobacillus_gasseri",1
"52792","Howardella_ureilytica","Lactobacillus_gasseri",1
"52797","Parascardovia_denticolens","Lactobacillus_gasseri",1
"52806","Streptococcus_parasanguinis","Lactobacillus_gasseri",1
"52828","Streptococcus_intermedius","Lactobacillus_gasseri",1
"52873","Veillonella_parvula","Lactobacillus_gasseri",1
"52900","Cryptobacterium_curtum","Lactobacillus_gasseri",1
"52908","Veillonella_atypica","Lactobacillus_gasseri",1
"52918","Prevotella_nigrescens","Lactobacillus_gasseri",1
"52942","Streptococcus_mutans","Lactobacillus_gasseri",1
"52943","Streptococcus_thermophilus","Lactobacillus_gasseri",1
"52948","Streptococcus_anginosus","Lactobacillus_gasseri",1
"52954","Prevotella_oris","Lactobacillus_gasseri",1
"52995","Porphyromonas_endodontalis","Prevotella_albensis",1
"52999","Prevotella_denticola","Prevotella_albensis",1
"53007","Prevotella_enoeca","Prevotella_albensis",1
"53050","Prevotella_marshii","Prevotella_albensis",1
"53094","Tannerella_forsythia","Prevotella_albensis",1
"53136","Alloprevotella_rava","Prevotella_albensis",1
"53146","Prevotella_nanceiensis","Prevotella_albensis",1
"53156","Dialister_pneumosintes","Prevotella_albensis",1
"53158","Peptostreptococcus_stomatis","Prevotella_albensis",1
"53175","Prevotella_fusca","Prevotella_albensis",1
"53176","Selenomonas_sputigena","Prevotella_albensis",1
"53181","Alloprevotella_tannerae","Prevotella_albensis",1
"53190","Prevotella_maculosa","Prevotella_albensis",1
"53209","Prevotella_corporis","Prevotella_albensis",1
"53223","Prevotella_melaninogenica","Prevotella_albensis",1
"53250","Prevotella_saccharolytica","Prevotella_albensis",1
"53251","Catonella_morbi","Prevotella_albensis",1
"53276","Leptotrichia_wadei","Prevotella_albensis",1
"53279","Prevotella_oris","Prevotella_albensis",1
"53284","Lachnoanaerobaculum_umeaense","Prevotella_albensis",1
"53307","Veillonella_dispar","Selenomonas_artemidis",1
"53310","Leptotrichia_buccalis","Selenomonas_artemidis",1
"53313","Bradyrhizobium_elkanii","Selenomonas_artemidis",1
"53317","Capnocytophaga_leadbetteri","Selenomonas_artemidis",1
"53320","Eubacterium_brachy","Selenomonas_artemidis",1
"53325","Prevotella_denticola","Selenomonas_artemidis",1
"53329","Actinomyces_oris","Selenomonas_artemidis",1
"53331","Dialister_invisus","Selenomonas_artemidis",1
"53344","Bergeyella_zoohelcum","Selenomonas_artemidis",1
"53345","Actinomyces_bowdenii","Selenomonas_artemidis",1
"53347","Actinobaculum_massiliense","Selenomonas_artemidis",1
"53351","Ornatilinea_apprima","Selenomonas_artemidis",1
"53353","Anaeroglobus_geminatus","Selenomonas_artemidis",1
"53354","Olsenella_uli","Selenomonas_artemidis",1
"53357","Dialister_propionicifaciens","Selenomonas_artemidis",1
"53358","Rothia_dentocariosa","Selenomonas_artemidis",1
"53360","Mycoplasma_hyosynoviae","Selenomonas_artemidis",1
"53370","Campylobacter_curvus","Selenomonas_artemidis",1
"53377","Treponema_parvum","Selenomonas_artemidis",1
"53378","Lautropia_mirabilis","Selenomonas_artemidis",1
"53381","Actinomyces_gerencseriae","Selenomonas_artemidis",1
"53382","Bacteroides_stercoris","Selenomonas_artemidis",1
"53384","Selenomonas_noxia","Selenomonas_artemidis",1
"53395","Treponema_bryantii","Selenomonas_artemidis",1
"53402","Lachnoanaerobaculum_saburreum","Selenomonas_artemidis",1
"53403","Acinetobacter_lwoffii","Selenomonas_artemidis",1
"53404","Brachymonas_denitrificans","Selenomonas_artemidis",1
"53406","Streptococcus_gordonii","Selenomonas_artemidis",1
"53409","Natranaerovirga_hydrolytica","Selenomonas_artemidis",1
"53413","Streptococcus_sanguinis","Selenomonas_artemidis",1
"53414","Eubacterium_rectale","Selenomonas_artemidis",1
"53420","Tannerella_forsythia","Selenomonas_artemidis",1
"53422","Capnocytophaga_granulosa","Selenomonas_artemidis",1
"53427","Leptotrichia_hongkongensis","Selenomonas_artemidis",1
"53430","Bacillus_cereus","Selenomonas_artemidis",1
"53431","Slackia_exigua","Selenomonas_artemidis",1
"53439","Cardiobacterium_valvarum","Selenomonas_artemidis",1
"53440","Corynebacterium_tuberculostearicum","Selenomonas_artemidis",1
"53455","Desulfobulbus_rhabdoformis","Selenomonas_artemidis",1
"53460","Prevotella_oralis","Selenomonas_artemidis",1
"53475","Shuttleworthia_satelles","Selenomonas_artemidis",1
"53479","Streptococcus_intermedius","Selenomonas_artemidis",1
"53480","Treponema_socranskii","Selenomonas_artemidis",1
"53482","Dialister_pneumosintes","Selenomonas_artemidis",1
"53483","Selenomonas_flueggei","Selenomonas_artemidis",1
"53487","Mycoplasma_salivarium","Selenomonas_artemidis",1
"53494","Leptotrichia_shahii","Selenomonas_artemidis",1
"53495","Capnocytophaga_ochracea","Selenomonas_artemidis",1
"53502","Selenomonas_sputigena","Selenomonas_artemidis",1
"53509","Actinomyces_georgiae","Selenomonas_artemidis",1
"53516","Prevotella_maculosa","Selenomonas_artemidis",1
"53526","Rhodococcus_erythropolis","Selenomonas_artemidis",1
"53534","Selenomonas_infelix","Selenomonas_artemidis",1
"53551","Cryptobacterium_curtum","Selenomonas_artemidis",1
"53556","Gemella_morbillorum","Selenomonas_artemidis",1
"53562","Campylobacter_gracilis","Selenomonas_artemidis",1
"53566","Campylobacter_rectus","Selenomonas_artemidis",1
"53568","Streptococcus_constellatus","Selenomonas_artemidis",1
"53569","Prevotella_nigrescens","Selenomonas_artemidis",1
"53570","Corynebacterium_matruchotii","Selenomonas_artemidis",1
"53571","Eikenella_corrodens","Selenomonas_artemidis",1
"53574","Scardovia_wiggsiae","Selenomonas_artemidis",1
"53575","Fusobacterium_nucleatum","Selenomonas_artemidis",1
"53576","Prevotella_saccharolytica","Selenomonas_artemidis",1
"53591","Pseudoramibacter_alactolyticus","Selenomonas_artemidis",1
"53593","Streptococcus_mutans","Selenomonas_artemidis",1
"53595","Propionibacterium_propionicum","Selenomonas_artemidis",1
"53596","Porphyromonas_asaccharolytica","Selenomonas_artemidis",1
"53599","Streptococcus_anginosus","Selenomonas_artemidis",1
"53600","Leptotrichia_trevisanii","Selenomonas_artemidis",1
"53602","Leptotrichia_wadei","Selenomonas_artemidis",1
"53605","Prevotella_oris","Selenomonas_artemidis",1
"53608","Fusobacterium_canifelinum","Selenomonas_artemidis",1
"53611","Eubacterium_infirmum","Selenomonas_artemidis",1
"53619","Corynebacterium_durum","Selenomonas_artemidis",1
"53620","Neisseria_bacilliformis","Selenomonas_artemidis",1
"53621","Kingella_oralis","Selenomonas_artemidis",1
"53622","Cardiobacterium_hominis","Selenomonas_artemidis",1
"53623","Fretibacterium_fastidiosum","Selenomonas_artemidis",1
"53625","Olsenella_profusa","Selenomonas_artemidis",1
"53626","Agrobacterium_tumefaciens","Selenomonas_artemidis",1
"53630","Rothia_aeria","Streptococcus_infantis",1
"53659","Granulicatella_adiacens","Streptococcus_infantis",1
"53685","Rothia_dentocariosa","Streptococcus_infantis",1
"53700","Streptococcus_pneumoniae","Streptococcus_infantis",1
"53714","Haemophilus_parainfluenzae","Streptococcus_infantis",1
"53728","Rothia_mucilaginosa","Streptococcus_infantis",1
"53750","Neisseria_oralis","Streptococcus_infantis",1
"53755","Gemella_haemolysans","Streptococcus_infantis",1
"53756","Gemella_palaticanis","Streptococcus_infantis",1
"53760","Streptococcus_oralis","Streptococcus_infantis",1
"53824","Gemella_sanguinis","Streptococcus_infantis",1
"53873","Granulicatella_elegans","Streptococcus_infantis",1
"53874","Neisseria_subflava","Streptococcus_infantis",1
"53883","Gemella_morbillorum","Streptococcus_infantis",1
"53885","Haemophilus_sputorum","Streptococcus_infantis",1
"53930","Streptococcus_mitis","Streptococcus_infantis",1
"53934","Porphyromonas_catoniae","Streptococcus_infantis",1
"53946","Corynebacterium_durum","Streptococcus_infantis",1
"53948","Kingella_oralis","Streptococcus_infantis",1
"53949","Cardiobacterium_hominis","Streptococcus_infantis",1
"53951","Streptococcus_peroris","Streptococcus_infantis",1
"53958","Rothia_aeria","Prevotella_histicola",-1
"53960","Butyrivibrio_hungatei","Prevotella_histicola",1
"53961","Streptococcus_vestibularis","Prevotella_histicola",1
"53962","Veillonella_dispar","Prevotella_histicola",1
"53967","Actinomyces_odontolyticus","Prevotella_histicola",1
"53972","Capnocytophaga_leadbetteri","Prevotella_histicola",-1
"53973","Prevotella_pallens","Prevotella_histicola",1
"53977","Eubacterium_yurii","Prevotella_histicola",-1
"53978","Prevotella_shahii","Prevotella_histicola",-1
"53979","Actinomyces_howellii","Prevotella_histicola",1
"53985","Megasphaera_elsdenii","Prevotella_histicola",1
"53992","Lachnoanaerobaculum_orale","Prevotella_histicola",1
"53994","Orientia_tsutsugamushi","Prevotella_histicola",1
"53996","Propionigenium_maris","Prevotella_histicola",1
"54001","Prevotella_salivae","Prevotella_histicola",1
"54010","Lactobacillus_johnsonii","Prevotella_histicola",1
"54011","Prevotella_veroralis","Prevotella_histicola",1
"54021","Peptococcus_niger","Prevotella_histicola",-1
"54033","Lautropia_mirabilis","Prevotella_histicola",-1
"54040","Bifidobacterium_dentium","Prevotella_histicola",1
"54042","Haemophilus_parainfluenzae","Prevotella_histicola",-1
"54044","Streptococcus_sobrinus","Prevotella_histicola",1
"54057","Lachnoanaerobaculum_saburreum","Prevotella_histicola",1
"54065","Mogibacterium_neglectum","Prevotella_histicola",1
"54066","Campylobacter_mucosalis","Prevotella_histicola",1
"54068","Streptococcus_sanguinis","Prevotella_histicola",-1
"54070","Fusobacterium_periodonticum","Prevotella_histicola",-1
"54074","Campylobacter_showae","Prevotella_histicola",-1
"54077","Capnocytophaga_granulosa","Prevotella_histicola",-1
"54082","Leptotrichia_hongkongensis","Prevotella_histicola",1
"54083","Gemella_haemolysans","Prevotella_histicola",-1
"54088","Streptococcus_oralis","Prevotella_histicola",-1
"54094","Cardiobacterium_valvarum","Prevotella_histicola",-1
"54101","Propionibacterium_acidifaciens","Prevotella_histicola",1
"54103","Parascardovia_denticolens","Prevotella_histicola",1
"54107","Selenomonas_ruminantium","Prevotella_histicola",1
"54109","Veillonella_ratti","Prevotella_histicola",1
"54111","Lactobacillus_mucosae","Prevotella_histicola",1
"54112","Streptococcus_parasanguinis","Prevotella_histicola",1
"54116","Actinomyces_graevenitzii","Prevotella_histicola",1
"54121","Atopobium_parvulum","Prevotella_histicola",1
"54129","Lactobacillus_frumenti","Prevotella_histicola",1
"54138","Selenomonas_flueggei","Prevotella_histicola",1
"54139","Peptostreptococcus_stomatis","Prevotella_histicola",-1
"54140","Lactobacillus_reuteri","Prevotella_histicola",1
"54158","Veillonella_rodentium","Prevotella_histicola",1
"54167","Actinomyces_lingnae","Prevotella_histicola",1
"54169","Lactobacillus_salivarius","Prevotella_histicola",1
"54170","Lactobacillus_crispatus","Prevotella_histicola",1
"54172","Haemophilus_influenzae","Prevotella_histicola",-1
"54174","Atopobium_minutum","Prevotella_histicola",1
"54192","Selenomonas_bovis","Prevotella_histicola",1
"54195","Lactobacillus_fermentum","Prevotella_histicola",1
"54196","Neisseria_elongata","Prevotella_histicola",-1
"54201","Granulicatella_elegans","Prevotella_histicola",-1
"54203","Campylobacter_concisus","Prevotella_histicola",1
"54204","Prevotella_melaninogenica","Prevotella_histicola",1
"54205","Megasphaera_micronuciformis","Prevotella_histicola",1
"54206","Cryptobacterium_curtum","Prevotella_histicola",1
"54214","Veillonella_atypica","Prevotella_histicola",1
"54226","Eikenella_corrodens","Prevotella_histicola",-1
"54227","Parvimonas_micra","Prevotella_histicola",-1
"54229","Scardovia_wiggsiae","Prevotella_histicola",1
"54237","Streptococcus_salivarius","Prevotella_histicola",1
"54242","Alloscardovia_omnicolens","Prevotella_histicola",1
"54248","Streptococcus_mutans","Prevotella_histicola",1
"54249","Streptococcus_thermophilus","Prevotella_histicola",1
"54251","Porphyromonas_asaccharolytica","Prevotella_histicola",1
"54253","Neisseria_flavescens","Prevotella_histicola",-1
"54257","Leptotrichia_wadei","Prevotella_histicola",1
"54258","Streptococcus_mitis","Prevotella_histicola",-1
"54259","Dialister_micraerophilus","Prevotella_histicola",1
"54262","Porphyromonas_catoniae","Prevotella_histicola",-1
"54265","Lachnoanaerobaculum_umeaense","Prevotella_histicola",-1
"54273","Veillonella_denticariosi","Prevotella_histicola",1
"54274","Corynebacterium_durum","Prevotella_histicola",-1
"54277","Cardiobacterium_hominis","Prevotella_histicola",-1
"54282","Lactobacillus_gasseri","Prevotella_histicola",1
"54287","Rothia_aeria","Aggregatibacter_segnis",1
"54288","Aggregatibacter_actinomycetemcomitans","Aggregatibacter_segnis",1
"54293","Eubacterium_saphenum","Aggregatibacter_segnis",1
"54294","Leptotrichia_buccalis","Aggregatibacter_segnis",1
"54296","Actinomyces_odontolyticus","Aggregatibacter_segnis",-1
"54299","Neisseria_sicca","Aggregatibacter_segnis",1
"54300","Prevotella_baroniae","Aggregatibacter_segnis",1
"54301","Capnocytophaga_leadbetteri","Aggregatibacter_segnis",1
"54304","Eubacterium_brachy","Aggregatibacter_segnis",1
"54305","Porphyromonas_endodontalis","Aggregatibacter_segnis",1
"54306","Eubacterium_yurii","Aggregatibacter_segnis",1
"54309","Prevotella_denticola","Aggregatibacter_segnis",1
"54310","Actinobacillus_minor","Aggregatibacter_segnis",1
"54311","Haemophilus_haemoglobinophilus","Aggregatibacter_segnis",1
"54315","Dialister_invisus","Aggregatibacter_segnis",1
"54317","Prevotella_enoeca","Aggregatibacter_segnis",1
"54319","Veillonella_montpellierensis","Aggregatibacter_segnis",1
"54320","Moraxella_lacunata","Aggregatibacter_segnis",1
"54328","Bergeyella_zoohelcum","Aggregatibacter_segnis",1
"54330","Prevotella_salivae","Aggregatibacter_segnis",-1
"54331","Actinobaculum_massiliense","Aggregatibacter_segnis",1
"54332","Mannheimia_granulomatis","Aggregatibacter_segnis",1
"54333","Eubacterium_nodatum","Aggregatibacter_segnis",1
"54334","Planobacterium_taklimakanense","Aggregatibacter_segnis",1
"54335","Ornatilinea_apprima","Aggregatibacter_segnis",1
"54336","Neisseria_pharyngis","Aggregatibacter_segnis",1
"54337","Anaeroglobus_geminatus","Aggregatibacter_segnis",1
"54344","Mycoplasma_hyosynoviae","Aggregatibacter_segnis",1
"54345","Azospira_oryzae","Aggregatibacter_segnis",1
"54346","Alysiella_crassa","Aggregatibacter_segnis",1
"54347","Prevotella_dentalis","Aggregatibacter_segnis",1
"54348","Acidithiobacillus_thiooxidans","Aggregatibacter_segnis",1
"54350","Peptococcus_niger","Aggregatibacter_segnis",1
"54353","Treponema_pedis","Aggregatibacter_segnis",1
"54354","Campylobacter_curvus","Aggregatibacter_segnis",1
"54356","Mycoplasma_feliminutum","Aggregatibacter_segnis",1
"54357","Streptococcus_pneumoniae","Aggregatibacter_segnis",1
"54358","Schwartzia_succinivorans","Aggregatibacter_segnis",1
"54360","Prevotella_marshii","Aggregatibacter_segnis",1
"54361","Treponema_parvum","Aggregatibacter_segnis",1
"54362","Lautropia_mirabilis","Aggregatibacter_segnis",1
"54364","Actinobacillus_rossii","Aggregatibacter_segnis",1
"54366","Bacteroides_stercoris","Aggregatibacter_segnis",1
"54367","Neisseria_shayeganii","Aggregatibacter_segnis",1
"54371","Haemophilus_parainfluenzae","Aggregatibacter_segnis",1
"54377","Prevotella_amnii","Aggregatibacter_segnis",1
"54380","Bacteroides_intestinalis","Aggregatibacter_segnis",1
"54381","Filifactor_alocis","Aggregatibacter_segnis",1
"54383","Odoribacter_denticanis","Aggregatibacter_segnis",1
"54384","Bacteroides_heparinolyticus","Aggregatibacter_segnis",1
"54388","Brachymonas_denitrificans","Aggregatibacter_segnis",1
"54389","Prevotella_paludivivens","Aggregatibacter_segnis",1
"54391","Leptotrichia_hofstadii","Aggregatibacter_segnis",1
"54392","Bacteroides_zoogleoformans","Aggregatibacter_segnis",1
"54397","Streptococcus_sanguinis","Aggregatibacter_segnis",1
"54399","Fusobacterium_periodonticum","Aggregatibacter_segnis",1
"54401","Sporanaerobacter_acetigenes","Aggregatibacter_segnis",1
"54402","Desulfomicrobium_orale","Aggregatibacter_segnis",1
"54403","Campylobacter_showae","Aggregatibacter_segnis",1
"54404","Tannerella_forsythia","Aggregatibacter_segnis",1
"54405","Kingella_potus","Aggregatibacter_segnis",1
"54406","Capnocytophaga_granulosa","Aggregatibacter_segnis",1
"54407","Neisseria_oralis","Aggregatibacter_segnis",1
"54410","Soonwooa_buanensis","Aggregatibacter_segnis",1
"54411","Leptotrichia_hongkongensis","Aggregatibacter_segnis",1
"54412","Gemella_haemolysans","Aggregatibacter_segnis",1
"54417","Streptococcus_oralis","Aggregatibacter_segnis",1
"54418","Desulfovibrio_fairfieldensis","Aggregatibacter_segnis",1
"54420","Streptococcus_sinensis","Aggregatibacter_segnis",1
"54423","Cardiobacterium_valvarum","Aggregatibacter_segnis",1
"54424","Corynebacterium_tuberculostearicum","Aggregatibacter_segnis",1
"54428","Snodgrassella_alvi","Aggregatibacter_segnis",1
"54433","Prevotella_falsenii","Aggregatibacter_segnis",1
"54434","Streptobacillus_moniliformis","Aggregatibacter_segnis",1
"54438","Veillonella_ratti","Aggregatibacter_segnis",1
"54439","Desulfobulbus_rhabdoformis","Aggregatibacter_segnis",1
"54441","Streptococcus_parasanguinis","Aggregatibacter_segnis",-1
"54444","Prevotella_oralis","Aggregatibacter_segnis",1
"54450","Atopobium_parvulum","Aggregatibacter_segnis",-1
"54451","Stenotrophomonas_maltophilia","Aggregatibacter_segnis",1
"54453","Megamonas_funiformis","Aggregatibacter_segnis",1
"54454","Pasteurella_pneumotropica","Aggregatibacter_segnis",1
"54455","Treponema_amylovorum","Aggregatibacter_segnis",1
"54457","Wolinella_succinogenes","Aggregatibacter_segnis",1
"54460","Treponema_lecithinolyticum","Aggregatibacter_segnis",1
"54461","Neisseria_macacae","Aggregatibacter_segnis",1
"54464","Treponema_socranskii","Aggregatibacter_segnis",1
"54465","Pyramidobacter_piscolens","Aggregatibacter_segnis",1
"54466","Dialister_pneumosintes","Aggregatibacter_segnis",1
"54474","Actinomyces_oricola","Aggregatibacter_segnis",1
"54476","Prevotella_aurantiaca","Aggregatibacter_segnis",1
"54478","Leptotrichia_shahii","Aggregatibacter_segnis",1
"54479","Capnocytophaga_ochracea","Aggregatibacter_segnis",1
"54482","Conchiformibius_steedae","Aggregatibacter_segnis",1
"54483","Prevotella_intermedia","Aggregatibacter_segnis",1
"54490","Haemophilus_parahaemolyticus","Aggregatibacter_segnis",1
"54491","Alloprevotella_tannerae","Aggregatibacter_segnis",1
"54492","Alkaliphilus_crotonatoxidans","Aggregatibacter_segnis",1
"54493","Actinomyces_georgiae","Aggregatibacter_segnis",1
"54496","Actinomyces_lingnae","Aggregatibacter_segnis",-1
"54500","Prevotella_maculosa","Aggregatibacter_segnis",1
"54501","Haemophilus_influenzae","Aggregatibacter_segnis",1
"54502","Moraxella_bovoculi","Aggregatibacter_segnis",1
"54504","Capnocytophaga_haemolytica","Aggregatibacter_segnis",1
"54506","Porphyromonas_gulae","Aggregatibacter_segnis",1
"54509","Actinomyces_cardiffensis","Aggregatibacter_segnis",1
"54511","Capnocytophaga_sputigena","Aggregatibacter_segnis",1
"54517","Treponema_medium","Aggregatibacter_segnis",1
"54518","Selenomonas_infelix","Aggregatibacter_segnis",1
"54519","Prevotella_corporis","Aggregatibacter_segnis",1
"54525","Neisseria_elongata","Aggregatibacter_segnis",1
"54529","Clostridium_ultunense","Aggregatibacter_segnis",1
"54530","Granulicatella_elegans","Aggregatibacter_segnis",1
"54531","Neisseria_subflava","Aggregatibacter_segnis",1
"54533","Prevotella_melaninogenica","Aggregatibacter_segnis",-1
"54534","Megasphaera_micronuciformis","Aggregatibacter_segnis",-1
"54539","Abiotrophia_defectiva","Aggregatibacter_segnis",1
"54540","Gemella_morbillorum","Aggregatibacter_segnis",1
"54542","Haemophilus_sputorum","Aggregatibacter_segnis",1
"54543","Veillonella_atypica","Aggregatibacter_segnis",-1
"54545","Actinomyces_timonensis","Aggregatibacter_segnis",1
"54546","Campylobacter_gracilis","Aggregatibacter_segnis",1
"54548","Phocaeicola_abscessus","Aggregatibacter_segnis",1
"54549","Acinetobacter_calcoaceticus","Aggregatibacter_segnis",1
"54552","Streptococcus_constellatus","Aggregatibacter_segnis",1
"54553","Prevotella_nigrescens","Aggregatibacter_segnis",1
"54554","Corynebacterium_matruchotii","Aggregatibacter_segnis",1
"54556","Parvimonas_micra","Aggregatibacter_segnis",1
"54559","Fusobacterium_nucleatum","Aggregatibacter_segnis",1
"54560","Prevotella_saccharolytica","Aggregatibacter_segnis",1
"54561","Catonella_morbi","Aggregatibacter_segnis",1
"54562","Moraxella_boevrei","Aggregatibacter_segnis",1
"54564","Morococcus_cerebrosus","Aggregatibacter_segnis",1
"54565","Actinomyces_massiliensis","Aggregatibacter_segnis",1
"54566","Streptococcus_salivarius","Aggregatibacter_segnis",-1
"54568","Prevotella_buccae","Aggregatibacter_segnis",1
"54569","Fusobacterium_russii","Aggregatibacter_segnis",1
"54573","Neisseria_lactamica","Aggregatibacter_segnis",1
"54579","Propionibacterium_propionicum","Aggregatibacter_segnis",1
"54581","Treponema_pectinovorum","Aggregatibacter_segnis",1
"54582","Neisseria_flavescens","Aggregatibacter_segnis",1
"54583","Streptococcus_anginosus","Aggregatibacter_segnis",1
"54584","Leptotrichia_trevisanii","Aggregatibacter_segnis",1
"54585","Treponema_putidum","Aggregatibacter_segnis",1
"54587","Streptococcus_mitis","Aggregatibacter_segnis",1
"54589","Prevotella_oris","Aggregatibacter_segnis",1
"54590","Chryseobacterium_piscicola","Aggregatibacter_segnis",1
"54591","Porphyromonas_catoniae","Aggregatibacter_segnis",1
"54592","Fusobacterium_canifelinum","Aggregatibacter_segnis",1
"54593","Aggregatibacter_aphrophilus","Aggregatibacter_segnis",1
"54596","Neisseria_mucosa","Aggregatibacter_segnis",1
"54597","Neisseria_dentiae","Aggregatibacter_segnis",1
"54599","Prevotella_micans","Aggregatibacter_segnis",1
"54600","Treponema_succinifaciens","Aggregatibacter_segnis",1
"54601","Kingella_denitrificans","Aggregatibacter_segnis",1
"54603","Corynebacterium_durum","Aggregatibacter_segnis",1
"54606","Cardiobacterium_hominis","Aggregatibacter_segnis",1
"54607","Fretibacterium_fastidiosum","Aggregatibacter_segnis",1
"54610","Agrobacterium_tumefaciens","Aggregatibacter_segnis",1
"54613","Selenomonas_artemidis","Aggregatibacter_segnis",1
"54615","Prevotella_histicola","Aggregatibacter_segnis",-1
"54617","Rothia_aeria","Rothia_terrae",1
"54629","Neisseria_sicca","Rothia_terrae",1
"54638","Actinomyces_howellii","Rothia_terrae",1
"54648","Streptococcus_cristatus","Rothia_terrae",1
"54657","Actinomyces_meyeri","Rothia_terrae",1
"54668","Olsenella_uli","Rothia_terrae",1
"54672","Rothia_dentocariosa","Rothia_terrae",1
"54679","Corynebacterium_jeikeium","Rothia_terrae",1
"54688","Schwartzia_succinivorans","Rothia_terrae",1
"54692","Lautropia_mirabilis","Rothia_terrae",1
"54715","Rothia_mucilaginosa","Rothia_terrae",1
"54718","Brachymonas_denitrificans","Rothia_terrae",1
"54720","Streptococcus_gordonii","Rothia_terrae",1
"54725","Campylobacter_mucosalis","Rothia_terrae",1
"54727","Streptococcus_sanguinis","Rothia_terrae",1
"54737","Neisseria_oralis","Rothia_terrae",1
"54741","Leptotrichia_hongkongensis","Rothia_terrae",1
"54757","Howardella_ureilytica","Rothia_terrae",1
"54793","Streptococcus_intermedius","Rothia_terrae",1
"54809","Capnocytophaga_ochracea","Rothia_terrae",1
"54865","Cryptobacterium_curtum","Rothia_terrae",1
"54875","Actinomyces_timonensis","Rothia_terrae",1
"54889","Fusobacterium_nucleatum","Rothia_terrae",1
"54898","Prevotella_buccae","Rothia_terrae",1
"54900","Neisseria_meningitidis","Rothia_terrae",1
"54908","Streptococcus_thermophilus","Rothia_terrae",1
"54912","Neisseria_flavescens","Rothia_terrae",1
"54919","Prevotella_oris","Rothia_terrae",1
"54935","Kingella_oralis","Rothia_terrae",1
"54952","Veillonella_dispar","Streptococcus_suis",1
"54957","Actinomyces_odontolyticus","Streptococcus_suis",1
"54991","Prevotella_salivae","Streptococcus_suis",1
"55001","Prevotella_veroralis","Streptococcus_suis",1
"55003","Rothia_dentocariosa","Streptococcus_suis",1
"55046","Rothia_mucilaginosa","Streptococcus_suis",1
"55051","Streptococcus_gordonii","Streptococcus_suis",1
"55058","Streptococcus_sanguinis","Streptococcus_suis",1
"55102","Streptococcus_parasanguinis","Streptococcus_suis",1
"55106","Actinomyces_graevenitzii","Streptococcus_suis",1
"55111","Atopobium_parvulum","Streptococcus_suis",1
"55157","Actinomyces_lingnae","Streptococcus_suis",1
"55195","Megasphaera_micronuciformis","Streptococcus_suis",1
"55204","Veillonella_atypica","Streptococcus_suis",1
"55219","Scardovia_wiggsiae","Streptococcus_suis",1
"55227","Streptococcus_salivarius","Streptococcus_suis",1
"55238","Streptococcus_mutans","Streptococcus_suis",1
"55239","Streptococcus_thermophilus","Streptococcus_suis",1
"55244","Streptococcus_anginosus","Streptococcus_suis",1
"55266","Kingella_oralis","Streptococcus_suis",1
"55276","Prevotella_histicola","Streptococcus_suis",1
"55613","Rothia_aeria","Ruminofilibacter_xylanolyticum",1
"55619","Eubacterium_saphenum","Ruminofilibacter_xylanolyticum",1
"55627","Capnocytophaga_leadbetteri","Ruminofilibacter_xylanolyticum",1
"55630","Eubacterium_brachy","Ruminofilibacter_xylanolyticum",1
"55631","Porphyromonas_endodontalis","Ruminofilibacter_xylanolyticum",1
"55632","Eubacterium_yurii","Ruminofilibacter_xylanolyticum",1
"55641","Dialister_invisus","Ruminofilibacter_xylanolyticum",1
"55643","Prevotella_enoeca","Ruminofilibacter_xylanolyticum",1
"55653","Actinomyces_meyeri","Ruminofilibacter_xylanolyticum",1
"55654","Bergeyella_zoohelcum","Ruminofilibacter_xylanolyticum",1
"55659","Eubacterium_nodatum","Ruminofilibacter_xylanolyticum",1
"55663","Anaeroglobus_geminatus","Ruminofilibacter_xylanolyticum",1
"55664","Olsenella_uli","Ruminofilibacter_xylanolyticum",1
"55667","Dialister_propionicifaciens","Ruminofilibacter_xylanolyticum",1
"55668","Rothia_dentocariosa","Ruminofilibacter_xylanolyticum",1
"55669","Mycoplasma_faucium","Ruminofilibacter_xylanolyticum",1
"55673","Prevotella_dentalis","Ruminofilibacter_xylanolyticum",1
"55676","Peptococcus_niger","Ruminofilibacter_xylanolyticum",1
"55679","Treponema_pedis","Ruminofilibacter_xylanolyticum",1
"55680","Campylobacter_curvus","Ruminofilibacter_xylanolyticum",1
"55684","Schwartzia_succinivorans","Ruminofilibacter_xylanolyticum",1
"55688","Lautropia_mirabilis","Ruminofilibacter_xylanolyticum",1
"55689","Barnesiella_intestinihominis","Ruminofilibacter_xylanolyticum",1
"55691","Actinomyces_gerencseriae","Ruminofilibacter_xylanolyticum",1
"55694","Selenomonas_noxia","Ruminofilibacter_xylanolyticum",1
"55698","Porphyromonas_gingivalis","Ruminofilibacter_xylanolyticum",1
"55706","Bacteroides_intestinalis","Ruminofilibacter_xylanolyticum",1
"55707","Filifactor_alocis","Ruminofilibacter_xylanolyticum",1
"55712","Lachnoanaerobaculum_saburreum","Ruminofilibacter_xylanolyticum",1
"55714","Brachymonas_denitrificans","Ruminofilibacter_xylanolyticum",1
"55723","Streptococcus_sanguinis","Ruminofilibacter_xylanolyticum",1
"55729","Campylobacter_showae","Ruminofilibacter_xylanolyticum",1
"55730","Tannerella_forsythia","Ruminofilibacter_xylanolyticum",1
"55732","Capnocytophaga_granulosa","Ruminofilibacter_xylanolyticum",1
"55733","Neisseria_oralis","Ruminofilibacter_xylanolyticum",1
"55737","Leptotrichia_hongkongensis","Ruminofilibacter_xylanolyticum",1
"55741","Slackia_exigua","Ruminofilibacter_xylanolyticum",1
"55749","Cardiobacterium_valvarum","Ruminofilibacter_xylanolyticum",1
"55751","Prevotella_pleuritidis","Ruminofilibacter_xylanolyticum",1
"55753","Howardella_ureilytica","Ruminofilibacter_xylanolyticum",1
"55760","Streptobacillus_moniliformis","Ruminofilibacter_xylanolyticum",1
"55777","Stenotrophomonas_maltophilia","Ruminofilibacter_xylanolyticum",1
"55781","Treponema_amylovorum","Ruminofilibacter_xylanolyticum",1
"55785","Shuttleworthia_satelles","Ruminofilibacter_xylanolyticum",1
"55786","Treponema_lecithinolyticum","Ruminofilibacter_xylanolyticum",1
"55788","Moraxella_osloensis","Ruminofilibacter_xylanolyticum",1
"55789","Streptococcus_intermedius","Ruminofilibacter_xylanolyticum",1
"55790","Treponema_socranskii","Ruminofilibacter_xylanolyticum",1
"55791","Pyramidobacter_piscolens","Ruminofilibacter_xylanolyticum",1
"55792","Dialister_pneumosintes","Ruminofilibacter_xylanolyticum",1
"55793","Selenomonas_flueggei","Ruminofilibacter_xylanolyticum",1
"55797","Mycoplasma_salivarium","Ruminofilibacter_xylanolyticum",1
"55804","Leptotrichia_shahii","Ruminofilibacter_xylanolyticum",1
"55805","Capnocytophaga_ochracea","Ruminofilibacter_xylanolyticum",1
"55809","Prevotella_intermedia","Ruminofilibacter_xylanolyticum",1
"55812","Selenomonas_sputigena","Ruminofilibacter_xylanolyticum",1
"55832","Porphyromonas_gulae","Ruminofilibacter_xylanolyticum",1
"55835","Actinomyces_cardiffensis","Ruminofilibacter_xylanolyticum",1
"55837","Capnocytophaga_sputigena","Ruminofilibacter_xylanolyticum",1
"55838","Propionibacterium_acnes","Ruminofilibacter_xylanolyticum",1
"55842","Mycoplasma_orale","Ruminofilibacter_xylanolyticum",1
"55843","Treponema_medium","Ruminofilibacter_xylanolyticum",1
"55844","Selenomonas_infelix","Ruminofilibacter_xylanolyticum",1
"55851","Neisseria_elongata","Ruminofilibacter_xylanolyticum",1
"55861","Cryptobacterium_curtum","Ruminofilibacter_xylanolyticum",1
"55866","Gemella_morbillorum","Ruminofilibacter_xylanolyticum",1
"55872","Campylobacter_gracilis","Ruminofilibacter_xylanolyticum",1
"55874","Phocaeicola_abscessus","Ruminofilibacter_xylanolyticum",1
"55878","Streptococcus_constellatus","Ruminofilibacter_xylanolyticum",1
"55879","Prevotella_nigrescens","Ruminofilibacter_xylanolyticum",1
"55880","Corynebacterium_matruchotii","Ruminofilibacter_xylanolyticum",1
"55881","Eikenella_corrodens","Ruminofilibacter_xylanolyticum",1
"55882","Parvimonas_micra","Ruminofilibacter_xylanolyticum",1
"55884","Scardovia_wiggsiae","Ruminofilibacter_xylanolyticum",1
"55885","Fusobacterium_nucleatum","Ruminofilibacter_xylanolyticum",1
"55886","Prevotella_saccharolytica","Ruminofilibacter_xylanolyticum",1
"55887","Catonella_morbi","Ruminofilibacter_xylanolyticum",1
"55902","Mogibacterium_timidum","Ruminofilibacter_xylanolyticum",1
"55914","Dialister_micraerophilus","Ruminofilibacter_xylanolyticum",1
"55919","Aggregatibacter_aphrophilus","Ruminofilibacter_xylanolyticum",1
"55925","Prevotella_micans","Ruminofilibacter_xylanolyticum",1
"55926","Treponema_succinifaciens","Ruminofilibacter_xylanolyticum",1
"55931","Kingella_oralis","Ruminofilibacter_xylanolyticum",1
"55932","Cardiobacterium_hominis","Ruminofilibacter_xylanolyticum",1
"55933","Fretibacterium_fastidiosum","Ruminofilibacter_xylanolyticum",1
"55935","Olsenella_profusa","Ruminofilibacter_xylanolyticum",1
"55939","Selenomonas_artemidis","Ruminofilibacter_xylanolyticum",1
"55942","Aggregatibacter_segnis","Ruminofilibacter_xylanolyticum",1
"56288","Eubacterium_saphenum","Prevotella_multiformis",1
"56289","Leptotrichia_buccalis","Prevotella_multiformis",1
"56295","Prevotella_baroniae","Prevotella_multiformis",1
"56299","Eubacterium_brachy","Prevotella_multiformis",1
"56300","Porphyromonas_endodontalis","Prevotella_multiformis",1
"56304","Prevotella_denticola","Prevotella_multiformis",1
"56310","Dialister_invisus","Prevotella_multiformis",1
"56312","Prevotella_enoeca","Prevotella_multiformis",1
"56323","Bergeyella_zoohelcum","Prevotella_multiformis",1
"56330","Ornatilinea_apprima","Prevotella_multiformis",1
"56332","Anaeroglobus_geminatus","Prevotella_multiformis",1
"56333","Olsenella_uli","Prevotella_multiformis",1
"56335","Prevotella_veroralis","Prevotella_multiformis",1
"56338","Mycoplasma_faucium","Prevotella_multiformis",1
"56339","Mycoplasma_hyosynoviae","Prevotella_multiformis",1
"56348","Treponema_pedis","Prevotella_multiformis",1
"56351","Mycoplasma_feliminutum","Prevotella_multiformis",1
"56363","Selenomonas_noxia","Prevotella_multiformis",1
"56367","Porphyromonas_gingivalis","Prevotella_multiformis",1
"56374","Treponema_bryantii","Prevotella_multiformis",1
"56376","Filifactor_alocis","Prevotella_multiformis",1
"56378","Odoribacter_denticanis","Prevotella_multiformis",1
"56381","Lachnoanaerobaculum_saburreum","Prevotella_multiformis",1
"56382","Acinetobacter_lwoffii","Prevotella_multiformis",1
"56384","Prevotella_paludivivens","Prevotella_multiformis",1
"56386","Leptotrichia_hofstadii","Prevotella_multiformis",1
"56387","Bacteroides_zoogleoformans","Prevotella_multiformis",1
"56396","Sporanaerobacter_acetigenes","Prevotella_multiformis",1
"56397","Desulfomicrobium_orale","Prevotella_multiformis",1
"56399","Tannerella_forsythia","Prevotella_multiformis",1
"56405","Soonwooa_buanensis","Prevotella_multiformis",1
"56406","Leptotrichia_hongkongensis","Prevotella_multiformis",1
"56410","Slackia_exigua","Prevotella_multiformis",1
"56413","Desulfovibrio_fairfieldensis","Prevotella_multiformis",1
"56417","Desulfobulbus_propionicus","Prevotella_multiformis",1
"56420","Prevotella_pleuritidis","Prevotella_multiformis",1
"56435","Lactobacillus_mucosae","Prevotella_multiformis",1
"56450","Treponema_amylovorum","Prevotella_multiformis",1
"56453","Lactobacillus_frumenti","Prevotella_multiformis",1
"56459","Treponema_socranskii","Prevotella_multiformis",1
"56460","Pyramidobacter_piscolens","Prevotella_multiformis",1
"56461","Dialister_pneumosintes","Prevotella_multiformis",1
"56463","Peptostreptococcus_stomatis","Prevotella_multiformis",1
"56469","Actinomyces_oricola","Prevotella_multiformis",1
"56473","Leptotrichia_shahii","Prevotella_multiformis",1
"56474","Capnocytophaga_ochracea","Prevotella_multiformis",1
"56478","Prevotella_intermedia","Prevotella_multiformis",1
"56481","Selenomonas_sputigena","Prevotella_multiformis",1
"56486","Alloprevotella_tannerae","Prevotella_multiformis",1
"56495","Prevotella_maculosa","Prevotella_multiformis",1
"56513","Selenomonas_infelix","Prevotella_multiformis",1
"56524","Clostridium_ultunense","Prevotella_multiformis",1
"56530","Cryptobacterium_curtum","Prevotella_multiformis",1
"56541","Campylobacter_gracilis","Prevotella_multiformis",1
"56543","Phocaeicola_abscessus","Prevotella_multiformis",1
"56548","Prevotella_nigrescens","Prevotella_multiformis",1
"56551","Parvimonas_micra","Prevotella_multiformis",1
"56554","Fusobacterium_nucleatum","Prevotella_multiformis",1
"56556","Catonella_morbi","Prevotella_multiformis",1
"56563","Prevotella_buccae","Prevotella_multiformis",1
"56571","Mogibacterium_timidum","Prevotella_multiformis",1
"56576","Treponema_pectinovorum","Prevotella_multiformis",1
"56578","Streptococcus_anginosus","Prevotella_multiformis",1
"56580","Treponema_putidum","Prevotella_multiformis",1
"56584","Prevotella_oris","Prevotella_multiformis",1
"56590","Eubacterium_infirmum","Prevotella_multiformis",1
"56595","Treponema_succinifaciens","Prevotella_multiformis",1
"56602","Fretibacterium_fastidiosum","Prevotella_multiformis",1
"56604","Olsenella_profusa","Prevotella_multiformis",1
"56607","Prevotella_albensis","Prevotella_multiformis",1
"56618","Rothia_aeria","Neisseria_canis",1
"56625","Leptotrichia_buccalis","Neisseria_canis",1
"56632","Capnocytophaga_leadbetteri","Neisseria_canis",1
"56634","Treponema_denticola","Neisseria_canis",1
"56635","Eubacterium_brachy","Neisseria_canis",1
"56636","Porphyromonas_endodontalis","Neisseria_canis",1
"56637","Eubacterium_yurii","Neisseria_canis",1
"56640","Prevotella_denticola","Neisseria_canis",1
"56642","Haemophilus_haemoglobinophilus","Neisseria_canis",1
"56646","Dialister_invisus","Neisseria_canis",1
"56665","Planobacterium_taklimakanense","Neisseria_canis",1
"56667","Neisseria_pharyngis","Neisseria_canis",1
"56668","Anaeroglobus_geminatus","Neisseria_canis",1
"56674","Mycoplasma_faucium","Neisseria_canis",1
"56679","Acidithiobacillus_thiooxidans","Neisseria_canis",1
"56685","Campylobacter_curvus","Neisseria_canis",1
"56689","Schwartzia_succinivorans","Neisseria_canis",1
"56692","Treponema_parvum","Neisseria_canis",1
"56693","Lautropia_mirabilis","Neisseria_canis",1
"56699","Selenomonas_noxia","Neisseria_canis",1
"56703","Porphyromonas_gingivalis","Neisseria_canis",1
"56711","Bacteroides_intestinalis","Neisseria_canis",1
"56712","Filifactor_alocis","Neisseria_canis",1
"56717","Lachnoanaerobaculum_saburreum","Neisseria_canis",1
"56718","Acinetobacter_lwoffii","Neisseria_canis",1
"56722","Leptotrichia_hofstadii","Neisseria_canis",1
"56728","Streptococcus_sanguinis","Neisseria_canis",1
"56729","Eubacterium_rectale","Neisseria_canis",1
"56732","Sporanaerobacter_acetigenes","Neisseria_canis",1
"56733","Desulfomicrobium_orale","Neisseria_canis",1
"56734","Campylobacter_showae","Neisseria_canis",1
"56735","Tannerella_forsythia","Neisseria_canis",1
"56736","Kingella_potus","Neisseria_canis",1
"56737","Capnocytophaga_granulosa","Neisseria_canis",1
"56738","Neisseria_oralis","Neisseria_canis",1
"56741","Soonwooa_buanensis","Neisseria_canis",1
"56754","Cardiobacterium_valvarum","Neisseria_canis",1
"56774","Ralstonia_solanacearum","Neisseria_canis",1
"56775","Prevotella_oralis","Neisseria_canis",1
"56785","Pasteurella_pneumotropica","Neisseria_canis",1
"56786","Treponema_amylovorum","Neisseria_canis",1
"56795","Treponema_socranskii","Neisseria_canis",1
"56797","Dialister_pneumosintes","Neisseria_canis",1
"56804","Simonsiella_muelleri","Neisseria_canis",1
"56809","Leptotrichia_shahii","Neisseria_canis",1
"56810","Capnocytophaga_ochracea","Neisseria_canis",1
"56813","Conchiformibius_steedae","Neisseria_canis",1
"56814","Prevotella_intermedia","Neisseria_canis",1
"56817","Selenomonas_sputigena","Neisseria_canis",1
"56822","Alloprevotella_tannerae","Neisseria_canis",1
"56824","Actinomyces_georgiae","Neisseria_canis",1
"56831","Prevotella_maculosa","Neisseria_canis",1
"56832","Haemophilus_influenzae","Neisseria_canis",1
"56833","Moraxella_bovoculi","Neisseria_canis",1
"56842","Capnocytophaga_sputigena","Neisseria_canis",1
"56848","Treponema_medium","Neisseria_canis",1
"56849","Selenomonas_infelix","Neisseria_canis",1
"56851","Leptotrichia_goodfellowii","Neisseria_canis",1
"56853","Chryseobacterium_kwangjuense","Neisseria_canis",1
"56856","Neisseria_elongata","Neisseria_canis",1
"56861","Granulicatella_elegans","Neisseria_canis",1
"56862","Neisseria_subflava","Neisseria_canis",1
"56880","Acinetobacter_calcoaceticus","Neisseria_canis",1
"56884","Prevotella_nigrescens","Neisseria_canis",1
"56885","Corynebacterium_matruchotii","Neisseria_canis",1
"56886","Eikenella_corrodens","Neisseria_canis",1
"56887","Parvimonas_micra","Neisseria_canis",1
"56890","Fusobacterium_nucleatum","Neisseria_canis",1
"56891","Prevotella_saccharolytica","Neisseria_canis",1
"56892","Catonella_morbi","Neisseria_canis",1
"56896","Actinomyces_massiliensis","Neisseria_canis",1
"56899","Prevotella_buccae","Neisseria_canis",1
"56901","Neisseria_meningitidis","Neisseria_canis",1
"56910","Propionibacterium_propionicum","Neisseria_canis",1
"56913","Neisseria_flavescens","Neisseria_canis",1
"56914","Streptococcus_anginosus","Neisseria_canis",1
"56915","Leptotrichia_trevisanii","Neisseria_canis",1
"56918","Streptococcus_mitis","Neisseria_canis",1
"56920","Prevotella_oris","Neisseria_canis",1
"56922","Porphyromonas_catoniae","Neisseria_canis",1
"56924","Aggregatibacter_aphrophilus","Neisseria_canis",1
"56927","Neisseria_mucosa","Neisseria_canis",1
"56930","Prevotella_micans","Neisseria_canis",1
"56932","Kingella_denitrificans","Neisseria_canis",1
"56934","Corynebacterium_durum","Neisseria_canis",1
"56936","Kingella_oralis","Neisseria_canis",1
"56937","Cardiobacterium_hominis","Neisseria_canis",1
"56938","Fretibacterium_fastidiosum","Neisseria_canis",1
"56940","Olsenella_profusa","Neisseria_canis",1
"56944","Selenomonas_artemidis","Neisseria_canis",1
"56947","Aggregatibacter_segnis","Neisseria_canis",1
"56957","Butyrivibrio_hungatei","Centipeda_periodontii",1
"56960","Acinetobacter_johnsonii","Centipeda_periodontii",1
"56961","Eubacterium_saphenum","Centipeda_periodontii",1
"56962","Leptotrichia_buccalis","Centipeda_periodontii",1
"56963","Clostridium_ruminantium","Centipeda_periodontii",1
"56964","Actinomyces_odontolyticus","Centipeda_periodontii",1
"56970","Prevotella_pallens","Centipeda_periodontii",1
"56971","Treponema_denticola","Centipeda_periodontii",1
"56973","Porphyromonas_endodontalis","Centipeda_periodontii",1
"56977","Prevotella_denticola","Centipeda_periodontii",1
"56983","Dialister_invisus","Centipeda_periodontii",1
"56985","Prevotella_enoeca","Centipeda_periodontii",1
"56991","Orientia_tsutsugamushi","Centipeda_periodontii",1
"56998","Prevotella_salivae","Centipeda_periodontii",1
"57006","Olsenella_uli","Centipeda_periodontii",1
"57008","Prevotella_veroralis","Centipeda_periodontii",1
"57022","Campylobacter_curvus","Centipeda_periodontii",1
"57026","Schwartzia_succinivorans","Centipeda_periodontii",1
"57028","Prevotella_marshii","Centipeda_periodontii",1
"57033","Actinomyces_gerencseriae","Centipeda_periodontii",1
"57047","Treponema_bryantii","Centipeda_periodontii",1
"57056","Brachymonas_denitrificans","Centipeda_periodontii",1
"57060","Bacteroides_zoogleoformans","Centipeda_periodontii",1
"57061","Natranaerovirga_hydrolytica","Centipeda_periodontii",1
"57072","Tannerella_forsythia","Centipeda_periodontii",1
"57074","Capnocytophaga_granulosa","Centipeda_periodontii",1
"57083","Slackia_exigua","Centipeda_periodontii",1
"57087","Prevotella_multisaccharivorax","Centipeda_periodontii",1
"57091","Cardiobacterium_valvarum","Centipeda_periodontii",1
"57095","Howardella_ureilytica","Centipeda_periodontii",1
"57107","Desulfobulbus_rhabdoformis","Centipeda_periodontii",1
"57112","Prevotella_oralis","Centipeda_periodontii",1
"57118","Atopobium_parvulum","Centipeda_periodontii",1
"57125","Wolinella_succinogenes","Centipeda_periodontii",1
"57126","Lactobacillus_frumenti","Centipeda_periodontii",1
"57132","Treponema_socranskii","Centipeda_periodontii",1
"57140","Mobiluncus_curtisii","Centipeda_periodontii",1
"57146","Leptotrichia_shahii","Centipeda_periodontii",1
"57154","Selenomonas_sputigena","Centipeda_periodontii",1
"57159","Alloprevotella_tannerae","Centipeda_periodontii",1
"57181","Mobiluncus_mulieris","Centipeda_periodontii",1
"57185","Treponema_medium","Centipeda_periodontii",1
"57188","Leptotrichia_goodfellowii","Centipeda_periodontii",1
"57194","Oribacterium_sinus","Centipeda_periodontii",1
"57195","Solobacterium_moorei","Centipeda_periodontii",1
"57200","Campylobacter_concisus","Centipeda_periodontii",1
"57202","Megasphaera_micronuciformis","Centipeda_periodontii",1
"57211","Veillonella_atypica","Centipeda_periodontii",1
"57214","Campylobacter_gracilis","Centipeda_periodontii",1
"57216","Phocaeicola_abscessus","Centipeda_periodontii",1
"57218","Campylobacter_rectus","Centipeda_periodontii",1
"57220","Streptococcus_constellatus","Centipeda_periodontii",1
"57221","Prevotella_nigrescens","Centipeda_periodontii",1
"57222","Corynebacterium_matruchotii","Centipeda_periodontii",1
"57227","Fusobacterium_nucleatum","Centipeda_periodontii",1
"57228","Prevotella_saccharolytica","Centipeda_periodontii",1
"57229","Catonella_morbi","Centipeda_periodontii",1
"57236","Prevotella_buccae","Centipeda_periodontii",1
"57249","Treponema_pectinovorum","Centipeda_periodontii",1
"57251","Streptococcus_anginosus","Centipeda_periodontii",1
"57252","Leptotrichia_trevisanii","Centipeda_periodontii",1
"57253","Treponema_putidum","Centipeda_periodontii",1
"57254","Leptotrichia_wadei","Centipeda_periodontii",1
"57257","Prevotella_oris","Centipeda_periodontii",1
"57263","Eubacterium_infirmum","Centipeda_periodontii",1
"57267","Prevotella_micans","Centipeda_periodontii",1
"57274","Cardiobacterium_hominis","Centipeda_periodontii",1
"57275","Fretibacterium_fastidiosum","Centipeda_periodontii",1
"57280","Prevotella_albensis","Centipeda_periodontii",1
"57283","Prevotella_histicola","Centipeda_periodontii",1
"57288","Ruminofilibacter_xylanolyticum","Centipeda_periodontii",1
"57290","Prevotella_multiformis","Centipeda_periodontii",1
"57291","Neisseria_canis","Centipeda_periodontii",1
"57299","Eubacterium_saphenum","Actinomyces_israelii",1
"57300","Leptotrichia_buccalis","Actinomyces_israelii",1
"57306","Prevotella_baroniae","Actinomyces_israelii",1
"57309","Treponema_denticola","Actinomyces_israelii",1
"57310","Eubacterium_brachy","Actinomyces_israelii",1
"57311","Porphyromonas_endodontalis","Actinomyces_israelii",1
"57312","Eubacterium_yurii","Actinomyces_israelii",1
"57315","Prevotella_denticola","Actinomyces_israelii",1
"57321","Dialister_invisus","Actinomyces_israelii",1
"57337","Actinobaculum_massiliense","Actinomyces_israelii",1
"57339","Eubacterium_nodatum","Actinomyces_israelii",1
"57341","Ornatilinea_apprima","Actinomyces_israelii",1
"57343","Anaeroglobus_geminatus","Actinomyces_israelii",1
"57348","Rothia_dentocariosa","Actinomyces_israelii",1
"57349","Mycoplasma_faucium","Actinomyces_israelii",1
"57351","Azospira_oryzae","Actinomyces_israelii",1
"57356","Peptococcus_niger","Actinomyces_israelii",1
"57357","Acinetobacter_baumannii","Actinomyces_israelii",1
"57359","Treponema_pedis","Actinomyces_israelii",1
"57360","Campylobacter_curvus","Actinomyces_israelii",1
"57366","Prevotella_marshii","Actinomyces_israelii",1
"57371","Actinomyces_gerencseriae","Actinomyces_israelii",1
"57374","Selenomonas_noxia","Actinomyces_israelii",1
"57375","Bifidobacterium_dentium","Actinomyces_israelii",1
"57378","Porphyromonas_gingivalis","Actinomyces_israelii",1
"57379","Streptococcus_sobrinus","Actinomyces_israelii",1
"57387","Filifactor_alocis","Actinomyces_israelii",1
"57389","Odoribacter_denticanis","Actinomyces_israelii",1
"57392","Lachnoanaerobaculum_saburreum","Actinomyces_israelii",1
"57394","Brachymonas_denitrificans","Actinomyces_israelii",1
"57396","Streptococcus_gordonii","Actinomyces_israelii",1
"57397","Leptotrichia_hofstadii","Actinomyces_israelii",1
"57403","Streptococcus_sanguinis","Actinomyces_israelii",1
"57406","Eubacterium_minutum","Actinomyces_israelii",1
"57408","Desulfomicrobium_orale","Actinomyces_israelii",1
"57410","Tannerella_forsythia","Actinomyces_israelii",1
"57412","Capnocytophaga_granulosa","Actinomyces_israelii",1
"57417","Leptotrichia_hongkongensis","Actinomyces_israelii",1
"57421","Slackia_exigua","Actinomyces_israelii",1
"57424","Desulfovibrio_fairfieldensis","Actinomyces_israelii",1
"57425","Prevotella_multisaccharivorax","Actinomyces_israelii",1
"57429","Cardiobacterium_valvarum","Actinomyces_israelii",1
"57435","Clostridium_hathewayi","Actinomyces_israelii",1
"57438","Parascardovia_denticolens","Actinomyces_israelii",1
"57450","Prevotella_oralis","Actinomyces_israelii",1
"57461","Treponema_amylovorum","Actinomyces_israelii",1
"57465","Shuttleworthia_satelles","Actinomyces_israelii",1
"57466","Treponema_lecithinolyticum","Actinomyces_israelii",1
"57467","Neisseria_macacae","Actinomyces_israelii",1
"57469","Streptococcus_intermedius","Actinomyces_israelii",1
"57470","Treponema_socranskii","Actinomyces_israelii",1
"57472","Dialister_pneumosintes","Actinomyces_israelii",1
"57473","Selenomonas_flueggei","Actinomyces_israelii",1
"57475","Lactobacillus_reuteri","Actinomyces_israelii",1
"57477","Mycoplasma_salivarium","Actinomyces_israelii",1
"57480","Actinomyces_oricola","Actinomyces_israelii",1
"57481","Barnesiella_viscericola","Actinomyces_israelii",1
"57484","Leptotrichia_shahii","Actinomyces_israelii",1
"57485","Capnocytophaga_ochracea","Actinomyces_israelii",1
"57489","Prevotella_intermedia","Actinomyces_israelii",1
"57492","Selenomonas_sputigena","Actinomyces_israelii",1
"57497","Alloprevotella_tannerae","Actinomyces_israelii",1
"57503","Streptococcus_equinus","Actinomyces_israelii",1
"57506","Prevotella_maculosa","Actinomyces_israelii",1
"57513","Saccharofermentans_acetigenes","Actinomyces_israelii",1
"57515","Actinomyces_cardiffensis","Actinomyces_israelii",1
"57518","Propionibacterium_acnes","Actinomyces_israelii",1
"57523","Treponema_medium","Actinomyces_israelii",1
"57524","Selenomonas_infelix","Actinomyces_israelii",1
"57525","Prevotella_corporis","Actinomyces_israelii",1
"57544","Sediminibacterium_salmoneum","Actinomyces_israelii",1
"57550","Intestinimonas_butyriciproducens","Actinomyces_israelii",1
"57552","Campylobacter_gracilis","Actinomyces_israelii",1
"57556","Campylobacter_rectus","Actinomyces_israelii",1
"57558","Streptococcus_constellatus","Actinomyces_israelii",1
"57559","Prevotella_nigrescens","Actinomyces_israelii",1
"57560","Corynebacterium_matruchotii","Actinomyces_israelii",1
"57561","Eikenella_corrodens","Actinomyces_israelii",1
"57562","Parvimonas_micra","Actinomyces_israelii",1
"57564","Scardovia_wiggsiae","Actinomyces_israelii",1
"57565","Fusobacterium_nucleatum","Actinomyces_israelii",1
"57566","Prevotella_saccharolytica","Actinomyces_israelii",1
"57567","Catonella_morbi","Actinomyces_israelii",1
"57571","Actinomyces_massiliensis","Actinomyces_israelii",1
"57574","Prevotella_buccae","Actinomyces_israelii",1
"57583","Streptococcus_mutans","Actinomyces_israelii",1
"57584","Streptococcus_thermophilus","Actinomyces_israelii",1
"57585","Propionibacterium_propionicum","Actinomyces_israelii",1
"57586","Porphyromonas_asaccharolytica","Actinomyces_israelii",1
"57589","Streptococcus_anginosus","Actinomyces_israelii",1
"57590","Leptotrichia_trevisanii","Actinomyces_israelii",1
"57592","Leptotrichia_wadei","Actinomyces_israelii",1
"57595","Prevotella_oris","Actinomyces_israelii",1
"57599","Aggregatibacter_aphrophilus","Actinomyces_israelii",1
"57601","Eubacterium_infirmum","Actinomyces_israelii",1
"57605","Prevotella_micans","Actinomyces_israelii",1
"57609","Corynebacterium_durum","Actinomyces_israelii",1
"57611","Kingella_oralis","Actinomyces_israelii",1
"57612","Cardiobacterium_hominis","Actinomyces_israelii",1
"57613","Fretibacterium_fastidiosum","Actinomyces_israelii",1
"57615","Olsenella_profusa","Actinomyces_israelii",1
"57616","Agrobacterium_tumefaciens","Actinomyces_israelii",1
"57619","Selenomonas_artemidis","Actinomyces_israelii",1
"57622","Aggregatibacter_segnis","Actinomyces_israelii",1
"57626","Ruminofilibacter_xylanolyticum","Actinomyces_israelii",1
"57628","Prevotella_multiformis","Actinomyces_israelii",1
"57630","Centipeda_periodontii","Actinomyces_israelii",1
"57632","Rothia_aeria","Actinomyces_naeslundii",1
"57644","Neisseria_sicca","Actinomyces_naeslundii",1
"57649","Eubacterium_brachy","Actinomyces_naeslundii",1
"57653","Actinomyces_howellii","Actinomyces_naeslundii",1
"57654","Prevotella_denticola","Actinomyces_naeslundii",1
"57658","Actinomyces_oris","Actinomyces_naeslundii",1
"57660","Dialister_invisus","Actinomyces_naeslundii",1
"57672","Actinomyces_meyeri","Actinomyces_naeslundii",1
"57673","Bergeyella_zoohelcum","Actinomyces_naeslundii",1
"57674","Actinomyces_bowdenii","Actinomyces_naeslundii",1
"57676","Actinobaculum_massiliense","Actinomyces_naeslundii",1
"57679","Planobacterium_taklimakanense","Actinomyces_naeslundii",1
"57682","Anaeroglobus_geminatus","Actinomyces_naeslundii",1
"57683","Olsenella_uli","Actinomyces_naeslundii",1
"57687","Rothia_dentocariosa","Actinomyces_naeslundii",1
"57693","Acidithiobacillus_thiooxidans","Actinomyces_naeslundii",1
"57703","Schwartzia_succinivorans","Actinomyces_naeslundii",1
"57707","Lautropia_mirabilis","Actinomyces_naeslundii",1
"57710","Actinomyces_gerencseriae","Actinomyces_naeslundii",1
"57714","Bifidobacterium_dentium","Actinomyces_naeslundii",1
"57720","Acinetobacter_junii","Actinomyces_naeslundii",1
"57731","Lachnoanaerobaculum_saburreum","Actinomyces_naeslundii",1
"57735","Streptococcus_gordonii","Actinomyces_naeslundii",1
"57736","Leptotrichia_hofstadii","Actinomyces_naeslundii",1
"57742","Streptococcus_sanguinis","Actinomyces_naeslundii",1
"57744","Fusobacterium_periodonticum","Actinomyces_naeslundii",-1
"57751","Capnocytophaga_granulosa","Actinomyces_naeslundii",1
"57756","Leptotrichia_hongkongensis","Actinomyces_naeslundii",1
"57760","Slackia_exigua","Actinomyces_naeslundii",1
"57762","Streptococcus_oralis","Actinomyces_naeslundii",1
"57767","Desulfobulbus_propionicus","Actinomyces_naeslundii",1
"57768","Cardiobacterium_valvarum","Actinomyces_naeslundii",1
"57769","Corynebacterium_tuberculostearicum","Actinomyces_naeslundii",1
"57772","Howardella_ureilytica","Actinomyces_naeslundii",1
"57775","Propionibacterium_acidifaciens","Actinomyces_naeslundii",1
"57785","Lactobacillus_mucosae","Actinomyces_naeslundii",1
"57788","Ralstonia_solanacearum","Actinomyces_naeslundii",1
"57799","Pasteurella_pneumotropica","Actinomyces_naeslundii",1
"57804","Shuttleworthia_satelles","Actinomyces_naeslundii",1
"57807","Moraxella_osloensis","Actinomyces_naeslundii",1
"57809","Treponema_socranskii","Actinomyces_naeslundii",1
"57819","Actinomyces_oricola","Actinomyces_naeslundii",1
"57820","Barnesiella_viscericola","Actinomyces_naeslundii",1
"57823","Leptotrichia_shahii","Actinomyces_naeslundii",1
"57824","Capnocytophaga_ochracea","Actinomyces_naeslundii",1
"57831","Selenomonas_sputigena","Actinomyces_naeslundii",1
"57838","Actinomyces_georgiae","Actinomyces_naeslundii",1
"57845","Prevotella_maculosa","Actinomyces_naeslundii",1
"57853","Veillonella_parvula","Actinomyces_naeslundii",1
"57863","Selenomonas_infelix","Actinomyces_naeslundii",1
"57870","Neisseria_elongata","Actinomyces_naeslundii",1
"57880","Cryptobacterium_curtum","Actinomyces_naeslundii",1
"57890","Actinomyces_timonensis","Actinomyces_naeslundii",1
"57891","Campylobacter_gracilis","Actinomyces_naeslundii",1
"57897","Streptococcus_constellatus","Actinomyces_naeslundii",1
"57898","Prevotella_nigrescens","Actinomyces_naeslundii",1
"57900","Eikenella_corrodens","Actinomyces_naeslundii",1
"57902","Streptococcus_pyogenes","Actinomyces_naeslundii",1
"57903","Scardovia_wiggsiae","Actinomyces_naeslundii",1
"57904","Fusobacterium_nucleatum","Actinomyces_naeslundii",1
"57905","Prevotella_saccharolytica","Actinomyces_naeslundii",1
"57910","Actinomyces_massiliensis","Actinomyces_naeslundii",1
"57922","Streptococcus_mutans","Actinomyces_naeslundii",1
"57924","Propionibacterium_propionicum","Actinomyces_naeslundii",1
"57928","Streptococcus_anginosus","Actinomyces_naeslundii",1
"57929","Leptotrichia_trevisanii","Actinomyces_naeslundii",1
"57932","Streptococcus_mitis","Actinomyces_naeslundii",1
"57934","Prevotella_oris","Actinomyces_naeslundii",1
"57938","Aggregatibacter_aphrophilus","Actinomyces_naeslundii",1
"57946","Kingella_denitrificans","Actinomyces_naeslundii",1
"57947","Veillonella_denticariosi","Actinomyces_naeslundii",1
"57948","Corynebacterium_durum","Actinomyces_naeslundii",1
"57951","Cardiobacterium_hominis","Actinomyces_naeslundii",1
"57954","Olsenella_profusa","Actinomyces_naeslundii",1
"57958","Selenomonas_artemidis","Actinomyces_naeslundii",1
"57961","Aggregatibacter_segnis","Actinomyces_naeslundii",1
"57970","Actinomyces_israelii","Actinomyces_naeslundii",1
"57980","Clostridium_ruminantium","Actinomyces_turicensis",1
"57981","Actinomyces_odontolyticus","Actinomyces_turicensis",1
"57985","Prevotella_baroniae","Actinomyces_turicensis",1
"58000","Dialister_invisus","Actinomyces_turicensis",1
"58013","Bergeyella_zoohelcum","Actinomyces_turicensis",1
"58100","Slackia_exigua","Actinomyces_turicensis",1
"58130","Actinomyces_graevenitzii","Actinomyces_turicensis",1
"58144","Shuttleworthia_satelles","Actinomyces_turicensis",1
"58181","Actinomyces_lingnae","Actinomyces_turicensis",1
"58211","Oribacterium_sinus","Actinomyces_turicensis",1
"58274","Prevotella_oris","Actinomyces_turicensis",1
"58317","Veillonella_dispar","Lactobacillus_oris",1
"58326","Prevotella_baroniae","Lactobacillus_oris",1
"58335","Prevotella_denticola","Lactobacillus_oris",1
"58339","Actinomyces_oris","Lactobacillus_oris",1
"58341","Dialister_invisus","Lactobacillus_oris",1
"58342","Granulicatella_adiacens","Lactobacillus_oris",1
"58364","Olsenella_uli","Lactobacillus_oris",1
"58368","Rothia_dentocariosa","Lactobacillus_oris",1
"58395","Bifidobacterium_dentium","Lactobacillus_oris",1
"58416","Streptococcus_gordonii","Lactobacillus_oris",1
"58437","Leptotrichia_hongkongensis","Lactobacillus_oris",1
"58442","Actinomyces_viscosus","Lactobacillus_oris",1
"58458","Parascardovia_denticolens","Lactobacillus_oris",1
"58467","Streptococcus_parasanguinis","Lactobacillus_oris",1
"58470","Prevotella_oralis","Lactobacillus_oris",1
"58476","Atopobium_parvulum","Lactobacillus_oris",1
"58495","Lactobacillus_reuteri","Lactobacillus_oris",1
"58534","Veillonella_parvula","Lactobacillus_oris",1
"58550","Lactobacillus_fermentum","Lactobacillus_oris",1
"58561","Cryptobacterium_curtum","Lactobacillus_oris",1
"58569","Veillonella_atypica","Lactobacillus_oris",1
"58578","Streptococcus_constellatus","Lactobacillus_oris",1
"58579","Prevotella_nigrescens","Lactobacillus_oris",1
"58580","Corynebacterium_matruchotii","Lactobacillus_oris",1
"58584","Scardovia_wiggsiae","Lactobacillus_oris",1
"58585","Fusobacterium_nucleatum","Lactobacillus_oris",1
"58592","Streptococcus_salivarius","Lactobacillus_oris",1
"58603","Streptococcus_mutans","Lactobacillus_oris",1
"58604","Streptococcus_thermophilus","Lactobacillus_oris",1
"58609","Streptococcus_anginosus","Lactobacillus_oris",1
"58615","Prevotella_oris","Lactobacillus_oris",1
"58641","Prevotella_histicola","Lactobacillus_oris",1
"58648","Prevotella_multiformis","Lactobacillus_oris",1
"58655","Rothia_aeria","Streptococcus_lactarius",1
"58664","Actinomyces_odontolyticus","Streptococcus_lactarius",1
"58702","Planobacterium_taklimakanense","Streptococcus_lactarius",1
"58710","Rothia_dentocariosa","Streptococcus_lactarius",1
"58730","Lautropia_mirabilis","Streptococcus_lactarius",1
"58739","Haemophilus_parainfluenzae","Streptococcus_lactarius",1
"58753","Rothia_mucilaginosa","Streptococcus_lactarius",1
"58765","Streptococcus_sanguinis","Streptococcus_lactarius",1
"58767","Fusobacterium_periodonticum","Streptococcus_lactarius",1
"58785","Streptococcus_oralis","Streptococcus_lactarius",1
"58809","Streptococcus_parasanguinis","Streptococcus_lactarius",1
"58858","Haemophilus_parahaemolyticus","Streptococcus_lactarius",1
"58864","Actinomyces_lingnae","Streptococcus_lactarius",1
"58894","Oribacterium_sinus","Streptococcus_lactarius",1
"58910","Haemophilus_sputorum","Streptococcus_lactarius",1
"58938","Neisseria_meningitidis","Streptococcus_lactarius",1
"58950","Neisseria_flavescens","Streptococcus_lactarius",1
"58955","Streptococcus_mitis","Streptococcus_lactarius",1
"58959","Porphyromonas_catoniae","Streptococcus_lactarius",1
"58966","Haemophilus_pittmaniae","Streptococcus_lactarius",1
"58971","Corynebacterium_durum","Streptococcus_lactarius",1
"58998","Rothia_aeria","Capnocytophaga_gingivalis",1
"59002","Veillonella_dispar","Capnocytophaga_gingivalis",-1
"59005","Leptotrichia_buccalis","Capnocytophaga_gingivalis",1
"59009","Neisseria_cinerea","Capnocytophaga_gingivalis",1
"59012","Capnocytophaga_leadbetteri","Capnocytophaga_gingivalis",1
"59017","Eubacterium_yurii","Capnocytophaga_gingivalis",1
"59018","Prevotella_shahii","Capnocytophaga_gingivalis",1
"59022","Haemophilus_haemoglobinophilus","Capnocytophaga_gingivalis",1
"59031","Moraxella_lacunata","Capnocytophaga_gingivalis",1
"59039","Bergeyella_zoohelcum","Capnocytophaga_gingivalis",1
"59045","Planobacterium_taklimakanense","Capnocytophaga_gingivalis",1
"59056","Azospira_oryzae","Capnocytophaga_gingivalis",1
"59063","Treponema_refringens","Capnocytophaga_gingivalis",1
"59073","Lautropia_mirabilis","Capnocytophaga_gingivalis",1
"59075","Actinobacillus_rossii","Capnocytophaga_gingivalis",1
"59078","Neisseria_shayeganii","Capnocytophaga_gingivalis",1
"59082","Haemophilus_parainfluenzae","Capnocytophaga_gingivalis",1
"59091","Bacteroides_intestinalis","Capnocytophaga_gingivalis",1
"59099","Brachymonas_denitrificans","Capnocytophaga_gingivalis",1
"59110","Fusobacterium_periodonticum","Capnocytophaga_gingivalis",1
"59114","Campylobacter_showae","Capnocytophaga_gingivalis",1
"59115","Tannerella_forsythia","Capnocytophaga_gingivalis",1
"59116","Kingella_potus","Capnocytophaga_gingivalis",1
"59117","Capnocytophaga_granulosa","Capnocytophaga_gingivalis",1
"59121","Soonwooa_buanensis","Capnocytophaga_gingivalis",1
"59122","Leptotrichia_hongkongensis","Capnocytophaga_gingivalis",1
"59134","Cardiobacterium_valvarum","Capnocytophaga_gingivalis",1
"59167","Prevotella_nanceiensis","Capnocytophaga_gingivalis",1
"59172","Neisseria_macacae","Capnocytophaga_gingivalis",1
"59187","Prevotella_aurantiaca","Capnocytophaga_gingivalis",1
"59189","Leptotrichia_shahii","Capnocytophaga_gingivalis",1
"59190","Capnocytophaga_ochracea","Capnocytophaga_gingivalis",1
"59192","Gemella_sanguinis","Capnocytophaga_gingivalis",1
"59193","Conchiformibius_steedae","Capnocytophaga_gingivalis",1
"59203","Alkaliphilus_crotonatoxidans","Capnocytophaga_gingivalis",1
"59213","Moraxella_bovoculi","Capnocytophaga_gingivalis",1
"59227","Mycoplasma_orale","Capnocytophaga_gingivalis",1
"59229","Selenomonas_infelix","Capnocytophaga_gingivalis",1
"59233","Chryseobacterium_kwangjuense","Capnocytophaga_gingivalis",1
"59236","Neisseria_elongata","Capnocytophaga_gingivalis",1
"59242","Neisseria_subflava","Capnocytophaga_gingivalis",1
"59250","Abiotrophia_defectiva","Capnocytophaga_gingivalis",1
"59260","Acinetobacter_calcoaceticus","Capnocytophaga_gingivalis",1
"59266","Eikenella_corrodens","Capnocytophaga_gingivalis",1
"59267","Parvimonas_micra","Capnocytophaga_gingivalis",1
"59270","Fusobacterium_nucleatum","Capnocytophaga_gingivalis",1
"59271","Prevotella_saccharolytica","Capnocytophaga_gingivalis",1
"59276","Actinomyces_massiliensis","Capnocytophaga_gingivalis",1
"59278","Elizabethkingia_meningoseptica","Capnocytophaga_gingivalis",1
"59284","Neisseria_lactamica","Capnocytophaga_gingivalis",1
"59290","Propionibacterium_propionicum","Capnocytophaga_gingivalis",1
"59293","Neisseria_flavescens","Capnocytophaga_gingivalis",1
"59295","Leptotrichia_trevisanii","Capnocytophaga_gingivalis",1
"59302","Porphyromonas_catoniae","Capnocytophaga_gingivalis",1
"59303","Fusobacterium_canifelinum","Capnocytophaga_gingivalis",1
"59304","Aggregatibacter_aphrophilus","Capnocytophaga_gingivalis",1
"59305","Lachnoanaerobaculum_umeaense","Capnocytophaga_gingivalis",1
"59312","Kingella_denitrificans","Capnocytophaga_gingivalis",1
"59314","Corynebacterium_durum","Capnocytophaga_gingivalis",1
"59316","Kingella_oralis","Capnocytophaga_gingivalis",1
"59317","Cardiobacterium_hominis","Capnocytophaga_gingivalis",1
"59326","Prevotella_histicola","Capnocytophaga_gingivalis",-1
"59327","Aggregatibacter_segnis","Capnocytophaga_gingivalis",1
"59334","Neisseria_canis","Capnocytophaga_gingivalis",1
"59342","Rothia_aeria","Prevotella_loescheii",1
"59347","Acinetobacter_johnsonii","Prevotella_loescheii",1
"59348","Eubacterium_saphenum","Prevotella_loescheii",1
"59349","Leptotrichia_buccalis","Prevotella_loescheii",1
"59355","Prevotella_baroniae","Prevotella_loescheii",1
"59356","Capnocytophaga_leadbetteri","Prevotella_loescheii",1
"59358","Treponema_denticola","Prevotella_loescheii",1
"59359","Eubacterium_brachy","Prevotella_loescheii",1
"59360","Porphyromonas_endodontalis","Prevotella_loescheii",1
"59361","Eubacterium_yurii","Prevotella_loescheii",1
"59362","Prevotella_shahii","Prevotella_loescheii",1
"59364","Prevotella_denticola","Prevotella_loescheii",1
"59366","Haemophilus_haemoglobinophilus","Prevotella_loescheii",1
"59368","Actinomyces_oris","Prevotella_loescheii",1
"59370","Dialister_invisus","Prevotella_loescheii",1
"59372","Prevotella_enoeca","Prevotella_loescheii",1
"59375","Moraxella_lacunata","Prevotella_loescheii",1
"59383","Bergeyella_zoohelcum","Prevotella_loescheii",1
"59384","Actinomyces_bowdenii","Prevotella_loescheii",1
"59386","Actinobaculum_massiliense","Prevotella_loescheii",1
"59387","Mannheimia_granulomatis","Prevotella_loescheii",1
"59388","Eubacterium_nodatum","Prevotella_loescheii",1
"59389","Planobacterium_taklimakanense","Prevotella_loescheii",1
"59390","Ornatilinea_apprima","Prevotella_loescheii",1
"59391","Neisseria_pharyngis","Prevotella_loescheii",1
"59392","Anaeroglobus_geminatus","Prevotella_loescheii",1
"59396","Dialister_propionicifaciens","Prevotella_loescheii",1
"59397","Rothia_dentocariosa","Prevotella_loescheii",1
"59398","Mycoplasma_faucium","Prevotella_loescheii",1
"59400","Azospira_oryzae","Prevotella_loescheii",1
"59402","Prevotella_dentalis","Prevotella_loescheii",1
"59405","Peptococcus_niger","Prevotella_loescheii",1
"59408","Treponema_pedis","Prevotella_loescheii",1
"59409","Campylobacter_curvus","Prevotella_loescheii",1
"59411","Mycoplasma_feliminutum","Prevotella_loescheii",1
"59413","Schwartzia_succinivorans","Prevotella_loescheii",1
"59415","Prevotella_marshii","Prevotella_loescheii",1
"59416","Treponema_parvum","Prevotella_loescheii",1
"59417","Lautropia_mirabilis","Prevotella_loescheii",1
"59419","Actinobacillus_rossii","Prevotella_loescheii",1
"59421","Bacteroides_stercoris","Prevotella_loescheii",1
"59422","Neisseria_shayeganii","Prevotella_loescheii",1
"59423","Selenomonas_noxia","Prevotella_loescheii",1
"59427","Porphyromonas_gingivalis","Prevotella_loescheii",1
"59434","Treponema_bryantii","Prevotella_loescheii",1
"59435","Bacteroides_intestinalis","Prevotella_loescheii",1
"59436","Filifactor_alocis","Prevotella_loescheii",1
"59438","Odoribacter_denticanis","Prevotella_loescheii",1
"59439","Bacteroides_heparinolyticus","Prevotella_loescheii",1
"59441","Lachnoanaerobaculum_saburreum","Prevotella_loescheii",1
"59443","Brachymonas_denitrificans","Prevotella_loescheii",1
"59444","Prevotella_paludivivens","Prevotella_loescheii",1
"59446","Leptotrichia_hofstadii","Prevotella_loescheii",1
"59447","Bacteroides_zoogleoformans","Prevotella_loescheii",1
"59448","Natranaerovirga_hydrolytica","Prevotella_loescheii",1
"59452","Streptococcus_sanguinis","Prevotella_loescheii",1
"59455","Eubacterium_minutum","Prevotella_loescheii",1
"59456","Sporanaerobacter_acetigenes","Prevotella_loescheii",1
"59457","Desulfomicrobium_orale","Prevotella_loescheii",1
"59458","Campylobacter_showae","Prevotella_loescheii",1
"59459","Tannerella_forsythia","Prevotella_loescheii",1
"59460","Kingella_potus","Prevotella_loescheii",1
"59461","Capnocytophaga_granulosa","Prevotella_loescheii",1
"59462","Neisseria_oralis","Prevotella_loescheii",1
"59465","Soonwooa_buanensis","Prevotella_loescheii",1
"59466","Leptotrichia_hongkongensis","Prevotella_loescheii",1
"59467","Gemella_haemolysans","Prevotella_loescheii",1
"59473","Desulfovibrio_fairfieldensis","Prevotella_loescheii",1
"59477","Desulfobulbus_propionicus","Prevotella_loescheii",1
"59480","Prevotella_pleuritidis","Prevotella_loescheii",1
"59482","Howardella_ureilytica","Prevotella_loescheii",1
"59484","Clostridium_hathewayi","Prevotella_loescheii",1
"59488","Prevotella_falsenii","Prevotella_loescheii",1
"59489","Streptobacillus_moniliformis","Prevotella_loescheii",1
"59494","Desulfobulbus_rhabdoformis","Prevotella_loescheii",1
"59495","Lactobacillus_mucosae","Prevotella_loescheii",1
"59498","Ralstonia_solanacearum","Prevotella_loescheii",1
"59499","Prevotella_oralis","Prevotella_loescheii",1
"59501","Alloprevotella_rava","Prevotella_loescheii",1
"59509","Pasteurella_pneumotropica","Prevotella_loescheii",1
"59510","Treponema_amylovorum","Prevotella_loescheii",1
"59512","Wolinella_succinogenes","Prevotella_loescheii",1
"59513","Lactobacillus_frumenti","Prevotella_loescheii",1
"59514","Shuttleworthia_satelles","Prevotella_loescheii",1
"59515","Treponema_lecithinolyticum","Prevotella_loescheii",1
"59516","Neisseria_macacae","Prevotella_loescheii",1
"59518","Streptococcus_intermedius","Prevotella_loescheii",1
"59519","Treponema_socranskii","Prevotella_loescheii",1
"59520","Pyramidobacter_piscolens","Prevotella_loescheii",1
"59521","Dialister_pneumosintes","Prevotella_loescheii",1
"59522","Selenomonas_flueggei","Prevotella_loescheii",1
"59523","Peptostreptococcus_stomatis","Prevotella_loescheii",1
"59526","Mycoplasma_salivarium","Prevotella_loescheii",1
"59529","Actinomyces_oricola","Prevotella_loescheii",1
"59530","Barnesiella_viscericola","Prevotella_loescheii",1
"59533","Leptotrichia_shahii","Prevotella_loescheii",1
"59537","Conchiformibius_steedae","Prevotella_loescheii",1
"59538","Prevotella_intermedia","Prevotella_loescheii",1
"59541","Selenomonas_sputigena","Prevotella_loescheii",1
"59544","Bulleidia_extructa","Prevotella_loescheii",1
"59546","Alloprevotella_tannerae","Prevotella_loescheii",1
"59547","Alkaliphilus_crotonatoxidans","Prevotella_loescheii",1
"59548","Actinomyces_georgiae","Prevotella_loescheii",1
"59555","Prevotella_maculosa","Prevotella_loescheii",1
"59556","Haemophilus_influenzae","Prevotella_loescheii",1
"59557","Moraxella_bovoculi","Prevotella_loescheii",1
"59559","Capnocytophaga_haemolytica","Prevotella_loescheii",1
"59560","Clostridium_aminobutyricum","Prevotella_loescheii",1
"59564","Actinomyces_cardiffensis","Prevotella_loescheii",1
"59566","Capnocytophaga_sputigena","Prevotella_loescheii",1
"59574","Prevotella_corporis","Prevotella_loescheii",1
"59577","Chryseobacterium_kwangjuense","Prevotella_loescheii",1
"59580","Neisseria_elongata","Prevotella_loescheii",1
"59583","Eggerthia_catenaformis","Prevotella_loescheii",1
"59584","Clostridium_ultunense","Prevotella_loescheii",1
"59585","Granulicatella_elegans","Prevotella_loescheii",1
"59593","Sediminibacterium_salmoneum","Prevotella_loescheii",1
"59594","Abiotrophia_defectiva","Prevotella_loescheii",1
"59595","Gemella_morbillorum","Prevotella_loescheii",1
"59597","Haemophilus_sputorum","Prevotella_loescheii",1
"59598","Veillonella_atypica","Prevotella_loescheii",-1
"59600","Actinomyces_timonensis","Prevotella_loescheii",1
"59601","Campylobacter_gracilis","Prevotella_loescheii",1
"59603","Phocaeicola_abscessus","Prevotella_loescheii",1
"59604","Acinetobacter_calcoaceticus","Prevotella_loescheii",1
"59605","Campylobacter_rectus","Prevotella_loescheii",1
"59607","Streptococcus_constellatus","Prevotella_loescheii",1
"59608","Prevotella_nigrescens","Prevotella_loescheii",1
"59609","Corynebacterium_matruchotii","Prevotella_loescheii",1
"59610","Eikenella_corrodens","Prevotella_loescheii",1
"59611","Parvimonas_micra","Prevotella_loescheii",1
"59613","Scardovia_wiggsiae","Prevotella_loescheii",1
"59614","Fusobacterium_nucleatum","Prevotella_loescheii",1
"59615","Prevotella_saccharolytica","Prevotella_loescheii",1
"59616","Catonella_morbi","Prevotella_loescheii",1
"59619","Morococcus_cerebrosus","Prevotella_loescheii",1
"59620","Actinomyces_massiliensis","Prevotella_loescheii",1
"59622","Elizabethkingia_meningoseptica","Prevotella_loescheii",1
"59623","Prevotella_buccae","Prevotella_loescheii",1
"59624","Fusobacterium_russii","Prevotella_loescheii",1
"59628","Neisseria_lactamica","Prevotella_loescheii",1
"59630","Pseudoramibacter_alactolyticus","Prevotella_loescheii",1
"59634","Propionibacterium_propionicum","Prevotella_loescheii",1
"59635","Porphyromonas_asaccharolytica","Prevotella_loescheii",1
"59636","Treponema_pectinovorum","Prevotella_loescheii",1
"59638","Streptococcus_anginosus","Prevotella_loescheii",1
"59639","Leptotrichia_trevisanii","Prevotella_loescheii",1
"59640","Treponema_putidum","Prevotella_loescheii",1
"59641","Leptotrichia_wadei","Prevotella_loescheii",1
"59644","Prevotella_oris","Prevotella_loescheii",1
"59645","Chryseobacterium_piscicola","Prevotella_loescheii",1
"59646","Porphyromonas_catoniae","Prevotella_loescheii",1
"59647","Fusobacterium_canifelinum","Prevotella_loescheii",1
"59648","Aggregatibacter_aphrophilus","Prevotella_loescheii",1
"59650","Eubacterium_infirmum","Prevotella_loescheii",1
"59652","Neisseria_dentiae","Prevotella_loescheii",1
"59654","Prevotella_micans","Prevotella_loescheii",1
"59655","Treponema_succinifaciens","Prevotella_loescheii",1
"59656","Kingella_denitrificans","Prevotella_loescheii",1
"59658","Corynebacterium_durum","Prevotella_loescheii",1
"59661","Cardiobacterium_hominis","Prevotella_loescheii",1
"59662","Fretibacterium_fastidiosum","Prevotella_loescheii",1
"59664","Olsenella_profusa","Prevotella_loescheii",1
"59665","Agrobacterium_tumefaciens","Prevotella_loescheii",1
"59668","Selenomonas_artemidis","Prevotella_loescheii",1
"59671","Aggregatibacter_segnis","Prevotella_loescheii",1
"59674","Achromobacter_xylosoxidans","Prevotella_loescheii",1
"59675","Ruminofilibacter_xylanolyticum","Prevotella_loescheii",1
"59678","Neisseria_canis","Prevotella_loescheii",1
"59679","Centipeda_periodontii","Prevotella_loescheii",1
"59680","Actinomyces_israelii","Prevotella_loescheii",1
"59681","Actinomyces_naeslundii","Prevotella_loescheii",1
"59685","Capnocytophaga_gingivalis","Prevotella_loescheii",1
"59687","Rothia_aeria","Bergeriella_denitrificans",1
"59691","Veillonella_dispar","Bergeriella_denitrificans",1
"59694","Leptotrichia_buccalis","Bergeriella_denitrificans",1
"59700","Prevotella_baroniae","Bergeriella_denitrificans",1
"59701","Capnocytophaga_leadbetteri","Bergeriella_denitrificans",1
"59708","Actinomyces_howellii","Bergeriella_denitrificans",1
"59709","Prevotella_denticola","Bergeriella_denitrificans",1
"59711","Haemophilus_haemoglobinophilus","Bergeriella_denitrificans",1
"59715","Dialister_invisus","Bergeriella_denitrificans",1
"59737","Anaeroglobus_geminatus","Bergeriella_denitrificans",1
"59740","Prevotella_veroralis","Bergeriella_denitrificans",1
"59742","Rothia_dentocariosa","Bergeriella_denitrificans",1
"59762","Lautropia_mirabilis","Bergeriella_denitrificans",1
"59767","Neisseria_shayeganii","Bergeriella_denitrificans",1
"59768","Selenomonas_noxia","Bergeriella_denitrificans",1
"59785","Rothia_mucilaginosa","Bergeriella_denitrificans",1
"59786","Lachnoanaerobaculum_saburreum","Bergeriella_denitrificans",1
"59788","Brachymonas_denitrificans","Bergeriella_denitrificans",1
"59790","Streptococcus_gordonii","Bergeriella_denitrificans",1
"59791","Leptotrichia_hofstadii","Bergeriella_denitrificans",1
"59797","Streptococcus_sanguinis","Bergeriella_denitrificans",1
"59804","Tannerella_forsythia","Bergeriella_denitrificans",1
"59806","Capnocytophaga_granulosa","Bergeriella_denitrificans",1
"59807","Neisseria_oralis","Bergeriella_denitrificans",1
"59811","Leptotrichia_hongkongensis","Bergeriella_denitrificans",1
"59823","Cardiobacterium_valvarum","Bergeriella_denitrificans",1
"59848","Actinobacillus_porcinus","Bergeriella_denitrificans",1
"59855","Treponema_amylovorum","Bergeriella_denitrificans",1
"59864","Treponema_socranskii","Bergeriella_denitrificans",1
"59866","Dialister_pneumosintes","Bergeriella_denitrificans",1
"59879","Capnocytophaga_ochracea","Bergeriella_denitrificans",1
"59883","Prevotella_intermedia","Bergeriella_denitrificans",1
"59886","Selenomonas_sputigena","Bergeriella_denitrificans",1
"59893","Actinomyces_georgiae","Bergeriella_denitrificans",1
"59900","Prevotella_maculosa","Bergeriella_denitrificans",1
"59904","Capnocytophaga_haemolytica","Bergeriella_denitrificans",1
"59911","Capnocytophaga_sputigena","Bergeriella_denitrificans",1
"59917","Treponema_medium","Bergeriella_denitrificans",1
"59918","Selenomonas_infelix","Bergeriella_denitrificans",1
"59920","Leptotrichia_goodfellowii","Bergeriella_denitrificans",1
"59925","Neisseria_elongata","Bergeriella_denitrificans",1
"59930","Granulicatella_elegans","Bergeriella_denitrificans",1
"59942","Haemophilus_sputorum","Bergeriella_denitrificans",1
"59946","Campylobacter_gracilis","Bergeriella_denitrificans",1
"59950","Campylobacter_rectus","Bergeriella_denitrificans",1
"59952","Streptococcus_constellatus","Bergeriella_denitrificans",1
"59953","Prevotella_nigrescens","Bergeriella_denitrificans",1
"59954","Corynebacterium_matruchotii","Bergeriella_denitrificans",1
"59958","Scardovia_wiggsiae","Bergeriella_denitrificans",1
"59959","Fusobacterium_nucleatum","Bergeriella_denitrificans",1
"59960","Prevotella_saccharolytica","Bergeriella_denitrificans",1
"59965","Actinomyces_massiliensis","Bergeriella_denitrificans",1
"59970","Neisseria_meningitidis","Bergeriella_denitrificans",1
"59977","Streptococcus_mutans","Bergeriella_denitrificans",1
"59978","Streptococcus_thermophilus","Bergeriella_denitrificans",1
"59979","Propionibacterium_propionicum","Bergeriella_denitrificans",1
"59983","Streptococcus_anginosus","Bergeriella_denitrificans",1
"59984","Leptotrichia_trevisanii","Bergeriella_denitrificans",1
"59986","Leptotrichia_wadei","Bergeriella_denitrificans",1
"59989","Prevotella_oris","Bergeriella_denitrificans",1
"59993","Aggregatibacter_aphrophilus","Bergeriella_denitrificans",1
"59996","Neisseria_mucosa","Bergeriella_denitrificans",1
"59999","Prevotella_micans","Bergeriella_denitrificans",1
"60000","Treponema_succinifaciens","Bergeriella_denitrificans",1
"60001","Kingella_denitrificans","Bergeriella_denitrificans",1
"60002","Veillonella_denticariosi","Bergeriella_denitrificans",1
"60003","Corynebacterium_durum","Bergeriella_denitrificans",1
"60004","Neisseria_bacilliformis","Bergeriella_denitrificans",1
"60005","Kingella_oralis","Bergeriella_denitrificans",1
"60006","Cardiobacterium_hominis","Bergeriella_denitrificans",1
"60013","Selenomonas_artemidis","Bergeriella_denitrificans",1
"60016","Aggregatibacter_segnis","Bergeriella_denitrificans",1
"60020","Ruminofilibacter_xylanolyticum","Bergeriella_denitrificans",1
"60023","Neisseria_canis","Bergeriella_denitrificans",1
"60030","Capnocytophaga_gingivalis","Bergeriella_denitrificans",1
"60031","Prevotella_loescheii","Bergeriella_denitrificans",1
"60033","Rothia_aeria","Paludibacter_propionicigenes",1
"60038","Acinetobacter_johnsonii","Paludibacter_propionicigenes",1
"60039","Eubacterium_saphenum","Paludibacter_propionicigenes",1
"60040","Leptotrichia_buccalis","Paludibacter_propionicigenes",1
"60041","Clostridium_ruminantium","Paludibacter_propionicigenes",1
"60046","Prevotella_baroniae","Paludibacter_propionicigenes",1
"60047","Capnocytophaga_leadbetteri","Paludibacter_propionicigenes",1
"60049","Treponema_denticola","Paludibacter_propionicigenes",1
"60050","Eubacterium_brachy","Paludibacter_propionicigenes",1
"60051","Porphyromonas_endodontalis","Paludibacter_propionicigenes",1
"60052","Eubacterium_yurii","Paludibacter_propionicigenes",1
"60053","Prevotella_shahii","Paludibacter_propionicigenes",1
"60055","Prevotella_denticola","Paludibacter_propionicigenes",1
"60057","Haemophilus_haemoglobinophilus","Paludibacter_propionicigenes",1
"60061","Dialister_invisus","Paludibacter_propionicigenes",1
"60063","Prevotella_enoeca","Paludibacter_propionicigenes",1
"60073","Actinomyces_meyeri","Paludibacter_propionicigenes",1
"60074","Bergeyella_zoohelcum","Paludibacter_propionicigenes",1
"60079","Eubacterium_nodatum","Paludibacter_propionicigenes",1
"60083","Anaeroglobus_geminatus","Paludibacter_propionicigenes",1
"60084","Olsenella_uli","Paludibacter_propionicigenes",1
"60096","Peptococcus_niger","Paludibacter_propionicigenes",1
"60104","Schwartzia_succinivorans","Paludibacter_propionicigenes",1
"60106","Prevotella_marshii","Paludibacter_propionicigenes",1
"60107","Treponema_parvum","Paludibacter_propionicigenes",1
"60108","Lautropia_mirabilis","Paludibacter_propionicigenes",1
"60109","Barnesiella_intestinihominis","Paludibacter_propionicigenes",1
"60111","Actinomyces_gerencseriae","Paludibacter_propionicigenes",1
"60114","Selenomonas_noxia","Paludibacter_propionicigenes",1
"60115","Bifidobacterium_dentium","Paludibacter_propionicigenes",1
"60118","Porphyromonas_gingivalis","Paludibacter_propionicigenes",1
"60125","Treponema_bryantii","Paludibacter_propionicigenes",1
"60126","Bacteroides_intestinalis","Paludibacter_propionicigenes",1
"60127","Filifactor_alocis","Paludibacter_propionicigenes",1
"60128","Prevotella_copri","Paludibacter_propionicigenes",1
"60134","Brachymonas_denitrificans","Paludibacter_propionicigenes",1
"60135","Prevotella_paludivivens","Paludibacter_propionicigenes",1
"60139","Natranaerovirga_hydrolytica","Paludibacter_propionicigenes",1
"60143","Streptococcus_sanguinis","Paludibacter_propionicigenes",1
"60144","Eubacterium_rectale","Paludibacter_propionicigenes",1
"60146","Eubacterium_minutum","Paludibacter_propionicigenes",1
"60149","Campylobacter_showae","Paludibacter_propionicigenes",1
"60150","Tannerella_forsythia","Paludibacter_propionicigenes",1
"60160","Bacillus_cereus","Paludibacter_propionicigenes",1
"60161","Slackia_exigua","Paludibacter_propionicigenes",1
"60166","Streptococcus_sinensis","Paludibacter_propionicigenes",1
"60168","Desulfobulbus_propionicus","Paludibacter_propionicigenes",1
"60169","Cardiobacterium_valvarum","Paludibacter_propionicigenes",1
"60171","Prevotella_pleuritidis","Paludibacter_propionicigenes",1
"60189","Ralstonia_solanacearum","Paludibacter_propionicigenes",1
"60190","Prevotella_oralis","Paludibacter_propionicigenes",1
"60193","Paraprevotella_clara","Paludibacter_propionicigenes",1
"60200","Pasteurella_pneumotropica","Paludibacter_propionicigenes",1
"60201","Treponema_amylovorum","Paludibacter_propionicigenes",1
"60205","Shuttleworthia_satelles","Paludibacter_propionicigenes",1
"60206","Treponema_lecithinolyticum","Paludibacter_propionicigenes",1
"60210","Treponema_socranskii","Paludibacter_propionicigenes",1
"60211","Pyramidobacter_piscolens","Paludibacter_propionicigenes",1
"60212","Dialister_pneumosintes","Paludibacter_propionicigenes",1
"60213","Selenomonas_flueggei","Paludibacter_propionicigenes",1
"60217","Mycoplasma_salivarium","Paludibacter_propionicigenes",1
"60223","Leptotrichia_amnionii","Paludibacter_propionicigenes",1
"60224","Leptotrichia_shahii","Paludibacter_propionicigenes",1
"60225","Capnocytophaga_ochracea","Paludibacter_propionicigenes",1
"60229","Prevotella_intermedia","Paludibacter_propionicigenes",1
"60232","Selenomonas_sputigena","Paludibacter_propionicigenes",1
"60235","Bulleidia_extructa","Paludibacter_propionicigenes",1
"60237","Alloprevotella_tannerae","Paludibacter_propionicigenes",1
"60240","Bilophila_wadsworthia","Paludibacter_propionicigenes",1
"60254","Veillonella_parvula","Paludibacter_propionicigenes",1
"60263","Treponema_medium","Paludibacter_propionicigenes",1
"60264","Selenomonas_infelix","Paludibacter_propionicigenes",1
"60265","Prevotella_corporis","Paludibacter_propionicigenes",1
"60274","Eggerthia_catenaformis","Paludibacter_propionicigenes",1
"60275","Clostridium_ultunense","Paludibacter_propionicigenes",1
"60285","Abiotrophia_defectiva","Paludibacter_propionicigenes",1
"60286","Gemella_morbillorum","Paludibacter_propionicigenes",1
"60290","Intestinimonas_butyriciproducens","Paludibacter_propionicigenes",1
"60292","Campylobacter_gracilis","Paludibacter_propionicigenes",1
"60294","Phocaeicola_abscessus","Paludibacter_propionicigenes",1
"60296","Campylobacter_rectus","Paludibacter_propionicigenes",1
"60298","Streptococcus_constellatus","Paludibacter_propionicigenes",1
"60299","Prevotella_nigrescens","Paludibacter_propionicigenes",1
"60300","Corynebacterium_matruchotii","Paludibacter_propionicigenes",1
"60301","Eikenella_corrodens","Paludibacter_propionicigenes",1
"60302","Parvimonas_micra","Paludibacter_propionicigenes",1
"60305","Fusobacterium_nucleatum","Paludibacter_propionicigenes",1
"60306","Prevotella_saccharolytica","Paludibacter_propionicigenes",1
"60307","Catonella_morbi","Paludibacter_propionicigenes",1
"60311","Actinomyces_massiliensis","Paludibacter_propionicigenes",1
"60314","Prevotella_buccae","Paludibacter_propionicigenes",1
"60321","Pseudoramibacter_alactolyticus","Paludibacter_propionicigenes",1
"60322","Mogibacterium_timidum","Paludibacter_propionicigenes",1
"60329","Streptococcus_anginosus","Paludibacter_propionicigenes",1
"60330","Leptotrichia_trevisanii","Paludibacter_propionicigenes",1
"60335","Prevotella_oris","Paludibacter_propionicigenes",1
"60339","Aggregatibacter_aphrophilus","Paludibacter_propionicigenes",1
"60341","Eubacterium_infirmum","Paludibacter_propionicigenes",1
"60345","Prevotella_micans","Paludibacter_propionicigenes",1
"60349","Corynebacterium_durum","Paludibacter_propionicigenes",1
"60350","Neisseria_bacilliformis","Paludibacter_propionicigenes",1
"60352","Cardiobacterium_hominis","Paludibacter_propionicigenes",1
"60353","Fretibacterium_fastidiosum","Paludibacter_propionicigenes",1
"60355","Olsenella_profusa","Paludibacter_propionicigenes",1
"60359","Selenomonas_artemidis","Paludibacter_propionicigenes",1
"60362","Aggregatibacter_segnis","Paludibacter_propionicigenes",1
"60366","Ruminofilibacter_xylanolyticum","Paludibacter_propionicigenes",1
"60368","Prevotella_multiformis","Paludibacter_propionicigenes",1
"60370","Centipeda_periodontii","Paludibacter_propionicigenes",1
"60371","Actinomyces_israelii","Paludibacter_propionicigenes",1
"60372","Actinomyces_naeslundii","Paludibacter_propionicigenes",1
"60376","Capnocytophaga_gingivalis","Paludibacter_propionicigenes",1
"60377","Prevotella_loescheii","Paludibacter_propionicigenes",1
"60395","Prevotella_pallens","Veillonella_tobetsuensis",1
"60400","Prevotella_shahii","Veillonella_tobetsuensis",1
"60443","Peptococcus_niger","Veillonella_tobetsuensis",1
"60492","Fusobacterium_periodonticum","Veillonella_tobetsuensis",1
"60496","Campylobacter_showae","Veillonella_tobetsuensis",1
"60530","Eubacterium_sulci","Veillonella_tobetsuensis",1
"60538","Actinomyces_graevenitzii","Veillonella_tobetsuensis",1
"60539","Alloprevotella_rava","Veillonella_tobetsuensis",1
"60543","Atopobium_parvulum","Veillonella_tobetsuensis",1
"60549","Prevotella_nanceiensis","Veillonella_tobetsuensis",1
"60561","Peptostreptococcus_stomatis","Veillonella_tobetsuensis",1
"60571","Leptotrichia_shahii","Veillonella_tobetsuensis",1
"60579","Selenomonas_sputigena","Veillonella_tobetsuensis",1
"60580","Veillonella_rodentium","Veillonella_tobetsuensis",1
"60584","Alloprevotella_tannerae","Veillonella_tobetsuensis",1
"60601","Veillonella_parvula","Veillonella_tobetsuensis",1
"60619","Oribacterium_sinus","Veillonella_tobetsuensis",1
"60625","Campylobacter_concisus","Veillonella_tobetsuensis",1
"60626","Prevotella_melaninogenica","Veillonella_tobetsuensis",1
"60627","Megasphaera_micronuciformis","Veillonella_tobetsuensis",1
"60687","Lachnoanaerobaculum_umeaense","Veillonella_tobetsuensis",1
"60717","Centipeda_periodontii","Veillonella_tobetsuensis",1
"60730","Butyrivibrio_hungatei","Prevotella_oulorum",1
"60732","Veillonella_dispar","Prevotella_oulorum",1
"60735","Leptotrichia_buccalis","Prevotella_oulorum",1
"60743","Prevotella_pallens","Prevotella_oulorum",1
"60749","Actinomyces_howellii","Prevotella_oulorum",1
"60750","Prevotella_denticola","Prevotella_oulorum",1
"60756","Dialister_invisus","Prevotella_oulorum",1
"60762","Lachnoanaerobaculum_orale","Prevotella_oulorum",1
"60764","Orientia_tsutsugamushi","Prevotella_oulorum",1
"60766","Propionigenium_maris","Prevotella_oulorum",1
"60769","Bergeyella_zoohelcum","Prevotella_oulorum",1
"60771","Prevotella_salivae","Prevotella_oulorum",1
"60772","Actinobaculum_massiliense","Prevotella_oulorum",1
"60778","Anaeroglobus_geminatus","Prevotella_oulorum",1
"60779","Olsenella_uli","Prevotella_oulorum",1
"60781","Prevotella_veroralis","Prevotella_oulorum",1
"60782","Dialister_propionicifaciens","Prevotella_oulorum",1
"60799","Schwartzia_succinivorans","Prevotella_oulorum",1
"60801","Prevotella_marshii","Prevotella_oulorum",1
"60806","Actinomyces_gerencseriae","Prevotella_oulorum",1
"60809","Selenomonas_noxia","Prevotella_oulorum",1
"60816","Acinetobacter_junii","Prevotella_oulorum",1
"60827","Lachnoanaerobaculum_saburreum","Prevotella_oulorum",1
"60828","Acinetobacter_lwoffii","Prevotella_oulorum",1
"60845","Tannerella_forsythia","Prevotella_oulorum",1
"60852","Leptotrichia_hongkongensis","Prevotella_oulorum",1
"60856","Slackia_exigua","Prevotella_oulorum",1
"60860","Prevotella_multisaccharivorax","Prevotella_oulorum",1
"60871","Propionibacterium_acidifaciens","Prevotella_oulorum",1
"60873","Parascardovia_denticolens","Prevotella_oulorum",1
"60877","Selenomonas_ruminantium","Prevotella_oulorum",1
"60881","Lactobacillus_mucosae","Prevotella_oulorum",1
"60885","Prevotella_oralis","Prevotella_oulorum",1
"60886","Actinomyces_graevenitzii","Prevotella_oulorum",1
"60891","Atopobium_parvulum","Prevotella_oulorum",1
"60899","Lactobacillus_frumenti","Prevotella_oulorum",1
"60900","Shuttleworthia_satelles","Prevotella_oulorum",1
"60903","Moraxella_osloensis","Prevotella_oulorum",1
"60904","Streptococcus_intermedius","Prevotella_oulorum",1
"60905","Treponema_socranskii","Prevotella_oulorum",1
"60907","Dialister_pneumosintes","Prevotella_oulorum",1
"60908","Selenomonas_flueggei","Prevotella_oulorum",1
"60910","Lactobacillus_reuteri","Prevotella_oulorum",1
"60911","Butyrivibrio_fibrisolvens","Prevotella_oulorum",1
"60913","Mobiluncus_curtisii","Prevotella_oulorum",1
"60916","Barnesiella_viscericola","Prevotella_oulorum",1
"60919","Leptotrichia_shahii","Prevotella_oulorum",1
"60920","Capnocytophaga_ochracea","Prevotella_oulorum",1
"60927","Selenomonas_sputigena","Prevotella_oulorum",1
"60928","Veillonella_rodentium","Prevotella_oulorum",1
"60933","Alkaliphilus_crotonatoxidans","Prevotella_oulorum",1
"60935","Bilophila_wadsworthia","Prevotella_oulorum",1
"60939","Lactobacillus_salivarius","Prevotella_oulorum",1
"60940","Lactobacillus_crispatus","Prevotella_oulorum",1
"60941","Prevotella_maculosa","Prevotella_oulorum",1
"60948","Saccharofermentans_acetigenes","Prevotella_oulorum",1
"60954","Mobiluncus_mulieris","Prevotella_oulorum",1
"60956","Lactobacillus_vaginalis","Prevotella_oulorum",1
"60959","Selenomonas_infelix","Prevotella_oulorum",1
"60961","Leptotrichia_goodfellowii","Prevotella_oulorum",1
"60962","Selenomonas_bovis","Prevotella_oulorum",1
"60968","Solobacterium_moorei","Prevotella_oulorum",1
"60973","Campylobacter_concisus","Prevotella_oulorum",1
"60974","Prevotella_melaninogenica","Prevotella_oulorum",1
"60975","Megasphaera_micronuciformis","Prevotella_oulorum",1
"60984","Veillonella_atypica","Prevotella_oulorum",1
"60987","Campylobacter_gracilis","Prevotella_oulorum",1
"60994","Prevotella_nigrescens","Prevotella_oulorum",1
"60995","Corynebacterium_matruchotii","Prevotella_oulorum",1
"60999","Scardovia_wiggsiae","Prevotella_oulorum",1
"61001","Prevotella_saccharolytica","Prevotella_oulorum",1
"61008","Elizabethkingia_meningoseptica","Prevotella_oulorum",1
"61009","Prevotella_buccae","Prevotella_oulorum",1
"61012","Alloscardovia_omnicolens","Prevotella_oulorum",1
"61018","Streptococcus_mutans","Prevotella_oulorum",1
"61023","Neisseria_flavescens","Prevotella_oulorum",-1
"61024","Streptococcus_anginosus","Prevotella_oulorum",1
"61027","Leptotrichia_wadei","Prevotella_oulorum",1
"61028","Streptococcus_mitis","Prevotella_oulorum",-1
"61029","Dialister_micraerophilus","Prevotella_oulorum",1
"61033","Fusobacterium_canifelinum","Prevotella_oulorum",1
"61040","Prevotella_micans","Prevotella_oulorum",1
"61043","Veillonella_denticariosi","Prevotella_oulorum",1
"61046","Kingella_oralis","Prevotella_oulorum",1
"61050","Olsenella_profusa","Prevotella_oulorum",1
"61052","Lactobacillus_gasseri","Prevotella_oulorum",1
"61053","Prevotella_albensis","Prevotella_oulorum",1
"61054","Selenomonas_artemidis","Prevotella_oulorum",1
"61056","Prevotella_histicola","Prevotella_oulorum",1
"61065","Centipeda_periodontii","Prevotella_oulorum",1
"61066","Actinomyces_israelii","Prevotella_oulorum",1
"61069","Lactobacillus_oris","Prevotella_oulorum",1
"61072","Prevotella_loescheii","Prevotella_oulorum",1
"61086","Actinomyces_odontolyticus","Sneathia_sanguinegens",1
"61093","Treponema_denticola","Sneathia_sanguinegens",1
"61105","Dialister_invisus","Sneathia_sanguinegens",1
"61111","Lachnoanaerobaculum_orale","Sneathia_sanguinegens",1
"61130","Prevotella_veroralis","Sneathia_sanguinegens",1
"61133","Mycoplasma_faucium","Sneathia_sanguinegens",1
"61176","Lachnoanaerobaculum_saburreum","Sneathia_sanguinegens",1
"61224","Streptobacillus_moniliformis","Sneathia_sanguinegens",1
"61228","Veillonella_ratti","Sneathia_sanguinegens",1
"61310","Leptotrichia_goodfellowii","Sneathia_sanguinegens",1
"61319","Clostridium_ultunense","Sneathia_sanguinegens",1
"61336","Campylobacter_gracilis","Sneathia_sanguinegens",1
"61349","Fusobacterium_nucleatum","Sneathia_sanguinegens",1
"61351","Catonella_morbi","Sneathia_sanguinegens",1
"61358","Prevotella_buccae","Sneathia_sanguinegens",1
"61370","Porphyromonas_asaccharolytica","Sneathia_sanguinegens",1
"61374","Leptotrichia_trevisanii","Sneathia_sanguinegens",1
"61391","Kingella_denitrificans","Sneathia_sanguinegens",1
"61431","Veillonella_dispar","Atopobium_rimae",1
"61433","Eubacterium_saphenum","Atopobium_rimae",1
"61434","Leptotrichia_buccalis","Atopobium_rimae",1
"61437","Bradyrhizobium_elkanii","Atopobium_rimae",1
"61440","Prevotella_baroniae","Atopobium_rimae",1
"61443","Treponema_denticola","Atopobium_rimae",1
"61444","Eubacterium_brachy","Atopobium_rimae",1
"61445","Porphyromonas_endodontalis","Atopobium_rimae",1
"61449","Prevotella_denticola","Atopobium_rimae",1
"61453","Actinomyces_oris","Atopobium_rimae",1
"61454","Megasphaera_elsdenii","Atopobium_rimae",1
"61455","Dialister_invisus","Atopobium_rimae",1
"61457","Prevotella_enoeca","Atopobium_rimae",1
"61467","Actinomyces_meyeri","Atopobium_rimae",1
"61468","Bergeyella_zoohelcum","Atopobium_rimae",1
"61469","Actinomyces_bowdenii","Atopobium_rimae",1
"61471","Actinobaculum_massiliense","Atopobium_rimae",1
"61473","Eubacterium_nodatum","Atopobium_rimae",1
"61475","Ornatilinea_apprima","Atopobium_rimae",1
"61477","Anaeroglobus_geminatus","Atopobium_rimae",1
"61478","Olsenella_uli","Atopobium_rimae",1
"61479","Lactobacillus_johnsonii","Atopobium_rimae",1
"61481","Dialister_propionicifaciens","Atopobium_rimae",1
"61482","Rothia_dentocariosa","Atopobium_rimae",1
"61484","Mycoplasma_hyosynoviae","Atopobium_rimae",1
"61487","Prevotella_dentalis","Atopobium_rimae",1
"61489","Corynebacterium_jeikeium","Atopobium_rimae",1
"61490","Peptococcus_niger","Atopobium_rimae",1
"61493","Treponema_pedis","Atopobium_rimae",1
"61494","Campylobacter_curvus","Atopobium_rimae",1
"61498","Schwartzia_succinivorans","Atopobium_rimae",1
"61499","Actinomyces_hyovaginalis","Atopobium_rimae",1
"61500","Prevotella_marshii","Atopobium_rimae",1
"61501","Treponema_parvum","Atopobium_rimae",1
"61503","Barnesiella_intestinihominis","Atopobium_rimae",1
"61509","Bifidobacterium_dentium","Atopobium_rimae",1
"61513","Streptococcus_sobrinus","Atopobium_rimae",1
"61515","Acinetobacter_junii","Atopobium_rimae",1
"61519","Treponema_bryantii","Atopobium_rimae",1
"61521","Filifactor_alocis","Atopobium_rimae",1
"61524","Bacteroides_heparinolyticus","Atopobium_rimae",1
"61526","Lachnoanaerobaculum_saburreum","Atopobium_rimae",1
"61530","Streptococcus_gordonii","Atopobium_rimae",1
"61531","Leptotrichia_hofstadii","Atopobium_rimae",1
"61532","Bacteroides_zoogleoformans","Atopobium_rimae",1
"61533","Natranaerovirga_hydrolytica","Atopobium_rimae",1
"61536","Peptoniphilus_lacrimalis","Atopobium_rimae",1
"61538","Eubacterium_rectale","Atopobium_rimae",1
"61540","Eubacterium_minutum","Atopobium_rimae",1
"61541","Sporanaerobacter_acetigenes","Atopobium_rimae",1
"61542","Desulfomicrobium_orale","Atopobium_rimae",1
"61544","Tannerella_forsythia","Atopobium_rimae",1
"61548","Lactobacillus_ruminis","Atopobium_rimae",1
"61551","Leptotrichia_hongkongensis","Atopobium_rimae",1
"61555","Slackia_exigua","Atopobium_rimae",1
"61558","Desulfovibrio_fairfieldensis","Atopobium_rimae",1
"61559","Prevotella_multisaccharivorax","Atopobium_rimae",1
"61561","Gemella_cuniculi","Atopobium_rimae",1
"61562","Desulfobulbus_propionicus","Atopobium_rimae",1
"61563","Cardiobacterium_valvarum","Atopobium_rimae",1
"61567","Howardella_ureilytica","Atopobium_rimae",1
"61570","Propionibacterium_acidifaciens","Atopobium_rimae",1
"61572","Parascardovia_denticolens","Atopobium_rimae",1
"61576","Selenomonas_ruminantium","Atopobium_rimae",1
"61579","Desulfobulbus_rhabdoformis","Atopobium_rimae",1
"61580","Lactobacillus_mucosae","Atopobium_rimae",1
"61583","Ralstonia_solanacearum","Atopobium_rimae",1
"61584","Prevotella_oralis","Atopobium_rimae",1
"61590","Atopobium_parvulum","Atopobium_rimae",1
"61595","Treponema_amylovorum","Atopobium_rimae",1
"61597","Wolinella_succinogenes","Atopobium_rimae",1
"61598","Lactobacillus_frumenti","Atopobium_rimae",1
"61603","Streptococcus_intermedius","Atopobium_rimae",1
"61604","Treponema_socranskii","Atopobium_rimae",1
"61605","Pyramidobacter_piscolens","Atopobium_rimae",1
"61606","Dialister_pneumosintes","Atopobium_rimae",1
"61607","Selenomonas_flueggei","Atopobium_rimae",1
"61608","Peptostreptococcus_stomatis","Atopobium_rimae",1
"61609","Lactobacillus_reuteri","Atopobium_rimae",1
"61611","Mycoplasma_salivarium","Atopobium_rimae",1
"61614","Actinomyces_oricola","Atopobium_rimae",1
"61615","Barnesiella_viscericola","Atopobium_rimae",1
"61617","Leptotrichia_amnionii","Atopobium_rimae",1
"61618","Leptotrichia_shahii","Atopobium_rimae",1
"61619","Capnocytophaga_ochracea","Atopobium_rimae",1
"61623","Prevotella_intermedia","Atopobium_rimae",1
"61625","Prevotella_fusca","Atopobium_rimae",1
"61626","Selenomonas_sputigena","Atopobium_rimae",1
"61631","Alloprevotella_tannerae","Atopobium_rimae",1
"61632","Alkaliphilus_crotonatoxidans","Atopobium_rimae",1
"61638","Lactobacillus_salivarius","Atopobium_rimae",1
"61639","Lactobacillus_crispatus","Atopobium_rimae",1
"61643","Atopobium_minutum","Atopobium_rimae",1
"61647","Saccharofermentans_acetigenes","Atopobium_rimae",1
"61649","Actinomyces_cardiffensis","Atopobium_rimae",1
"61650","Rhodococcus_erythropolis","Atopobium_rimae",1
"61655","Lactobacillus_vaginalis","Atopobium_rimae",1
"61657","Treponema_medium","Atopobium_rimae",1
"61658","Selenomonas_infelix","Atopobium_rimae",1
"61659","Prevotella_corporis","Atopobium_rimae",1
"61661","Selenomonas_bovis","Atopobium_rimae",1
"61664","Lactobacillus_fermentum","Atopobium_rimae",1
"61668","Eggerthia_catenaformis","Atopobium_rimae",1
"61669","Clostridium_ultunense","Atopobium_rimae",1
"61675","Cryptobacterium_curtum","Atopobium_rimae",1
"61676","Prevotella_timonensis","Atopobium_rimae",1
"61677","Atopobium_vaginae","Atopobium_rimae",1
"61678","Sediminibacterium_salmoneum","Atopobium_rimae",1
"61684","Intestinimonas_butyriciproducens","Atopobium_rimae",1
"61685","Actinomyces_timonensis","Atopobium_rimae",1
"61688","Phocaeicola_abscessus","Atopobium_rimae",1
"61691","Corynebacterium_kroppenstedtii","Atopobium_rimae",1
"61692","Streptococcus_constellatus","Atopobium_rimae",1
"61693","Prevotella_nigrescens","Atopobium_rimae",1
"61694","Corynebacterium_matruchotii","Atopobium_rimae",1
"61696","Parvimonas_micra","Atopobium_rimae",1
"61698","Scardovia_wiggsiae","Atopobium_rimae",1
"61699","Fusobacterium_nucleatum","Atopobium_rimae",1
"61700","Prevotella_saccharolytica","Atopobium_rimae",1
"61701","Catonella_morbi","Atopobium_rimae",1
"61708","Prevotella_buccae","Atopobium_rimae",1
"61715","Pseudoramibacter_alactolyticus","Atopobium_rimae",1
"61717","Streptococcus_mutans","Atopobium_rimae",1
"61720","Porphyromonas_asaccharolytica","Atopobium_rimae",1
"61721","Treponema_pectinovorum","Atopobium_rimae",1
"61723","Streptococcus_anginosus","Atopobium_rimae",1
"61724","Leptotrichia_trevisanii","Atopobium_rimae",1
"61725","Treponema_putidum","Atopobium_rimae",1
"61729","Prevotella_oris","Atopobium_rimae",1
"61735","Eubacterium_infirmum","Atopobium_rimae",1
"61739","Prevotella_micans","Atopobium_rimae",1
"61740","Treponema_succinifaciens","Atopobium_rimae",1
"61742","Veillonella_denticariosi","Atopobium_rimae",1
"61745","Kingella_oralis","Atopobium_rimae",1
"61746","Cardiobacterium_hominis","Atopobium_rimae",1
"61747","Fretibacterium_fastidiosum","Atopobium_rimae",1
"61751","Lactobacillus_gasseri","Atopobium_rimae",1
"61753","Selenomonas_artemidis","Atopobium_rimae",1
"61757","Rothia_terrae","Atopobium_rimae",1
"61760","Ruminofilibacter_xylanolyticum","Atopobium_rimae",1
"61761","Finegoldia_magna","Atopobium_rimae",1
"61762","Prevotella_multiformis","Atopobium_rimae",1
"61764","Centipeda_periodontii","Atopobium_rimae",1
"61765","Actinomyces_israelii","Atopobium_rimae",1
"61766","Actinomyces_naeslundii","Atopobium_rimae",1
"61768","Lactobacillus_oris","Atopobium_rimae",1
"61771","Prevotella_loescheii","Atopobium_rimae",1
"61775","Prevotella_oulorum","Atopobium_rimae",1
"62134","Veillonella_dispar","Scardovia_inopinata",1
"62143","Prevotella_baroniae","Scardovia_inopinata",1
"62147","Eubacterium_brachy","Scardovia_inopinata",1
"62152","Prevotella_denticola","Scardovia_inopinata",1
"62158","Dialister_invisus","Scardovia_inopinata",1
"62180","Anaeroglobus_geminatus","Scardovia_inopinata",1
"62181","Olsenella_uli","Scardovia_inopinata",1
"62185","Rothia_dentocariosa","Scardovia_inopinata",1
"62186","Mycoplasma_faucium","Scardovia_inopinata",1
"62201","Schwartzia_succinivorans","Scardovia_inopinata",1
"62208","Actinomyces_gerencseriae","Scardovia_inopinata",1
"62211","Selenomonas_noxia","Scardovia_inopinata",1
"62212","Bifidobacterium_dentium","Scardovia_inopinata",1
"62229","Lachnoanaerobaculum_saburreum","Scardovia_inopinata",1
"62247","Tannerella_forsythia","Scardovia_inopinata",1
"62254","Leptotrichia_hongkongensis","Scardovia_inopinata",1
"62258","Slackia_exigua","Scardovia_inopinata",1
"62270","Howardella_ureilytica","Scardovia_inopinata",1
"62275","Parascardovia_denticolens","Scardovia_inopinata",1
"62283","Lactobacillus_mucosae","Scardovia_inopinata",1
"62287","Prevotella_oralis","Scardovia_inopinata",1
"62302","Shuttleworthia_satelles","Scardovia_inopinata",1
"62307","Treponema_socranskii","Scardovia_inopinata",1
"62310","Selenomonas_flueggei","Scardovia_inopinata",1
"62312","Lactobacillus_reuteri","Scardovia_inopinata",1
"62314","Mycoplasma_salivarium","Scardovia_inopinata",1
"62321","Leptotrichia_shahii","Scardovia_inopinata",1
"62322","Capnocytophaga_ochracea","Scardovia_inopinata",1
"62329","Selenomonas_sputigena","Scardovia_inopinata",1
"62336","Actinomyces_georgiae","Scardovia_inopinata",1
"62341","Lactobacillus_salivarius","Scardovia_inopinata",1
"62342","Lactobacillus_crispatus","Scardovia_inopinata",1
"62362","Prevotella_corporis","Scardovia_inopinata",1
"62367","Lactobacillus_fermentum","Scardovia_inopinata",1
"62378","Cryptobacterium_curtum","Scardovia_inopinata",1
"62389","Campylobacter_gracilis","Scardovia_inopinata",1
"62391","Phocaeicola_abscessus","Scardovia_inopinata",1
"62395","Streptococcus_constellatus","Scardovia_inopinata",1
"62396","Prevotella_nigrescens","Scardovia_inopinata",1
"62397","Corynebacterium_matruchotii","Scardovia_inopinata",1
"62401","Scardovia_wiggsiae","Scardovia_inopinata",1
"62402","Fusobacterium_nucleatum","Scardovia_inopinata",1
"62411","Prevotella_buccae","Scardovia_inopinata",1
"62420","Streptococcus_mutans","Scardovia_inopinata",1
"62426","Streptococcus_anginosus","Scardovia_inopinata",1
"62429","Leptotrichia_wadei","Scardovia_inopinata",1
"62432","Prevotella_oris","Scardovia_inopinata",1
"62438","Eubacterium_infirmum","Scardovia_inopinata",1
"62445","Veillonella_denticariosi","Scardovia_inopinata",1
"62450","Fretibacterium_fastidiosum","Scardovia_inopinata",1
"62452","Olsenella_profusa","Scardovia_inopinata",1
"62468","Actinomyces_israelii","Scardovia_inopinata",1
"62469","Actinomyces_naeslundii","Scardovia_inopinata",1
"62478","Prevotella_oulorum","Scardovia_inopinata",1
"62480","Atopobium_rimae","Scardovia_inopinata",1
"62489","Eubacterium_saphenum","Selenomonas_dianae",1
"62490","Leptotrichia_buccalis","Selenomonas_dianae",1
"62493","Bradyrhizobium_elkanii","Selenomonas_dianae",1
"62496","Prevotella_baroniae","Selenomonas_dianae",1
"62497","Capnocytophaga_leadbetteri","Selenomonas_dianae",1
"62499","Treponema_denticola","Selenomonas_dianae",1
"62501","Porphyromonas_endodontalis","Selenomonas_dianae",1
"62505","Prevotella_denticola","Selenomonas_dianae",1
"62511","Dialister_invisus","Selenomonas_dianae",1
"62516","Moraxella_lacunata","Selenomonas_dianae",1
"62523","Actinomyces_meyeri","Selenomonas_dianae",1
"62524","Bergeyella_zoohelcum","Selenomonas_dianae",1
"62529","Eubacterium_nodatum","Selenomonas_dianae",1
"62531","Ornatilinea_apprima","Selenomonas_dianae",1
"62532","Neisseria_pharyngis","Selenomonas_dianae",1
"62533","Anaeroglobus_geminatus","Selenomonas_dianae",1
"62536","Prevotella_veroralis","Selenomonas_dianae",1
"62537","Dialister_propionicifaciens","Selenomonas_dianae",1
"62540","Mycoplasma_hyosynoviae","Selenomonas_dianae",1
"62543","Prevotella_dentalis","Selenomonas_dianae",1
"62546","Peptococcus_niger","Selenomonas_dianae",1
"62547","Acinetobacter_baumannii","Selenomonas_dianae",1
"62549","Treponema_pedis","Selenomonas_dianae",1
"62550","Campylobacter_curvus","Selenomonas_dianae",1
"62552","Mycoplasma_feliminutum","Selenomonas_dianae",1
"62555","Actinomyces_hyovaginalis","Selenomonas_dianae",1
"62556","Prevotella_marshii","Selenomonas_dianae",1
"62561","Actinomyces_gerencseriae","Selenomonas_dianae",1
"62564","Selenomonas_noxia","Selenomonas_dianae",1
"62566","Gemmatimonas_aurantiaca","Selenomonas_dianae",1
"62568","Porphyromonas_gingivalis","Selenomonas_dianae",1
"62576","Bacteroides_intestinalis","Selenomonas_dianae",1
"62577","Filifactor_alocis","Selenomonas_dianae",1
"62579","Odoribacter_denticanis","Selenomonas_dianae",1
"62580","Bacteroides_heparinolyticus","Selenomonas_dianae",1
"62582","Lachnoanaerobaculum_saburreum","Selenomonas_dianae",1
"62583","Acinetobacter_lwoffii","Selenomonas_dianae",1
"62584","Brachymonas_denitrificans","Selenomonas_dianae",1
"62585","Prevotella_paludivivens","Selenomonas_dianae",1
"62587","Leptotrichia_hofstadii","Selenomonas_dianae",1
"62588","Bacteroides_zoogleoformans","Selenomonas_dianae",1
"62589","Natranaerovirga_hydrolytica","Selenomonas_dianae",1
"62590","Mogibacterium_neglectum","Selenomonas_dianae",1
"62593","Streptococcus_sanguinis","Selenomonas_dianae",1
"62596","Eubacterium_minutum","Selenomonas_dianae",1
"62597","Sporanaerobacter_acetigenes","Selenomonas_dianae",1
"62598","Desulfomicrobium_orale","Selenomonas_dianae",1
"62599","Campylobacter_showae","Selenomonas_dianae",1
"62600","Tannerella_forsythia","Selenomonas_dianae",1
"62602","Capnocytophaga_granulosa","Selenomonas_dianae",1
"62603","Neisseria_oralis","Selenomonas_dianae",1
"62606","Soonwooa_buanensis","Selenomonas_dianae",1
"62607","Leptotrichia_hongkongensis","Selenomonas_dianae",1
"62612","Actinomyces_viscosus","Selenomonas_dianae",1
"62614","Desulfovibrio_fairfieldensis","Selenomonas_dianae",1
"62615","Prevotella_multisaccharivorax","Selenomonas_dianae",1
"62616","Streptococcus_sinensis","Selenomonas_dianae",1
"62618","Desulfobulbus_propionicus","Selenomonas_dianae",1
"62619","Cardiobacterium_valvarum","Selenomonas_dianae",1
"62623","Howardella_ureilytica","Selenomonas_dianae",1
"62628","Parascardovia_denticolens","Selenomonas_dianae",1
"62632","Selenomonas_ruminantium","Selenomonas_dianae",1
"62636","Lactobacillus_mucosae","Selenomonas_dianae",1
"62640","Prevotella_oralis","Selenomonas_dianae",1
"62642","Alloprevotella_rava","Selenomonas_dianae",1
"62650","Pasteurella_pneumotropica","Selenomonas_dianae",1
"62653","Wolinella_succinogenes","Selenomonas_dianae",1
"62655","Shuttleworthia_satelles","Selenomonas_dianae",1
"62660","Treponema_socranskii","Selenomonas_dianae",1
"62661","Pyramidobacter_piscolens","Selenomonas_dianae",1
"62662","Dialister_pneumosintes","Selenomonas_dianae",1
"62664","Peptostreptococcus_stomatis","Selenomonas_dianae",1
"62670","Actinomyces_oricola","Selenomonas_dianae",1
"62671","Barnesiella_viscericola","Selenomonas_dianae",1
"62673","Leptotrichia_amnionii","Selenomonas_dianae",1
"62674","Leptotrichia_shahii","Selenomonas_dianae",1
"62675","Capnocytophaga_ochracea","Selenomonas_dianae",1
"62678","Conchiformibius_steedae","Selenomonas_dianae",1
"62679","Prevotella_intermedia","Selenomonas_dianae",1
"62680","Porphyromonas_uenonis","Selenomonas_dianae",1
"62682","Selenomonas_sputigena","Selenomonas_dianae",1
"62685","Bulleidia_extructa","Selenomonas_dianae",1
"62687","Alloprevotella_tannerae","Selenomonas_dianae",1
"62688","Alkaliphilus_crotonatoxidans","Selenomonas_dianae",1
"62696","Prevotella_maculosa","Selenomonas_dianae",1
"62698","Moraxella_bovoculi","Selenomonas_dianae",1
"62701","Clostridium_aminobutyricum","Selenomonas_dianae",1
"62702","Porphyromonas_gulae","Selenomonas_dianae",1
"62703","Saccharofermentans_acetigenes","Selenomonas_dianae",1
"62705","Actinomyces_cardiffensis","Selenomonas_dianae",1
"62706","Rhodococcus_erythropolis","Selenomonas_dianae",1
"62712","Mycoplasma_orale","Selenomonas_dianae",1
"62713","Treponema_medium","Selenomonas_dianae",1
"62714","Selenomonas_infelix","Selenomonas_dianae",1
"62715","Prevotella_corporis","Selenomonas_dianae",1
"62716","Leptotrichia_goodfellowii","Selenomonas_dianae",1
"62717","Selenomonas_bovis","Selenomonas_dianae",1
"62721","Neisseria_elongata","Selenomonas_dianae",1
"62724","Eggerthia_catenaformis","Selenomonas_dianae",1
"62725","Clostridium_ultunense","Selenomonas_dianae",1
"62731","Cryptobacterium_curtum","Selenomonas_dianae",1
"62734","Sediminibacterium_salmoneum","Selenomonas_dianae",1
"62736","Gemella_morbillorum","Selenomonas_dianae",1
"62742","Campylobacter_gracilis","Selenomonas_dianae",1
"62746","Campylobacter_rectus","Selenomonas_dianae",1
"62748","Streptococcus_constellatus","Selenomonas_dianae",1
"62749","Prevotella_nigrescens","Selenomonas_dianae",1
"62750","Corynebacterium_matruchotii","Selenomonas_dianae",1
"62751","Eikenella_corrodens","Selenomonas_dianae",1
"62752","Parvimonas_micra","Selenomonas_dianae",1
"62755","Fusobacterium_nucleatum","Selenomonas_dianae",1
"62756","Prevotella_saccharolytica","Selenomonas_dianae",1
"62757","Catonella_morbi","Selenomonas_dianae",1
"62758","Moraxella_boevrei","Selenomonas_dianae",1
"62761","Actinomyces_massiliensis","Selenomonas_dianae",1
"62764","Prevotella_buccae","Selenomonas_dianae",1
"62771","Pseudoramibacter_alactolyticus","Selenomonas_dianae",1
"62772","Mogibacterium_timidum","Selenomonas_dianae",1
"62777","Treponema_pectinovorum","Selenomonas_dianae",1
"62779","Streptococcus_anginosus","Selenomonas_dianae",1
"62780","Leptotrichia_trevisanii","Selenomonas_dianae",1
"62781","Treponema_putidum","Selenomonas_dianae",1
"62782","Leptotrichia_wadei","Selenomonas_dianae",1
"62785","Prevotella_oris","Selenomonas_dianae",1
"62788","Fusobacterium_canifelinum","Selenomonas_dianae",1
"62789","Aggregatibacter_aphrophilus","Selenomonas_dianae",1
"62791","Eubacterium_infirmum","Selenomonas_dianae",1
"62796","Treponema_succinifaciens","Selenomonas_dianae",1
"62802","Cardiobacterium_hominis","Selenomonas_dianae",1
"62803","Fretibacterium_fastidiosum","Selenomonas_dianae",1
"62805","Olsenella_profusa","Selenomonas_dianae",1
"62808","Prevotella_albensis","Selenomonas_dianae",1
"62809","Selenomonas_artemidis","Selenomonas_dianae",1
"62812","Aggregatibacter_segnis","Selenomonas_dianae",1
"62816","Ruminofilibacter_xylanolyticum","Selenomonas_dianae",1
"62819","Neisseria_canis","Selenomonas_dianae",1
"62821","Actinomyces_israelii","Selenomonas_dianae",1
"62822","Actinomyces_naeslundii","Selenomonas_dianae",1
"62824","Lactobacillus_oris","Selenomonas_dianae",1
"62827","Prevotella_loescheii","Selenomonas_dianae",1
"62829","Paludibacter_propionicigenes","Selenomonas_dianae",1
"62831","Prevotella_oulorum","Selenomonas_dianae",1
"62833","Atopobium_rimae","Selenomonas_dianae",1
"62837","Rothia_aeria","Streptococcus_pseudopneumoniae",1
"62892","Rothia_dentocariosa","Streptococcus_pseudopneumoniae",1
"63137","Streptococcus_mitis","Streptococcus_pseudopneumoniae",1
"63199","Leptotrichia_buccalis","Treponema_maltophilum",1
"63202","Bradyrhizobium_elkanii","Treponema_maltophilum",1
"63206","Capnocytophaga_leadbetteri","Treponema_maltophilum",1
"63209","Eubacterium_brachy","Treponema_maltophilum",1
"63210","Porphyromonas_endodontalis","Treponema_maltophilum",1
"63211","Eubacterium_yurii","Treponema_maltophilum",1
"63214","Prevotella_denticola","Treponema_maltophilum",1
"63218","Actinomyces_oris","Treponema_maltophilum",1
"63220","Dialister_invisus","Treponema_maltophilum",1
"63222","Prevotella_enoeca","Treponema_maltophilum",1
"63233","Bergeyella_zoohelcum","Treponema_maltophilum",1
"63236","Actinobaculum_massiliense","Treponema_maltophilum",1
"63237","Mannheimia_granulomatis","Treponema_maltophilum",1
"63240","Ornatilinea_apprima","Treponema_maltophilum",1
"63242","Anaeroglobus_geminatus","Treponema_maltophilum",1
"63248","Mycoplasma_faucium","Treponema_maltophilum",1
"63249","Mycoplasma_hyosynoviae","Treponema_maltophilum",1
"63252","Prevotella_dentalis","Treponema_maltophilum",1
"63255","Peptococcus_niger","Treponema_maltophilum",1
"63259","Campylobacter_curvus","Treponema_maltophilum",1
"63261","Mycoplasma_feliminutum","Treponema_maltophilum",1
"63265","Prevotella_marshii","Treponema_maltophilum",1
"63267","Lautropia_mirabilis","Treponema_maltophilum",1
"63270","Actinomyces_gerencseriae","Treponema_maltophilum",1
"63273","Selenomonas_noxia","Treponema_maltophilum",1
"63274","Bifidobacterium_dentium","Treponema_maltophilum",1
"63284","Treponema_bryantii","Treponema_maltophilum",1
"63286","Filifactor_alocis","Treponema_maltophilum",1
"63288","Odoribacter_denticanis","Treponema_maltophilum",1
"63291","Lachnoanaerobaculum_saburreum","Treponema_maltophilum",1
"63292","Acinetobacter_lwoffii","Treponema_maltophilum",1
"63293","Brachymonas_denitrificans","Treponema_maltophilum",1
"63294","Prevotella_paludivivens","Treponema_maltophilum",1
"63296","Leptotrichia_hofstadii","Treponema_maltophilum",1
"63297","Bacteroides_zoogleoformans","Treponema_maltophilum",1
"63298","Natranaerovirga_hydrolytica","Treponema_maltophilum",1
"63303","Eubacterium_rectale","Treponema_maltophilum",1
"63306","Sporanaerobacter_acetigenes","Treponema_maltophilum",1
"63307","Desulfomicrobium_orale","Treponema_maltophilum",1
"63309","Tannerella_forsythia","Treponema_maltophilum",1
"63311","Capnocytophaga_granulosa","Treponema_maltophilum",1
"63312","Neisseria_oralis","Treponema_maltophilum",1
"63315","Soonwooa_buanensis","Treponema_maltophilum",1
"63316","Leptotrichia_hongkongensis","Treponema_maltophilum",1
"63320","Slackia_exigua","Treponema_maltophilum",1
"63324","Prevotella_multisaccharivorax","Treponema_maltophilum",1
"63327","Desulfobulbus_propionicus","Treponema_maltophilum",1
"63328","Cardiobacterium_valvarum","Treponema_maltophilum",1
"63329","Corynebacterium_tuberculostearicum","Treponema_maltophilum",1
"63330","Prevotella_pleuritidis","Treponema_maltophilum",1
"63332","Howardella_ureilytica","Treponema_maltophilum",1
"63338","Prevotella_falsenii","Treponema_maltophilum",1
"63339","Streptobacillus_moniliformis","Treponema_maltophilum",1
"63344","Desulfobulbus_rhabdoformis","Treponema_maltophilum",1
"63357","Anaerovorax_odorimutans","Treponema_maltophilum",1
"63359","Pasteurella_pneumotropica","Treponema_maltophilum",1
"63362","Wolinella_succinogenes","Treponema_maltophilum",1
"63364","Shuttleworthia_satelles","Treponema_maltophilum",1
"63365","Treponema_lecithinolyticum","Treponema_maltophilum",1
"63369","Treponema_socranskii","Treponema_maltophilum",1
"63371","Dialister_pneumosintes","Treponema_maltophilum",1
"63372","Selenomonas_flueggei","Treponema_maltophilum",1
"63373","Peptostreptococcus_stomatis","Treponema_maltophilum",1
"63376","Mycoplasma_salivarium","Treponema_maltophilum",1
"63379","Actinomyces_oricola","Treponema_maltophilum",1
"63380","Barnesiella_viscericola","Treponema_maltophilum",1
"63382","Leptotrichia_amnionii","Treponema_maltophilum",1
"63383","Leptotrichia_shahii","Treponema_maltophilum",1
"63384","Capnocytophaga_ochracea","Treponema_maltophilum",1
"63387","Conchiformibius_steedae","Treponema_maltophilum",1
"63388","Prevotella_intermedia","Treponema_maltophilum",1
"63391","Selenomonas_sputigena","Treponema_maltophilum",1
"63394","Bulleidia_extructa","Treponema_maltophilum",1
"63396","Alloprevotella_tannerae","Treponema_maltophilum",1
"63397","Alkaliphilus_crotonatoxidans","Treponema_maltophilum",1
"63398","Actinomyces_georgiae","Treponema_maltophilum",1
"63405","Prevotella_maculosa","Treponema_maltophilum",1
"63410","Clostridium_aminobutyricum","Treponema_maltophilum",1
"63412","Saccharofermentans_acetigenes","Treponema_maltophilum",1
"63414","Actinomyces_cardiffensis","Treponema_maltophilum",1
"63416","Capnocytophaga_sputigena","Treponema_maltophilum",1
"63417","Propionibacterium_acnes","Treponema_maltophilum",1
"63421","Mycoplasma_orale","Treponema_maltophilum",1
"63424","Prevotella_corporis","Treponema_maltophilum",1
"63426","Selenomonas_bovis","Treponema_maltophilum",1
"63433","Eggerthia_catenaformis","Treponema_maltophilum",1
"63434","Clostridium_ultunense","Treponema_maltophilum",1
"63438","Prevotella_melaninogenica","Treponema_maltophilum",-1
"63440","Cryptobacterium_curtum","Treponema_maltophilum",1
"63445","Gemella_morbillorum","Treponema_maltophilum",1
"63449","Intestinimonas_butyriciproducens","Treponema_maltophilum",1
"63451","Campylobacter_gracilis","Treponema_maltophilum",1
"63453","Phocaeicola_abscessus","Treponema_maltophilum",1
"63455","Campylobacter_rectus","Treponema_maltophilum",1
"63456","Corynebacterium_kroppenstedtii","Treponema_maltophilum",1
"63457","Streptococcus_constellatus","Treponema_maltophilum",1
"63458","Prevotella_nigrescens","Treponema_maltophilum",1
"63459","Corynebacterium_matruchotii","Treponema_maltophilum",1
"63460","Eikenella_corrodens","Treponema_maltophilum",1
"63461","Parvimonas_micra","Treponema_maltophilum",1
"63463","Scardovia_wiggsiae","Treponema_maltophilum",1
"63464","Fusobacterium_nucleatum","Treponema_maltophilum",1
"63465","Prevotella_saccharolytica","Treponema_maltophilum",1
"63466","Catonella_morbi","Treponema_maltophilum",1
"63467","Moraxella_boevrei","Treponema_maltophilum",1
"63473","Prevotella_buccae","Treponema_maltophilum",1
"63474","Fusobacterium_russii","Treponema_maltophilum",1
"63485","Porphyromonas_asaccharolytica","Treponema_maltophilum",1
"63486","Treponema_pectinovorum","Treponema_maltophilum",1
"63488","Streptococcus_anginosus","Treponema_maltophilum",1
"63489","Leptotrichia_trevisanii","Treponema_maltophilum",1
"63490","Treponema_putidum","Treponema_maltophilum",1
"63494","Prevotella_oris","Treponema_maltophilum",1
"63495","Chryseobacterium_piscicola","Treponema_maltophilum",1
"63497","Fusobacterium_canifelinum","Treponema_maltophilum",1
"63498","Aggregatibacter_aphrophilus","Treponema_maltophilum",1
"63500","Eubacterium_infirmum","Treponema_maltophilum",1
"63511","Cardiobacterium_hominis","Treponema_maltophilum",1
"63512","Fretibacterium_fastidiosum","Treponema_maltophilum",1
"63517","Prevotella_albensis","Treponema_maltophilum",1
"63521","Aggregatibacter_segnis","Treponema_maltophilum",1
"63525","Ruminofilibacter_xylanolyticum","Treponema_maltophilum",1
"63527","Prevotella_multiformis","Treponema_maltophilum",1
"63528","Neisseria_canis","Treponema_maltophilum",1
"63533","Lactobacillus_oris","Treponema_maltophilum",1
"63536","Prevotella_loescheii","Treponema_maltophilum",1
"63538","Paludibacter_propionicigenes","Treponema_maltophilum",1
"63540","Prevotella_oulorum","Treponema_maltophilum",1
"63542","Atopobium_rimae","Treponema_maltophilum",1
"63545","Selenomonas_dianae","Treponema_maltophilum",1
"63552","Veillonella_dispar","Treponema_vincentii",-1
"63555","Leptotrichia_buccalis","Treponema_vincentii",1
"63561","Prevotella_baroniae","Treponema_vincentii",1
"63562","Capnocytophaga_leadbetteri","Treponema_vincentii",1
"63564","Treponema_denticola","Treponema_vincentii",1
"63566","Porphyromonas_endodontalis","Treponema_vincentii",1
"63567","Eubacterium_yurii","Treponema_vincentii",1
"63568","Prevotella_shahii","Treponema_vincentii",1
"63570","Prevotella_denticola","Treponema_vincentii",1
"63573","Prevotella_scopos","Treponema_vincentii",1
"63576","Dialister_invisus","Treponema_vincentii",1
"63578","Prevotella_enoeca","Treponema_vincentii",1
"63581","Moraxella_lacunata","Treponema_vincentii",1
"63584","Orientia_tsutsugamushi","Treponema_vincentii",1
"63589","Bergeyella_zoohelcum","Treponema_vincentii",1
"63593","Mannheimia_granulomatis","Treponema_vincentii",1
"63595","Planobacterium_taklimakanense","Treponema_vincentii",1
"63596","Ornatilinea_apprima","Treponema_vincentii",1
"63604","Mycoplasma_faucium","Treponema_vincentii",1
"63605","Mycoplasma_hyosynoviae","Treponema_vincentii",1
"63608","Prevotella_dentalis","Treponema_vincentii",1
"63611","Peptococcus_niger","Treponema_vincentii",1
"63614","Treponema_pedis","Treponema_vincentii",1
"63615","Campylobacter_curvus","Treponema_vincentii",1
"63617","Mycoplasma_feliminutum","Treponema_vincentii",1
"63620","Actinomyces_hyovaginalis","Treponema_vincentii",1
"63622","Treponema_parvum","Treponema_vincentii",1
"63629","Selenomonas_noxia","Treponema_vincentii",1
"63633","Porphyromonas_gingivalis","Treponema_vincentii",1
"63638","Prevotella_amnii","Treponema_vincentii",1
"63640","Treponema_bryantii","Treponema_vincentii",1
"63641","Bacteroides_intestinalis","Treponema_vincentii",1
"63642","Filifactor_alocis","Treponema_vincentii",1
"63644","Odoribacter_denticanis","Treponema_vincentii",1
"63647","Lachnoanaerobaculum_saburreum","Treponema_vincentii",1
"63650","Prevotella_paludivivens","Treponema_vincentii",1
"63652","Leptotrichia_hofstadii","Treponema_vincentii",1
"63653","Bacteroides_zoogleoformans","Treponema_vincentii",1
"63654","Natranaerovirga_hydrolytica","Treponema_vincentii",1
"63660","Fusobacterium_periodonticum","Treponema_vincentii",1
"63662","Sporanaerobacter_acetigenes","Treponema_vincentii",1
"63663","Desulfomicrobium_orale","Treponema_vincentii",1
"63664","Campylobacter_showae","Treponema_vincentii",1
"63665","Tannerella_forsythia","Treponema_vincentii",1
"63666","Kingella_potus","Treponema_vincentii",1
"63667","Capnocytophaga_granulosa","Treponema_vincentii",1
"63668","Neisseria_oralis","Treponema_vincentii",1
"63679","Desulfovibrio_fairfieldensis","Treponema_vincentii",1
"63683","Desulfobulbus_propionicus","Treponema_vincentii",1
"63684","Cardiobacterium_valvarum","Treponema_vincentii",1
"63686","Prevotella_pleuritidis","Treponema_vincentii",1
"63688","Howardella_ureilytica","Treponema_vincentii",1
"63689","Snodgrassella_alvi","Treponema_vincentii",1
"63694","Prevotella_falsenii","Treponema_vincentii",1
"63700","Desulfobulbus_rhabdoformis","Treponema_vincentii",1
"63702","Streptococcus_parasanguinis","Treponema_vincentii",-1
"63707","Alloprevotella_rava","Treponema_vincentii",1
"63713","Anaerovorax_odorimutans","Treponema_vincentii",1
"63715","Pasteurella_pneumotropica","Treponema_vincentii",1
"63718","Wolinella_succinogenes","Treponema_vincentii",1
"63720","Shuttleworthia_satelles","Treponema_vincentii",1
"63721","Treponema_lecithinolyticum","Treponema_vincentii",1
"63725","Treponema_socranskii","Treponema_vincentii",1
"63726","Pyramidobacter_piscolens","Treponema_vincentii",1
"63727","Dialister_pneumosintes","Treponema_vincentii",1
"63729","Peptostreptococcus_stomatis","Treponema_vincentii",1
"63732","Mycoplasma_salivarium","Treponema_vincentii",1
"63733","Mobiluncus_curtisii","Treponema_vincentii",1
"63735","Actinomyces_oricola","Treponema_vincentii",1
"63736","Barnesiella_viscericola","Treponema_vincentii",1
"63737","Prevotella_aurantiaca","Treponema_vincentii",1
"63738","Leptotrichia_amnionii","Treponema_vincentii",1
"63739","Leptotrichia_shahii","Treponema_vincentii",1
"63740","Capnocytophaga_ochracea","Treponema_vincentii",1
"63744","Prevotella_intermedia","Treponema_vincentii",1
"63745","Porphyromonas_uenonis","Treponema_vincentii",1
"63747","Selenomonas_sputigena","Treponema_vincentii",1
"63752","Alloprevotella_tannerae","Treponema_vincentii",1
"63753","Alkaliphilus_crotonatoxidans","Treponema_vincentii",1
"63761","Prevotella_maculosa","Treponema_vincentii",1
"63762","Haemophilus_influenzae","Treponema_vincentii",1
"63763","Moraxella_bovoculi","Treponema_vincentii",1
"63766","Clostridium_aminobutyricum","Treponema_vincentii",1
"63767","Porphyromonas_gulae","Treponema_vincentii",1
"63772","Capnocytophaga_sputigena","Treponema_vincentii",1
"63778","Treponema_medium","Treponema_vincentii",1
"63779","Selenomonas_infelix","Treponema_vincentii",1
"63780","Prevotella_corporis","Treponema_vincentii",1
"63786","Neisseria_elongata","Treponema_vincentii",1
"63790","Clostridium_ultunense","Treponema_vincentii",1
"63791","Granulicatella_elegans","Treponema_vincentii",1
"63801","Gemella_morbillorum","Treponema_vincentii",1
"63804","Veillonella_atypica","Treponema_vincentii",-1
"63806","Actinomyces_timonensis","Treponema_vincentii",1
"63807","Campylobacter_gracilis","Treponema_vincentii",1
"63809","Phocaeicola_abscessus","Treponema_vincentii",1
"63813","Streptococcus_constellatus","Treponema_vincentii",1
"63814","Prevotella_nigrescens","Treponema_vincentii",1
"63815","Corynebacterium_matruchotii","Treponema_vincentii",1
"63816","Eikenella_corrodens","Treponema_vincentii",1
"63817","Parvimonas_micra","Treponema_vincentii",1
"63820","Fusobacterium_nucleatum","Treponema_vincentii",1
"63821","Prevotella_saccharolytica","Treponema_vincentii",1
"63822","Catonella_morbi","Treponema_vincentii",1
"63823","Moraxella_boevrei","Treponema_vincentii",1
"63829","Prevotella_buccae","Treponema_vincentii",1
"63830","Fusobacterium_russii","Treponema_vincentii",1
"63836","Pseudoramibacter_alactolyticus","Treponema_vincentii",1
"63840","Propionibacterium_propionicum","Treponema_vincentii",1
"63841","Porphyromonas_asaccharolytica","Treponema_vincentii",1
"63842","Treponema_pectinovorum","Treponema_vincentii",1
"63844","Streptococcus_anginosus","Treponema_vincentii",1
"63845","Leptotrichia_trevisanii","Treponema_vincentii",1
"63846","Treponema_putidum","Treponema_vincentii",1
"63847","Leptotrichia_wadei","Treponema_vincentii",1
"63850","Prevotella_oris","Treponema_vincentii",1
"63853","Fusobacterium_canifelinum","Treponema_vincentii",1
"63854","Aggregatibacter_aphrophilus","Treponema_vincentii",1
"63855","Lachnoanaerobaculum_umeaense","Treponema_vincentii",1
"63856","Eubacterium_infirmum","Treponema_vincentii",1
"63857","Neisseria_mucosa","Treponema_vincentii",1
"63860","Prevotella_micans","Treponema_vincentii",1
"63861","Treponema_succinifaciens","Treponema_vincentii",1
"63862","Kingella_denitrificans","Treponema_vincentii",1
"63868","Fretibacterium_fastidiosum","Treponema_vincentii",1
"63870","Olsenella_profusa","Treponema_vincentii",1
"63873","Prevotella_albensis","Treponema_vincentii",1
"63877","Aggregatibacter_segnis","Treponema_vincentii",1
"63881","Ruminofilibacter_xylanolyticum","Treponema_vincentii",1
"63883","Prevotella_multiformis","Treponema_vincentii",1
"63884","Neisseria_canis","Treponema_vincentii",1
"63886","Actinomyces_israelii","Treponema_vincentii",1
"63891","Capnocytophaga_gingivalis","Treponema_vincentii",1
"63892","Prevotella_loescheii","Treponema_vincentii",1
"63894","Paludibacter_propionicigenes","Treponema_vincentii",1
"63896","Prevotella_oulorum","Treponema_vincentii",1
"63898","Atopobium_rimae","Treponema_vincentii",1
"63901","Selenomonas_dianae","Treponema_vincentii",1
"63907","Butyrivibrio_hungatei","Butyrivibrio_proteoclasticus",1
"63909","Veillonella_dispar","Butyrivibrio_proteoclasticus",1
"63912","Leptotrichia_buccalis","Butyrivibrio_proteoclasticus",1
"63914","Actinomyces_odontolyticus","Butyrivibrio_proteoclasticus",1
"63920","Prevotella_pallens","Butyrivibrio_proteoclasticus",1
"63933","Dialister_invisus","Butyrivibrio_proteoclasticus",1
"63939","Lachnoanaerobaculum_orale","Butyrivibrio_proteoclasticus",1
"63941","Orientia_tsutsugamushi","Butyrivibrio_proteoclasticus",1
"63943","Propionigenium_maris","Butyrivibrio_proteoclasticus",1
"63945","Actinomyces_meyeri","Butyrivibrio_proteoclasticus",1
"63948","Prevotella_salivae","Butyrivibrio_proteoclasticus",1
"63949","Actinobaculum_massiliense","Butyrivibrio_proteoclasticus",1
"63951","Eubacterium_nodatum","Butyrivibrio_proteoclasticus",1
"63956","Olsenella_uli","Butyrivibrio_proteoclasticus",1
"63959","Dialister_propionicifaciens","Butyrivibrio_proteoclasticus",1
"63970","Treponema_refringens","Butyrivibrio_proteoclasticus",1
"63976","Schwartzia_succinivorans","Butyrivibrio_proteoclasticus",1
"63990","Porphyromonas_gingivalis","Butyrivibrio_proteoclasticus",1
"63999","Filifactor_alocis","Butyrivibrio_proteoclasticus",1
"64006","Brachymonas_denitrificans","Butyrivibrio_proteoclasticus",1
"64013","Campylobacter_mucosalis","Butyrivibrio_proteoclasticus",1
"64022","Tannerella_forsythia","Butyrivibrio_proteoclasticus",1
"64033","Slackia_exigua","Butyrivibrio_proteoclasticus",1
"64043","Prevotella_pleuritidis","Butyrivibrio_proteoclasticus",1
"64055","Eubacterium_sulci","Butyrivibrio_proteoclasticus",1
"64059","Streptococcus_parasanguinis","Butyrivibrio_proteoclasticus",1
"64063","Actinomyces_graevenitzii","Butyrivibrio_proteoclasticus",1
"64068","Atopobium_parvulum","Butyrivibrio_proteoclasticus",1
"64070","Anaerovorax_odorimutans","Butyrivibrio_proteoclasticus",1
"64072","Pasteurella_pneumotropica","Butyrivibrio_proteoclasticus",1
"64084","Dialister_pneumosintes","Butyrivibrio_proteoclasticus",1
"64085","Selenomonas_flueggei","Butyrivibrio_proteoclasticus",1
"64086","Peptostreptococcus_stomatis","Butyrivibrio_proteoclasticus",1
"64088","Butyrivibrio_fibrisolvens","Butyrivibrio_proteoclasticus",1
"64090","Mobiluncus_curtisii","Butyrivibrio_proteoclasticus",1
"64096","Leptotrichia_shahii","Butyrivibrio_proteoclasticus",1
"64103","Prevotella_fusca","Butyrivibrio_proteoclasticus",1
"64114","Actinomyces_lingnae","Butyrivibrio_proteoclasticus",1
"64127","Actinomyces_cardiffensis","Butyrivibrio_proteoclasticus",1
"64131","Mobiluncus_mulieris","Butyrivibrio_proteoclasticus",1
"64138","Leptotrichia_goodfellowii","Butyrivibrio_proteoclasticus",1
"64139","Selenomonas_bovis","Butyrivibrio_proteoclasticus",1
"64144","Oribacterium_sinus","Butyrivibrio_proteoclasticus",1
"64146","Eggerthia_catenaformis","Butyrivibrio_proteoclasticus",1
"64150","Campylobacter_concisus","Butyrivibrio_proteoclasticus",1
"64151","Prevotella_melaninogenica","Butyrivibrio_proteoclasticus",1
"64152","Megasphaera_micronuciformis","Butyrivibrio_proteoclasticus",1
"64153","Cryptobacterium_curtum","Butyrivibrio_proteoclasticus",1
"64161","Veillonella_atypica","Butyrivibrio_proteoclasticus",1
"64164","Campylobacter_gracilis","Butyrivibrio_proteoclasticus",1
"64170","Streptococcus_constellatus","Butyrivibrio_proteoclasticus",1
"64179","Catonella_morbi","Butyrivibrio_proteoclasticus",1
"64189","Alloscardovia_omnicolens","Butyrivibrio_proteoclasticus",1
"64194","Mogibacterium_timidum","Butyrivibrio_proteoclasticus",1
"64196","Streptococcus_thermophilus","Butyrivibrio_proteoclasticus",1
"64204","Leptotrichia_wadei","Butyrivibrio_proteoclasticus",1
"64212","Lachnoanaerobaculum_umeaense","Butyrivibrio_proteoclasticus",1
"64233","Prevotella_histicola","Butyrivibrio_proteoclasticus",1
"64242","Centipeda_periodontii","Butyrivibrio_proteoclasticus",1
"64258","Selenomonas_dianae","Butyrivibrio_proteoclasticus",1
"64260","Treponema_maltophilum","Butyrivibrio_proteoclasticus",1
"64263","Rothia_aeria","Haemophilus_haemolyticus",1
"64272","Actinomyces_odontolyticus","Haemophilus_haemolyticus",-1
"64273","Bradyrhizobium_elkanii","Haemophilus_haemolyticus",1
"64274","Neisseria_cinerea","Haemophilus_haemolyticus",1
"64275","Neisseria_sicca","Haemophilus_haemolyticus",1
"64277","Capnocytophaga_leadbetteri","Haemophilus_haemolyticus",1
"64281","Porphyromonas_endodontalis","Haemophilus_haemolyticus",1
"64282","Eubacterium_yurii","Haemophilus_haemolyticus",1
"64286","Actinobacillus_minor","Haemophilus_haemolyticus",1
"64287","Haemophilus_haemoglobinophilus","Haemophilus_haemolyticus",1
"64296","Moraxella_lacunata","Haemophilus_haemolyticus",1
"64304","Bergeyella_zoohelcum","Haemophilus_haemolyticus",1
"64310","Planobacterium_taklimakanense","Haemophilus_haemolyticus",1
"64312","Neisseria_pharyngis","Haemophilus_haemolyticus",1
"64321","Azospira_oryzae","Haemophilus_haemolyticus",1
"64322","Alysiella_crassa","Haemophilus_haemolyticus",1
"64324","Acidithiobacillus_thiooxidans","Haemophilus_haemolyticus",1
"64326","Peptococcus_niger","Haemophilus_haemolyticus",1
"64332","Mycoplasma_feliminutum","Haemophilus_haemolyticus",1
"64333","Streptococcus_pneumoniae","Haemophilus_haemolyticus",1
"64338","Lautropia_mirabilis","Haemophilus_haemolyticus",1
"64340","Actinobacillus_rossii","Haemophilus_haemolyticus",1
"64347","Haemophilus_parainfluenzae","Haemophilus_haemolyticus",1
"64351","Acinetobacter_junii","Haemophilus_haemolyticus",1
"64356","Bacteroides_intestinalis","Haemophilus_haemolyticus",1
"64364","Brachymonas_denitrificans","Haemophilus_haemolyticus",1
"64383","Neisseria_oralis","Haemophilus_haemolyticus",1
"64386","Soonwooa_buanensis","Haemophilus_haemolyticus",1
"64388","Gemella_haemolysans","Haemophilus_haemolyticus",1
"64393","Streptococcus_oralis","Haemophilus_haemolyticus",1
"64397","Gemella_cuniculi","Haemophilus_haemolyticus",1
"64414","Veillonella_ratti","Haemophilus_haemolyticus",1
"64422","Alloprevotella_rava","Haemophilus_haemolyticus",1
"64424","Actinobacillus_porcinus","Haemophilus_haemolyticus",1
"64426","Atopobium_parvulum","Haemophilus_haemolyticus",-1
"64430","Pasteurella_pneumotropica","Haemophilus_haemolyticus",1
"64432","Prevotella_nanceiensis","Haemophilus_haemolyticus",1
"64437","Neisseria_macacae","Haemophilus_haemolyticus",1
"64455","Capnocytophaga_ochracea","Haemophilus_haemolyticus",1
"64466","Haemophilus_parahaemolyticus","Haemophilus_haemolyticus",1
"64467","Alloprevotella_tannerae","Haemophilus_haemolyticus",1
"64477","Haemophilus_influenzae","Haemophilus_haemolyticus",1
"64478","Moraxella_bovoculi","Haemophilus_haemolyticus",1
"64482","Porphyromonas_gulae","Haemophilus_haemolyticus",1
"64483","Saccharofermentans_acetigenes","Haemophilus_haemolyticus",1
"64487","Capnocytophaga_sputigena","Haemophilus_haemolyticus",1
"64493","Treponema_medium","Haemophilus_haemolyticus",1
"64495","Prevotella_corporis","Haemophilus_haemolyticus",1
"64498","Chryseobacterium_kwangjuense","Haemophilus_haemolyticus",1
"64501","Neisseria_elongata","Haemophilus_haemolyticus",1
"64506","Granulicatella_elegans","Haemophilus_haemolyticus",1
"64515","Abiotrophia_defectiva","Haemophilus_haemolyticus",1
"64518","Haemophilus_sputorum","Haemophilus_haemolyticus",1
"64529","Prevotella_nigrescens","Haemophilus_haemolyticus",1
"64531","Eikenella_corrodens","Haemophilus_haemolyticus",1
"64535","Fusobacterium_nucleatum","Haemophilus_haemolyticus",1
"64540","Morococcus_cerebrosus","Haemophilus_haemolyticus",1
"64545","Fusobacterium_russii","Haemophilus_haemolyticus",1
"64546","Neisseria_meningitidis","Haemophilus_haemolyticus",1
"64549","Neisseria_lactamica","Haemophilus_haemolyticus",1
"64558","Neisseria_flavescens","Haemophilus_haemolyticus",1
"64563","Streptococcus_mitis","Haemophilus_haemolyticus",1
"64566","Chryseobacterium_piscicola","Haemophilus_haemolyticus",1
"64567","Porphyromonas_catoniae","Haemophilus_haemolyticus",1
"64568","Fusobacterium_canifelinum","Haemophilus_haemolyticus",1
"64569","Aggregatibacter_aphrophilus","Haemophilus_haemolyticus",1
"64574","Haemophilus_pittmaniae","Haemophilus_haemolyticus",1
"64577","Kingella_denitrificans","Haemophilus_haemolyticus",1
"64579","Corynebacterium_durum","Haemophilus_haemolyticus",1
"64582","Cardiobacterium_hominis","Haemophilus_haemolyticus",1
"64595","Achromobacter_xylosoxidans","Haemophilus_haemolyticus",1
"64599","Neisseria_canis","Haemophilus_haemolyticus",1
"64607","Prevotella_loescheii","Haemophilus_haemolyticus",1
"64617","Streptococcus_pseudopneumoniae","Haemophilus_haemolyticus",1
"64618","Treponema_maltophilum","Haemophilus_haemolyticus",1
"64630","Clostridium_ruminantium","Lactobacillus_iners",1
"64638","Treponema_denticola","Lactobacillus_iners",1
"64671","Neisseria_pharyngis","Lactobacillus_iners",1
"64678","Mycoplasma_faucium","Lactobacillus_iners",1
"64942","Fretibacterium_fastidiosum","Lactobacillus_iners",1
"64982","Rothia_aeria","Johnsonella_ignava",1
"64989","Leptotrichia_buccalis","Johnsonella_ignava",1
"64996","Capnocytophaga_leadbetteri","Johnsonella_ignava",1
"64998","Treponema_denticola","Johnsonella_ignava",1
"64999","Eubacterium_brachy","Johnsonella_ignava",1
"65000","Porphyromonas_endodontalis","Johnsonella_ignava",1
"65001","Eubacterium_yurii","Johnsonella_ignava",1
"65004","Prevotella_denticola","Johnsonella_ignava",1
"65005","Actinobacillus_minor","Johnsonella_ignava",1
"65010","Dialister_invisus","Johnsonella_ignava",1
"65012","Prevotella_enoeca","Johnsonella_ignava",1
"65022","Actinomyces_meyeri","Johnsonella_ignava",1
"65023","Bergeyella_zoohelcum","Johnsonella_ignava",1
"65024","Actinomyces_bowdenii","Johnsonella_ignava",1
"65026","Actinobaculum_massiliense","Johnsonella_ignava",1
"65027","Mannheimia_granulomatis","Johnsonella_ignava",1
"65028","Eubacterium_nodatum","Johnsonella_ignava",1
"65030","Ornatilinea_apprima","Johnsonella_ignava",1
"65032","Anaeroglobus_geminatus","Johnsonella_ignava",1
"65033","Olsenella_uli","Johnsonella_ignava",1
"65038","Mycoplasma_faucium","Johnsonella_ignava",1
"65040","Azospira_oryzae","Johnsonella_ignava",1
"65042","Prevotella_dentalis","Johnsonella_ignava",1
"65045","Peptococcus_niger","Johnsonella_ignava",1
"65051","Mycoplasma_feliminutum","Johnsonella_ignava",1
"65052","Streptococcus_pneumoniae","Johnsonella_ignava",1
"65053","Schwartzia_succinivorans","Johnsonella_ignava",1
"65054","Actinomyces_hyovaginalis","Johnsonella_ignava",1
"65057","Lautropia_mirabilis","Johnsonella_ignava",1
"65060","Actinomyces_gerencseriae","Johnsonella_ignava",1
"65063","Selenomonas_noxia","Johnsonella_ignava",1
"65067","Porphyromonas_gingivalis","Johnsonella_ignava",1
"65074","Treponema_bryantii","Johnsonella_ignava",1
"65075","Bacteroides_intestinalis","Johnsonella_ignava",1
"65076","Filifactor_alocis","Johnsonella_ignava",1
"65081","Lachnoanaerobaculum_saburreum","Johnsonella_ignava",1
"65082","Acinetobacter_lwoffii","Johnsonella_ignava",1
"65083","Brachymonas_denitrificans","Johnsonella_ignava",1
"65086","Leptotrichia_hofstadii","Johnsonella_ignava",1
"65087","Bacteroides_zoogleoformans","Johnsonella_ignava",1
"65092","Streptococcus_sanguinis","Johnsonella_ignava",1
"65095","Eubacterium_minutum","Johnsonella_ignava",1
"65097","Desulfomicrobium_orale","Johnsonella_ignava",1
"65098","Campylobacter_showae","Johnsonella_ignava",1
"65099","Tannerella_forsythia","Johnsonella_ignava",1
"65100","Kingella_potus","Johnsonella_ignava",1
"65101","Capnocytophaga_granulosa","Johnsonella_ignava",1
"65102","Neisseria_oralis","Johnsonella_ignava",1
"65106","Leptotrichia_hongkongensis","Johnsonella_ignava",1
"65110","Slackia_exigua","Johnsonella_ignava",1
"65111","Actinomyces_viscosus","Johnsonella_ignava",1
"65116","Gemella_cuniculi","Johnsonella_ignava",1
"65117","Desulfobulbus_propionicus","Johnsonella_ignava",1
"65118","Cardiobacterium_valvarum","Johnsonella_ignava",1
"65119","Corynebacterium_tuberculostearicum","Johnsonella_ignava",1
"65120","Prevotella_pleuritidis","Johnsonella_ignava",1
"65134","Desulfobulbus_rhabdoformis","Johnsonella_ignava",1
"65138","Ralstonia_solanacearum","Johnsonella_ignava",1
"65139","Prevotella_oralis","Johnsonella_ignava",1
"65150","Treponema_amylovorum","Johnsonella_ignava",1
"65154","Shuttleworthia_satelles","Johnsonella_ignava",1
"65155","Treponema_lecithinolyticum","Johnsonella_ignava",1
"65156","Neisseria_macacae","Johnsonella_ignava",1
"65159","Treponema_socranskii","Johnsonella_ignava",1
"65160","Pyramidobacter_piscolens","Johnsonella_ignava",1
"65161","Dialister_pneumosintes","Johnsonella_ignava",1
"65163","Peptostreptococcus_stomatis","Johnsonella_ignava",1
"65166","Mycoplasma_salivarium","Johnsonella_ignava",1
"65168","Simonsiella_muelleri","Johnsonella_ignava",1
"65170","Barnesiella_viscericola","Johnsonella_ignava",1
"65172","Leptotrichia_amnionii","Johnsonella_ignava",1
"65173","Leptotrichia_shahii","Johnsonella_ignava",1
"65174","Capnocytophaga_ochracea","Johnsonella_ignava",1
"65177","Conchiformibius_steedae","Johnsonella_ignava",1
"65181","Selenomonas_sputigena","Johnsonella_ignava",1
"65186","Alloprevotella_tannerae","Johnsonella_ignava",1
"65187","Alkaliphilus_crotonatoxidans","Johnsonella_ignava",1
"65188","Actinomyces_georgiae","Johnsonella_ignava",1
"65192","Streptococcus_equinus","Johnsonella_ignava",1
"65195","Prevotella_maculosa","Johnsonella_ignava",1
"65196","Haemophilus_influenzae","Johnsonella_ignava",1
"65206","Capnocytophaga_sputigena","Johnsonella_ignava",1
"65211","Mycoplasma_orale","Johnsonella_ignava",1
"65212","Treponema_medium","Johnsonella_ignava",1
"65213","Selenomonas_infelix","Johnsonella_ignava",1
"65215","Leptotrichia_goodfellowii","Johnsonella_ignava",1
"65220","Neisseria_elongata","Johnsonella_ignava",1
"65234","Abiotrophia_defectiva","Johnsonella_ignava",1
"65235","Gemella_morbillorum","Johnsonella_ignava",1
"65240","Actinomyces_timonensis","Johnsonella_ignava",1
"65241","Campylobacter_gracilis","Johnsonella_ignava",1
"65243","Phocaeicola_abscessus","Johnsonella_ignava",1
"65244","Acinetobacter_calcoaceticus","Johnsonella_ignava",1
"65245","Campylobacter_rectus","Johnsonella_ignava",1
"65247","Streptococcus_constellatus","Johnsonella_ignava",1
"65248","Prevotella_nigrescens","Johnsonella_ignava",1
"65249","Corynebacterium_matruchotii","Johnsonella_ignava",1
"65250","Eikenella_corrodens","Johnsonella_ignava",1
"65251","Parvimonas_micra","Johnsonella_ignava",1
"65254","Fusobacterium_nucleatum","Johnsonella_ignava",1
"65255","Prevotella_saccharolytica","Johnsonella_ignava",1
"65256","Catonella_morbi","Johnsonella_ignava",1
"65260","Actinomyces_massiliensis","Johnsonella_ignava",1
"65262","Elizabethkingia_meningoseptica","Johnsonella_ignava",1
"65263","Prevotella_buccae","Johnsonella_ignava",1
"65271","Mogibacterium_timidum","Johnsonella_ignava",1
"65274","Propionibacterium_propionicum","Johnsonella_ignava",1
"65278","Streptococcus_anginosus","Johnsonella_ignava",1
"65284","Prevotella_oris","Johnsonella_ignava",1
"65287","Fusobacterium_canifelinum","Johnsonella_ignava",1
"65288","Aggregatibacter_aphrophilus","Johnsonella_ignava",1
"65290","Eubacterium_infirmum","Johnsonella_ignava",1
"65292","Neisseria_dentiae","Johnsonella_ignava",1
"65294","Prevotella_micans","Johnsonella_ignava",1
"65296","Kingella_denitrificans","Johnsonella_ignava",1
"65298","Corynebacterium_durum","Johnsonella_ignava",1
"65300","Kingella_oralis","Johnsonella_ignava",1
"65301","Cardiobacterium_hominis","Johnsonella_ignava",1
"65302","Fretibacterium_fastidiosum","Johnsonella_ignava",1
"65304","Olsenella_profusa","Johnsonella_ignava",1
"65308","Selenomonas_artemidis","Johnsonella_ignava",1
"65311","Aggregatibacter_segnis","Johnsonella_ignava",1
"65314","Achromobacter_xylosoxidans","Johnsonella_ignava",1
"65318","Neisseria_canis","Johnsonella_ignava",1
"65321","Actinomyces_naeslundii","Johnsonella_ignava",1
"65325","Capnocytophaga_gingivalis","Johnsonella_ignava",1
"65326","Prevotella_loescheii","Johnsonella_ignava",1
"65328","Paludibacter_propionicigenes","Johnsonella_ignava",1
"65332","Atopobium_rimae","Johnsonella_ignava",1
"65333","Bryobacter_aggregatus","Johnsonella_ignava",1
"65335","Selenomonas_dianae","Johnsonella_ignava",1
"65337","Treponema_maltophilum","Johnsonella_ignava",1
"65339","Butyrivibrio_proteoclasticus","Johnsonella_ignava",1
"65340","Haemophilus_haemolyticus","Johnsonella_ignava",1
"65347","Veillonella_dispar","Lactobacillus_helveticus",1
"65398","Rothia_dentocariosa","Lactobacillus_helveticus",1
"65399","Mycoplasma_faucium","Lactobacillus_helveticus",1
"65446","Streptococcus_gordonii","Lactobacillus_helveticus",1
"65454","Eubacterium_rectale","Lactobacillus_helveticus",1
"65480","Corynebacterium_tuberculostearicum","Lactobacillus_helveticus",1
"65488","Parascardovia_denticolens","Lactobacillus_helveticus",1
"65518","Moraxella_osloensis","Lactobacillus_helveticus",1
"65575","Prevotella_corporis","Lactobacillus_helveticus",1
"65580","Lactobacillus_fermentum","Lactobacillus_helveticus",1
"65591","Cryptobacterium_curtum","Lactobacillus_helveticus",1
"65602","Campylobacter_gracilis","Lactobacillus_helveticus",1
"65614","Scardovia_wiggsiae","Lactobacillus_helveticus",1
"65633","Streptococcus_mutans","Lactobacillus_helveticus",1
"65634","Streptococcus_thermophilus","Lactobacillus_helveticus",1
"65639","Streptococcus_anginosus","Lactobacillus_helveticus",1
"65667","Lactobacillus_gasseri","Lactobacillus_helveticus",1
"65693","Atopobium_rimae","Lactobacillus_helveticus",1
"65707","Butyrivibrio_hungatei","Moryella_indoligenes",1
"65709","Veillonella_dispar","Moryella_indoligenes",1
"65712","Leptotrichia_buccalis","Moryella_indoligenes",1
"65714","Actinomyces_odontolyticus","Moryella_indoligenes",1
"65720","Prevotella_pallens","Moryella_indoligenes",1
"65733","Dialister_invisus","Moryella_indoligenes",1
"65739","Lachnoanaerobaculum_orale","Moryella_indoligenes",1
"65741","Orientia_tsutsugamushi","Moryella_indoligenes",1
"65743","Propionigenium_maris","Moryella_indoligenes",1
"65748","Prevotella_salivae","Moryella_indoligenes",1
"65758","Prevotella_veroralis","Moryella_indoligenes",1
"65786","Selenomonas_noxia","Moryella_indoligenes",1
"65804","Lachnoanaerobaculum_saburreum","Moryella_indoligenes",1
"65809","Leptotrichia_hofstadii","Moryella_indoligenes",1
"65813","Campylobacter_mucosalis","Moryella_indoligenes",1
"65822","Tannerella_forsythia","Moryella_indoligenes",1
"65833","Slackia_exigua","Moryella_indoligenes",1
"65855","Eubacterium_sulci","Moryella_indoligenes",1
"65863","Actinomyces_graevenitzii","Moryella_indoligenes",1
"65864","Alloprevotella_rava","Moryella_indoligenes",1
"65868","Atopobium_parvulum","Moryella_indoligenes",1
"65870","Anaerovorax_odorimutans","Moryella_indoligenes",1
"65877","Shuttleworthia_satelles","Moryella_indoligenes",1
"65885","Selenomonas_flueggei","Moryella_indoligenes",1
"65886","Peptostreptococcus_stomatis","Moryella_indoligenes",1
"65890","Mobiluncus_curtisii","Moryella_indoligenes",1
"65896","Leptotrichia_shahii","Moryella_indoligenes",1
"65904","Selenomonas_sputigena","Moryella_indoligenes",1
"65910","Alkaliphilus_crotonatoxidans","Moryella_indoligenes",1
"65914","Actinomyces_lingnae","Moryella_indoligenes",1
"65921","Atopobium_minutum","Moryella_indoligenes",1
"65931","Mobiluncus_mulieris","Moryella_indoligenes",1
"65938","Leptotrichia_goodfellowii","Moryella_indoligenes",1
"65944","Oribacterium_sinus","Moryella_indoligenes",1
"65945","Solobacterium_moorei","Moryella_indoligenes",1
"65950","Campylobacter_concisus","Moryella_indoligenes",1
"65952","Megasphaera_micronuciformis","Moryella_indoligenes",1
"65964","Campylobacter_gracilis","Moryella_indoligenes",1
"65979","Catonella_morbi","Moryella_indoligenes",1
"65984","Streptococcus_salivarius","Moryella_indoligenes",1
"65989","Alloscardovia_omnicolens","Moryella_indoligenes",1
"65996","Streptococcus_thermophilus","Moryella_indoligenes",1
"66001","Streptococcus_anginosus","Moryella_indoligenes",1
"66004","Leptotrichia_wadei","Moryella_indoligenes",1
"66012","Lachnoanaerobaculum_umeaense","Moryella_indoligenes",1
"66027","Olsenella_profusa","Moryella_indoligenes",1
"66030","Prevotella_albensis","Moryella_indoligenes",1
"66033","Prevotella_histicola","Moryella_indoligenes",1
"66036","Streptococcus_suis","Moryella_indoligenes",1
"66042","Centipeda_periodontii","Moryella_indoligenes",1
"66053","Prevotella_oulorum","Moryella_indoligenes",1
"66054","Sneathia_sanguinegens","Moryella_indoligenes",1
"66058","Selenomonas_dianae","Moryella_indoligenes",1
"66062","Butyrivibrio_proteoclasticus","Moryella_indoligenes",1
"66434","Butyrivibrio_hungatei","Stomatobaculum_longum",1
"66441","Actinomyces_odontolyticus","Stomatobaculum_longum",1
"66447","Prevotella_pallens","Stomatobaculum_longum",1
"66466","Lachnoanaerobaculum_orale","Stomatobaculum_longum",1
"66468","Orientia_tsutsugamushi","Stomatobaculum_longum",1
"66470","Propionigenium_maris","Stomatobaculum_longum",1
"66471","Mogibacterium_diversum","Stomatobaculum_longum",1
"66475","Prevotella_salivae","Stomatobaculum_longum",1
"66485","Prevotella_veroralis","Stomatobaculum_longum",1
"66504","Actinomyces_hyovaginalis","Stomatobaculum_longum",1
"66531","Lachnoanaerobaculum_saburreum","Stomatobaculum_longum",1
"66544","Fusobacterium_periodonticum","Stomatobaculum_longum",1
"66582","Eubacterium_sulci","Stomatobaculum_longum",1
"66586","Streptococcus_parasanguinis","Stomatobaculum_longum",1
"66590","Actinomyces_graevenitzii","Stomatobaculum_longum",1
"66595","Atopobium_parvulum","Stomatobaculum_longum",1
"66615","Butyrivibrio_fibrisolvens","Stomatobaculum_longum",1
"66617","Mobiluncus_curtisii","Stomatobaculum_longum",1
"66623","Leptotrichia_shahii","Stomatobaculum_longum",1
"66641","Actinomyces_lingnae","Stomatobaculum_longum",1
"66648","Atopobium_minutum","Stomatobaculum_longum",1
"66658","Mobiluncus_mulieris","Stomatobaculum_longum",1
"66661","Mycoplasma_orale","Stomatobaculum_longum",1
"66665","Leptotrichia_goodfellowii","Stomatobaculum_longum",1
"66666","Selenomonas_bovis","Stomatobaculum_longum",1
"66671","Oribacterium_sinus","Stomatobaculum_longum",1
"66677","Campylobacter_concisus","Stomatobaculum_longum",1
"66678","Prevotella_melaninogenica","Stomatobaculum_longum",1
"66679","Megasphaera_micronuciformis","Stomatobaculum_longum",1
"66680","Cryptobacterium_curtum","Stomatobaculum_longum",1
"66688","Veillonella_atypica","Stomatobaculum_longum",1
"66706","Catonella_morbi","Stomatobaculum_longum",1
"66716","Alloscardovia_omnicolens","Stomatobaculum_longum",1
"66731","Leptotrichia_wadei","Stomatobaculum_longum",1
"66733","Dialister_micraerophilus","Stomatobaculum_longum",1
"66739","Lachnoanaerobaculum_umeaense","Stomatobaculum_longum",1
"66747","Veillonella_denticariosi","Stomatobaculum_longum",1
"66760","Prevotella_histicola","Stomatobaculum_longum",1
"66762","Rothia_terrae","Stomatobaculum_longum",1
"66769","Centipeda_periodontii","Stomatobaculum_longum",1
"66780","Prevotella_oulorum","Stomatobaculum_longum",1
"66781","Sneathia_sanguinegens","Stomatobaculum_longum",1
"66789","Butyrivibrio_proteoclasticus","Stomatobaculum_longum",1
"66794","Moryella_indoligenes","Stomatobaculum_longum",1
"66803","Eubacterium_saphenum","Murdochiella_asaccharolytica",1
"66813","Treponema_denticola","Murdochiella_asaccharolytica",1
"66814","Eubacterium_brachy","Murdochiella_asaccharolytica",1
"66815","Porphyromonas_endodontalis","Murdochiella_asaccharolytica",1
"66816","Eubacterium_yurii","Murdochiella_asaccharolytica",1
"66821","Haemophilus_haemoglobinophilus","Murdochiella_asaccharolytica",1
"66825","Dialister_invisus","Murdochiella_asaccharolytica",1
"66827","Prevotella_enoeca","Murdochiella_asaccharolytica",1
"66829","Veillonella_montpellierensis","Murdochiella_asaccharolytica",1
"66838","Bergeyella_zoohelcum","Murdochiella_asaccharolytica",1
"66843","Eubacterium_nodatum","Murdochiella_asaccharolytica",1
"66848","Olsenella_uli","Murdochiella_asaccharolytica",1
"66853","Mycoplasma_faucium","Murdochiella_asaccharolytica",1
"66857","Prevotella_dentalis","Murdochiella_asaccharolytica",1
"66863","Treponema_pedis","Murdochiella_asaccharolytica",1
"66868","Schwartzia_succinivorans","Murdochiella_asaccharolytica",1
"66871","Treponema_parvum","Murdochiella_asaccharolytica",1
"66878","Selenomonas_noxia","Murdochiella_asaccharolytica",1
"66882","Porphyromonas_gingivalis","Murdochiella_asaccharolytica",1
"66891","Filifactor_alocis","Murdochiella_asaccharolytica",1
"66894","Bacteroides_heparinolyticus","Murdochiella_asaccharolytica",1
"66899","Prevotella_paludivivens","Murdochiella_asaccharolytica",1
"66910","Eubacterium_minutum","Murdochiella_asaccharolytica",1
"66911","Sporanaerobacter_acetigenes","Murdochiella_asaccharolytica",1
"66914","Tannerella_forsythia","Murdochiella_asaccharolytica",1
"66916","Capnocytophaga_granulosa","Murdochiella_asaccharolytica",1
"66933","Cardiobacterium_valvarum","Murdochiella_asaccharolytica",1
"66937","Howardella_ureilytica","Murdochiella_asaccharolytica",1
"66938","Snodgrassella_alvi","Murdochiella_asaccharolytica",1
"66944","Streptobacillus_moniliformis","Murdochiella_asaccharolytica",1
"66949","Desulfobulbus_rhabdoformis","Murdochiella_asaccharolytica",1
"66965","Treponema_amylovorum","Murdochiella_asaccharolytica",1
"66967","Wolinella_succinogenes","Murdochiella_asaccharolytica",1
"66974","Treponema_socranskii","Murdochiella_asaccharolytica",1
"66976","Dialister_pneumosintes","Murdochiella_asaccharolytica",1
"66978","Peptostreptococcus_stomatis","Murdochiella_asaccharolytica",1
"66979","Lactobacillus_reuteri","Murdochiella_asaccharolytica",1
"66980","Butyrivibrio_fibrisolvens","Murdochiella_asaccharolytica",1
"66982","Mobiluncus_curtisii","Murdochiella_asaccharolytica",1
"66993","Prevotella_intermedia","Murdochiella_asaccharolytica",1
"66994","Porphyromonas_uenonis","Murdochiella_asaccharolytica",1
"66995","Prevotella_fusca","Murdochiella_asaccharolytica",1
"66999","Bulleidia_extructa","Murdochiella_asaccharolytica",1
"67001","Alloprevotella_tannerae","Murdochiella_asaccharolytica",1
"67010","Prevotella_maculosa","Murdochiella_asaccharolytica",1
"67016","Porphyromonas_gulae","Murdochiella_asaccharolytica",1
"67019","Actinomyces_cardiffensis","Murdochiella_asaccharolytica",1
"67023","Mobiluncus_mulieris","Murdochiella_asaccharolytica",1
"67028","Selenomonas_infelix","Murdochiella_asaccharolytica",1
"67031","Selenomonas_bovis","Murdochiella_asaccharolytica",1
"67039","Clostridium_ultunense","Murdochiella_asaccharolytica",1
"67047","Atopobium_vaginae","Murdochiella_asaccharolytica",1
"67056","Campylobacter_gracilis","Murdochiella_asaccharolytica",1
"67058","Phocaeicola_abscessus","Murdochiella_asaccharolytica",1
"67062","Streptococcus_constellatus","Murdochiella_asaccharolytica",1
"67065","Eikenella_corrodens","Murdochiella_asaccharolytica",1
"67066","Parvimonas_micra","Murdochiella_asaccharolytica",1
"67069","Fusobacterium_nucleatum","Murdochiella_asaccharolytica",1
"67085","Pseudoramibacter_alactolyticus","Murdochiella_asaccharolytica",1
"67086","Mogibacterium_timidum","Murdochiella_asaccharolytica",1
"67093","Streptococcus_anginosus","Murdochiella_asaccharolytica",1
"67095","Treponema_putidum","Murdochiella_asaccharolytica",1
"67109","Prevotella_micans","Murdochiella_asaccharolytica",1
"67110","Treponema_succinifaciens","Murdochiella_asaccharolytica",1
"67117","Fretibacterium_fastidiosum","Murdochiella_asaccharolytica",1
"67126","Aggregatibacter_segnis","Murdochiella_asaccharolytica",1
"67132","Prevotella_multiformis","Murdochiella_asaccharolytica",1
"67147","Atopobium_rimae","Murdochiella_asaccharolytica",1
"67167","Veillonella_dispar","Veillonella_caviae",1
"67172","Actinomyces_odontolyticus","Veillonella_caviae",1
"67206","Prevotella_salivae","Veillonella_caviae",1
"67321","Actinomyces_graevenitzii","Veillonella_caviae",1
"67326","Atopobium_parvulum","Veillonella_caviae",1
"67372","Actinomyces_lingnae","Veillonella_caviae",1
"67400","Lactobacillus_fermentum","Veillonella_caviae",1
"67454","Streptococcus_thermophilus","Veillonella_caviae",1
"67491","Prevotella_histicola","Veillonella_caviae",1
"67494","Streptococcus_suis","Veillonella_caviae",1
"67558","Dialister_invisus","Actinobaculum_schaalii",1
"67629","Lachnoanaerobaculum_saburreum","Actinobaculum_schaalii",1
"67666","Cardiobacterium_valvarum","Actinobaculum_schaalii",1
"67789","Campylobacter_gracilis","Actinobaculum_schaalii",1
"67797","Corynebacterium_matruchotii","Actinobaculum_schaalii",1
"67802","Fusobacterium_nucleatum","Actinobaculum_schaalii",1
"67808","Actinomyces_massiliensis","Actinobaculum_schaalii",1
"67852","Olsenella_profusa","Actinobaculum_schaalii",1
"68105","Bilophila_wadsworthia","Gemmiger_formicilis",1
"68275","Clostridium_ruminantium","Roseburia_hominis",1
"68732","Prevotella_copri","Eubacterium_coprostanoligenes",1
"68844","Bilophila_wadsworthia","Eubacterium_coprostanoligenes",1
"68894","Intestinimonas_butyriciproducens","Eubacterium_coprostanoligenes",1
"69006","Roseburia_hominis","Eubacterium_coprostanoligenes",1
"69215","Bilophila_wadsworthia","Bacteroides_plebeius",1
"69522","Clostridium_hathewayi","Bacteroides_vulgatus",1
"69637","Intestinimonas_butyriciproducens","Bacteroides_vulgatus",1
"69741","Lactobacillus_helveticus","Bacteroides_vulgatus",1
"69749","Roseburia_hominis","Bacteroides_vulgatus",1
"69771","Porphyromonas_endodontalis","Fusobacterium_necrophorum",1
"69809","Mycoplasma_faucium","Fusobacterium_necrophorum",1
"69847","Filifactor_alocis","Fusobacterium_necrophorum",1
"69900","Streptobacillus_moniliformis","Fusobacterium_necrophorum",1
"69932","Dialister_pneumosintes","Fusobacterium_necrophorum",1
"69949","Prevotella_intermedia","Fusobacterium_necrophorum",1
"69983","Treponema_medium","Fusobacterium_necrophorum",1
"70068","Veillonella_denticariosi","Fusobacterium_necrophorum",1
"70131","Veillonella_dispar","Streptococcus_uberis",1
"70136","Actinomyces_odontolyticus","Streptococcus_uberis",1
"70170","Prevotella_salivae","Streptococcus_uberis",1
"70225","Rothia_mucilaginosa","Streptococcus_uberis",1
"70281","Streptococcus_parasanguinis","Streptococcus_uberis",1
"70290","Atopobium_parvulum","Streptococcus_uberis",1
"70336","Actinomyces_lingnae","Streptococcus_uberis",1
"70418","Streptococcus_thermophilus","Streptococcus_uberis",1
"70882","Veillonella_dispar","Dialister_succinatiphilus",1
"70891","Prevotella_baroniae","Dialister_succinatiphilus",1
"70894","Treponema_denticola","Dialister_succinatiphilus",1
"70895","Eubacterium_brachy","Dialister_succinatiphilus",1
"70896","Porphyromonas_endodontalis","Dialister_succinatiphilus",1
"70900","Prevotella_denticola","Dialister_succinatiphilus",1
"70906","Dialister_invisus","Dialister_succinatiphilus",1
"70928","Anaeroglobus_geminatus","Dialister_succinatiphilus",1
"70929","Olsenella_uli","Dialister_succinatiphilus",1
"70935","Mycoplasma_hyosynoviae","Dialister_succinatiphilus",1
"70949","Schwartzia_succinivorans","Dialister_succinatiphilus",1
"70954","Barnesiella_intestinihominis","Dialister_succinatiphilus",1
"70957","Bacteroides_stercoris","Dialister_succinatiphilus",1
"70959","Selenomonas_noxia","Dialister_succinatiphilus",1
"70963","Porphyromonas_gingivalis","Dialister_succinatiphilus",1
"70972","Filifactor_alocis","Dialister_succinatiphilus",1
"70973","Prevotella_copri","Dialister_succinatiphilus",1
"70977","Lachnoanaerobaculum_saburreum","Dialister_succinatiphilus",1
"70988","Streptococcus_sanguinis","Dialister_succinatiphilus",1
"70989","Eubacterium_rectale","Dialister_succinatiphilus",1
"70995","Tannerella_forsythia","Dialister_succinatiphilus",1
"71006","Slackia_exigua","Dialister_succinatiphilus",1
"71008","Streptococcus_oralis","Dialister_succinatiphilus",1
"71010","Prevotella_multisaccharivorax","Dialister_succinatiphilus",1
"71015","Corynebacterium_tuberculostearicum","Dialister_succinatiphilus",1
"71016","Prevotella_pleuritidis","Dialister_succinatiphilus",1
"71023","Parascardovia_denticolens","Dialister_succinatiphilus",1
"71030","Desulfobulbus_rhabdoformis","Dialister_succinatiphilus",1
"71031","Lactobacillus_mucosae","Dialister_succinatiphilus",1
"71033","Eubacterium_ramulus","Dialister_succinatiphilus",1
"71035","Prevotella_oralis","Dialister_succinatiphilus",1
"71044","Megamonas_funiformis","Dialister_succinatiphilus",1
"71050","Shuttleworthia_satelles","Dialister_succinatiphilus",1
"71055","Treponema_socranskii","Dialister_succinatiphilus",1
"71056","Pyramidobacter_piscolens","Dialister_succinatiphilus",1
"71057","Dialister_pneumosintes","Dialister_succinatiphilus",1
"71060","Lactobacillus_reuteri","Dialister_succinatiphilus",1
"71062","Mycoplasma_salivarium","Dialister_succinatiphilus",1
"71070","Capnocytophaga_ochracea","Dialister_succinatiphilus",1
"71074","Prevotella_intermedia","Dialister_succinatiphilus",1
"71080","Bulleidia_extructa","Dialister_succinatiphilus",1
"71094","Atopobium_minutum","Dialister_succinatiphilus",1
"71098","Saccharofermentans_acetigenes","Dialister_succinatiphilus",1
"71108","Treponema_medium","Dialister_succinatiphilus",1
"71115","Lactobacillus_fermentum","Dialister_succinatiphilus",1
"71126","Cryptobacterium_curtum","Dialister_succinatiphilus",1
"71137","Campylobacter_gracilis","Dialister_succinatiphilus",1
"71143","Streptococcus_constellatus","Dialister_succinatiphilus",1
"71144","Prevotella_nigrescens","Dialister_succinatiphilus",1
"71145","Corynebacterium_matruchotii","Dialister_succinatiphilus",1
"71149","Scardovia_wiggsiae","Dialister_succinatiphilus",1
"71150","Fusobacterium_nucleatum","Dialister_succinatiphilus",1
"71159","Prevotella_buccae","Dialister_succinatiphilus",1
"71167","Mogibacterium_timidum","Dialister_succinatiphilus",1
"71174","Streptococcus_anginosus","Dialister_succinatiphilus",1
"71180","Prevotella_oris","Dialister_succinatiphilus",1
"71191","Treponema_succinifaciens","Dialister_succinatiphilus",1
"71195","Neisseria_bacilliformis","Dialister_succinatiphilus",1
"71196","Kingella_oralis","Dialister_succinatiphilus",1
"71198","Fretibacterium_fastidiosum","Dialister_succinatiphilus",1
"71200","Olsenella_profusa","Dialister_succinatiphilus",1
"71228","Atopobium_rimae","Dialister_succinatiphilus",1
"71229","Bryobacter_aggregatus","Dialister_succinatiphilus",1
"71233","Treponema_maltophilum","Dialister_succinatiphilus",1
"71238","Johnsonella_ignava","Dialister_succinatiphilus",1
"71246","Gemmiger_formicilis","Dialister_succinatiphilus",1
"71247","Roseburia_hominis","Dialister_succinatiphilus",1
"71249","Bacteroides_plebeius","Dialister_succinatiphilus",1
"72005","Bacteroides_vulgatus","Flavonifractor_plautii",1
"72382","Eubacterium_coprostanoligenes","Parabacteroides_merdae",1
"72389","Bacteroides_uniformis","Parabacteroides_merdae",1
"73926","Veillonella_dispar","Lactobacillus_casei",1
"73972","Anaeroglobus_geminatus","Lactobacillus_casei",1
"73973","Olsenella_uli","Lactobacillus_casei",1
"73974","Lactobacillus_johnsonii","Lactobacillus_casei",1
"73977","Rothia_dentocariosa","Lactobacillus_casei",1
"74004","Bifidobacterium_dentium","Lactobacillus_casei",1
"74025","Streptococcus_gordonii","Lactobacillus_casei",1
"74046","Leptotrichia_hongkongensis","Lactobacillus_casei",1
"74049","Bacillus_cereus","Lactobacillus_casei",1
"74059","Corynebacterium_tuberculostearicum","Lactobacillus_casei",1
"74076","Streptococcus_parasanguinis","Lactobacillus_casei",1
"74079","Prevotella_oralis","Lactobacillus_casei",1
"74097","Moraxella_osloensis","Lactobacillus_casei",1
"74098","Streptococcus_intermedius","Lactobacillus_casei",1
"74104","Lactobacillus_reuteri","Lactobacillus_casei",1
"74106","Mycoplasma_salivarium","Lactobacillus_casei",1
"74143","Veillonella_parvula","Lactobacillus_casei",1
"74150","Lactobacillus_vaginalis","Lactobacillus_casei",1
"74159","Lactobacillus_fermentum","Lactobacillus_casei",1
"74170","Cryptobacterium_curtum","Lactobacillus_casei",1
"74181","Campylobacter_gracilis","Lactobacillus_casei",1
"74188","Prevotella_nigrescens","Lactobacillus_casei",1
"74193","Scardovia_wiggsiae","Lactobacillus_casei",1
"74203","Prevotella_buccae","Lactobacillus_casei",1
"74212","Streptococcus_mutans","Lactobacillus_casei",1
"74213","Streptococcus_thermophilus","Lactobacillus_casei",1
"74218","Streptococcus_anginosus","Lactobacillus_casei",1
"74224","Prevotella_oris","Lactobacillus_casei",1
"74272","Atopobium_rimae","Lactobacillus_casei",1
"74402","Prevotella_copri","Anaerostipes_hadrus",1
"74534","Escherichia_coli","Anaerostipes_hadrus",1
"74677","Eubacterium_coprostanoligenes","Anaerostipes_hadrus",1
"74679","Bacteroides_vulgatus","Anaerostipes_hadrus",1
"74687","Ruminococcus_gnavus","Anaerostipes_hadrus",1
"74702","Actinomyces_odontolyticus","Actinomyces_funkei",1
"75057","Stomatobaculum_longum","Actinomyces_funkei",1
"75486","Porphyromonas_endodontalis","Peptostreptococcus_anaerobius",1
"75487","Eubacterium_yurii","Peptostreptococcus_anaerobius",1
"75488","Prevotella_shahii","Peptostreptococcus_anaerobius",1
"75580","Fusobacterium_periodonticum","Peptostreptococcus_anaerobius",1
"75615","Streptobacillus_moniliformis","Peptostreptococcus_anaerobius",1
"75618","Eubacterium_sulci","Peptostreptococcus_anaerobius",1
"75637","Prevotella_nanceiensis","Peptostreptococcus_anaerobius",1
"75649","Peptostreptococcus_stomatis","Peptostreptococcus_anaerobius",1
"75657","Prevotella_aurantiaca","Peptostreptococcus_anaerobius",1
"75692","Capnocytophaga_sputigena","Peptostreptococcus_anaerobius",1
"75697","Mycoplasma_orale","Peptostreptococcus_anaerobius",1
"75708","Solobacterium_moorei","Peptostreptococcus_anaerobius",1
"75714","Prevotella_melaninogenica","Peptostreptococcus_anaerobius",1
"75733","Streptococcus_constellatus","Peptostreptococcus_anaerobius",1
"75737","Parvimonas_micra","Peptostreptococcus_anaerobius",1
"75763","Neisseria_flavescens","Peptostreptococcus_anaerobius",1
"75764","Streptococcus_anginosus","Peptostreptococcus_anaerobius",1
"75765","Leptotrichia_trevisanii","Peptostreptococcus_anaerobius",1
"75772","Porphyromonas_catoniae","Peptostreptococcus_anaerobius",1
"75830","Moryella_indoligenes","Peptostreptococcus_anaerobius",1
"75861","Veillonella_dispar","Lactobacillus_amylovorus",1
"75863","Eubacterium_saphenum","Lactobacillus_amylovorus",1
"75874","Eubacterium_brachy","Lactobacillus_amylovorus",1
"75879","Prevotella_denticola","Lactobacillus_amylovorus",1
"75883","Actinomyces_oris","Lactobacillus_amylovorus",1
"75903","Eubacterium_nodatum","Lactobacillus_amylovorus",1
"75907","Anaeroglobus_geminatus","Lactobacillus_amylovorus",1
"75908","Olsenella_uli","Lactobacillus_amylovorus",1
"75909","Lactobacillus_johnsonii","Lactobacillus_amylovorus",1
"75911","Dialister_propionicifaciens","Lactobacillus_amylovorus",1
"75912","Rothia_dentocariosa","Lactobacillus_amylovorus",1
"75917","Prevotella_dentalis","Lactobacillus_amylovorus",1
"75923","Treponema_pedis","Lactobacillus_amylovorus",1
"75924","Campylobacter_curvus","Lactobacillus_amylovorus",1
"75931","Treponema_parvum","Lactobacillus_amylovorus",1
"75939","Bifidobacterium_dentium","Lactobacillus_amylovorus",1
"75943","Streptococcus_sobrinus","Lactobacillus_amylovorus",1
"75955","Rothia_mucilaginosa","Lactobacillus_amylovorus",1
"75956","Lachnoanaerobaculum_saburreum","Lactobacillus_amylovorus",1
"75960","Streptococcus_gordonii","Lactobacillus_amylovorus",1
"75978","Lactobacillus_ruminis","Lactobacillus_amylovorus",1
"75981","Leptotrichia_hongkongensis","Lactobacillus_amylovorus",1
"75995","Prevotella_pleuritidis","Lactobacillus_amylovorus",1
"75997","Howardella_ureilytica","Lactobacillus_amylovorus",1
"76000","Propionibacterium_acidifaciens","Lactobacillus_amylovorus",1
"76002","Parascardovia_denticolens","Lactobacillus_amylovorus",1
"76011","Streptococcus_parasanguinis","Lactobacillus_amylovorus",1
"76014","Prevotella_oralis","Lactobacillus_amylovorus",1
"76020","Atopobium_parvulum","Lactobacillus_amylovorus",1
"76030","Treponema_lecithinolyticum","Lactobacillus_amylovorus",1
"76034","Treponema_socranskii","Lactobacillus_amylovorus",1
"76036","Dialister_pneumosintes","Lactobacillus_amylovorus",1
"76039","Lactobacillus_reuteri","Lactobacillus_amylovorus",1
"76040","Butyrivibrio_fibrisolvens","Lactobacillus_amylovorus",1
"76054","Porphyromonas_uenonis","Lactobacillus_amylovorus",1
"76055","Prevotella_fusca","Lactobacillus_amylovorus",1
"76057","Veillonella_rodentium","Lactobacillus_amylovorus",1
"76059","Bulleidia_extructa","Lactobacillus_amylovorus",1
"76063","Actinomyces_georgiae","Lactobacillus_amylovorus",1
"76066","Actinomyces_lingnae","Lactobacillus_amylovorus",1
"76068","Lactobacillus_salivarius","Lactobacillus_amylovorus",1
"76069","Lactobacillus_crispatus","Lactobacillus_amylovorus",1
"76078","Veillonella_parvula","Lactobacillus_amylovorus",1
"76085","Lactobacillus_vaginalis","Lactobacillus_amylovorus",1
"76093","Lactobacillus_delbrueckii","Lactobacillus_amylovorus",1
"76094","Lactobacillus_fermentum","Lactobacillus_amylovorus",1
"76098","Eggerthia_catenaformis","Lactobacillus_amylovorus",1
"76105","Cryptobacterium_curtum","Lactobacillus_amylovorus",1
"76116","Campylobacter_gracilis","Lactobacillus_amylovorus",1
"76118","Phocaeicola_abscessus","Lactobacillus_amylovorus",1
"76123","Prevotella_nigrescens","Lactobacillus_amylovorus",1
"76124","Corynebacterium_matruchotii","Lactobacillus_amylovorus",1
"76128","Scardovia_wiggsiae","Lactobacillus_amylovorus",1
"76129","Fusobacterium_nucleatum","Lactobacillus_amylovorus",1
"76141","Alloscardovia_omnicolens","Lactobacillus_amylovorus",1
"76142","Staphylococcus_epidermidis","Lactobacillus_amylovorus",1
"76145","Pseudoramibacter_alactolyticus","Lactobacillus_amylovorus",1
"76146","Mogibacterium_timidum","Lactobacillus_amylovorus",1
"76147","Streptococcus_mutans","Lactobacillus_amylovorus",1
"76148","Streptococcus_thermophilus","Lactobacillus_amylovorus",1
"76153","Streptococcus_anginosus","Lactobacillus_amylovorus",1
"76158","Dialister_micraerophilus","Lactobacillus_amylovorus",1
"76159","Prevotella_oris","Lactobacillus_amylovorus",1
"76174","Neisseria_bacilliformis","Lactobacillus_amylovorus",1
"76177","Fretibacterium_fastidiosum","Lactobacillus_amylovorus",1
"76179","Olsenella_profusa","Lactobacillus_amylovorus",1
"76181","Lactobacillus_gasseri","Lactobacillus_amylovorus",1
"76185","Prevotella_histicola","Lactobacillus_amylovorus",1
"76192","Prevotella_multiformis","Lactobacillus_amylovorus",1
"76195","Actinomyces_israelii","Lactobacillus_amylovorus",1
"76205","Prevotella_oulorum","Lactobacillus_amylovorus",1
"76207","Atopobium_rimae","Lactobacillus_amylovorus",1
"76233","Dialister_succinatiphilus","Lactobacillus_amylovorus",1
"76241","Lactobacillus_casei","Lactobacillus_amylovorus",1
"76251","Veillonella_dispar","Lactobacillus_rhamnosus",1
"76269","Prevotella_denticola","Lactobacillus_rhamnosus",1
"76273","Actinomyces_oris","Lactobacillus_rhamnosus",1
"76297","Anaeroglobus_geminatus","Lactobacillus_rhamnosus",1
"76302","Rothia_dentocariosa","Lactobacillus_rhamnosus",1
"76345","Rothia_mucilaginosa","Lactobacillus_rhamnosus",1
"76350","Streptococcus_gordonii","Lactobacillus_rhamnosus",1
"76390","Propionibacterium_acidifaciens","Lactobacillus_rhamnosus",1
"76392","Parascardovia_denticolens","Lactobacillus_rhamnosus",1
"76410","Atopobium_parvulum","Lactobacillus_rhamnosus",1
"76429","Lactobacillus_reuteri","Lactobacillus_rhamnosus",1
"76458","Lactobacillus_salivarius","Lactobacillus_rhamnosus",1
"76475","Lactobacillus_vaginalis","Lactobacillus_rhamnosus",1
"76483","Lactobacillus_delbrueckii","Lactobacillus_rhamnosus",1
"76484","Lactobacillus_fermentum","Lactobacillus_rhamnosus",1
"76495","Cryptobacterium_curtum","Lactobacillus_rhamnosus",1
"76513","Prevotella_nigrescens","Lactobacillus_rhamnosus",1
"76518","Scardovia_wiggsiae","Lactobacillus_rhamnosus",1
"76535","Pseudoramibacter_alactolyticus","Lactobacillus_rhamnosus",1
"76537","Streptococcus_mutans","Lactobacillus_rhamnosus",1
"76538","Streptococcus_thermophilus","Lactobacillus_rhamnosus",1
"76549","Prevotella_oris","Lactobacillus_rhamnosus",1
"76597","Atopobium_rimae","Lactobacillus_rhamnosus",1
"76599","Scardovia_inopinata","Lactobacillus_rhamnosus",1
"76636","Lactobacillus_amylovorus","Lactobacillus_rhamnosus",1
"77057","Megasphaera_elsdenii","Blautia_luti",1
"77106","Barnesiella_intestinihominis","Blautia_luti",1
"77109","Bacteroides_stercoris","Blautia_luti",1
"77125","Prevotella_copri","Blautia_luti",1
"77141","Eubacterium_rectale","Blautia_luti",1
"77237","Bilophila_wadsworthia","Blautia_luti",1
"77257","Escherichia_coli","Blautia_luti",1
"77400","Eubacterium_coprostanoligenes","Blautia_luti",1
"77401","Bacteroides_plebeius","Blautia_luti",1
"77402","Bacteroides_vulgatus","Blautia_luti",1
"77406","Dialister_succinatiphilus","Blautia_luti",1
"77407","Bacteroides_uniformis","Blautia_luti",1
"77408","Flavonifractor_plautii","Blautia_luti",1
"77409","Parabacteroides_merdae","Blautia_luti",1
"77410","Ruminococcus_gnavus","Blautia_luti",1
"77413","Ruminococcus_bromii","Blautia_luti",1
"77450","Megasphaera_elsdenii","Eubacterium_hallii",1
"77499","Barnesiella_intestinihominis","Eubacterium_hallii",1
"77518","Prevotella_copri","Eubacterium_hallii",1
"77650","Escherichia_coli","Eubacterium_hallii",1
"77799","Dialister_succinatiphilus","Eubacterium_hallii",1
"77801","Flavonifractor_plautii","Eubacterium_hallii",1
"77802","Parabacteroides_merdae","Eubacterium_hallii",1
"78232","Prevotella_shahii","Peptostreptococcus_russellii",1
"78275","Peptococcus_niger","Peptostreptococcus_russellii",1
"78362","Eubacterium_sulci","Peptostreptococcus_russellii",1
"78393","Peptostreptococcus_stomatis","Peptostreptococcus_russellii",1
"78452","Solobacterium_moorei","Peptostreptococcus_russellii",1
"78481","Parvimonas_micra","Peptostreptococcus_russellii",1
"78516","Porphyromonas_catoniae","Peptostreptococcus_russellii",1
"78684","Barnesiella_intestinihominis","Dorea_longicatena",1
"78687","Bacteroides_stercoris","Dorea_longicatena",1
"78703","Prevotella_copri","Dorea_longicatena",1
"78977","Roseburia_hominis","Dorea_longicatena",1
"78979","Bacteroides_plebeius","Dorea_longicatena",1
"78986","Flavonifractor_plautii","Dorea_longicatena",1
"78991","Ruminococcus_bromii","Dorea_longicatena",1
"79057","Lactobacillus_johnsonii","Bifidobacterium_breve",1
"79233","Lactobacillus_vaginalis","Bifidobacterium_breve",1
"79242","Lactobacillus_fermentum","Bifidobacterium_breve",1
"80327","Gemella_haemolysans","Veillonella_magna",1
"80332","Streptococcus_oralis","Veillonella_magna",1
"80361","Alloprevotella_rava","Veillonella_magna",1
"80423","Veillonella_parvula","Veillonella_magna",1
"80445","Granulicatella_elegans","Veillonella_magna",1
"80455","Gemella_morbillorum","Veillonella_magna",1
"80502","Streptococcus_mitis","Veillonella_magna",1
"80560","Haemophilus_haemolyticus","Veillonella_magna",1
"80607","Veillonella_dispar","Prevotella_jejuni",1
"80612","Actinomyces_odontolyticus","Prevotella_jejuni",1
"80618","Prevotella_pallens","Prevotella_jejuni",1
"80646","Prevotella_salivae","Prevotella_jejuni",1
"80656","Prevotella_veroralis","Prevotella_jejuni",1
"80753","Eubacterium_sulci","Prevotella_jejuni",1
"80757","Streptococcus_parasanguinis","Prevotella_jejuni",1
"80761","Actinomyces_graevenitzii","Prevotella_jejuni",1
"80766","Atopobium_parvulum","Prevotella_jejuni",1
"80812","Actinomyces_lingnae","Prevotella_jejuni",1
"80843","Solobacterium_moorei","Prevotella_jejuni",1
"80848","Campylobacter_concisus","Prevotella_jejuni",1
"80849","Prevotella_melaninogenica","Prevotella_jejuni",1
"80850","Megasphaera_micronuciformis","Prevotella_jejuni",1
"80859","Veillonella_atypica","Prevotella_jejuni",1
"80882","Streptococcus_salivarius","Prevotella_jejuni",1
"80902","Leptotrichia_wadei","Prevotella_jejuni",1
"80931","Prevotella_histicola","Prevotella_jejuni",1
"80951","Prevotella_oulorum","Prevotella_jejuni",1
"80953","Atopobium_rimae","Prevotella_jejuni",1
"80967","Stomatobaculum_longum","Prevotella_jejuni",1
"81484","Barnesiella_intestinihominis","Eubacterium_siraeum",1
"81503","Prevotella_copri","Eubacterium_siraeum",1
"81519","Eubacterium_rectale","Eubacterium_siraeum",1
"81780","Bacteroides_vulgatus","Eubacterium_siraeum",1
"81783","Turicibacter_sanguinis","Eubacterium_siraeum",1
"81785","Bacteroides_uniformis","Eubacterium_siraeum",1
"81786","Flavonifractor_plautii","Eubacterium_siraeum",1
"82600","Ruminococcus_bromii","Blautia_faecis",1
"82631","Clostridium_ruminantium","Bacteroides_caccae",1
"83026","Eubacterium_siraeum","Bacteroides_caccae",1
"83045","Prevotella_pallens","Campylobacter_lanienae",1
"83275","Campylobacter_concisus","Campylobacter_lanienae",1
"83514","Barnesiella_intestinihominis","Phascolarctobacterium_succinatutens",1
"83517","Bacteroides_stercoris","Phascolarctobacterium_succinatutens",1
"83533","Prevotella_copri","Phascolarctobacterium_succinatutens",1
"83665","Escherichia_coli","Phascolarctobacterium_succinatutens",1
"83695","Intestinimonas_butyriciproducens","Phascolarctobacterium_succinatutens",1
"83808","Eubacterium_coprostanoligenes","Phascolarctobacterium_succinatutens",1
"83810","Bacteroides_vulgatus","Phascolarctobacterium_succinatutens",1
"83815","Bacteroides_uniformis","Phascolarctobacterium_succinatutens",1
"83816","Flavonifractor_plautii","Phascolarctobacterium_succinatutens",1
"83818","Ruminococcus_gnavus","Phascolarctobacterium_succinatutens",1
"83821","Ruminococcus_bromii","Phascolarctobacterium_succinatutens",1
"83841","Eubacterium_siraeum","Phascolarctobacterium_succinatutens",1
"83843","Blautia_faecis","Phascolarctobacterium_succinatutens",1
"83844","Bacteroides_caccae","Phascolarctobacterium_succinatutens",1
"83855","Clostridium_ruminantium","Ruminococcus_flavefaciens",1
"83923","Barnesiella_intestinihominis","Ruminococcus_flavefaciens",1
"83942","Prevotella_copri","Ruminococcus_flavefaciens",1
"83958","Eubacterium_rectale","Ruminococcus_flavefaciens",1
"84074","Escherichia_coli","Ruminococcus_flavefaciens",1
"84169","Olsenella_profusa","Ruminococcus_flavefaciens",1
"84215","Gemmiger_formicilis","Ruminococcus_flavefaciens",1
"84217","Eubacterium_coprostanoligenes","Ruminococcus_flavefaciens",1
"84219","Bacteroides_vulgatus","Ruminococcus_flavefaciens",1
"84224","Bacteroides_uniformis","Ruminococcus_flavefaciens",1
"84225","Flavonifractor_plautii","Ruminococcus_flavefaciens",1
"84226","Parabacteroides_merdae","Ruminococcus_flavefaciens",1
"84230","Ruminococcus_bromii","Ruminococcus_flavefaciens",1
"84232","Anaerostipes_hadrus","Ruminococcus_flavefaciens",1
"84240","Eubacterium_hallii","Ruminococcus_flavefaciens",1
"84243","Dorea_longicatena","Ruminococcus_flavefaciens",1
"84251","Akkermansia_muciniphila","Ruminococcus_flavefaciens",1
"84253","Bacteroides_caccae","Ruminococcus_flavefaciens",1
"84265","Clostridium_ruminantium","Faecalibacterium_prausnitzii",1
"84284","Megasphaera_elsdenii","Faecalibacterium_prausnitzii",1
"84309","Lactobacillus_johnsonii","Faecalibacterium_prausnitzii",1
"84346","Bacteroides_acidifaciens","Faecalibacterium_prausnitzii",1
"84412","Eubacterium_ramulus","Faecalibacterium_prausnitzii",1
"84464","Bilophila_wadsworthia","Faecalibacterium_prausnitzii",1
"84484","Escherichia_coli","Faecalibacterium_prausnitzii",1
"84591","Finegoldia_magna","Faecalibacterium_prausnitzii",1
"84618","Lactobacillus_helveticus","Faecalibacterium_prausnitzii",1
"84625","Gemmiger_formicilis","Faecalibacterium_prausnitzii",1
"84633","Dialister_succinatiphilus","Faecalibacterium_prausnitzii",1
"84635","Flavonifractor_plautii","Faecalibacterium_prausnitzii",1
"84638","Coprococcus_eutactus","Faecalibacterium_prausnitzii",1
"84642","Anaerostipes_hadrus","Faecalibacterium_prausnitzii",1
"84649","Blautia_luti","Faecalibacterium_prausnitzii",1
"84668","Rothia_aeria","Vagococcus_lutrae",1
"84677","Actinomyces_odontolyticus","Vagococcus_lutrae",1
"84723","Rothia_dentocariosa","Vagococcus_lutrae",1
"84766","Rothia_mucilaginosa","Vagococcus_lutrae",1
"84778","Streptococcus_sanguinis","Vagococcus_lutrae",1
"84829","Actinobacillus_porcinus","Vagococcus_lutrae",1
"84890","Actinomyces_cardiffensis","Vagococcus_lutrae",1
"84963","Neisseria_flavescens","Vagococcus_lutrae",1
"85244","Stenotrophomonas_maltophilia","Enterococcus_faecalis",1
"85307","Escherichia_coli","Enterococcus_faecalis",1
"85916","Actinomyces_odontolyticus","Actinomyces_suimastitidis",1
"86065","Actinomyces_graevenitzii","Actinomyces_suimastitidis",1
"86070","Atopobium_parvulum","Actinomyces_suimastitidis",1
"86198","Streptococcus_thermophilus","Actinomyces_suimastitidis",1
"86271","Stomatobaculum_longum","Actinomyces_suimastitidis",1
"86326","Veillonella_dispar","Prevotella_bergensis",1
"86328","Eubacterium_saphenum","Prevotella_bergensis",1
"86329","Leptotrichia_buccalis","Prevotella_bergensis",1
"86335","Prevotella_baroniae","Prevotella_bergensis",1
"86338","Treponema_denticola","Prevotella_bergensis",1
"86339","Eubacterium_brachy","Prevotella_bergensis",1
"86340","Porphyromonas_endodontalis","Prevotella_bergensis",1
"86344","Prevotella_denticola","Prevotella_bergensis",1
"86347","Prevotella_scopos","Prevotella_bergensis",1
"86350","Dialister_invisus","Prevotella_bergensis",1
"86352","Prevotella_enoeca","Prevotella_bergensis",1
"86365","Prevotella_salivae","Prevotella_bergensis",1
"86368","Eubacterium_nodatum","Prevotella_bergensis",1
"86372","Anaeroglobus_geminatus","Prevotella_bergensis",1
"86373","Olsenella_uli","Prevotella_bergensis",1
"86375","Prevotella_veroralis","Prevotella_bergensis",1
"86379","Mycoplasma_hyosynoviae","Prevotella_bergensis",1
"86393","Schwartzia_succinivorans","Prevotella_bergensis",1
"86395","Prevotella_marshii","Prevotella_bergensis",1
"86403","Selenomonas_noxia","Prevotella_bergensis",1
"86404","Bifidobacterium_dentium","Prevotella_bergensis",1
"86407","Porphyromonas_gingivalis","Prevotella_bergensis",1
"86416","Filifactor_alocis","Prevotella_bergensis",1
"86421","Lachnoanaerobaculum_saburreum","Prevotella_bergensis",1
"86439","Tannerella_forsythia","Prevotella_bergensis",1
"86446","Leptotrichia_hongkongensis","Prevotella_bergensis",1
"86450","Slackia_exigua","Prevotella_bergensis",1
"86462","Howardella_ureilytica","Prevotella_bergensis",1
"86467","Parascardovia_denticolens","Prevotella_bergensis",1
"86479","Prevotella_oralis","Prevotella_bergensis",1
"86489","Pasteurella_pneumotropica","Prevotella_bergensis",1
"86494","Shuttleworthia_satelles","Prevotella_bergensis",1
"86498","Streptococcus_intermedius","Prevotella_bergensis",1
"86499","Treponema_socranskii","Prevotella_bergensis",1
"86500","Pyramidobacter_piscolens","Prevotella_bergensis",1
"86501","Dialister_pneumosintes","Prevotella_bergensis",1
"86502","Selenomonas_flueggei","Prevotella_bergensis",1
"86503","Peptostreptococcus_stomatis","Prevotella_bergensis",1
"86504","Lactobacillus_reuteri","Prevotella_bergensis",1
"86513","Leptotrichia_shahii","Prevotella_bergensis",1
"86514","Capnocytophaga_ochracea","Prevotella_bergensis",1
"86518","Prevotella_intermedia","Prevotella_bergensis",1
"86520","Prevotella_fusca","Prevotella_bergensis",1
"86521","Selenomonas_sputigena","Prevotella_bergensis",1
"86524","Bulleidia_extructa","Prevotella_bergensis",1
"86526","Alloprevotella_tannerae","Prevotella_bergensis",1
"86535","Prevotella_maculosa","Prevotella_bergensis",1
"86553","Selenomonas_infelix","Prevotella_bergensis",1
"86554","Prevotella_corporis","Prevotella_bergensis",1
"86564","Clostridium_ultunense","Prevotella_bergensis",1
"86569","Megasphaera_micronuciformis","Prevotella_bergensis",1
"86570","Cryptobacterium_curtum","Prevotella_bergensis",1
"86581","Campylobacter_gracilis","Prevotella_bergensis",1
"86583","Phocaeicola_abscessus","Prevotella_bergensis",1
"86587","Streptococcus_constellatus","Prevotella_bergensis",1
"86588","Prevotella_nigrescens","Prevotella_bergensis",1
"86589","Corynebacterium_matruchotii","Prevotella_bergensis",1
"86593","Scardovia_wiggsiae","Prevotella_bergensis",1
"86594","Fusobacterium_nucleatum","Prevotella_bergensis",1
"86595","Prevotella_saccharolytica","Prevotella_bergensis",1
"86603","Prevotella_buccae","Prevotella_bergensis",1
"86610","Pseudoramibacter_alactolyticus","Prevotella_bergensis",1
"86611","Mogibacterium_timidum","Prevotella_bergensis",1
"86612","Streptococcus_mutans","Prevotella_bergensis",1
"86618","Streptococcus_anginosus","Prevotella_bergensis",1
"86624","Prevotella_oris","Prevotella_bergensis",1
"86630","Eubacterium_infirmum","Prevotella_bergensis",1
"86634","Prevotella_micans","Prevotella_bergensis",1
"86642","Fretibacterium_fastidiosum","Prevotella_bergensis",1
"86644","Olsenella_profusa","Prevotella_bergensis",1
"86648","Selenomonas_artemidis","Prevotella_bergensis",1
"86659","Centipeda_periodontii","Prevotella_bergensis",1
"86660","Actinomyces_israelii","Prevotella_bergensis",1
"86661","Actinomyces_naeslundii","Prevotella_bergensis",1
"86666","Prevotella_loescheii","Prevotella_bergensis",1
"86670","Prevotella_oulorum","Prevotella_bergensis",1
"86672","Atopobium_rimae","Prevotella_bergensis",1
"86674","Scardovia_inopinata","Prevotella_bergensis",1
"86675","Selenomonas_dianae","Prevotella_bergensis",1
"86677","Treponema_maltophilum","Prevotella_bergensis",1
"86684","Moryella_indoligenes","Prevotella_bergensis",1
"87109","Bacteroides_plebeius","Eubacterium_eligens",1
"87123","Anaerostipes_hadrus","Eubacterium_eligens",1
"87207","Lactobacillus_johnsonii","Parabacteroides_distasonis",1
"87244","Bacteroides_acidifaciens","Parabacteroides_distasonis",1
"87337","Lactobacillus_reuteri","Parabacteroides_distasonis",1
"87540","Anaerostipes_hadrus","Parabacteroides_distasonis",1
"87547","Blautia_luti","Parabacteroides_distasonis",1
"87559","Akkermansia_muciniphila","Parabacteroides_distasonis",1
"87564","Ruminococcus_flavefaciens","Parabacteroides_distasonis",1
"87583","Bradyrhizobium_elkanii","Anaerococcus_octavius",1
"87589","Treponema_denticola","Anaerococcus_octavius",1
"87601","Dialister_invisus","Anaerococcus_octavius",1
"87628","Rothia_dentocariosa","Anaerococcus_octavius",1
"87643","Streptococcus_pneumoniae","Anaerococcus_octavius",1
"87683","Streptococcus_sanguinis","Anaerococcus_octavius",1
"87684","Eubacterium_rectale","Anaerococcus_octavius",1
"87687","Sporanaerobacter_acetigenes","Anaerococcus_octavius",1
"87697","Leptotrichia_hongkongensis","Anaerococcus_octavius",1
"87700","Bacillus_cereus","Anaerococcus_octavius",1
"87765","Capnocytophaga_ochracea","Anaerococcus_octavius",1
"87815","Clostridium_ultunense","Anaerococcus_octavius",1
"87832","Campylobacter_gracilis","Anaerococcus_octavius",1
"87835","Acinetobacter_calcoaceticus","Anaerococcus_octavius",1
"87839","Prevotella_nigrescens","Anaerococcus_octavius",1
"87840","Corynebacterium_matruchotii","Anaerococcus_octavius",1
"87845","Fusobacterium_nucleatum","Anaerococcus_octavius",1
"87869","Streptococcus_anginosus","Anaerococcus_octavius",1
"87873","Streptococcus_mitis","Anaerococcus_octavius",1
"87891","Kingella_oralis","Anaerococcus_octavius",1
"87893","Fretibacterium_fastidiosum","Anaerococcus_octavius",1
"87896","Agrobacterium_tumefaciens","Anaerococcus_octavius",1
"87899","Selenomonas_artemidis","Anaerococcus_octavius",1
"87914","Lactobacillus_oris","Anaerococcus_octavius",1
"87923","Atopobium_rimae","Anaerococcus_octavius",1
"87979","Bacteroides_caccae","Anaerococcus_octavius",1
"88000","Clostridium_ruminantium","Roseburia_inulinivorans",1
"88087","Prevotella_copri","Roseburia_inulinivorans",1
"88134","Clostridium_hathewayi","Roseburia_inulinivorans",1
"88158","Megamonas_funiformis","Roseburia_inulinivorans",1
"88199","Bilophila_wadsworthia","Roseburia_inulinivorans",1
"88219","Escherichia_coli","Roseburia_inulinivorans",1
"88363","Bacteroides_plebeius","Roseburia_inulinivorans",1
"88364","Bacteroides_vulgatus","Roseburia_inulinivorans",1
"88367","Turicibacter_sanguinis","Roseburia_inulinivorans",1
"88369","Bacteroides_uniformis","Roseburia_inulinivorans",1
"88370","Flavonifractor_plautii","Roseburia_inulinivorans",1
"88371","Parabacteroides_merdae","Roseburia_inulinivorans",1
"88372","Ruminococcus_gnavus","Roseburia_inulinivorans",1
"88375","Ruminococcus_bromii","Roseburia_inulinivorans",1
"88388","Dorea_longicatena","Roseburia_inulinivorans",1
"88395","Eubacterium_siraeum","Roseburia_inulinivorans",1
"88396","Akkermansia_muciniphila","Roseburia_inulinivorans",1
"88398","Bacteroides_caccae","Roseburia_inulinivorans",1
"88402","Faecalibacterium_prausnitzii","Roseburia_inulinivorans",1
"88418","Eubacterium_saphenum","Streptococcus_massiliensis",1
"88419","Leptotrichia_buccalis","Streptococcus_massiliensis",1
"88425","Prevotella_baroniae","Streptococcus_massiliensis",1
"88426","Capnocytophaga_leadbetteri","Streptococcus_massiliensis",1
"88428","Treponema_denticola","Streptococcus_massiliensis",1
"88429","Eubacterium_brachy","Streptococcus_massiliensis",1
"88430","Porphyromonas_endodontalis","Streptococcus_massiliensis",1
"88433","Actinomyces_howellii","Streptococcus_massiliensis",1
"88434","Prevotella_denticola","Streptococcus_massiliensis",1
"88436","Haemophilus_haemoglobinophilus","Streptococcus_massiliensis",1
"88440","Dialister_invisus","Streptococcus_massiliensis",1
"88442","Prevotella_enoeca","Streptococcus_massiliensis",1
"88458","Eubacterium_nodatum","Streptococcus_massiliensis",1
"88462","Anaeroglobus_geminatus","Streptococcus_massiliensis",1
"88463","Olsenella_uli","Streptococcus_massiliensis",1
"88465","Prevotella_veroralis","Streptococcus_massiliensis",1
"88467","Rothia_dentocariosa","Streptococcus_massiliensis",1
"88468","Mycoplasma_faucium","Streptococcus_massiliensis",1
"88474","Corynebacterium_jeikeium","Streptococcus_massiliensis",1
"88479","Campylobacter_curvus","Streptococcus_massiliensis",1
"88490","Actinomyces_gerencseriae","Streptococcus_massiliensis",1
"88493","Selenomonas_noxia","Streptococcus_massiliensis",1
"88494","Bifidobacterium_dentium","Streptococcus_massiliensis",1
"88497","Porphyromonas_gingivalis","Streptococcus_massiliensis",1
"88505","Bacteroides_intestinalis","Streptococcus_massiliensis",1
"88506","Filifactor_alocis","Streptococcus_massiliensis",1
"88511","Lachnoanaerobaculum_saburreum","Streptococcus_massiliensis",1
"88515","Streptococcus_gordonii","Streptococcus_massiliensis",1
"88522","Streptococcus_sanguinis","Streptococcus_massiliensis",1
"88529","Tannerella_forsythia","Streptococcus_massiliensis",1
"88531","Capnocytophaga_granulosa","Streptococcus_massiliensis",1
"88536","Leptotrichia_hongkongensis","Streptococcus_massiliensis",1
"88540","Slackia_exigua","Streptococcus_massiliensis",1
"88542","Streptococcus_oralis","Streptococcus_massiliensis",1
"88547","Desulfobulbus_propionicus","Streptococcus_massiliensis",1
"88552","Howardella_ureilytica","Streptococcus_massiliensis",1
"88569","Prevotella_oralis","Streptococcus_massiliensis",1
"88580","Treponema_amylovorum","Streptococcus_massiliensis",1
"88584","Shuttleworthia_satelles","Streptococcus_massiliensis",1
"88586","Neisseria_macacae","Streptococcus_massiliensis",1
"88589","Treponema_socranskii","Streptococcus_massiliensis",1
"88591","Dialister_pneumosintes","Streptococcus_massiliensis",1
"88592","Selenomonas_flueggei","Streptococcus_massiliensis",1
"88603","Leptotrichia_shahii","Streptococcus_massiliensis",1
"88604","Capnocytophaga_ochracea","Streptococcus_massiliensis",1
"88608","Prevotella_intermedia","Streptococcus_massiliensis",1
"88610","Prevotella_fusca","Streptococcus_massiliensis",1
"88611","Selenomonas_sputigena","Streptococcus_massiliensis",1
"88614","Bulleidia_extructa","Streptococcus_massiliensis",1
"88616","Alloprevotella_tannerae","Streptococcus_massiliensis",1
"88618","Actinomyces_georgiae","Streptococcus_massiliensis",1
"88621","Actinomyces_lingnae","Streptococcus_massiliensis",1
"88625","Prevotella_maculosa","Streptococcus_massiliensis",1
"88642","Treponema_medium","Streptococcus_massiliensis",1
"88643","Selenomonas_infelix","Streptococcus_massiliensis",1
"88644","Prevotella_corporis","Streptococcus_massiliensis",1
"88660","Cryptobacterium_curtum","Streptococcus_massiliensis",1
"88665","Gemella_morbillorum","Streptococcus_massiliensis",1
"88671","Campylobacter_gracilis","Streptococcus_massiliensis",1
"88673","Phocaeicola_abscessus","Streptococcus_massiliensis",1
"88675","Campylobacter_rectus","Streptococcus_massiliensis",1
"88677","Streptococcus_constellatus","Streptococcus_massiliensis",1
"88678","Prevotella_nigrescens","Streptococcus_massiliensis",1
"88679","Corynebacterium_matruchotii","Streptococcus_massiliensis",1
"88680","Eikenella_corrodens","Streptococcus_massiliensis",1
"88683","Scardovia_wiggsiae","Streptococcus_massiliensis",1
"88684","Fusobacterium_nucleatum","Streptococcus_massiliensis",1
"88693","Prevotella_buccae","Streptococcus_massiliensis",1
"88696","Alloscardovia_omnicolens","Streptococcus_massiliensis",1
"88700","Pseudoramibacter_alactolyticus","Streptococcus_massiliensis",1
"88701","Mogibacterium_timidum","Streptococcus_massiliensis",1
"88702","Streptococcus_mutans","Streptococcus_massiliensis",1
"88703","Streptococcus_thermophilus","Streptococcus_massiliensis",1
"88708","Streptococcus_anginosus","Streptococcus_massiliensis",1
"88709","Leptotrichia_trevisanii","Streptococcus_massiliensis",1
"88712","Streptococcus_mitis","Streptococcus_massiliensis",1
"88714","Prevotella_oris","Streptococcus_massiliensis",1
"88724","Prevotella_micans","Streptococcus_massiliensis",1
"88726","Kingella_denitrificans","Streptococcus_massiliensis",1
"88730","Kingella_oralis","Streptococcus_massiliensis",1
"88732","Fretibacterium_fastidiosum","Streptococcus_massiliensis",1
"88734","Olsenella_profusa","Streptococcus_massiliensis",1
"88738","Selenomonas_artemidis","Streptococcus_massiliensis",1
"88740","Prevotella_histicola","Streptococcus_massiliensis",1
"88747","Prevotella_multiformis","Streptococcus_massiliensis",1
"88750","Actinomyces_israelii","Streptococcus_massiliensis",1
"88760","Prevotella_oulorum","Streptococcus_massiliensis",1
"88762","Atopobium_rimae","Streptococcus_massiliensis",1
"88765","Selenomonas_dianae","Streptococcus_massiliensis",1
"88767","Treponema_maltophilum","Streptococcus_massiliensis",1
"88770","Haemophilus_haemolyticus","Streptococcus_massiliensis",1
"88885","Lactobacillus_johnsonii","Lactobacillus_plantarum",1
"89015","Lactobacillus_reuteri","Lactobacillus_plantarum",1
"89070","Lactobacillus_fermentum","Lactobacillus_plantarum",1
"89350","Prevotella_copri","Eubacterium_biforme",1
"89366","Eubacterium_rectale","Eubacterium_biforme",1
"89482","Escherichia_coli","Eubacterium_biforme",1
"89631","Dialister_succinatiphilus","Eubacterium_biforme",1
"89634","Parabacteroides_merdae","Eubacterium_biforme",1
"89647","Blautia_luti","Eubacterium_biforme",1
"89651","Dorea_longicatena","Eubacterium_biforme",1
"89665","Faecalibacterium_prausnitzii","Eubacterium_biforme",1
"89672","Parabacteroides_distasonis","Eubacterium_biforme",1
"89691","Prevotella_baroniae","Prevotella_disiens",1
"89695","Eubacterium_brachy","Prevotella_disiens",1
"89696","Porphyromonas_endodontalis","Prevotella_disiens",1
"89703","Prevotella_scopos","Prevotella_disiens",1
"89724","Eubacterium_nodatum","Prevotella_disiens",1
"89728","Anaeroglobus_geminatus","Prevotella_disiens",1
"89757","Bacteroides_stercoris","Prevotella_disiens",1
"89763","Porphyromonas_gingivalis","Prevotella_disiens",1
"89772","Filifactor_alocis","Prevotella_disiens",1
"89837","Alloprevotella_rava","Prevotella_disiens",1
"89874","Prevotella_intermedia","Prevotella_disiens",1
"89880","Bulleidia_extructa","Prevotella_disiens",1
"89947","Parvimonas_micra","Prevotella_disiens",1
"89950","Fusobacterium_nucleatum","Prevotella_disiens",1
"89959","Prevotella_buccae","Prevotella_disiens",1
"89967","Mogibacterium_timidum","Prevotella_disiens",1
"89980","Prevotella_oris","Prevotella_disiens",1
"90048","Eubacterium_coprostanoligenes","Prevotella_disiens",1
"90059","Coprococcus_eutactus","Prevotella_disiens",1
"90071","Eubacterium_hallii","Prevotella_disiens",1
"90076","Alistipes_putredinis","Prevotella_disiens",1
"90531","Veillonella_dispar","Bifidobacterium_longum",1
"90535","Clostridium_ruminantium","Bifidobacterium_longum",1
"90570","Prevotella_salivae","Bifidobacterium_longum",1
"90580","Prevotella_veroralis","Bifidobacterium_longum",1
"90606","Bacteroides_stercoris","Bifidobacterium_longum",1
"90615","Acinetobacter_junii","Bifidobacterium_longum",1
"90681","Streptococcus_parasanguinis","Bifidobacterium_longum",1
"90682","Eubacterium_ramulus","Bifidobacterium_longum",1
"90685","Actinomyces_graevenitzii","Bifidobacterium_longum",1
"90690","Atopobium_parvulum","Bifidobacterium_longum",1
"90709","Lactobacillus_reuteri","Bifidobacterium_longum",1
"90774","Megasphaera_micronuciformis","Bifidobacterium_longum",1
"90775","Cryptobacterium_curtum","Bifidobacterium_longum",1
"90783","Veillonella_atypica","Bifidobacterium_longum",1
"90784","Intestinimonas_butyriciproducens","Bifidobacterium_longum",1
"90811","Alloscardovia_omnicolens","Bifidobacterium_longum",1
"90817","Streptococcus_mutans","Bifidobacterium_longum",1
"90822","Neisseria_flavescens","Bifidobacterium_longum",-1
"90855","Prevotella_histicola","Bifidobacterium_longum",1
"90868","Lactobacillus_oris","Bifidobacterium_longum",1
"90888","Lactobacillus_helveticus","Bifidobacterium_longum",1
"90897","Eubacterium_coprostanoligenes","Bifidobacterium_longum",1
"90902","Turicibacter_sanguinis","Bifidobacterium_longum",1
"90905","Flavonifractor_plautii","Bifidobacterium_longum",1
"90906","Parabacteroides_merdae","Bifidobacterium_longum",1
"90907","Ruminococcus_gnavus","Bifidobacterium_longum",1
"90908","Coprococcus_eutactus","Bifidobacterium_longum",1
"90910","Ruminococcus_bromii","Bifidobacterium_longum",1
"90912","Anaerostipes_hadrus","Bifidobacterium_longum",1
"90916","Lactobacillus_amylovorus","Bifidobacterium_longum",1
"90919","Blautia_luti","Bifidobacterium_longum",1
"90920","Eubacterium_hallii","Bifidobacterium_longum",1
"90925","Alistipes_putredinis","Bifidobacterium_longum",1
"90932","Blautia_faecis","Bifidobacterium_longum",1
"90943","Eubacterium_eligens","Bifidobacterium_longum",1
"90951","Coprococcus_comes","Bifidobacterium_longum",1
"91325","Bacteroides_vulgatus","Oscillibacter_valericigenes",1
"91330","Bacteroides_uniformis","Oscillibacter_valericigenes",1
"91351","Alistipes_putredinis","Oscillibacter_valericigenes",1
"91370","Parabacteroides_distasonis","Oscillibacter_valericigenes",1
"91380","Rothia_aeria","Necropsobacter_rosorum",1
"91387","Leptotrichia_buccalis","Necropsobacter_rosorum",1
"91392","Neisseria_sicca","Necropsobacter_rosorum",1
"91404","Haemophilus_haemoglobinophilus","Necropsobacter_rosorum",1
"91447","Campylobacter_curvus","Necropsobacter_rosorum",1
"91455","Lautropia_mirabilis","Necropsobacter_rosorum",1
"91457","Actinobacillus_rossii","Necropsobacter_rosorum",1
"91460","Neisseria_shayeganii","Necropsobacter_rosorum",1
"91464","Haemophilus_parainfluenzae","Necropsobacter_rosorum",1
"91481","Brachymonas_denitrificans","Necropsobacter_rosorum",1
"91490","Streptococcus_sanguinis","Necropsobacter_rosorum",1
"91496","Campylobacter_showae","Necropsobacter_rosorum",1
"91500","Neisseria_oralis","Necropsobacter_rosorum",1
"91504","Leptotrichia_hongkongensis","Necropsobacter_rosorum",1
"91516","Cardiobacterium_valvarum","Necropsobacter_rosorum",1
"91527","Streptobacillus_moniliformis","Necropsobacter_rosorum",1
"91547","Pasteurella_pneumotropica","Necropsobacter_rosorum",1
"91572","Capnocytophaga_ochracea","Necropsobacter_rosorum",1
"91577","Porphyromonas_uenonis","Necropsobacter_rosorum",1
"91583","Haemophilus_parahaemolyticus","Necropsobacter_rosorum",1
"91594","Haemophilus_influenzae","Necropsobacter_rosorum",1
"91601","Veillonella_parvula","Necropsobacter_rosorum",1
"91604","Capnocytophaga_sputigena","Necropsobacter_rosorum",1
"91623","Granulicatella_elegans","Necropsobacter_rosorum",1
"91632","Abiotrophia_defectiva","Necropsobacter_rosorum",1
"91638","Actinomyces_timonensis","Necropsobacter_rosorum",1
"91647","Corynebacterium_matruchotii","Necropsobacter_rosorum",1
"91648","Eikenella_corrodens","Necropsobacter_rosorum",1
"91652","Fusobacterium_nucleatum","Necropsobacter_rosorum",1
"91653","Prevotella_saccharolytica","Necropsobacter_rosorum",1
"91675","Neisseria_flavescens","Necropsobacter_rosorum",1
"91680","Streptococcus_mitis","Necropsobacter_rosorum",1
"91684","Porphyromonas_catoniae","Necropsobacter_rosorum",1
"91686","Aggregatibacter_aphrophilus","Necropsobacter_rosorum",1
"91690","Neisseria_dentiae","Necropsobacter_rosorum",1
"91692","Prevotella_micans","Necropsobacter_rosorum",1
"91699","Cardiobacterium_hominis","Necropsobacter_rosorum",1
"91707","Streptococcus_infantis","Necropsobacter_rosorum",1
"91709","Aggregatibacter_segnis","Necropsobacter_rosorum",1
"91716","Neisseria_canis","Necropsobacter_rosorum",1
"91724","Prevotella_loescheii","Necropsobacter_rosorum",1
"91733","Selenomonas_dianae","Necropsobacter_rosorum",1
"91738","Haemophilus_haemolyticus","Necropsobacter_rosorum",1
"91892","Haemophilus_parainfluenzae","Riemerella_anatipestifer",1
"92316","Bacteroides_stercoris","Bacteroides_coprocola",1
"92348","Eubacterium_rectale","Bacteroides_coprocola",1
"92430","Prevotella_ruminicola","Bacteroides_coprocola",1
"92464","Escherichia_coli","Bacteroides_coprocola",1
"92541","Porphyromonas_catoniae","Bacteroides_coprocola",1
"92608","Bacteroides_plebeius","Bacteroides_coprocola",1
"92609","Bacteroides_vulgatus","Bacteroides_coprocola",1
"92612","Turicibacter_sanguinis","Bacteroides_coprocola",1
"92614","Bacteroides_uniformis","Bacteroides_coprocola",1
"92615","Flavonifractor_plautii","Bacteroides_coprocola",1
"92616","Parabacteroides_merdae","Bacteroides_coprocola",1
"92622","Anaerostipes_hadrus","Bacteroides_coprocola",1
"92643","Bacteroides_caccae","Bacteroides_coprocola",1
"92654","Parabacteroides_distasonis","Bacteroides_coprocola",1
"93106","Clostridium_ruminantium","Alistipes_shahii",1
"93174","Barnesiella_intestinihominis","Alistipes_shahii",1
"93177","Bacteroides_stercoris","Alistipes_shahii",1
"93193","Prevotella_copri","Alistipes_shahii",1
"93209","Eubacterium_rectale","Alistipes_shahii",1
"93305","Bilophila_wadsworthia","Alistipes_shahii",1
"93469","Bacteroides_plebeius","Alistipes_shahii",1
"93470","Bacteroides_vulgatus","Alistipes_shahii",1
"93475","Bacteroides_uniformis","Alistipes_shahii",1
"93477","Parabacteroides_merdae","Alistipes_shahii",1
"93479","Coprococcus_eutactus","Alistipes_shahii",1
"93481","Ruminococcus_bromii","Alistipes_shahii",1
"93483","Anaerostipes_hadrus","Alistipes_shahii",1
"93490","Blautia_luti","Alistipes_shahii",1
"93494","Dorea_longicatena","Alistipes_shahii",1
"93496","Alistipes_putredinis","Alistipes_shahii",1
"93508","Faecalibacterium_prausnitzii","Alistipes_shahii",1
"93515","Parabacteroides_distasonis","Alistipes_shahii",1
"94039","Barnesiella_intestinihominis","Alistipes_finegoldii",1
"94074","Eubacterium_rectale","Alistipes_finegoldii",1
"94335","Bacteroides_vulgatus","Alistipes_finegoldii",1
"94340","Bacteroides_uniformis","Alistipes_finegoldii",1
"94366","Eubacterium_siraeum","Alistipes_finegoldii",1
"95330","Corynebacterium_jeikeium","Granulicatella_balaenopterae",1
"95366","Rothia_mucilaginosa","Granulicatella_balaenopterae",1
"95371","Streptococcus_gordonii","Granulicatella_balaenopterae",1
"95378","Streptococcus_sanguinis","Granulicatella_balaenopterae",1
"95521","Gemella_morbillorum","Granulicatella_balaenopterae",1
"95572","Porphyromonas_catoniae","Granulicatella_balaenopterae",1
"95713","Clostridium_ruminantium","Parasutterella_excrementihominis",1
"95759","Dialister_propionicifaciens","Parasutterella_excrementihominis",1
"95781","Barnesiella_intestinihominis","Parasutterella_excrementihominis",1
"95784","Bacteroides_stercoris","Parasutterella_excrementihominis",1
"95794","Bacteroides_acidifaciens","Parasutterella_excrementihominis",1
"95798","Bacteroides_intestinalis","Parasutterella_excrementihominis",1
"95912","Bilophila_wadsworthia","Parasutterella_excrementihominis",1
"95932","Escherichia_coli","Parasutterella_excrementihominis",1
"96075","Eubacterium_coprostanoligenes","Parasutterella_excrementihominis",1
"96077","Bacteroides_vulgatus","Parasutterella_excrementihominis",1
"96080","Turicibacter_sanguinis","Parasutterella_excrementihominis",1
"96081","Dialister_succinatiphilus","Parasutterella_excrementihominis",1
"96082","Bacteroides_uniformis","Parasutterella_excrementihominis",1
"96086","Coprococcus_eutactus","Parasutterella_excrementihominis",1
"96088","Ruminococcus_bromii","Parasutterella_excrementihominis",1
"96090","Anaerostipes_hadrus","Parasutterella_excrementihominis",1
"96097","Blautia_luti","Parasutterella_excrementihominis",1
"96101","Dorea_longicatena","Parasutterella_excrementihominis",1
"96109","Akkermansia_muciniphila","Parasutterella_excrementihominis",1
"96115","Faecalibacterium_prausnitzii","Parasutterella_excrementihominis",1
"96122","Parabacteroides_distasonis","Parasutterella_excrementihominis",1
"96124","Roseburia_inulinivorans","Parasutterella_excrementihominis",1
"96513","Eubacterium_coprostanoligenes","Bacteroides_dorei",1
"96515","Bacteroides_vulgatus","Bacteroides_dorei",1
"96553","Faecalibacterium_prausnitzii","Bacteroides_dorei",1
"96590","Clostridium_ruminantium","Clostridium_disporicum",1
"96953","Bacteroides_plebeius","Clostridium_disporicum",1
"96954","Bacteroides_vulgatus","Clostridium_disporicum",1
"96957","Turicibacter_sanguinis","Clostridium_disporicum",1
"96959","Bacteroides_uniformis","Clostridium_disporicum",1
"96961","Parabacteroides_merdae","Clostridium_disporicum",1
"96990","Phascolarctobacterium_succinatutens","Clostridium_disporicum",1
"96999","Parabacteroides_distasonis","Clostridium_disporicum",1
"97098","Barnesiella_intestinihominis","Ruminococcus_torques",1
"97133","Eubacterium_rectale","Ruminococcus_torques",1
"97249","Escherichia_coli","Ruminococcus_torques",1
"97279","Intestinimonas_butyriciproducens","Ruminococcus_torques",1
"97394","Bacteroides_vulgatus","Ruminococcus_torques",1
"97399","Bacteroides_uniformis","Ruminococcus_torques",1
"97401","Parabacteroides_merdae","Ruminococcus_torques",1
"97403","Coprococcus_eutactus","Ruminococcus_torques",1
"97407","Anaerostipes_hadrus","Ruminococcus_torques",1
"97416","Roseburia_faecis","Ruminococcus_torques",1
"97441","Roseburia_inulinivorans","Ruminococcus_torques",1
"97456","Catenibacterium_mitsuokai","Ruminococcus_torques",1
"97469","Eubacterium_saphenum","Mycoplasma_spermatophilum",1
"97483","Prevotella_shahii","Mycoplasma_spermatophilum",1
"97491","Dialister_invisus","Mycoplasma_spermatophilum",1
"97528","Treponema_refringens","Mycoplasma_spermatophilum",1
"97529","Treponema_pedis","Mycoplasma_spermatophilum",1
"97538","Lautropia_mirabilis","Mycoplasma_spermatophilum",1
"97575","Fusobacterium_periodonticum","Mycoplasma_spermatophilum",1
"97579","Campylobacter_showae","Mycoplasma_spermatophilum",1
"97632","Prevotella_nanceiensis","Mycoplasma_spermatophilum",1
"97649","Simonsiella_muelleri","Mycoplasma_spermatophilum",1
"97652","Prevotella_aurantiaca","Mycoplasma_spermatophilum",1
"97660","Porphyromonas_uenonis","Mycoplasma_spermatophilum",1
"97667","Alloprevotella_tannerae","Mycoplasma_spermatophilum",1
"97689","Mobiluncus_mulieris","Mycoplasma_spermatophilum",1
"97692","Mycoplasma_orale","Mycoplasma_spermatophilum",1
"97708","Campylobacter_concisus","Mycoplasma_spermatophilum",1
"97722","Campylobacter_gracilis","Mycoplasma_spermatophilum",1
"97731","Eikenella_corrodens","Mycoplasma_spermatophilum",1
"97732","Parvimonas_micra","Mycoplasma_spermatophilum",1
"97737","Catonella_morbi","Mycoplasma_spermatophilum",1
"97745","Fusobacterium_russii","Mycoplasma_spermatophilum",1
"97757","Treponema_pectinovorum","Mycoplasma_spermatophilum",1
"97960","Rothia_dentocariosa","Enterococcus_italicus",1
"97967","Corynebacterium_jeikeium","Enterococcus_italicus",1
"98003","Rothia_mucilaginosa","Enterococcus_italicus",1
"98030","Gemella_haemolysans","Enterococcus_italicus",1
"98201","Streptococcus_anginosus","Enterococcus_italicus",1
"98316","Vagococcus_lutrae","Enterococcus_italicus",1
"98341","Granulicatella_balaenopterae","Enterococcus_italicus",1
"98352","Veillonella_dispar","Actinomyces_radicidentis",1
"98403","Rothia_dentocariosa","Actinomyces_radicidentis",1
"98410","Corynebacterium_jeikeium","Actinomyces_radicidentis",1
"98430","Bifidobacterium_dentium","Actinomyces_radicidentis",1
"98433","Porphyromonas_gingivalis","Actinomyces_radicidentis",1
"98446","Rothia_mucilaginosa","Actinomyces_radicidentis",1
"98451","Streptococcus_gordonii","Actinomyces_radicidentis",1
"98458","Streptococcus_sanguinis","Actinomyces_radicidentis",1
"98472","Leptotrichia_hongkongensis","Actinomyces_radicidentis",1
"98502","Streptococcus_parasanguinis","Actinomyces_radicidentis",1
"98524","Streptococcus_intermedius","Actinomyces_radicidentis",1
"98532","Mycoplasma_salivarium","Actinomyces_radicidentis",1
"98540","Capnocytophaga_ochracea","Actinomyces_radicidentis",1
"98585","Lactobacillus_fermentum","Actinomyces_radicidentis",1
"98607","Campylobacter_gracilis","Actinomyces_radicidentis",1
"98613","Streptococcus_constellatus","Actinomyces_radicidentis",1
"98619","Scardovia_wiggsiae","Actinomyces_radicidentis",1
"98636","Pseudoramibacter_alactolyticus","Actinomyces_radicidentis",1
"98638","Streptococcus_mutans","Actinomyces_radicidentis",1
"98644","Streptococcus_anginosus","Actinomyces_radicidentis",1
"98650","Prevotella_oris","Actinomyces_radicidentis",1
"98666","Kingella_oralis","Actinomyces_radicidentis",1
"98686","Actinomyces_israelii","Actinomyces_radicidentis",1
"98737","Lactobacillus_amylovorus","Actinomyces_radicidentis",1
"99245","Clostridium_ruminantium","Clostridium_lactatifermentans",1
"99313","Barnesiella_intestinihominis","Clostridium_lactatifermentans",1
"99348","Eubacterium_rectale","Clostridium_lactatifermentans",1
"99609","Bacteroides_vulgatus","Clostridium_lactatifermentans",1
"99647","Faecalibacterium_prausnitzii","Clostridium_lactatifermentans",1
"100055","Bacteroides_vulgatus","Bacteroides_ovatus",1
"100206","Barnesiella_intestinihominis","Bacteroides_eggerthii",1
"100357","Escherichia_coli","Bacteroides_eggerthii",1
"100500","Eubacterium_coprostanoligenes","Bacteroides_eggerthii",1
"100507","Bacteroides_uniformis","Bacteroides_eggerthii",1
"100513","Ruminococcus_bromii","Bacteroides_eggerthii",1
"100586","Clostridium_ruminantium","Collinsella_aerofaciens",1
"101035","Clostridium_ruminantium","Eubacterium_desmolans",1
"101103","Barnesiella_intestinihominis","Eubacterium_desmolans",1
"101106","Bacteroides_stercoris","Eubacterium_desmolans",1
"101122","Prevotella_copri","Eubacterium_desmolans",1
"101138","Eubacterium_rectale","Eubacterium_desmolans",1
"101169","Clostridium_hathewayi","Eubacterium_desmolans",1
"101254","Escherichia_coli","Eubacterium_desmolans",1
"101284","Intestinimonas_butyriciproducens","Eubacterium_desmolans",1
"101397","Eubacterium_coprostanoligenes","Eubacterium_desmolans",1
"101399","Bacteroides_vulgatus","Eubacterium_desmolans",1
"101404","Bacteroides_uniformis","Eubacterium_desmolans",1
"101405","Flavonifractor_plautii","Eubacterium_desmolans",1
"101412","Anaerostipes_hadrus","Eubacterium_desmolans",1
"101436","Ruminococcus_flavefaciens","Eubacterium_desmolans",1
"101437","Faecalibacterium_prausnitzii","Eubacterium_desmolans",1
"101443","Eubacterium_eligens","Eubacterium_desmolans",1
"101444","Parabacteroides_distasonis","Eubacterium_desmolans",1
"101446","Roseburia_inulinivorans","Eubacterium_desmolans",1
"101456","Bacteroides_coprocola","Eubacterium_desmolans",1
"101528","Olsenella_uli","Clostridium_hylemonae",1
"101734","Intestinimonas_butyriciproducens","Clostridium_hylemonae",1
"101787","Neisseria_dentiae","Clostridium_hylemonae",1
"101849","Bacteroides_vulgatus","Clostridium_hylemonae",1
"101860","Ruminococcus_bromii","Clostridium_hylemonae",1
"101873","Dorea_longicatena","Clostridium_hylemonae",1
"101882","Blautia_faecis","Clostridium_hylemonae",1
"101894","Parabacteroides_distasonis","Clostridium_hylemonae",1
"101917","Ruminococcus_torques","Clostridium_hylemonae",1
"101923","Bacteroides_ovatus","Clostridium_hylemonae",1
"101925","Collinsella_aerofaciens","Clostridium_hylemonae",1
"102007","Bacteroides_stercoris","Fusicatenibacter_saccharivorans",1
"102039","Eubacterium_rectale","Fusicatenibacter_saccharivorans",1
"102299","Bacteroides_plebeius","Fusicatenibacter_saccharivorans",1
"102300","Bacteroides_vulgatus","Fusicatenibacter_saccharivorans",1
"102305","Bacteroides_uniformis","Fusicatenibacter_saccharivorans",1
"102311","Ruminococcus_bromii","Fusicatenibacter_saccharivorans",1
"102338","Faecalibacterium_prausnitzii","Fusicatenibacter_saccharivorans",1
"102478","Rothia_mucilaginosa","Kingella_kingae",1
"102566","Simonsiella_muelleri","Kingella_kingae",1
"103666","Parabacteroides_merdae","Sutterella_wadsworthensis",1
"104568","Eubacterium_coprostanoligenes","Ruminococcus_albus",1
"104570","Bacteroides_vulgatus","Ruminococcus_albus",1
"104575","Bacteroides_uniformis","Ruminococcus_albus",1
"104581","Ruminococcus_bromii","Ruminococcus_albus",1
"104591","Eubacterium_hallii","Ruminococcus_albus",1
"104596","Alistipes_putredinis","Ruminococcus_albus",1
"104604","Bacteroides_caccae","Ruminococcus_albus",1
"104608","Faecalibacterium_prausnitzii","Ruminococcus_albus",1
"104622","Coprococcus_comes","Ruminococcus_albus",1
"104636","Bacteroides_dorei","Ruminococcus_albus",1
"104643","Clostridium_lactatifermentans","Ruminococcus_albus",1
"105126","Prevotella_baroniae","Prevotella_stercorea",1
"105483","Eubacterium_coprostanoligenes","Prevotella_stercorea",1
"105490","Bacteroides_uniformis","Prevotella_stercorea",1
"105491","Flavonifractor_plautii","Prevotella_stercorea",1
"105492","Parabacteroides_merdae","Prevotella_stercorea",1
"105494","Coprococcus_eutactus","Prevotella_stercorea",1
"105496","Ruminococcus_bromii","Prevotella_stercorea",1
"105498","Anaerostipes_hadrus","Prevotella_stercorea",1
"105539","Oscillibacter_valericigenes","Prevotella_stercorea",1
"105553","Ruminococcus_torques","Prevotella_stercorea",1
"106108","Barnesiella_intestinihominis","Dorea_formicigenerans",1
"106127","Prevotella_copri","Dorea_formicigenerans",1
"106143","Eubacterium_rectale","Dorea_formicigenerans",1
"106198","Megamonas_funiformis","Dorea_formicigenerans",1
"106400","Gemmiger_formicilis","Dorea_formicigenerans",1
"106404","Bacteroides_vulgatus","Dorea_formicigenerans",1
"106409","Bacteroides_uniformis","Dorea_formicigenerans",1
"106415","Ruminococcus_bromii","Dorea_formicigenerans",1
"106428","Dorea_longicatena","Dorea_formicigenerans",1
"106442","Faecalibacterium_prausnitzii","Dorea_formicigenerans",1
"106454","Eubacterium_biforme","Dorea_formicigenerans",1
"106478","Bacteroides_ovatus","Dorea_formicigenerans",1
"106604","Eubacterium_rectale","Ruminococcus_obeum",1
"107031","Barnesiella_intestinihominis","Oscillospira_guilliermondii",1
"107050","Prevotella_copri","Oscillospira_guilliermondii",1
"107066","Eubacterium_rectale","Oscillospira_guilliermondii",1
"107326","Bacteroides_plebeius","Oscillospira_guilliermondii",1
"107327","Bacteroides_vulgatus","Oscillospira_guilliermondii",1
"107331","Dialister_succinatiphilus","Oscillospira_guilliermondii",1
"107332","Bacteroides_uniformis","Oscillospira_guilliermondii",1
"107353","Alistipes_putredinis","Oscillospira_guilliermondii",1
"107372","Parabacteroides_distasonis","Oscillospira_guilliermondii",1
"107401","Bacteroides_ovatus","Oscillospira_guilliermondii",1
"107403","Collinsella_aerofaciens","Oscillospira_guilliermondii",1
"107408","Phascolarctobacterium_faecium","Oscillospira_guilliermondii",1
"107426","Clostridium_ruminantium","Roseburia_intestinalis",1
"107482","Acinetobacter_baumannii","Roseburia_intestinalis",1
"107494","Barnesiella_intestinihominis","Roseburia_intestinalis",1
"107497","Bacteroides_stercoris","Roseburia_intestinalis",1
"107513","Prevotella_copri","Roseburia_intestinalis",1
"107529","Eubacterium_rectale","Roseburia_intestinalis",1
"107573","Eubacterium_ramulus","Roseburia_intestinalis",1
"107645","Escherichia_coli","Roseburia_intestinalis",1
"107786","Gemmiger_formicilis","Roseburia_intestinalis",1
"107788","Eubacterium_coprostanoligenes","Roseburia_intestinalis",1
"107789","Bacteroides_plebeius","Roseburia_intestinalis",1
"107790","Bacteroides_vulgatus","Roseburia_intestinalis",1
"107794","Dialister_succinatiphilus","Roseburia_intestinalis",1
"107795","Bacteroides_uniformis","Roseburia_intestinalis",1
"107796","Flavonifractor_plautii","Roseburia_intestinalis",1
"107797","Parabacteroides_merdae","Roseburia_intestinalis",1
"107799","Coprococcus_eutactus","Roseburia_intestinalis",1
"107801","Ruminococcus_bromii","Roseburia_intestinalis",1
"107810","Blautia_luti","Roseburia_intestinalis",1
"107811","Eubacterium_hallii","Roseburia_intestinalis",1
"107812","Roseburia_faecis","Roseburia_intestinalis",1
"107814","Dorea_longicatena","Roseburia_intestinalis",1
"107821","Eubacterium_siraeum","Roseburia_intestinalis",1
"107823","Blautia_faecis","Roseburia_intestinalis",1
"107828","Faecalibacterium_prausnitzii","Roseburia_intestinalis",1
"107834","Eubacterium_eligens","Roseburia_intestinalis",1
"107835","Parabacteroides_distasonis","Roseburia_intestinalis",1
"107836","Anaerococcus_octavius","Roseburia_intestinalis",1
"107840","Eubacterium_biforme","Roseburia_intestinalis",1
"107843","Bifidobacterium_longum","Roseburia_intestinalis",1
"107855","Parasutterella_excrementihominis","Roseburia_intestinalis",1
"107856","Bacteroides_dorei","Roseburia_intestinalis",1
"107857","Clostridium_disporicum","Roseburia_intestinalis",1
"107863","Clostridium_lactatifermentans","Roseburia_intestinalis",1
"107864","Bacteroides_ovatus","Roseburia_intestinalis",1
"107866","Collinsella_aerofaciens","Roseburia_intestinalis",1
"107871","Phascolarctobacterium_faecium","Roseburia_intestinalis",1
"107878","Dorea_formicigenerans","Roseburia_intestinalis",1
"107880","Oscillospira_guilliermondii","Roseburia_intestinalis",1
"107952","Streptococcus_pneumoniae","Actinobacillus_succinogenes",1
"108012","Streptococcus_oralis","Actinobacillus_succinogenes",1
"108182","Streptococcus_mitis","Actinobacillus_succinogenes",1
"108719","Bacteroides_vulgatus","Bacteroides_thetaiotaomicron",1
"108724","Bacteroides_uniformis","Bacteroides_thetaiotaomicron",1
"108757","Faecalibacterium_prausnitzii","Bacteroides_thetaiotaomicron",1
"108867","Dialister_propionicifaciens","Clostridium_ramosum",1
"108889","Barnesiella_intestinihominis","Clostridium_ramosum",1
"108892","Bacteroides_stercoris","Clostridium_ramosum",1
"109040","Escherichia_coli","Clostridium_ramosum",1
"109181","Gemmiger_formicilis","Clostridium_ramosum",1
"109183","Eubacterium_coprostanoligenes","Clostridium_ramosum",1
"109185","Bacteroides_vulgatus","Clostridium_ramosum",1
"109190","Bacteroides_uniformis","Clostridium_ramosum",1
"109192","Parabacteroides_merdae","Clostridium_ramosum",1
"109193","Ruminococcus_gnavus","Clostridium_ramosum",1
"109196","Ruminococcus_bromii","Clostridium_ramosum",1
"109219","Bacteroides_caccae","Clostridium_ramosum",1
"109223","Faecalibacterium_prausnitzii","Clostridium_ramosum",1
"109230","Parabacteroides_distasonis","Clostridium_ramosum",1
"109253","Ruminococcus_torques","Clostridium_ramosum",1
"109259","Bacteroides_ovatus","Clostridium_ramosum",1
"109261","Collinsella_aerofaciens","Clostridium_ramosum",1
"109266","Phascolarctobacterium_faecium","Clostridium_ramosum",1
"109268","Bacteroides_fragilis","Clostridium_ramosum",1
"109304","Haemophilus_haemoglobinophilus","Haemophilus_parasuis",1
"109357","Actinobacillus_rossii","Haemophilus_parasuis",1
"109364","Haemophilus_parainfluenzae","Haemophilus_parasuis",1
"109378","Rothia_mucilaginosa","Haemophilus_parasuis",1
"109390","Streptococcus_sanguinis","Haemophilus_parasuis",1
"109441","Actinobacillus_porcinus","Haemophilus_parasuis",1
"109447","Pasteurella_pneumotropica","Haemophilus_parasuis",1
"109483","Haemophilus_parahaemolyticus","Haemophilus_parasuis",1
"109754","Eubacterium_saphenum","Veillonella_criceti",1
"109755","Leptotrichia_buccalis","Veillonella_criceti",1
"109780","Veillonella_montpellierensis","Veillonella_criceti",1
"109794","Eubacterium_nodatum","Veillonella_criceti",1
"109801","Prevotella_veroralis","Veillonella_criceti",1
"109830","Bifidobacterium_dentium","Veillonella_criceti",1
"109833","Porphyromonas_gingivalis","Veillonella_criceti",1
"109841","Bacteroides_intestinalis","Veillonella_criceti",1
"109844","Odoribacter_denticanis","Veillonella_criceti",1
"109845","Bacteroides_heparinolyticus","Veillonella_criceti",1
"109851","Streptococcus_gordonii","Veillonella_criceti",1
"109886","Prevotella_pleuritidis","Veillonella_criceti",1
"109891","Propionibacterium_acidifaciens","Veillonella_criceti",1
"109895","Streptobacillus_moniliformis","Veillonella_criceti",1
"109905","Prevotella_oralis","Veillonella_criceti",1
"109921","Treponema_lecithinolyticum","Veillonella_criceti",1
"109946","Prevotella_fusca","Veillonella_criceti",1
"109947","Selenomonas_sputigena","Veillonella_criceti",1
"109989","Eggerthia_catenaformis","Veillonella_criceti",1
"109991","Granulicatella_elegans","Veillonella_criceti",1
"110011","Campylobacter_rectus","Veillonella_criceti",1
"110013","Streptococcus_constellatus","Veillonella_criceti",1
"110020","Fusobacterium_nucleatum","Veillonella_criceti",1
"110029","Prevotella_buccae","Veillonella_criceti",1
"110046","Treponema_putidum","Veillonella_criceti",1
"110077","Aggregatibacter_segnis","Veillonella_criceti",1
"110083","Prevotella_multiformis","Veillonella_criceti",1
"110097","Sneathia_sanguinegens","Veillonella_criceti",1
"110106","Haemophilus_haemolyticus","Veillonella_criceti",1
"110121","Fusobacterium_necrophorum","Veillonella_criceti",1
"110587","Eubacterium_coprostanoligenes","Parabacteroides_goldsteinii",1
"110763","Barnesiella_intestinihominis","Clostridium_leptum",1
"110766","Bacteroides_stercoris","Clostridium_leptum",1
"110798","Eubacterium_rectale","Clostridium_leptum",1
"110894","Bilophila_wadsworthia","Clostridium_leptum",1
"110914","Escherichia_coli","Clostridium_leptum",1
"111058","Bacteroides_plebeius","Clostridium_leptum",1
"111059","Bacteroides_vulgatus","Clostridium_leptum",1
"111065","Flavonifractor_plautii","Clostridium_leptum",1
"111067","Ruminococcus_gnavus","Clostridium_leptum",1
"111070","Ruminococcus_bromii","Clostridium_leptum",1
"111085","Alistipes_putredinis","Clostridium_leptum",1
"111090","Eubacterium_siraeum","Clostridium_leptum",1
"111097","Faecalibacterium_prausnitzii","Clostridium_leptum",1
"111106","Roseburia_inulinivorans","Clostridium_leptum",1
"111125","Bacteroides_dorei","Clostridium_leptum",1
"111127","Ruminococcus_torques","Clostridium_leptum",1
"111135","Collinsella_aerofaciens","Clostridium_leptum",1
"111148","Ruminococcus_obeum","Clostridium_leptum",1
"111575","Parabacteroides_distasonis","Odoribacter_splanchnicus",1
"111577","Roseburia_inulinivorans","Odoribacter_splanchnicus",1
"112111","Clostridium_ruminantium","Clostridium_bartlettii",1
"112130","Megasphaera_elsdenii","Clostridium_bartlettii",1
"112157","Dialister_propionicifaciens","Clostridium_bartlettii",1
"112198","Prevotella_copri","Clostridium_bartlettii",1
"112214","Eubacterium_rectale","Clostridium_bartlettii",1
"112471","Gemmiger_formicilis","Clostridium_bartlettii",1
"112473","Eubacterium_coprostanoligenes","Clostridium_bartlettii",1
"112474","Bacteroides_plebeius","Clostridium_bartlettii",1
"112475","Bacteroides_vulgatus","Clostridium_bartlettii",1
"112480","Bacteroides_uniformis","Clostridium_bartlettii",1
"112486","Ruminococcus_bromii","Clostridium_bartlettii",1
"112488","Anaerostipes_hadrus","Clostridium_bartlettii",1
"112497","Roseburia_faecis","Clostridium_bartlettii",1
"112499","Dorea_longicatena","Clostridium_bartlettii",1
"112501","Alistipes_putredinis","Clostridium_bartlettii",1
"112509","Bacteroides_caccae","Clostridium_bartlettii",1
"112520","Parabacteroides_distasonis","Clostridium_bartlettii",1
"112527","Coprococcus_comes","Clostridium_bartlettii",1
"112548","Clostridium_lactatifermentans","Clostridium_bartlettii",1
"112549","Bacteroides_ovatus","Clostridium_bartlettii",1
"112552","Eubacterium_desmolans","Clostridium_bartlettii",1
"112556","Phascolarctobacterium_faecium","Clostridium_bartlettii",1
"112557","Sutterella_wadsworthensis","Clostridium_bartlettii",1
"112558","Bacteroides_fragilis","Clostridium_bartlettii",1
"112565","Oscillospira_guilliermondii","Clostridium_bartlettii",1
"113128","Barnesiella_intestinihominis","Coprococcus_catus",1
"113424","Bacteroides_vulgatus","Coprococcus_catus",1
"113462","Faecalibacterium_prausnitzii","Coprococcus_catus",1
"113498","Bacteroides_ovatus","Coprococcus_catus",1
"114212","Bilophila_wadsworthia","Bacteroides_cellulosilyticus",1
"114408","Eubacterium_siraeum","Bacteroides_cellulosilyticus",1
"114415","Faecalibacterium_prausnitzii","Bacteroides_cellulosilyticus",1
"114422","Parabacteroides_distasonis","Bacteroides_cellulosilyticus",1
"114431","Oscillibacter_valericigenes","Bacteroides_cellulosilyticus",1
"114966","Veillonella_dispar","Streptococcus_troglodytae",1
"114984","Prevotella_denticola","Streptococcus_troglodytae",1
"114990","Dialister_invisus","Streptococcus_troglodytae",1
"115012","Anaeroglobus_geminatus","Streptococcus_troglodytae",1
"115017","Rothia_dentocariosa","Streptococcus_troglodytae",1
"115024","Corynebacterium_jeikeium","Streptococcus_troglodytae",1
"115040","Actinomyces_gerencseriae","Streptococcus_troglodytae",1
"115043","Selenomonas_noxia","Streptococcus_troglodytae",1
"115044","Bifidobacterium_dentium","Streptococcus_troglodytae",1
"115086","Leptotrichia_hongkongensis","Streptococcus_troglodytae",1
"115102","Howardella_ureilytica","Streptococcus_troglodytae",1
"115116","Streptococcus_parasanguinis","Streptococcus_troglodytae",1
"115134","Shuttleworthia_satelles","Streptococcus_troglodytae",1
"115139","Treponema_socranskii","Streptococcus_troglodytae",1
"115142","Selenomonas_flueggei","Streptococcus_troglodytae",1
"115144","Lactobacillus_reuteri","Streptococcus_troglodytae",1
"115154","Capnocytophaga_ochracea","Streptococcus_troglodytae",1
"115183","Veillonella_parvula","Streptococcus_troglodytae",1
"115199","Lactobacillus_fermentum","Streptococcus_troglodytae",1
"115210","Cryptobacterium_curtum","Streptococcus_troglodytae",1
"115216","Lactococcus_lactis","Streptococcus_troglodytae",1
"115221","Campylobacter_gracilis","Streptococcus_troglodytae",1
"115228","Prevotella_nigrescens","Streptococcus_troglodytae",1
"115233","Scardovia_wiggsiae","Streptococcus_troglodytae",1
"115234","Fusobacterium_nucleatum","Streptococcus_troglodytae",1
"115252","Streptococcus_mutans","Streptococcus_troglodytae",1
"115253","Streptococcus_thermophilus","Streptococcus_troglodytae",1
"115264","Prevotella_oris","Streptococcus_troglodytae",1
"115290","Prevotella_histicola","Streptococcus_troglodytae",1
"115300","Actinomyces_israelii","Streptococcus_troglodytae",1
"115310","Prevotella_oulorum","Streptococcus_troglodytae",1
"115312","Atopobium_rimae","Streptococcus_troglodytae",1
"115456","Capnocytophaga_leadbetteri","Porphyromonas_somerae",1
"115462","Prevotella_shahii","Porphyromonas_somerae",1
"115526","Haemophilus_parainfluenzae","Porphyromonas_somerae",1
"115636","Gemella_sanguinis","Porphyromonas_somerae",1
"115695","Gemella_morbillorum","Porphyromonas_somerae",1
"115702","Streptococcus_australis","Porphyromonas_somerae",1
"115737","Neisseria_flavescens","Porphyromonas_somerae",1
"116896","Clostridium_ruminantium","Ruminococcus_callidus",1
"116915","Megasphaera_elsdenii","Ruminococcus_callidus",1
"116964","Barnesiella_intestinihominis","Ruminococcus_callidus",1
"116967","Bacteroides_stercoris","Ruminococcus_callidus",1
"116999","Eubacterium_rectale","Ruminococcus_callidus",1
"117043","Eubacterium_ramulus","Ruminococcus_callidus",1
"117115","Escherichia_coli","Ruminococcus_callidus",1
"117145","Intestinimonas_butyriciproducens","Ruminococcus_callidus",1
"117256","Gemmiger_formicilis","Ruminococcus_callidus",1
"117258","Eubacterium_coprostanoligenes","Ruminococcus_callidus",1
"117259","Bacteroides_plebeius","Ruminococcus_callidus",1
"117260","Bacteroides_vulgatus","Ruminococcus_callidus",1
"117265","Bacteroides_uniformis","Ruminococcus_callidus",1
"117266","Flavonifractor_plautii","Ruminococcus_callidus",1
"117267","Parabacteroides_merdae","Ruminococcus_callidus",1
"117269","Coprococcus_eutactus","Ruminococcus_callidus",1
"117271","Ruminococcus_bromii","Ruminococcus_callidus",1
"117280","Blautia_luti","Ruminococcus_callidus",1
"117281","Eubacterium_hallii","Ruminococcus_callidus",1
"117282","Roseburia_faecis","Ruminococcus_callidus",1
"117284","Dorea_longicatena","Ruminococcus_callidus",1
"117286","Alistipes_putredinis","Ruminococcus_callidus",1
"117291","Eubacterium_siraeum","Ruminococcus_callidus",1
"117292","Akkermansia_muciniphila","Ruminococcus_callidus",1
"117293","Blautia_faecis","Ruminococcus_callidus",1
"117294","Bacteroides_caccae","Ruminococcus_callidus",1
"117296","Phascolarctobacterium_succinatutens","Ruminococcus_callidus",1
"117298","Faecalibacterium_prausnitzii","Ruminococcus_callidus",1
"117305","Parabacteroides_distasonis","Ruminococcus_callidus",1
"117313","Bifidobacterium_longum","Ruminococcus_callidus",1
"117314","Oscillibacter_valericigenes","Ruminococcus_callidus",1
"117327","Clostridium_disporicum","Ruminococcus_callidus",1
"117328","Ruminococcus_torques","Ruminococcus_callidus",1
"117337","Eubacterium_desmolans","Ruminococcus_callidus",1
"117341","Phascolarctobacterium_faecium","Ruminococcus_callidus",1
"117342","Sutterella_wadsworthensis","Ruminococcus_callidus",1
"117343","Bacteroides_fragilis","Ruminococcus_callidus",1
"117345","Bacteroides_massiliensis","Ruminococcus_callidus",1
"117350","Oscillospira_guilliermondii","Ruminococcus_callidus",1
"117353","Bacteroides_thetaiotaomicron","Ruminococcus_callidus",1
"117359","Odoribacter_splanchnicus","Ruminococcus_callidus",1
"117361","Clostridium_bartlettii","Ruminococcus_callidus",1
"122282","Prevotella_pallens","Oribacterium_parvum",1
"122417","Eubacterium_sulci","Oribacterium_parvum",1
